{
  "dataset_revision": "local",
  "task_name": "MultiEupV2LV",
  "mteb_version": "2.12.30",
  "scores": {
    "test": [
      {
        "ndcg_at_1": 0.27273,
        "ndcg_at_3": 0.28197,
        "ndcg_at_5": 0.2922,
        "ndcg_at_10": 0.30893,
        "ndcg_at_20": 0.32755,
        "ndcg_at_100": 0.40593,
        "ndcg_at_1000": 0.42501,
        "map_at_1": 0.25346,
        "map_at_3": 0.27168,
        "map_at_5": 0.27736,
        "map_at_10": 0.28546,
        "map_at_20": 0.29039,
        "map_at_100": 0.30001,
        "map_at_1000": 0.30121,
        "recall_at_1": 0.25346,
        "recall_at_3": 0.29134,
        "recall_at_5": 0.31732,
        "recall_at_10": 0.36623,
        "recall_at_20": 0.4355,
        "recall_at_100": 0.87186,
        "recall_at_1000": 1.0,
        "accuracy": 0.25346,
        "precision_at_1": 0.27273,
        "precision_at_3": 0.10606,
        "precision_at_5": 0.07013,
        "precision_at_10": 0.04156,
        "precision_at_20": 0.02532,
        "precision_at_100": 0.00981,
        "precision_at_1000": 0.00114,
        "mrr_at_1": 0.272727,
        "mrr_at_3": 0.291126,
        "mrr_at_5": 0.298268,
        "mrr_at_10": 0.30311,
        "mrr_at_20": 0.308931,
        "mrr_at_100": 0.318003,
        "mrr_at_1000": 0.318838,
        "nauc_ndcg_at_1_max": 0.610223,
        "nauc_ndcg_at_1_std": -0.100561,
        "nauc_ndcg_at_1_diff1": 0.843687,
        "nauc_ndcg_at_3_max": 0.559061,
        "nauc_ndcg_at_3_std": -0.111359,
        "nauc_ndcg_at_3_diff1": 0.740727,
        "nauc_ndcg_at_5_max": 0.544618,
        "nauc_ndcg_at_5_std": -0.121438,
        "nauc_ndcg_at_5_diff1": 0.727028,
        "nauc_ndcg_at_10_max": 0.536726,
        "nauc_ndcg_at_10_std": -0.119302,
        "nauc_ndcg_at_10_diff1": 0.711006,
        "nauc_ndcg_at_20_max": 0.524573,
        "nauc_ndcg_at_20_std": -0.12767,
        "nauc_ndcg_at_20_diff1": 0.688722,
        "nauc_ndcg_at_100_max": 0.515203,
        "nauc_ndcg_at_100_std": -0.138224,
        "nauc_ndcg_at_100_diff1": 0.718338,
        "nauc_ndcg_at_1000_max": 0.537908,
        "nauc_ndcg_at_1000_std": -0.127221,
        "nauc_ndcg_at_1000_diff1": 0.721515,
        "nauc_map_at_1_max": 0.600806,
        "nauc_map_at_1_std": -0.088371,
        "nauc_map_at_1_diff1": 0.795075,
        "nauc_map_at_3_max": 0.561447,
        "nauc_map_at_3_std": -0.102319,
        "nauc_map_at_3_diff1": 0.742433,
        "nauc_map_at_5_max": 0.555644,
        "nauc_map_at_5_std": -0.107583,
        "nauc_map_at_5_diff1": 0.737619,
        "nauc_map_at_10_max": 0.552836,
        "nauc_map_at_10_std": -0.106857,
        "nauc_map_at_10_diff1": 0.732282,
        "nauc_map_at_20_max": 0.549793,
        "nauc_map_at_20_std": -0.109245,
        "nauc_map_at_20_diff1": 0.726401,
        "nauc_map_at_100_max": 0.548869,
        "nauc_map_at_100_std": -0.11209,
        "nauc_map_at_100_diff1": 0.729082,
        "nauc_map_at_1000_max": 0.55019,
        "nauc_map_at_1000_std": -0.111732,
        "nauc_map_at_1000_diff1": 0.72951,
        "nauc_recall_at_1_max": 0.600806,
        "nauc_recall_at_1_std": -0.088371,
        "nauc_recall_at_1_diff1": 0.795075,
        "nauc_recall_at_3_max": 0.530678,
        "nauc_recall_at_3_std": -0.120267,
        "nauc_recall_at_3_diff1": 0.682339,
        "nauc_recall_at_5_max": 0.500538,
        "nauc_recall_at_5_std": -0.147882,
        "nauc_recall_at_5_diff1": 0.655477,
        "nauc_recall_at_10_max": 0.474804,
        "nauc_recall_at_10_std": -0.139972,
        "nauc_recall_at_10_diff1": 0.603107,
        "nauc_recall_at_20_max": 0.42586,
        "nauc_recall_at_20_std": -0.173985,
        "nauc_recall_at_20_diff1": 0.514982,
        "nauc_recall_at_100_max": 0.118671,
        "nauc_recall_at_100_std": -0.324538,
        "nauc_recall_at_100_diff1": 0.619437,
        "nauc_recall_at_1000_max": NaN,
        "nauc_recall_at_1000_std": NaN,
        "nauc_recall_at_1000_diff1": NaN,
        "nauc_precision_at_1_max": 0.610223,
        "nauc_precision_at_1_std": -0.100561,
        "nauc_precision_at_1_diff1": 0.843687,
        "nauc_precision_at_3_max": 0.518715,
        "nauc_precision_at_3_std": -0.137562,
        "nauc_precision_at_3_diff1": 0.715833,
        "nauc_precision_at_5_max": 0.497163,
        "nauc_precision_at_5_std": -0.178413,
        "nauc_precision_at_5_diff1": 0.686689,
        "nauc_precision_at_10_max": 0.45025,
        "nauc_precision_at_10_std": -0.16454,
        "nauc_precision_at_10_diff1": 0.602615,
        "nauc_precision_at_20_max": 0.398619,
        "nauc_precision_at_20_std": -0.185947,
        "nauc_precision_at_20_diff1": 0.492164,
        "nauc_precision_at_100_max": 0.100207,
        "nauc_precision_at_100_std": -0.205726,
        "nauc_precision_at_100_diff1": 0.421785,
        "nauc_precision_at_1000_max": 0.081169,
        "nauc_precision_at_1000_std": -0.098454,
        "nauc_precision_at_1000_diff1": 0.17177,
        "nauc_mrr_at_1_max": 0.610223,
        "nauc_mrr_at_1_std": -0.100561,
        "nauc_mrr_at_1_diff1": 0.843687,
        "nauc_mrr_at_3_max": 0.574004,
        "nauc_mrr_at_3_std": -0.11338,
        "nauc_mrr_at_3_diff1": 0.788414,
        "nauc_mrr_at_5_max": 0.568652,
        "nauc_mrr_at_5_std": -0.121609,
        "nauc_mrr_at_5_diff1": 0.78103,
        "nauc_mrr_at_10_max": 0.563332,
        "nauc_mrr_at_10_std": -0.120197,
        "nauc_mrr_at_10_diff1": 0.773473,
        "nauc_mrr_at_20_max": 0.558191,
        "nauc_mrr_at_20_std": -0.120915,
        "nauc_mrr_at_20_diff1": 0.767603,
        "nauc_mrr_at_100_max": 0.557799,
        "nauc_mrr_at_100_std": -0.123855,
        "nauc_mrr_at_100_diff1": 0.769832,
        "nauc_mrr_at_1000_max": 0.558949,
        "nauc_mrr_at_1000_std": -0.123393,
        "nauc_mrr_at_1000_diff1": 0.770082,
        "hit_rate_at_1": 0.27273,
        "hit_rate_at_3": 0.31169,
        "hit_rate_at_5": 0.34416,
        "hit_rate_at_10": 0.38312,
        "hit_rate_at_20": 0.46753,
        "hit_rate_at_100": 0.88961,
        "hit_rate_at_1000": 1.0,
        "main_score": 0.30893,
        "hf_subset": "default",
        "languages": [
          "lav-Latn"
        ]
      }
    ]
  },
  "evaluation_time": 7.849228143692017,
  "kg_co2_emissions": null,
  "date": null
}