{
  "dataset_revision": "49c07b6",
  "task_name": "BarExamQA",
  "mteb_version": "2.12.20",
  "scores": {
    "test": [
      {
        "ndcg_at_1": 0.16239,
        "ndcg_at_3": 0.23433,
        "ndcg_at_5": 0.28287,
        "ndcg_at_10": 0.30534,
        "ndcg_at_20": 0.3538,
        "ndcg_at_100": 0.41067,
        "ndcg_at_1000": 0.41321,
        "map_at_1": 0.16239,
        "map_at_3": 0.2151,
        "map_at_5": 0.2416,
        "map_at_10": 0.25108,
        "map_at_20": 0.26374,
        "map_at_100": 0.27146,
        "map_at_1000": 0.27162,
        "recall_at_1": 0.16239,
        "recall_at_3": 0.2906,
        "recall_at_5": 0.41026,
        "recall_at_10": 0.47863,
        "recall_at_20": 0.67521,
        "recall_at_100": 0.98291,
        "recall_at_1000": 1.0,
        "accuracy": 0.16239,
        "precision_at_1": 0.16239,
        "precision_at_3": 0.09687,
        "precision_at_5": 0.08205,
        "precision_at_10": 0.04786,
        "precision_at_20": 0.03376,
        "precision_at_100": 0.00983,
        "precision_at_1000": 0.001,
        "mrr_at_1": 0.162393,
        "mrr_at_3": 0.2151,
        "mrr_at_5": 0.241595,
        "mrr_at_10": 0.251075,
        "mrr_at_20": 0.263742,
        "mrr_at_100": 0.271456,
        "mrr_at_1000": 0.27162,
        "nauc_ndcg_at_1_max": 0.274509,
        "nauc_ndcg_at_1_std": 0.184122,
        "nauc_ndcg_at_1_diff1": 0.266738,
        "nauc_ndcg_at_3_max": 0.270633,
        "nauc_ndcg_at_3_std": 0.19686,
        "nauc_ndcg_at_3_diff1": 0.221113,
        "nauc_ndcg_at_5_max": 0.285249,
        "nauc_ndcg_at_5_std": 0.173403,
        "nauc_ndcg_at_5_diff1": 0.207928,
        "nauc_ndcg_at_10_max": 0.281499,
        "nauc_ndcg_at_10_std": 0.171554,
        "nauc_ndcg_at_10_diff1": 0.210334,
        "nauc_ndcg_at_20_max": 0.250961,
        "nauc_ndcg_at_20_std": 0.143021,
        "nauc_ndcg_at_20_diff1": 0.188225,
        "nauc_ndcg_at_100_max": 0.279657,
        "nauc_ndcg_at_100_std": 0.178975,
        "nauc_ndcg_at_100_diff1": 0.209746,
        "nauc_ndcg_at_1000_max": 0.274144,
        "nauc_ndcg_at_1000_std": 0.175569,
        "nauc_ndcg_at_1000_diff1": 0.209413,
        "nauc_map_at_1_max": 0.274509,
        "nauc_map_at_1_std": 0.184122,
        "nauc_map_at_1_diff1": 0.266738,
        "nauc_map_at_3_max": 0.27727,
        "nauc_map_at_3_std": 0.194406,
        "nauc_map_at_3_diff1": 0.233318,
        "nauc_map_at_5_max": 0.284137,
        "nauc_map_at_5_std": 0.179542,
        "nauc_map_at_5_diff1": 0.225693,
        "nauc_map_at_10_max": 0.282783,
        "nauc_map_at_10_std": 0.179632,
        "nauc_map_at_10_diff1": 0.227785,
        "nauc_map_at_20_max": 0.274936,
        "nauc_map_at_20_std": 0.172766,
        "nauc_map_at_20_diff1": 0.221283,
        "nauc_map_at_100_max": 0.278718,
        "nauc_map_at_100_std": 0.179264,
        "nauc_map_at_100_diff1": 0.222798,
        "nauc_map_at_1000_max": 0.278415,
        "nauc_map_at_1000_std": 0.179075,
        "nauc_map_at_1000_diff1": 0.222788,
        "nauc_recall_at_1_max": 0.274509,
        "nauc_recall_at_1_std": 0.184122,
        "nauc_recall_at_1_diff1": 0.266738,
        "nauc_recall_at_3_max": 0.252413,
        "nauc_recall_at_3_std": 0.202775,
        "nauc_recall_at_3_diff1": 0.190397,
        "nauc_recall_at_5_max": 0.289311,
        "nauc_recall_at_5_std": 0.157355,
        "nauc_recall_at_5_diff1": 0.16365,
        "nauc_recall_at_10_max": 0.277931,
        "nauc_recall_at_10_std": 0.148118,
        "nauc_recall_at_10_diff1": 0.164665,
        "nauc_recall_at_20_max": 0.145316,
        "nauc_recall_at_20_std": 0.015694,
        "nauc_recall_at_20_diff1": 0.064638,
        "nauc_recall_at_100_max": 0.795691,
        "nauc_recall_at_100_std": 0.496791,
        "nauc_recall_at_100_diff1": 0.241324,
        "nauc_recall_at_1000_max": NaN,
        "nauc_recall_at_1000_std": NaN,
        "nauc_recall_at_1000_diff1": NaN,
        "nauc_precision_at_1_max": 0.274509,
        "nauc_precision_at_1_std": 0.184122,
        "nauc_precision_at_1_diff1": 0.266738,
        "nauc_precision_at_3_max": 0.252413,
        "nauc_precision_at_3_std": 0.202775,
        "nauc_precision_at_3_diff1": 0.190397,
        "nauc_precision_at_5_max": 0.289311,
        "nauc_precision_at_5_std": 0.157355,
        "nauc_precision_at_5_diff1": 0.16365,
        "nauc_precision_at_10_max": 0.277931,
        "nauc_precision_at_10_std": 0.148118,
        "nauc_precision_at_10_diff1": 0.164665,
        "nauc_precision_at_20_max": 0.145316,
        "nauc_precision_at_20_std": 0.015694,
        "nauc_precision_at_20_diff1": 0.064638,
        "nauc_precision_at_100_max": 0.795691,
        "nauc_precision_at_100_std": 0.496791,
        "nauc_precision_at_100_diff1": 0.241324,
        "nauc_precision_at_1000_max": 1.0,
        "nauc_precision_at_1000_std": 1.0,
        "nauc_precision_at_1000_diff1": 1.0,
        "nauc_mrr_at_1_max": 0.274509,
        "nauc_mrr_at_1_std": 0.184122,
        "nauc_mrr_at_1_diff1": 0.266738,
        "nauc_mrr_at_3_max": 0.27727,
        "nauc_mrr_at_3_std": 0.194406,
        "nauc_mrr_at_3_diff1": 0.233318,
        "nauc_mrr_at_5_max": 0.284137,
        "nauc_mrr_at_5_std": 0.179542,
        "nauc_mrr_at_5_diff1": 0.225693,
        "nauc_mrr_at_10_max": 0.282783,
        "nauc_mrr_at_10_std": 0.179632,
        "nauc_mrr_at_10_diff1": 0.227785,
        "nauc_mrr_at_20_max": 0.274936,
        "nauc_mrr_at_20_std": 0.172766,
        "nauc_mrr_at_20_diff1": 0.221283,
        "nauc_mrr_at_100_max": 0.278718,
        "nauc_mrr_at_100_std": 0.179264,
        "nauc_mrr_at_100_diff1": 0.222798,
        "nauc_mrr_at_1000_max": 0.278415,
        "nauc_mrr_at_1000_std": 0.179075,
        "nauc_mrr_at_1000_diff1": 0.222788,
        "hit_rate_at_1": 0.16239,
        "hit_rate_at_3": 0.2906,
        "hit_rate_at_5": 0.41026,
        "hit_rate_at_10": 0.47863,
        "hit_rate_at_20": 0.67521,
        "hit_rate_at_100": 0.98291,
        "hit_rate_at_1000": 1.0,
        "main_score": 0.30534,
        "hf_subset": "default",
        "languages": [
          "eng-Latn"
        ]
      }
    ]
  },
  "evaluation_time": 1.0707943439483643,
  "kg_co2_emissions": null,
  "date": null
}