{
  "dataset_revision": "5014f29d7fdde6f9073a75b72be53ed73eed60c6",
  "task_name": "BillSumCA",
  "mteb_version": "2.12.20",
  "scores": {
    "test": [
      {
        "ndcg_at_1": 0.732,
        "ndcg_at_3": 0.81988,
        "ndcg_at_5": 0.83141,
        "ndcg_at_10": 0.84151,
        "ndcg_at_20": 0.8487,
        "ndcg_at_100": 0.85418,
        "ndcg_at_1000": 0.85472,
        "map_at_1": 0.732,
        "map_at_3": 0.799,
        "map_at_5": 0.8054,
        "map_at_10": 0.80942,
        "map_at_20": 0.81146,
        "map_at_100": 0.81232,
        "map_at_1000": 0.81235,
        "recall_at_1": 0.732,
        "recall_at_3": 0.88,
        "recall_at_5": 0.908,
        "recall_at_10": 0.94,
        "recall_at_20": 0.968,
        "recall_at_100": 0.996,
        "recall_at_1000": 1.0,
        "accuracy": 0.732,
        "precision_at_1": 0.732,
        "precision_at_3": 0.29333,
        "precision_at_5": 0.1816,
        "precision_at_10": 0.094,
        "precision_at_20": 0.0484,
        "precision_at_100": 0.00996,
        "precision_at_1000": 0.001,
        "mrr_at_1": 0.732,
        "mrr_at_3": 0.799667,
        "mrr_at_5": 0.805567,
        "mrr_at_10": 0.809512,
        "mrr_at_20": 0.811556,
        "mrr_at_100": 0.812424,
        "mrr_at_1000": 0.812448,
        "nauc_ndcg_at_1_max": 0.518268,
        "nauc_ndcg_at_1_std": -0.074838,
        "nauc_ndcg_at_1_diff1": 0.8084,
        "nauc_ndcg_at_3_max": 0.59962,
        "nauc_ndcg_at_3_std": -0.040261,
        "nauc_ndcg_at_3_diff1": 0.762486,
        "nauc_ndcg_at_5_max": 0.587988,
        "nauc_ndcg_at_5_std": -0.044697,
        "nauc_ndcg_at_5_diff1": 0.76314,
        "nauc_ndcg_at_10_max": 0.575913,
        "nauc_ndcg_at_10_std": -0.033723,
        "nauc_ndcg_at_10_diff1": 0.766295,
        "nauc_ndcg_at_20_max": 0.575237,
        "nauc_ndcg_at_20_std": -0.033475,
        "nauc_ndcg_at_20_diff1": 0.775758,
        "nauc_ndcg_at_100_max": 0.574451,
        "nauc_ndcg_at_100_std": -0.043773,
        "nauc_ndcg_at_100_diff1": 0.777137,
        "nauc_ndcg_at_1000_max": 0.572719,
        "nauc_ndcg_at_1000_std": -0.044766,
        "nauc_ndcg_at_1000_diff1": 0.77623,
        "nauc_map_at_1_max": 0.518268,
        "nauc_map_at_1_std": -0.074838,
        "nauc_map_at_1_diff1": 0.8084,
        "nauc_map_at_3_max": 0.578828,
        "nauc_map_at_3_std": -0.049569,
        "nauc_map_at_3_diff1": 0.774853,
        "nauc_map_at_5_max": 0.572482,
        "nauc_map_at_5_std": -0.05192,
        "nauc_map_at_5_diff1": 0.77563,
        "nauc_map_at_10_max": 0.56821,
        "nauc_map_at_10_std": -0.047968,
        "nauc_map_at_10_diff1": 0.776919,
        "nauc_map_at_20_max": 0.56788,
        "nauc_map_at_20_std": -0.048449,
        "nauc_map_at_20_diff1": 0.779413,
        "nauc_map_at_100_max": 0.567727,
        "nauc_map_at_100_std": -0.049738,
        "nauc_map_at_100_diff1": 0.779451,
        "nauc_map_at_1000_max": 0.567668,
        "nauc_map_at_1000_std": -0.049762,
        "nauc_map_at_1000_diff1": 0.779421,
        "nauc_recall_at_1_max": 0.518268,
        "nauc_recall_at_1_std": -0.074838,
        "nauc_recall_at_1_diff1": 0.8084,
        "nauc_recall_at_3_max": 0.690137,
        "nauc_recall_at_3_std": 0.000628,
        "nauc_recall_at_3_diff1": 0.708153,
        "nauc_recall_at_5_max": 0.667347,
        "nauc_recall_at_5_std": -0.007216,
        "nauc_recall_at_5_diff1": 0.695409,
        "nauc_recall_at_10_max": 0.614784,
        "nauc_recall_at_10_std": 0.090212,
        "nauc_recall_at_10_diff1": 0.684283,
        "nauc_recall_at_20_max": 0.641194,
        "nauc_recall_at_20_std": 0.21805,
        "nauc_recall_at_20_diff1": 0.763539,
        "nauc_recall_at_100_max": 1.0,
        "nauc_recall_at_100_std": 0.218254,
        "nauc_recall_at_100_diff1": 1.0,
        "nauc_recall_at_1000_max": NaN,
        "nauc_recall_at_1000_std": NaN,
        "nauc_recall_at_1000_diff1": NaN,
        "nauc_precision_at_1_max": 0.518268,
        "nauc_precision_at_1_std": -0.074838,
        "nauc_precision_at_1_diff1": 0.8084,
        "nauc_precision_at_3_max": 0.690137,
        "nauc_precision_at_3_std": 0.000628,
        "nauc_precision_at_3_diff1": 0.708153,
        "nauc_precision_at_5_max": 0.667347,
        "nauc_precision_at_5_std": -0.007216,
        "nauc_precision_at_5_diff1": 0.695409,
        "nauc_precision_at_10_max": 0.614784,
        "nauc_precision_at_10_std": 0.090212,
        "nauc_precision_at_10_diff1": 0.684283,
        "nauc_precision_at_20_max": 0.641194,
        "nauc_precision_at_20_std": 0.21805,
        "nauc_precision_at_20_diff1": 0.763539,
        "nauc_precision_at_100_max": 1.0,
        "nauc_precision_at_100_std": 0.218254,
        "nauc_precision_at_100_diff1": 1.0,
        "nauc_precision_at_1000_max": 1.0,
        "nauc_precision_at_1000_std": 1.0,
        "nauc_precision_at_1000_diff1": 1.0,
        "nauc_mrr_at_1_max": 0.518268,
        "nauc_mrr_at_1_std": -0.074838,
        "nauc_mrr_at_1_diff1": 0.8084,
        "nauc_mrr_at_3_max": 0.57701,
        "nauc_mrr_at_3_std": -0.051036,
        "nauc_mrr_at_3_diff1": 0.773659,
        "nauc_mrr_at_5_max": 0.572009,
        "nauc_mrr_at_5_std": -0.0523,
        "nauc_mrr_at_5_diff1": 0.775323,
        "nauc_mrr_at_10_max": 0.567647,
        "nauc_mrr_at_10_std": -0.048767,
        "nauc_mrr_at_10_diff1": 0.776526,
        "nauc_mrr_at_20_max": 0.567295,
        "nauc_mrr_at_20_std": -0.049302,
        "nauc_mrr_at_20_diff1": 0.77902,
        "nauc_mrr_at_100_max": 0.56714,
        "nauc_mrr_at_100_std": -0.050597,
        "nauc_mrr_at_100_diff1": 0.779056,
        "nauc_mrr_at_1000_max": 0.56708,
        "nauc_mrr_at_1000_std": -0.050621,
        "nauc_mrr_at_1000_diff1": 0.779025,
        "hit_rate_at_1": 0.732,
        "hit_rate_at_3": 0.88,
        "hit_rate_at_5": 0.908,
        "hit_rate_at_10": 0.94,
        "hit_rate_at_20": 0.968,
        "hit_rate_at_100": 0.996,
        "hit_rate_at_1000": 1.0,
        "main_score": 0.84151,
        "hf_subset": "default",
        "languages": [
          "eng-Latn"
        ]
      }
    ]
  },
  "evaluation_time": 9.686692714691162,
  "kg_co2_emissions": null,
  "date": null
}