{
  "dataset_revision": "ea824f8065fa62e2e770a8a201c20b03abf87540",
  "task_name": "BIRCO-WTB",
  "mteb_version": "2.12.20",
  "scores": {
    "test": [
      {
        "ndcg_at_1": 0.1,
        "ndcg_at_3": 0.12893,
        "ndcg_at_5": 0.13666,
        "ndcg_at_10": 0.15215,
        "ndcg_at_20": 0.17424,
        "ndcg_at_100": 0.20804,
        "ndcg_at_1000": 0.25615,
        "map_at_1": 0.1,
        "map_at_3": 0.12167,
        "map_at_5": 0.12567,
        "map_at_10": 0.13167,
        "map_at_20": 0.13737,
        "map_at_100": 0.14155,
        "map_at_1000": 0.14322,
        "recall_at_1": 0.1,
        "recall_at_3": 0.15,
        "recall_at_5": 0.17,
        "recall_at_10": 0.22,
        "recall_at_20": 0.31,
        "recall_at_100": 0.5,
        "recall_at_1000": 0.89,
        "accuracy": 0.1,
        "precision_at_1": 0.1,
        "precision_at_3": 0.05,
        "precision_at_5": 0.034,
        "precision_at_10": 0.022,
        "precision_at_20": 0.0155,
        "precision_at_100": 0.005,
        "precision_at_1000": 0.00089,
        "mrr_at_1": 0.1,
        "mrr_at_3": 0.121667,
        "mrr_at_5": 0.125667,
        "mrr_at_10": 0.131667,
        "mrr_at_20": 0.137365,
        "mrr_at_100": 0.141548,
        "mrr_at_1000": 0.143216,
        "nauc_ndcg_at_1_max": 0.407647,
        "nauc_ndcg_at_1_std": 0.204695,
        "nauc_ndcg_at_1_diff1": 0.31956,
        "nauc_ndcg_at_3_max": 0.317804,
        "nauc_ndcg_at_3_std": 0.155161,
        "nauc_ndcg_at_3_diff1": 0.204075,
        "nauc_ndcg_at_5_max": 0.297858,
        "nauc_ndcg_at_5_std": 0.148934,
        "nauc_ndcg_at_5_diff1": 0.219336,
        "nauc_ndcg_at_10_max": 0.259288,
        "nauc_ndcg_at_10_std": 0.14935,
        "nauc_ndcg_at_10_diff1": 0.185453,
        "nauc_ndcg_at_20_max": 0.27544,
        "nauc_ndcg_at_20_std": 0.159509,
        "nauc_ndcg_at_20_diff1": 0.216362,
        "nauc_ndcg_at_100_max": 0.263122,
        "nauc_ndcg_at_100_std": 0.179487,
        "nauc_ndcg_at_100_diff1": 0.202396,
        "nauc_ndcg_at_1000_max": 0.286421,
        "nauc_ndcg_at_1000_std": 0.172608,
        "nauc_ndcg_at_1000_diff1": 0.210014,
        "nauc_map_at_1_max": 0.407647,
        "nauc_map_at_1_std": 0.204695,
        "nauc_map_at_1_diff1": 0.31956,
        "nauc_map_at_3_max": 0.336926,
        "nauc_map_at_3_std": 0.168418,
        "nauc_map_at_3_diff1": 0.226367,
        "nauc_map_at_5_max": 0.32554,
        "nauc_map_at_5_std": 0.164698,
        "nauc_map_at_5_diff1": 0.234243,
        "nauc_map_at_10_max": 0.307965,
        "nauc_map_at_10_std": 0.164203,
        "nauc_map_at_10_diff1": 0.218248,
        "nauc_map_at_20_max": 0.312434,
        "nauc_map_at_20_std": 0.166955,
        "nauc_map_at_20_diff1": 0.227323,
        "nauc_map_at_100_max": 0.309769,
        "nauc_map_at_100_std": 0.169683,
        "nauc_map_at_100_diff1": 0.226121,
        "nauc_map_at_1000_max": 0.310593,
        "nauc_map_at_1000_std": 0.169188,
        "nauc_map_at_1000_diff1": 0.225735,
        "nauc_recall_at_1_max": 0.407647,
        "nauc_recall_at_1_std": 0.204695,
        "nauc_recall_at_1_diff1": 0.31956,
        "nauc_recall_at_3_max": 0.270336,
        "nauc_recall_at_3_std": 0.121298,
        "nauc_recall_at_3_diff1": 0.149541,
        "nauc_recall_at_5_max": 0.230844,
        "nauc_recall_at_5_std": 0.110691,
        "nauc_recall_at_5_diff1": 0.187976,
        "nauc_recall_at_10_max": 0.146658,
        "nauc_recall_at_10_std": 0.118314,
        "nauc_recall_at_10_diff1": 0.112891,
        "nauc_recall_at_20_max": 0.20591,
        "nauc_recall_at_20_std": 0.151539,
        "nauc_recall_at_20_diff1": 0.208546,
        "nauc_recall_at_100_max": 0.168341,
        "nauc_recall_at_100_std": 0.231792,
        "nauc_recall_at_100_diff1": 0.149687,
        "nauc_recall_at_1000_max": 0.367065,
        "nauc_recall_at_1000_std": 0.269822,
        "nauc_recall_at_1000_diff1": 0.244266,
        "nauc_precision_at_1_max": 0.407647,
        "nauc_precision_at_1_std": 0.204695,
        "nauc_precision_at_1_diff1": 0.31956,
        "nauc_precision_at_3_max": 0.270336,
        "nauc_precision_at_3_std": 0.121298,
        "nauc_precision_at_3_diff1": 0.149541,
        "nauc_precision_at_5_max": 0.230844,
        "nauc_precision_at_5_std": 0.110691,
        "nauc_precision_at_5_diff1": 0.187976,
        "nauc_precision_at_10_max": 0.146658,
        "nauc_precision_at_10_std": 0.118314,
        "nauc_precision_at_10_diff1": 0.112891,
        "nauc_precision_at_20_max": 0.20591,
        "nauc_precision_at_20_std": 0.151539,
        "nauc_precision_at_20_diff1": 0.208546,
        "nauc_precision_at_100_max": 0.168341,
        "nauc_precision_at_100_std": 0.231792,
        "nauc_precision_at_100_diff1": 0.149687,
        "nauc_precision_at_1000_max": 0.367065,
        "nauc_precision_at_1000_std": 0.269822,
        "nauc_precision_at_1000_diff1": 0.244266,
        "nauc_mrr_at_1_max": 0.407647,
        "nauc_mrr_at_1_std": 0.204695,
        "nauc_mrr_at_1_diff1": 0.31956,
        "nauc_mrr_at_3_max": 0.336926,
        "nauc_mrr_at_3_std": 0.168418,
        "nauc_mrr_at_3_diff1": 0.226367,
        "nauc_mrr_at_5_max": 0.32554,
        "nauc_mrr_at_5_std": 0.164698,
        "nauc_mrr_at_5_diff1": 0.234243,
        "nauc_mrr_at_10_max": 0.307965,
        "nauc_mrr_at_10_std": 0.164203,
        "nauc_mrr_at_10_diff1": 0.218248,
        "nauc_mrr_at_20_max": 0.312434,
        "nauc_mrr_at_20_std": 0.166955,
        "nauc_mrr_at_20_diff1": 0.227323,
        "nauc_mrr_at_100_max": 0.309769,
        "nauc_mrr_at_100_std": 0.169683,
        "nauc_mrr_at_100_diff1": 0.226121,
        "nauc_mrr_at_1000_max": 0.310593,
        "nauc_mrr_at_1000_std": 0.169188,
        "nauc_mrr_at_1000_diff1": 0.225735,
        "hit_rate_at_1": 0.1,
        "hit_rate_at_3": 0.15,
        "hit_rate_at_5": 0.17,
        "hit_rate_at_10": 0.22,
        "hit_rate_at_20": 0.31,
        "hit_rate_at_100": 0.5,
        "hit_rate_at_1000": 0.89,
        "main_score": 0.15215,
        "hf_subset": "default",
        "languages": [
          "eng-Latn"
        ]
      }
    ]
  },
  "evaluation_time": 6.412124156951904,
  "kg_co2_emissions": null,
  "date": null
}