{
  "dataset_revision": "1840e8a5ac6ec752bbdd97d543ead0189bc7c25b",
  "task_name": "ChemHotpotQARetrieval",
  "mteb_version": "2.12.20",
  "scores": {
    "train": [
      {
        "ndcg_at_1": 0.53889,
        "ndcg_at_3": 0.59433,
        "ndcg_at_5": 0.60556,
        "ndcg_at_10": 0.61781,
        "ndcg_at_20": 0.62623,
        "ndcg_at_100": 0.65188,
        "ndcg_at_1000": 0.66584,
        "map_at_1": 0.525,
        "map_at_3": 0.57778,
        "map_at_5": 0.58389,
        "map_at_10": 0.58907,
        "map_at_20": 0.59138,
        "map_at_100": 0.59452,
        "map_at_1000": 0.59496,
        "recall_at_1": 0.525,
        "recall_at_3": 0.63333,
        "recall_at_5": 0.66111,
        "recall_at_10": 0.69722,
        "recall_at_20": 0.73056,
        "recall_at_100": 0.875,
        "recall_at_1000": 0.98889,
        "accuracy": 0.525,
        "precision_at_1": 0.53889,
        "precision_at_3": 0.21852,
        "precision_at_5": 0.13667,
        "precision_at_10": 0.07222,
        "precision_at_20": 0.03778,
        "precision_at_100": 0.00906,
        "precision_at_1000": 0.00103,
        "mrr_at_1": 0.538889,
        "mrr_at_3": 0.587037,
        "mrr_at_5": 0.593148,
        "mrr_at_10": 0.598726,
        "mrr_at_20": 0.601035,
        "mrr_at_100": 0.603884,
        "mrr_at_1000": 0.604276,
        "nauc_ndcg_at_1_max": 0.730206,
        "nauc_ndcg_at_1_std": 0.149845,
        "nauc_ndcg_at_1_diff1": 0.887536,
        "nauc_ndcg_at_3_max": 0.724992,
        "nauc_ndcg_at_3_std": 0.121802,
        "nauc_ndcg_at_3_diff1": 0.811968,
        "nauc_ndcg_at_5_max": 0.716093,
        "nauc_ndcg_at_5_std": 0.096063,
        "nauc_ndcg_at_5_diff1": 0.809106,
        "nauc_ndcg_at_10_max": 0.711749,
        "nauc_ndcg_at_10_std": 0.115661,
        "nauc_ndcg_at_10_diff1": 0.802908,
        "nauc_ndcg_at_20_max": 0.701032,
        "nauc_ndcg_at_20_std": 0.107475,
        "nauc_ndcg_at_20_diff1": 0.797948,
        "nauc_ndcg_at_100_max": 0.694822,
        "nauc_ndcg_at_100_std": 0.115012,
        "nauc_ndcg_at_100_diff1": 0.797012,
        "nauc_ndcg_at_1000_max": 0.705781,
        "nauc_ndcg_at_1000_std": 0.119909,
        "nauc_ndcg_at_1000_diff1": 0.807357,
        "nauc_map_at_1_max": 0.668729,
        "nauc_map_at_1_std": 0.096024,
        "nauc_map_at_1_diff1": 0.85663,
        "nauc_map_at_3_max": 0.71282,
        "nauc_map_at_3_std": 0.115663,
        "nauc_map_at_3_diff1": 0.817177,
        "nauc_map_at_5_max": 0.707937,
        "nauc_map_at_5_std": 0.101941,
        "nauc_map_at_5_diff1": 0.815969,
        "nauc_map_at_10_max": 0.705814,
        "nauc_map_at_10_std": 0.109551,
        "nauc_map_at_10_diff1": 0.813569,
        "nauc_map_at_20_max": 0.70292,
        "nauc_map_at_20_std": 0.107083,
        "nauc_map_at_20_diff1": 0.812207,
        "nauc_map_at_100_max": 0.702343,
        "nauc_map_at_100_std": 0.108323,
        "nauc_map_at_100_diff1": 0.812122,
        "nauc_map_at_1000_max": 0.702678,
        "nauc_map_at_1000_std": 0.10863,
        "nauc_map_at_1000_diff1": 0.812518,
        "nauc_recall_at_1_max": 0.668729,
        "nauc_recall_at_1_std": 0.096024,
        "nauc_recall_at_1_diff1": 0.85663,
        "nauc_recall_at_3_max": 0.724541,
        "nauc_recall_at_3_std": 0.101505,
        "nauc_recall_at_3_diff1": 0.76264,
        "nauc_recall_at_5_max": 0.700842,
        "nauc_recall_at_5_std": 0.031489,
        "nauc_recall_at_5_diff1": 0.751093,
        "nauc_recall_at_10_max": 0.684248,
        "nauc_recall_at_10_std": 0.09577,
        "nauc_recall_at_10_diff1": 0.724837,
        "nauc_recall_at_20_max": 0.626045,
        "nauc_recall_at_20_std": 0.056323,
        "nauc_recall_at_20_diff1": 0.689813,
        "nauc_recall_at_100_max": 0.473367,
        "nauc_recall_at_100_std": 0.091243,
        "nauc_recall_at_100_diff1": 0.577671,
        "nauc_recall_at_1000_max": 0.414332,
        "nauc_recall_at_1000_std": 0.422502,
        "nauc_recall_at_1000_diff1": 0.338469,
        "nauc_precision_at_1_max": 0.730206,
        "nauc_precision_at_1_std": 0.149845,
        "nauc_precision_at_1_diff1": 0.887536,
        "nauc_precision_at_3_max": 0.772555,
        "nauc_precision_at_3_std": 0.164615,
        "nauc_precision_at_3_diff1": 0.735756,
        "nauc_precision_at_5_max": 0.752434,
        "nauc_precision_at_5_std": 0.101044,
        "nauc_precision_at_5_diff1": 0.723318,
        "nauc_precision_at_10_max": 0.743695,
        "nauc_precision_at_10_std": 0.170851,
        "nauc_precision_at_10_diff1": 0.692294,
        "nauc_precision_at_20_max": 0.697387,
        "nauc_precision_at_20_std": 0.140774,
        "nauc_precision_at_20_diff1": 0.659533,
        "nauc_precision_at_100_max": 0.520322,
        "nauc_precision_at_100_std": 0.2358,
        "nauc_precision_at_100_diff1": 0.424149,
        "nauc_precision_at_1000_max": 0.448622,
        "nauc_precision_at_1000_std": 0.480196,
        "nauc_precision_at_1000_diff1": 0.071741,
        "nauc_mrr_at_1_max": 0.730206,
        "nauc_mrr_at_1_std": 0.149845,
        "nauc_mrr_at_1_diff1": 0.887536,
        "nauc_mrr_at_3_max": 0.749198,
        "nauc_mrr_at_3_std": 0.156064,
        "nauc_mrr_at_3_diff1": 0.849417,
        "nauc_mrr_at_5_max": 0.744655,
        "nauc_mrr_at_5_std": 0.142626,
        "nauc_mrr_at_5_diff1": 0.848544,
        "nauc_mrr_at_10_max": 0.743058,
        "nauc_mrr_at_10_std": 0.151074,
        "nauc_mrr_at_10_diff1": 0.845893,
        "nauc_mrr_at_20_max": 0.74033,
        "nauc_mrr_at_20_std": 0.148802,
        "nauc_mrr_at_20_diff1": 0.84469,
        "nauc_mrr_at_100_max": 0.739889,
        "nauc_mrr_at_100_std": 0.149605,
        "nauc_mrr_at_100_diff1": 0.845155,
        "nauc_mrr_at_1000_max": 0.740025,
        "nauc_mrr_at_1000_std": 0.149765,
        "nauc_mrr_at_1000_diff1": 0.84536,
        "hit_rate_at_1": 0.53889,
        "hit_rate_at_3": 0.64444,
        "hit_rate_at_5": 0.67222,
        "hit_rate_at_10": 0.71111,
        "hit_rate_at_20": 0.74444,
        "hit_rate_at_100": 0.88333,
        "hit_rate_at_1000": 0.98889,
        "main_score": 0.61781,
        "hf_subset": "default",
        "languages": [
          "eng-Latn"
        ]
      }
    ],
    "dev": [
      {
        "ndcg_at_1": 0.5,
        "ndcg_at_3": 0.57887,
        "ndcg_at_5": 0.68106,
        "ndcg_at_10": 0.68106,
        "ndcg_at_20": 0.68106,
        "ndcg_at_100": 0.68106,
        "ndcg_at_1000": 0.69467,
        "map_at_1": 0.5,
        "map_at_3": 0.5625,
        "map_at_5": 0.61875,
        "map_at_10": 0.61875,
        "map_at_20": 0.61875,
        "map_at_100": 0.61875,
        "map_at_1000": 0.61897,
        "recall_at_1": 0.5,
        "recall_at_3": 0.625,
        "recall_at_5": 0.875,
        "recall_at_10": 0.875,
        "recall_at_20": 0.875,
        "recall_at_100": 0.875,
        "recall_at_1000": 1.0,
        "accuracy": 0.5,
        "precision_at_1": 0.5,
        "precision_at_3": 0.20833,
        "precision_at_5": 0.175,
        "precision_at_10": 0.0875,
        "precision_at_20": 0.04375,
        "precision_at_100": 0.00875,
        "precision_at_1000": 0.001,
        "mrr_at_1": 0.5,
        "mrr_at_3": 0.5625,
        "mrr_at_5": 0.61875,
        "mrr_at_10": 0.61875,
        "mrr_at_20": 0.61875,
        "mrr_at_100": 0.61875,
        "mrr_at_1000": 0.618966,
        "nauc_ndcg_at_1_max": 0.847703,
        "nauc_ndcg_at_1_std": -0.131346,
        "nauc_ndcg_at_1_diff1": 1.0,
        "nauc_ndcg_at_3_max": 0.834011,
        "nauc_ndcg_at_3_std": 0.251789,
        "nauc_ndcg_at_3_diff1": 0.953455,
        "nauc_ndcg_at_5_max": 0.832577,
        "nauc_ndcg_at_5_std": 0.240788,
        "nauc_ndcg_at_5_diff1": 0.940579,
        "nauc_ndcg_at_10_max": 0.832577,
        "nauc_ndcg_at_10_std": 0.240788,
        "nauc_ndcg_at_10_diff1": 0.940579,
        "nauc_ndcg_at_20_max": 0.832577,
        "nauc_ndcg_at_20_std": 0.240788,
        "nauc_ndcg_at_20_diff1": 0.940579,
        "nauc_ndcg_at_100_max": 0.832577,
        "nauc_ndcg_at_100_std": 0.240788,