{
  "dataset_revision": "5d958fb6b31055495347724d46431ba41309b03a",
  "task_name": "ChemNQRetrieval",
  "mteb_version": "2.12.20",
  "scores": {
    "test": [
      {
        "ndcg_at_1": 0.22222,
        "ndcg_at_3": 0.3367,
        "ndcg_at_5": 0.39108,
        "ndcg_at_10": 0.43738,
        "ndcg_at_20": 0.48261,
        "ndcg_at_100": 0.50232,
        "ndcg_at_1000": 0.50686,
        "map_at_1": 0.14815,
        "map_at_3": 0.29012,
        "map_at_5": 0.31883,
        "map_at_10": 0.34175,
        "map_at_20": 0.35581,
        "map_at_100": 0.35912,
        "map_at_1000": 0.35925,
        "recall_at_1": 0.14815,
        "recall_at_3": 0.43827,
        "recall_at_5": 0.5679,
        "recall_at_10": 0.69753,
        "recall_at_20": 0.8642,
        "recall_at_100": 0.96296,
        "recall_at_1000": 1.0,
        "accuracy": 0.14815,
        "precision_at_1": 0.22222,
        "precision_at_3": 0.19753,
        "precision_at_5": 0.14815,
        "precision_at_10": 0.08889,
        "precision_at_20": 0.05556,
        "precision_at_100": 0.01259,
        "precision_at_1000": 0.0013,
        "mrr_at_1": 0.222222,
        "mrr_at_3": 0.32716,
        "mrr_at_5": 0.360494,
        "mrr_at_10": 0.378131,
        "mrr_at_20": 0.388385,
        "mrr_at_100": 0.389695,
        "mrr_at_1000": 0.389824,
        "nauc_ndcg_at_1_max": 0.348391,
        "nauc_ndcg_at_1_std": -0.152102,
        "nauc_ndcg_at_1_diff1": 0.126679,
        "nauc_ndcg_at_3_max": 0.370122,
        "nauc_ndcg_at_3_std": -0.129554,
        "nauc_ndcg_at_3_diff1": 0.051224,
        "nauc_ndcg_at_5_max": 0.394097,
        "nauc_ndcg_at_5_std": -0.122584,
        "nauc_ndcg_at_5_diff1": 0.138147,
        "nauc_ndcg_at_10_max": 0.395982,
        "nauc_ndcg_at_10_std": -0.084382,
        "nauc_ndcg_at_10_diff1": 0.083366,
        "nauc_ndcg_at_20_max": 0.432535,
        "nauc_ndcg_at_20_std": -0.079937,
        "nauc_ndcg_at_20_diff1": 0.128623,
        "nauc_ndcg_at_100_max": 0.404613,
        "nauc_ndcg_at_100_std": -0.067675,
        "nauc_ndcg_at_100_diff1": 0.108308,
        "nauc_ndcg_at_1000_max": 0.40164,
        "nauc_ndcg_at_1000_std": -0.071224,
        "nauc_ndcg_at_1000_diff1": 0.108212,
        "nauc_map_at_1_max": 0.397213,
        "nauc_map_at_1_std": -0.202183,
        "nauc_map_at_1_diff1": 0.07339,
        "nauc_map_at_3_max": 0.350949,
        "nauc_map_at_3_std": -0.17195,
        "nauc_map_at_3_diff1": 0.052485,
        "nauc_map_at_5_max": 0.368857,
        "nauc_map_at_5_std": -0.164168,
        "nauc_map_at_5_diff1": 0.102213,
        "nauc_map_at_10_max": 0.369634,
        "nauc_map_at_10_std": -0.149914,
        "nauc_map_at_10_diff1": 0.084637,
        "nauc_map_at_20_max": 0.378399,
        "nauc_map_at_20_std": -0.147488,
        "nauc_map_at_20_diff1": 0.096755,
        "nauc_map_at_100_max": 0.37481,
        "nauc_map_at_100_std": -0.139178,
        "nauc_map_at_100_diff1": 0.092222,
        "nauc_map_at_1000_max": 0.374726,
        "nauc_map_at_1000_std": -0.139296,
        "nauc_map_at_1000_diff1": 0.092212,
        "nauc_recall_at_1_max": 0.397213,
        "nauc_recall_at_1_std": -0.202183,
        "nauc_recall_at_1_diff1": 0.07339,
        "nauc_recall_at_3_max": 0.395205,
        "nauc_recall_at_3_std": -0.120723,
        "nauc_recall_at_3_diff1": 0.028129,
        "nauc_recall_at_5_max": 0.420492,
        "nauc_recall_at_5_std": -0.123331,
        "nauc_recall_at_5_diff1": 0.187008,
        "nauc_recall_at_10_max": 0.419775,
        "nauc_recall_at_10_std": 0.00506,
        "nauc_recall_at_10_diff1": 0.010033,
        "nauc_recall_at_20_max": 0.703579,
        "nauc_recall_at_20_std": 0.065484,
        "nauc_recall_at_20_diff1": 0.254665,
        "nauc_recall_at_100_max": 0.556079,
        "nauc_recall_at_100_std": 0.113206,
        "nauc_recall_at_100_diff1": 0.113206,
        "nauc_recall_at_1000_max": NaN,
        "nauc_recall_at_1000_std": NaN,
        "nauc_recall_at_1000_diff1": NaN,
        "nauc_precision_at_1_max": 0.348391,
        "nauc_precision_at_1_std": -0.152102,
        "nauc_precision_at_1_diff1": 0.126679,
        "nauc_precision_at_3_max": 0.310582,
        "nauc_precision_at_3_std": -0.02979,
        "nauc_precision_at_3_diff1": 0.069818,
        "nauc_precision_at_5_max": 0.330411,
        "nauc_precision_at_5_std": -0.019124,
        "nauc_precision_at_5_diff1": 0.226902,
        "nauc_precision_at_10_max": 0.2818,
        "nauc_precision_at_10_std": 0.075268,
        "nauc_precision_at_10_diff1": 0.161873,
        "nauc_precision_at_20_max": 0.397348,
        "nauc_precision_at_20_std": 0.179157,
        "nauc_precision_at_20_diff1": 0.316231,
        "nauc_precision_at_100_max": 0.174809,
        "nauc_precision_at_100_std": 0.365057,
        "nauc_precision_at_100_diff1": 0.173964,
        "nauc_precision_at_1000_max": 0.138533,
        "nauc_precision_at_1000_std": 0.38902,
        "nauc_precision_at_1000_diff1": 0.179745,
        "nauc_mrr_at_1_max": 0.348391,
        "nauc_mrr_at_1_std": -0.152102,
        "nauc_mrr_at_1_diff1": 0.126679,
        "nauc_mrr_at_3_max": 0.360314,
        "nauc_mrr_at_3_std": -0.054399,
        "nauc_mrr_at_3_diff1": 0.071114,
        "nauc_mrr_at_5_max": 0.37937,
        "nauc_mrr_at_5_std": -0.041062,
        "nauc_mrr_at_5_diff1": 0.137365,
        "nauc_mrr_at_10_max": 0.379972,
        "nauc_mrr_at_10_std": -0.025264,
        "nauc_mrr_at_10_diff1": 0.100435,
        "nauc_mrr_at_20_max": 0.385369,
        "nauc_mrr_at_20_std": -0.027541,
        "nauc_mrr_at_20_diff1": 0.109478,
        "nauc_mrr_at_100_max": 0.38321,
        "nauc_mrr_at_100_std": -0.030458,
        "nauc_mrr_at_100_diff1": 0.108712,
        "nauc_mrr_at_1000_max": 0.383134,
        "nauc_mrr_at_1000_std": -0.030521,
        "nauc_mrr_at_1000_diff1": 0.10871,
        "hit_rate_at_1": 0.22222,
        "hit_rate_at_3": 0.48148,
        "hit_rate_at_5": 0.62963,
        "hit_rate_at_10": 0.74074,
        "hit_rate_at_20": 0.88889,
        "hit_rate_at_100": 0.96296,
        "hit_rate_at_1000": 1.0,
        "main_score": 0.43738,
        "hf_subset": "default",
        "languages": [
          "eng-Latn"
        ]
      }
    ]
  },
  "evaluation_time": 41.746419191360474,
  "kg_co2_emissions": null,
  "date": null
}