{
  "dataset_revision": "5377aa18f309ec440ff6325a4c2cd3362c2cb8d7",
  "task_name": "ChemRxivRetrieval",
  "mteb_version": "2.12.20",
  "scores": {
    "test": [
      {
        "ndcg_at_1": 0.526,
        "ndcg_at_3": 0.62859,
        "ndcg_at_5": 0.65384,
        "ndcg_at_10": 0.67217,
        "ndcg_at_20": 0.68341,
        "ndcg_at_100": 0.69525,
        "ndcg_at_1000": 0.70223,
        "map_at_1": 0.526,
        "map_at_3": 0.6036,
        "map_at_5": 0.61769,
        "map_at_10": 0.62531,
        "map_at_20": 0.62846,
        "map_at_100": 0.6301,
        "map_at_1000": 0.63035,
        "recall_at_1": 0.526,
        "recall_at_3": 0.7008,
        "recall_at_5": 0.7618,
        "recall_at_10": 0.8182,
        "recall_at_20": 0.8622,
        "recall_at_100": 0.926,
        "recall_at_1000": 0.9814,
        "accuracy": 0.526,
        "precision_at_1": 0.526,
        "precision_at_3": 0.2336,
        "precision_at_5": 0.15236,
        "precision_at_10": 0.08182,
        "precision_at_20": 0.04311,
        "precision_at_100": 0.00926,
        "precision_at_1000": 0.00098,
        "mrr_at_1": 0.5264,
        "mrr_at_3": 0.603867,
        "mrr_at_5": 0.617827,
        "mrr_at_10": 0.625518,
        "mrr_at_20": 0.628663,
        "mrr_at_100": 0.630301,
        "mrr_at_1000": 0.630556,
        "nauc_ndcg_at_1_max": 0.424147,
        "nauc_ndcg_at_1_std": -0.09519,
        "nauc_ndcg_at_1_diff1": 0.660477,
        "nauc_ndcg_at_3_max": 0.458554,
        "nauc_ndcg_at_3_std": -0.071565,
        "nauc_ndcg_at_3_diff1": 0.601173,
        "nauc_ndcg_at_5_max": 0.469045,
        "nauc_ndcg_at_5_std": -0.06595,
        "nauc_ndcg_at_5_diff1": 0.606143,
        "nauc_ndcg_at_10_max": 0.478318,
        "nauc_ndcg_at_10_std": -0.059087,
        "nauc_ndcg_at_10_diff1": 0.608396,
        "nauc_ndcg_at_20_max": 0.479113,
        "nauc_ndcg_at_20_std": -0.054131,
        "nauc_ndcg_at_20_diff1": 0.612823,
        "nauc_ndcg_at_100_max": 0.474914,
        "nauc_ndcg_at_100_std": -0.05046,
        "nauc_ndcg_at_100_diff1": 0.61432,
        "nauc_ndcg_at_1000_max": 0.471011,
        "nauc_ndcg_at_1000_std": -0.05692,
        "nauc_ndcg_at_1000_diff1": 0.616578,
        "nauc_map_at_1_max": 0.424147,
        "nauc_map_at_1_std": -0.09519,
        "nauc_map_at_1_diff1": 0.660477,
        "nauc_map_at_3_max": 0.450133,
        "nauc_map_at_3_std": -0.077772,
        "nauc_map_at_3_diff1": 0.616471,
        "nauc_map_at_5_max": 0.455392,
        "nauc_map_at_5_std": -0.075029,
        "nauc_map_at_5_diff1": 0.619621,
        "nauc_map_at_10_max": 0.458935,
        "nauc_map_at_10_std": -0.072569,
        "nauc_map_at_10_diff1": 0.620805,
        "nauc_map_at_20_max": 0.459047,
        "nauc_map_at_20_std": -0.071453,
        "nauc_map_at_20_diff1": 0.62211,
        "nauc_map_at_100_max": 0.458513,
        "nauc_map_at_100_std": -0.071032,
        "nauc_map_at_100_diff1": 0.62233,
        "nauc_map_at_1000_max": 0.458372,
        "nauc_map_at_1000_std": -0.07123,
        "nauc_map_at_1000_diff1": 0.622393,
        "nauc_recall_at_1_max": 0.424147,
        "nauc_recall_at_1_std": -0.09519,
        "nauc_recall_at_1_diff1": 0.660477,
        "nauc_recall_at_3_max": 0.486828,
        "nauc_recall_at_3_std": -0.050494,
        "nauc_recall_at_3_diff1": 0.549384,
        "nauc_recall_at_5_max": 0.524599,
        "nauc_recall_at_5_std": -0.028988,
        "nauc_recall_at_5_diff1": 0.55393,
        "nauc_recall_at_10_max": 0.579213,
        "nauc_recall_at_10_std": 0.012009,
        "nauc_recall_at_10_diff1": 0.550628,
        "nauc_recall_at_20_max": 0.612586,
        "nauc_recall_at_20_std": 0.068727,
        "nauc_recall_at_20_diff1": 0.565187,
        "nauc_recall_at_100_max": 0.642037,
        "nauc_recall_at_100_std": 0.226405,
        "nauc_recall_at_100_diff1": 0.554004,
        "nauc_recall_at_1000_max": 0.757613,
        "nauc_recall_at_1000_std": 0.393131,
        "nauc_recall_at_1000_diff1": 0.609289,
        "nauc_precision_at_1_max": 0.424147,
        "nauc_precision_at_1_std": -0.09519,
        "nauc_precision_at_1_diff1": 0.660477,
        "nauc_precision_at_3_max": 0.486828,
        "nauc_precision_at_3_std": -0.050494,
        "nauc_precision_at_3_diff1": 0.549384,
        "nauc_precision_at_5_max": 0.524599,
        "nauc_precision_at_5_std": -0.028988,
        "nauc_precision_at_5_diff1": 0.55393,
        "nauc_precision_at_10_max": 0.579213,
        "nauc_precision_at_10_std": 0.012009,
        "nauc_precision_at_10_diff1": 0.550628,
        "nauc_precision_at_20_max": 0.612586,
        "nauc_precision_at_20_std": 0.068727,
        "nauc_precision_at_20_diff1": 0.565187,
        "nauc_precision_at_100_max": 0.642037,
        "nauc_precision_at_100_std": 0.226405,
        "nauc_precision_at_100_diff1": 0.554004,
        "nauc_precision_at_1000_max": 0.757613,
        "nauc_precision_at_1000_std": 0.393131,
        "nauc_precision_at_1000_diff1": 0.609289,
        "nauc_mrr_at_1_max": 0.425021,
        "nauc_mrr_at_1_std": -0.094764,
        "nauc_mrr_at_1_diff1": 0.659581,
        "nauc_mrr_at_3_max": 0.450577,
        "nauc_mrr_at_3_std": -0.077663,
        "nauc_mrr_at_3_diff1": 0.61598,
        "nauc_mrr_at_5_max": 0.45549,
        "nauc_mrr_at_5_std": -0.07519,
        "nauc_mrr_at_5_diff1": 0.619248,
        "nauc_mrr_at_10_max": 0.459374,
        "nauc_mrr_at_10_std": -0.072396,
        "nauc_mrr_at_10_diff1": 0.620294,
        "nauc_mrr_at_20_max": 0.459494,
        "nauc_mrr_at_20_std": -0.071272,
        "nauc_mrr_at_20_diff1": 0.621596,
        "nauc_mrr_at_100_max": 0.458963,
        "nauc_mrr_at_100_std": -0.070848,
        "nauc_mrr_at_100_diff1": 0.621813,
        "nauc_mrr_at_1000_max": 0.458822,
        "nauc_mrr_at_1000_std": -0.071046,
        "nauc_mrr_at_1000_diff1": 0.621876,
        "hit_rate_at_1": 0.526,
        "hit_rate_at_3": 0.7008,
        "hit_rate_at_5": 0.7618,
        "hit_rate_at_10": 0.8182,
        "hit_rate_at_20": 0.8622,
        "hit_rate_at_100": 0.926,
        "hit_rate_at_1000": 0.9814,
        "main_score": 0.67217,
        "hf_subset": "default",
        "languages": [
          "eng-Latn"
        ]
      }
    ]
  },
  "evaluation_time": 296.4183213710785,
  "kg_co2_emissions": null,
  "date": null
}