{
  "dataset_revision": "6184bc1440d2dbc7612be22b50686b8826d22b32",
  "task_name": "CQADupstackProgrammersRetrieval",
  "mteb_version": "2.12.20",
  "scores": {
    "test": [
      {
        "ndcg_at_1": 0.27854,
        "ndcg_at_3": 0.32512,
        "ndcg_at_5": 0.34613,
        "ndcg_at_10": 0.37388,
        "ndcg_at_20": 0.39457,
        "ndcg_at_100": 0.43343,
        "ndcg_at_1000": 0.45829,
        "map_at_1": 0.22169,
        "map_at_3": 0.28708,
        "map_at_5": 0.30319,
        "map_at_10": 0.31682,
        "map_at_20": 0.32349,
        "map_at_100": 0.32988,
        "map_at_1000": 0.33097,
        "recall_at_1": 0.22169,
        "recall_at_3": 0.35529,
        "recall_at_5": 0.41271,
        "recall_at_10": 0.4944,
        "recall_at_20": 0.5678,
        "recall_at_100": 0.75644,
        "recall_at_1000": 0.92919,
        "accuracy": 0.22169,
        "precision_at_1": 0.27854,
        "precision_at_3": 0.15753,
        "precision_at_5": 0.11301,
        "precision_at_10": 0.07032,
        "precision_at_20": 0.04172,
        "precision_at_100": 0.0118,
        "precision_at_1000": 0.00158,
        "mrr_at_1": 0.278539,
        "mrr_at_3": 0.344178,
        "mrr_at_5": 0.35742,
        "mrr_at_10": 0.368135,
        "mrr_at_20": 0.373233,
        "mrr_at_100": 0.377408,
        "mrr_at_1000": 0.377978,
        "nauc_ndcg_at_1_max": 0.379214,
        "nauc_ndcg_at_1_std": 0.06301,
        "nauc_ndcg_at_1_diff1": 0.493311,
        "nauc_ndcg_at_3_max": 0.36661,
        "nauc_ndcg_at_3_std": 0.037094,
        "nauc_ndcg_at_3_diff1": 0.437875,
        "nauc_ndcg_at_5_max": 0.370324,
        "nauc_ndcg_at_5_std": 0.033603,
        "nauc_ndcg_at_5_diff1": 0.430863,
        "nauc_ndcg_at_10_max": 0.378879,
        "nauc_ndcg_at_10_std": 0.047694,
        "nauc_ndcg_at_10_diff1": 0.421121,
        "nauc_ndcg_at_20_max": 0.380341,
        "nauc_ndcg_at_20_std": 0.060023,
        "nauc_ndcg_at_20_diff1": 0.422102,
        "nauc_ndcg_at_100_max": 0.389682,
        "nauc_ndcg_at_100_std": 0.089579,
        "nauc_ndcg_at_100_diff1": 0.414982,
        "nauc_ndcg_at_1000_max": 0.386726,
        "nauc_ndcg_at_1000_std": 0.081613,
        "nauc_ndcg_at_1000_diff1": 0.417666,
        "nauc_map_at_1_max": 0.328283,
        "nauc_map_at_1_std": -0.00963,
        "nauc_map_at_1_diff1": 0.507105,
        "nauc_map_at_3_max": 0.345405,
        "nauc_map_at_3_std": 0.012781,
        "nauc_map_at_3_diff1": 0.454519,
        "nauc_map_at_5_max": 0.356522,
        "nauc_map_at_5_std": 0.019483,
        "nauc_map_at_5_diff1": 0.449119,
        "nauc_map_at_10_max": 0.363262,
        "nauc_map_at_10_std": 0.027633,
        "nauc_map_at_10_diff1": 0.444783,
        "nauc_map_at_20_max": 0.364569,
        "nauc_map_at_20_std": 0.031376,
        "nauc_map_at_20_diff1": 0.445145,
        "nauc_map_at_100_max": 0.366721,
        "nauc_map_at_100_std": 0.037265,
        "nauc_map_at_100_diff1": 0.443428,
        "nauc_map_at_1000_max": 0.366656,
        "nauc_map_at_1000_std": 0.037352,
        "nauc_map_at_1000_diff1": 0.443387,
        "nauc_recall_at_1_max": 0.328283,
        "nauc_recall_at_1_std": -0.00963,
        "nauc_recall_at_1_diff1": 0.507105,
        "nauc_recall_at_3_max": 0.339658,
        "nauc_recall_at_3_std": 0.016802,
        "nauc_recall_at_3_diff1": 0.396534,
        "nauc_recall_at_5_max": 0.348742,
        "nauc_recall_at_5_std": 0.021439,
        "nauc_recall_at_5_diff1": 0.369159,
        "nauc_recall_at_10_max": 0.368212,
        "nauc_recall_at_10_std": 0.064357,
        "nauc_recall_at_10_diff1": 0.339121,
        "nauc_recall_at_20_max": 0.36591,
        "nauc_recall_at_20_std": 0.108059,
        "nauc_recall_at_20_diff1": 0.335823,
        "nauc_recall_at_100_max": 0.421722,
        "nauc_recall_at_100_std": 0.307022,
        "nauc_recall_at_100_diff1": 0.281963,
        "nauc_recall_at_1000_max": 0.493653,
        "nauc_recall_at_1000_std": 0.526316,
        "nauc_recall_at_1000_diff1": 0.21146,
        "nauc_precision_at_1_max": 0.379214,
        "nauc_precision_at_1_std": 0.06301,
        "nauc_precision_at_1_diff1": 0.493311,
        "nauc_precision_at_3_max": 0.416665,
        "nauc_precision_at_3_std": 0.135156,
        "nauc_precision_at_3_diff1": 0.333494,
        "nauc_precision_at_5_max": 0.427816,
        "nauc_precision_at_5_std": 0.150828,
        "nauc_precision_at_5_diff1": 0.284587,
        "nauc_precision_at_10_max": 0.397083,
        "nauc_precision_at_10_std": 0.183935,
        "nauc_precision_at_10_diff1": 0.206409,
        "nauc_precision_at_20_max": 0.353097,
        "nauc_precision_at_20_std": 0.205453,
        "nauc_precision_at_20_diff1": 0.170955,
        "nauc_precision_at_100_max": 0.235995,
        "nauc_precision_at_100_std": 0.25249,
        "nauc_precision_at_100_diff1": 0.010362,
        "nauc_precision_at_1000_max": 0.05112,
        "nauc_precision_at_1000_std": 0.106107,
        "nauc_precision_at_1000_diff1": -0.08411,
        "nauc_mrr_at_1_max": 0.379214,
        "nauc_mrr_at_1_std": 0.06301,
        "nauc_mrr_at_1_diff1": 0.493311,
        "nauc_mrr_at_3_max": 0.386847,
        "nauc_mrr_at_3_std": 0.064333,
        "nauc_mrr_at_3_diff1": 0.445336,
        "nauc_mrr_at_5_max": 0.388247,
        "nauc_mrr_at_5_std": 0.063986,
        "nauc_mrr_at_5_diff1": 0.438677,
        "nauc_mrr_at_10_max": 0.388554,
        "nauc_mrr_at_10_std": 0.06711,
        "nauc_mrr_at_10_diff1": 0.434603,
        "nauc_mrr_at_20_max": 0.388263,
        "nauc_mrr_at_20_std": 0.069656,
        "nauc_mrr_at_20_diff1": 0.435216,
        "nauc_mrr_at_100_max": 0.387752,
        "nauc_mrr_at_100_std": 0.07129,
        "nauc_mrr_at_100_diff1": 0.43442,
        "nauc_mrr_at_1000_max": 0.387697,
        "nauc_mrr_at_1000_std": 0.071142,
        "nauc_mrr_at_1000_diff1": 0.434669,
        "hit_rate_at_1": 0.27854,
        "hit_rate_at_3": 0.4258,
        "hit_rate_at_5": 0.48516,
        "hit_rate_at_10": 0.56735,
        "hit_rate_at_20": 0.64041,
        "hit_rate_at_100": 0.81164,
        "hit_rate_at_1000": 0.95548,
        "main_score": 0.37388,
        "hf_subset": "default",
        "languages": [
          "eng-Latn"
        ]
      }
    ]
  },
  "evaluation_time": 118.1858925819397,
  "kg_co2_emissions": null,
  "date": null
}