{
  "dataset_revision": "6c6430d3a6d36f8d2a829195bc5dc94d7e063e53",
  "task_name": "CQADupstackUnixRetrieval",
  "mteb_version": "2.12.20",
  "scores": {
    "test": [
      {
        "ndcg_at_1": 0.3125,
        "ndcg_at_3": 0.34954,
        "ndcg_at_5": 0.37273,
        "ndcg_at_10": 0.40643,
        "ndcg_at_20": 0.42545,
        "ndcg_at_100": 0.45968,
        "ndcg_at_1000": 0.48456,
        "map_at_1": 0.26124,
        "map_at_3": 0.32017,
        "map_at_5": 0.33614,
        "map_at_10": 0.35099,
        "map_at_20": 0.35699,
        "map_at_100": 0.36269,
        "map_at_1000": 0.36389,
        "recall_at_1": 0.26124,
        "recall_at_3": 0.37869,
        "recall_at_5": 0.43822,
        "recall_at_10": 0.53731,
        "recall_at_20": 0.60436,
        "recall_at_100": 0.76779,
        "recall_at_1000": 0.93908,
        "accuracy": 0.26124,
        "precision_at_1": 0.3125,
        "precision_at_3": 0.15672,
        "precision_at_5": 0.11082,
        "precision_at_10": 0.06894,
        "precision_at_20": 0.04021,
        "precision_at_100": 0.01086,
        "precision_at_1000": 0.00142,
        "mrr_at_1": 0.3125,
        "mrr_at_3": 0.365361,
        "mrr_at_5": 0.37842,
        "mrr_at_10": 0.392698,
        "mrr_at_20": 0.3975,
        "mrr_at_100": 0.401337,
        "mrr_at_1000": 0.401965,
        "nauc_ndcg_at_1_max": 0.44129,
        "nauc_ndcg_at_1_std": -0.073564,
        "nauc_ndcg_at_1_diff1": 0.47158,
        "nauc_ndcg_at_3_max": 0.437318,
        "nauc_ndcg_at_3_std": -0.054328,
        "nauc_ndcg_at_3_diff1": 0.453151,
        "nauc_ndcg_at_5_max": 0.423925,
        "nauc_ndcg_at_5_std": -0.051598,
        "nauc_ndcg_at_5_diff1": 0.434542,
        "nauc_ndcg_at_10_max": 0.430192,
        "nauc_ndcg_at_10_std": -0.036656,
        "nauc_ndcg_at_10_diff1": 0.425441,
        "nauc_ndcg_at_20_max": 0.430004,
        "nauc_ndcg_at_20_std": -0.03445,
        "nauc_ndcg_at_20_diff1": 0.4207,
        "nauc_ndcg_at_100_max": 0.431783,
        "nauc_ndcg_at_100_std": -0.020198,
        "nauc_ndcg_at_100_diff1": 0.417539,
        "nauc_ndcg_at_1000_max": 0.433704,
        "nauc_ndcg_at_1000_std": -0.021355,
        "nauc_ndcg_at_1000_diff1": 0.419816,
        "nauc_map_at_1_max": 0.416702,
        "nauc_map_at_1_std": -0.090091,
        "nauc_map_at_1_diff1": 0.511715,
        "nauc_map_at_3_max": 0.430335,
        "nauc_map_at_3_std": -0.060812,
        "nauc_map_at_3_diff1": 0.473366,
        "nauc_map_at_5_max": 0.426637,
        "nauc_map_at_5_std": -0.057466,
        "nauc_map_at_5_diff1": 0.459166,
        "nauc_map_at_10_max": 0.431223,
        "nauc_map_at_10_std": -0.050989,
        "nauc_map_at_10_diff1": 0.455325,
        "nauc_map_at_20_max": 0.431988,
        "nauc_map_at_20_std": -0.050562,
        "nauc_map_at_20_diff1": 0.453413,
        "nauc_map_at_100_max": 0.432618,
        "nauc_map_at_100_std": -0.048286,
        "nauc_map_at_100_diff1": 0.452808,
        "nauc_map_at_1000_max": 0.432593,
        "nauc_map_at_1000_std": -0.048135,
        "nauc_map_at_1000_diff1": 0.45271,
        "nauc_recall_at_1_max": 0.416702,
        "nauc_recall_at_1_std": -0.090091,
        "nauc_recall_at_1_diff1": 0.511715,
        "nauc_recall_at_3_max": 0.40634,
        "nauc_recall_at_3_std": -0.049639,
        "nauc_recall_at_3_diff1": 0.426888,
        "nauc_recall_at_5_max": 0.379423,
        "nauc_recall_at_5_std": -0.041688,
        "nauc_recall_at_5_diff1": 0.375432,
        "nauc_recall_at_10_max": 0.382484,
        "nauc_recall_at_10_std": -0.001492,
        "nauc_recall_at_10_diff1": 0.339552,
        "nauc_recall_at_20_max": 0.372931,
        "nauc_recall_at_20_std": 0.006534,
        "nauc_recall_at_20_diff1": 0.317412,
        "nauc_recall_at_100_max": 0.372386,
        "nauc_recall_at_100_std": 0.120757,
        "nauc_recall_at_100_diff1": 0.275929,
        "nauc_recall_at_1000_max": 0.429667,
        "nauc_recall_at_1000_std": 0.371839,
        "nauc_recall_at_1000_diff1": 0.185682,
        "nauc_precision_at_1_max": 0.44129,
        "nauc_precision_at_1_std": -0.073564,
        "nauc_precision_at_1_diff1": 0.47158,
        "nauc_precision_at_3_max": 0.438319,
        "nauc_precision_at_3_std": -0.00468,
        "nauc_precision_at_3_diff1": 0.338035,
        "nauc_precision_at_5_max": 0.393391,
        "nauc_precision_at_5_std": 0.012603,
        "nauc_precision_at_5_diff1": 0.258407,
        "nauc_precision_at_10_max": 0.37779,
        "nauc_precision_at_10_std": 0.059544,
        "nauc_precision_at_10_diff1": 0.195013,
        "nauc_precision_at_20_max": 0.328425,
        "nauc_precision_at_20_std": 0.071993,
        "nauc_precision_at_20_diff1": 0.125022,
        "nauc_precision_at_100_max": 0.186313,
        "nauc_precision_at_100_std": 0.116403,
        "nauc_precision_at_100_diff1": -0.029908,
        "nauc_precision_at_1000_max": 0.006447,
        "nauc_precision_at_1000_std": 0.090939,
        "nauc_precision_at_1000_diff1": -0.180583,
        "nauc_mrr_at_1_max": 0.44129,
        "nauc_mrr_at_1_std": -0.073564,
        "nauc_mrr_at_1_diff1": 0.47158,
        "nauc_mrr_at_3_max": 0.443281,
        "nauc_mrr_at_3_std": -0.051282,
        "nauc_mrr_at_3_diff1": 0.437721,
        "nauc_mrr_at_5_max": 0.435799,
        "nauc_mrr_at_5_std": -0.052093,
        "nauc_mrr_at_5_diff1": 0.428633,
        "nauc_mrr_at_10_max": 0.438139,
        "nauc_mrr_at_10_std": -0.045458,
        "nauc_mrr_at_10_diff1": 0.424402,
        "nauc_mrr_at_20_max": 0.437295,
        "nauc_mrr_at_20_std": -0.044721,
        "nauc_mrr_at_20_diff1": 0.42354,
        "nauc_mrr_at_100_max": 0.437335,
        "nauc_mrr_at_100_std": -0.043384,
        "nauc_mrr_at_100_diff1": 0.423752,
        "nauc_mrr_at_1000_max": 0.437463,
        "nauc_mrr_at_1000_std": -0.043524,
        "nauc_mrr_at_1000_diff1": 0.424046,
        "hit_rate_at_1": 0.3125,
        "hit_rate_at_3": 0.43097,
        "hit_rate_at_5": 0.48881,
        "hit_rate_at_10": 0.59608,
        "hit_rate_at_20": 0.66511,
        "hit_rate_at_100": 0.8181,
        "hit_rate_at_1000": 0.95709,
        "main_score": 0.40643,
        "hf_subset": "default",
        "languages": [
          "eng-Latn"
        ]
      }
    ]
  },
  "evaluation_time": 178.5640013217926,
  "kg_co2_emissions": null,
  "date": null
}