{
  "dataset_revision": "9be4c0e46342e8e3aff577a89b9a1ec9bc6b4af3",
  "task_name": "CQADupstackAndroidRetrieval",
  "mteb_version": "2.12.20",
  "scores": {
    "test": [
      {
        "ndcg_at_1": 0.39628,
        "ndcg_at_3": 0.44849,
        "ndcg_at_5": 0.47195,
        "ndcg_at_10": 0.5039,
        "ndcg_at_20": 0.52152,
        "ndcg_at_100": 0.55489,
        "ndcg_at_1000": 0.57291,
        "map_at_1": 0.32694,
        "map_at_3": 0.40043,
        "map_at_5": 0.41983,
        "map_at_10": 0.43811,
        "map_at_20": 0.44567,
        "map_at_100": 0.45274,
        "map_at_1000": 0.45393,
        "recall_at_1": 0.32694,
        "recall_at_3": 0.46851,
        "recall_at_5": 0.5364,
        "recall_at_10": 0.63031,
        "recall_at_20": 0.69229,
        "recall_at_100": 0.8449,
        "recall_at_1000": 0.96148,
        "accuracy": 0.32694,
        "precision_at_1": 0.39628,
        "precision_at_3": 0.21507,
        "precision_at_5": 0.15393,
        "precision_at_10": 0.09714,
        "precision_at_20": 0.05708,
        "precision_at_100": 0.01591,
        "precision_at_1000": 0.002,
        "mrr_at_1": 0.39628,
        "mrr_at_3": 0.469242,
        "mrr_at_5": 0.48598,
        "mrr_at_10": 0.497483,
        "mrr_at_20": 0.500858,
        "mrr_at_100": 0.503556,
        "mrr_at_1000": 0.503987,
        "nauc_ndcg_at_1_max": 0.426536,
        "nauc_ndcg_at_1_std": -0.076497,
        "nauc_ndcg_at_1_diff1": 0.532155,
        "nauc_ndcg_at_3_max": 0.399176,
        "nauc_ndcg_at_3_std": -0.086023,
        "nauc_ndcg_at_3_diff1": 0.486117,
        "nauc_ndcg_at_5_max": 0.39387,
        "nauc_ndcg_at_5_std": -0.088828,
        "nauc_ndcg_at_5_diff1": 0.476403,
        "nauc_ndcg_at_10_max": 0.414441,
        "nauc_ndcg_at_10_std": -0.06165,
        "nauc_ndcg_at_10_diff1": 0.481211,
        "nauc_ndcg_at_20_max": 0.411563,
        "nauc_ndcg_at_20_std": -0.05609,
        "nauc_ndcg_at_20_diff1": 0.482477,
        "nauc_ndcg_at_100_max": 0.424939,
        "nauc_ndcg_at_100_std": -0.044528,
        "nauc_ndcg_at_100_diff1": 0.480586,
        "nauc_ndcg_at_1000_max": 0.421219,
        "nauc_ndcg_at_1000_std": -0.047456,
        "nauc_ndcg_at_1000_diff1": 0.483469,
        "nauc_map_at_1_max": 0.369758,
        "nauc_map_at_1_std": -0.097016,
        "nauc_map_at_1_diff1": 0.544534,
        "nauc_map_at_3_max": 0.388243,
        "nauc_map_at_3_std": -0.104025,
        "nauc_map_at_3_diff1": 0.51182,
        "nauc_map_at_5_max": 0.387652,
        "nauc_map_at_5_std": -0.101568,
        "nauc_map_at_5_diff1": 0.503901,
        "nauc_map_at_10_max": 0.401377,
        "nauc_map_at_10_std": -0.083993,
        "nauc_map_at_10_diff1": 0.503912,
        "nauc_map_at_20_max": 0.403008,
        "nauc_map_at_20_std": -0.079996,
        "nauc_map_at_20_diff1": 0.50338,
        "nauc_map_at_100_max": 0.407075,
        "nauc_map_at_100_std": -0.076522,
        "nauc_map_at_100_diff1": 0.500918,
        "nauc_map_at_1000_max": 0.406811,
        "nauc_map_at_1000_std": -0.076471,
        "nauc_map_at_1000_diff1": 0.50075,
        "nauc_recall_at_1_max": 0.369758,
        "nauc_recall_at_1_std": -0.097016,
        "nauc_recall_at_1_diff1": 0.544534,
        "nauc_recall_at_3_max": 0.368876,
        "nauc_recall_at_3_std": -0.11594,
        "nauc_recall_at_3_diff1": 0.463663,
        "nauc_recall_at_5_max": 0.349618,
        "nauc_recall_at_5_std": -0.105838,
        "nauc_recall_at_5_diff1": 0.424725,
        "nauc_recall_at_10_max": 0.388824,
        "nauc_recall_at_10_std": -0.019547,
        "nauc_recall_at_10_diff1": 0.41479,
        "nauc_recall_at_20_max": 0.369392,
        "nauc_recall_at_20_std": 0.007491,
        "nauc_recall_at_20_diff1": 0.407482,
        "nauc_recall_at_100_max": 0.465949,
        "nauc_recall_at_100_std": 0.159452,
        "nauc_recall_at_100_diff1": 0.384678,
        "nauc_recall_at_1000_max": 0.56152,
        "nauc_recall_at_1000_std": 0.522207,
        "nauc_recall_at_1000_diff1": 0.36477,
        "nauc_precision_at_1_max": 0.426536,
        "nauc_precision_at_1_std": -0.076497,
        "nauc_precision_at_1_diff1": 0.532155,
        "nauc_precision_at_3_max": 0.363364,
        "nauc_precision_at_3_std": -0.031009,
        "nauc_precision_at_3_diff1": 0.299686,
        "nauc_precision_at_5_max": 0.314036,
        "nauc_precision_at_5_std": 0.011499,
        "nauc_precision_at_5_diff1": 0.196389,
        "nauc_precision_at_10_max": 0.290285,
        "nauc_precision_at_10_std": 0.113747,
        "nauc_precision_at_10_diff1": 0.087485,
        "nauc_precision_at_20_max": 0.208849,
        "nauc_precision_at_20_std": 0.126111,
        "nauc_precision_at_20_diff1": -0.005862,
        "nauc_precision_at_100_max": 0.087903,
        "nauc_precision_at_100_std": 0.117322,
        "nauc_precision_at_100_diff1": -0.159947,
        "nauc_precision_at_1000_max": -0.030432,
        "nauc_precision_at_1000_std": 0.077834,
        "nauc_precision_at_1000_diff1": -0.237522,
        "nauc_mrr_at_1_max": 0.426536,
        "nauc_mrr_at_1_std": -0.076497,
        "nauc_mrr_at_1_diff1": 0.532155,
        "nauc_mrr_at_3_max": 0.416424,
        "nauc_mrr_at_3_std": -0.077346,
        "nauc_mrr_at_3_diff1": 0.48434,
        "nauc_mrr_at_5_max": 0.417345,
        "nauc_mrr_at_5_std": -0.072619,
        "nauc_mrr_at_5_diff1": 0.480639,
        "nauc_mrr_at_10_max": 0.41895,
        "nauc_mrr_at_10_std": -0.064745,
        "nauc_mrr_at_10_diff1": 0.482041,
        "nauc_mrr_at_20_max": 0.418938,
        "nauc_mrr_at_20_std": -0.064054,
        "nauc_mrr_at_20_diff1": 0.483533,
        "nauc_mrr_at_100_max": 0.419541,
        "nauc_mrr_at_100_std": -0.063867,
        "nauc_mrr_at_100_diff1": 0.483425,
        "nauc_mrr_at_1000_max": 0.419557,
        "nauc_mrr_at_1000_std": -0.063847,
        "nauc_mrr_at_1000_diff1": 0.483616,
        "hit_rate_at_1": 0.39628,
        "hit_rate_at_3": 0.56366,
        "hit_rate_at_5": 0.63662,
        "hit_rate_at_10": 0.7196,
        "hit_rate_at_20": 0.76824,
        "hit_rate_at_100": 0.88412,
        "hit_rate_at_1000": 0.97568,
        "main_score": 0.5039,
        "hf_subset": "default",
        "languages": [
          "eng-Latn"
        ]
      }
    ]
  },
  "evaluation_time": 48.75852060317993,
  "kg_co2_emissions": null,
  "date": null
}