{
  "dataset_revision": "27a168819829fe9bcd655c2df245fb19452e8e06",
  "task_name": "FiQA2018",
  "mteb_version": "2.12.30",
  "scores": {
    "test": [
      {
        "ndcg_at_1": 0.35031,
        "ndcg_at_3": 0.3242,
        "ndcg_at_5": 0.33841,
        "ndcg_at_10": 0.36346,
        "ndcg_at_20": 0.39013,
        "ndcg_at_100": 0.43275,
        "ndcg_at_1000": 0.46577,
        "map_at_1": 0.17982,
        "map_at_3": 0.25082,
        "map_at_5": 0.27303,
        "map_at_10": 0.28995,
        "map_at_20": 0.30015,
        "map_at_100": 0.30868,
        "map_at_1000": 0.31045,
        "recall_at_1": 0.17982,
        "recall_at_3": 0.29309,
        "recall_at_5": 0.35514,
        "recall_at_10": 0.43169,
        "recall_at_20": 0.51284,
        "recall_at_100": 0.68812,
        "recall_at_1000": 0.89008,
        "accuracy": 0.17982,
        "precision_at_1": 0.35031,
        "precision_at_3": 0.21553,
        "precision_at_5": 0.16204,
        "precision_at_10": 0.10231,
        "precision_at_20": 0.06242,
        "precision_at_100": 0.01728,
        "precision_at_1000": 0.00231,
        "mrr_at_1": 0.350309,
        "mrr_at_3": 0.410237,
        "mrr_at_5": 0.424203,
        "mrr_at_10": 0.435371,
        "mrr_at_20": 0.440968,
        "mrr_at_100": 0.444223,
        "mrr_at_1000": 0.444715,
        "nauc_ndcg_at_1_max": 0.352026,
        "nauc_ndcg_at_1_std": -0.069212,
        "nauc_ndcg_at_1_diff1": 0.447454,
        "nauc_ndcg_at_3_max": 0.348779,
        "nauc_ndcg_at_3_std": -0.019906,
        "nauc_ndcg_at_3_diff1": 0.392435,
        "nauc_ndcg_at_5_max": 0.336664,
        "nauc_ndcg_at_5_std": -0.014901,
        "nauc_ndcg_at_5_diff1": 0.399109,
        "nauc_ndcg_at_10_max": 0.325545,
        "nauc_ndcg_at_10_std": -0.005186,
        "nauc_ndcg_at_10_diff1": 0.380662,
        "nauc_ndcg_at_20_max": 0.327689,
        "nauc_ndcg_at_20_std": 0.014523,
        "nauc_ndcg_at_20_diff1": 0.372454,
        "nauc_ndcg_at_100_max": 0.3577,
        "nauc_ndcg_at_100_std": 0.042188,
        "nauc_ndcg_at_100_diff1": 0.37191,
        "nauc_ndcg_at_1000_max": 0.361565,
        "nauc_ndcg_at_1000_std": 0.037701,
        "nauc_ndcg_at_1000_diff1": 0.37389,
        "nauc_map_at_1_max": 0.234822,
        "nauc_map_at_1_std": -0.081035,
        "nauc_map_at_1_diff1": 0.43399,
        "nauc_map_at_3_max": 0.296217,
        "nauc_map_at_3_std": -0.038727,
        "nauc_map_at_3_diff1": 0.405721,
        "nauc_map_at_5_max": 0.310311,
        "nauc_map_at_5_std": -0.033011,
        "nauc_map_at_5_diff1": 0.411727,
        "nauc_map_at_10_max": 0.314638,
        "nauc_map_at_10_std": -0.025333,
        "nauc_map_at_10_diff1": 0.400329,
        "nauc_map_at_20_max": 0.317267,
        "nauc_map_at_20_std": -0.017071,
        "nauc_map_at_20_diff1": 0.395777,
        "nauc_map_at_100_max": 0.323395,
        "nauc_map_at_100_std": -0.012119,
        "nauc_map_at_100_diff1": 0.393917,
        "nauc_map_at_1000_max": 0.324149,
        "nauc_map_at_1000_std": -0.011651,
        "nauc_map_at_1000_diff1": 0.393971,
        "nauc_recall_at_1_max": 0.234822,
        "nauc_recall_at_1_std": -0.081035,
        "nauc_recall_at_1_diff1": 0.43399,
        "nauc_recall_at_3_max": 0.277358,
        "nauc_recall_at_3_std": -0.004027,
        "nauc_recall_at_3_diff1": 0.348311,
        "nauc_recall_at_5_max": 0.269368,
        "nauc_recall_at_5_std": 0.005703,
        "nauc_recall_at_5_diff1": 0.339942,
        "nauc_recall_at_10_max": 0.249993,
        "nauc_recall_at_10_std": 0.01892,
        "nauc_recall_at_10_diff1": 0.27758,
        "nauc_recall_at_20_max": 0.241999,
        "nauc_recall_at_20_std": 0.076983,
        "nauc_recall_at_20_diff1": 0.239402,
        "nauc_recall_at_100_max": 0.344811,
        "nauc_recall_at_100_std": 0.221323,
        "nauc_recall_at_100_diff1": 0.217289,
        "nauc_recall_at_1000_max": 0.359251,
        "nauc_recall_at_1000_std": 0.352743,
        "nauc_recall_at_1000_diff1": 0.130523,
        "nauc_precision_at_1_max": 0.352026,
        "nauc_precision_at_1_std": -0.069212,
        "nauc_precision_at_1_diff1": 0.447454,
        "nauc_precision_at_3_max": 0.379864,
        "nauc_precision_at_3_std": 0.027973,
        "nauc_precision_at_3_diff1": 0.292234,
        "nauc_precision_at_5_max": 0.38227,
        "nauc_precision_at_5_std": 0.048835,
        "nauc_precision_at_5_diff1": 0.265519,
        "nauc_precision_at_10_max": 0.349117,
        "nauc_precision_at_10_std": 0.078479,
        "nauc_precision_at_10_diff1": 0.182422,
        "nauc_precision_at_20_max": 0.328972,
        "nauc_precision_at_20_std": 0.117906,
        "nauc_precision_at_20_diff1": 0.132149,
        "nauc_precision_at_100_max": 0.337993,
        "nauc_precision_at_100_std": 0.170693,
        "nauc_precision_at_100_diff1": 0.050832,
        "nauc_precision_at_1000_max": 0.269571,
        "nauc_precision_at_1000_std": 0.124236,
        "nauc_precision_at_1000_diff1": -0.029887,
        "nauc_mrr_at_1_max": 0.352026,
        "nauc_mrr_at_1_std": -0.069212,
        "nauc_mrr_at_1_diff1": 0.447454,
        "nauc_mrr_at_3_max": 0.369853,
        "nauc_mrr_at_3_std": -0.020779,
        "nauc_mrr_at_3_diff1": 0.421122,
        "nauc_mrr_at_5_max": 0.369649,
        "nauc_mrr_at_5_std": -0.019144,
        "nauc_mrr_at_5_diff1": 0.41932,
        "nauc_mrr_at_10_max": 0.366773,
        "nauc_mrr_at_10_std": -0.016714,
        "nauc_mrr_at_10_diff1": 0.411967,
        "nauc_mrr_at_20_max": 0.367486,
        "nauc_mrr_at_20_std": -0.012917,
        "nauc_mrr_at_20_diff1": 0.411894,
        "nauc_mrr_at_100_max": 0.370026,
        "nauc_mrr_at_100_std": -0.01137,
        "nauc_mrr_at_100_diff1": 0.41392,
        "nauc_mrr_at_1000_max": 0.369859,
        "nauc_mrr_at_1000_std": -0.011702,
        "nauc_mrr_at_1000_diff1": 0.413948,
        "hit_rate_at_1": 0.35031,
        "hit_rate_at_3": 0.48765,
        "hit_rate_at_5": 0.55093,
        "hit_rate_at_10": 0.63735,
        "hit_rate_at_20": 0.71759,
        "hit_rate_at_100": 0.84259,
        "hit_rate_at_1000": 0.95679,
        "main_score": 0.36346,
        "hf_subset": "default",
        "languages": [
          "eng-Latn"
        ]
      }
    ]
  },
  "evaluation_time": 170.4189772605896,
  "kg_co2_emissions": null,
  "date": null
}