{
  "dataset_revision": "4482db2a053706c0aef0ab7bf1878d29bb0295f8",
  "task_name": "GovReport",
  "mteb_version": "2.12.30",
  "scores": {
    "test": [
      {
        "ndcg_at_1": 0.81959,
        "ndcg_at_3": 0.89721,
        "ndcg_at_5": 0.90764,
        "ndcg_at_10": 0.9124,
        "ndcg_at_20": 0.91444,
        "ndcg_at_100": 0.91529,
        "ndcg_at_1000": 0.9154,
        "map_at_1": 0.81856,
        "map_at_3": 0.87973,
        "map_at_5": 0.8856,
        "map_at_10": 0.88762,
        "map_at_20": 0.88816,
        "map_at_100": 0.8883,
        "map_at_1000": 0.88831,
        "recall_at_1": 0.81856,
        "recall_at_3": 0.94691,
        "recall_at_5": 0.97216,
        "recall_at_10": 0.9866,
        "recall_at_20": 0.99485,
        "recall_at_100": 0.99897,
        "recall_at_1000": 1.0,
        "accuracy": 0.81856,
        "precision_at_1": 0.81959,
        "precision_at_3": 0.31649,
        "precision_at_5": 0.19505,
        "precision_at_10": 0.09897,
        "precision_at_20": 0.0499,
        "precision_at_100": 0.01002,
        "precision_at_1000": 0.001,
        "mrr_at_1": 0.819588,
        "mrr_at_3": 0.879897,
        "mrr_at_5": 0.885515,
        "mrr_at_10": 0.887535,
        "mrr_at_20": 0.888071,
        "mrr_at_100": 0.888219,
        "mrr_at_1000": 0.888221,
        "nauc_ndcg_at_1_max": 0.43858,
        "nauc_ndcg_at_1_std": -0.218994,
        "nauc_ndcg_at_1_diff1": 0.797043,
        "nauc_ndcg_at_3_max": 0.498679,
        "nauc_ndcg_at_3_std": -0.2357,
        "nauc_ndcg_at_3_diff1": 0.772369,
        "nauc_ndcg_at_5_max": 0.490669,
        "nauc_ndcg_at_5_std": -0.238368,
        "nauc_ndcg_at_5_diff1": 0.768743,
        "nauc_ndcg_at_10_max": 0.47244,
        "nauc_ndcg_at_10_std": -0.253531,
        "nauc_ndcg_at_10_diff1": 0.768798,
        "nauc_ndcg_at_20_max": 0.467848,
        "nauc_ndcg_at_20_std": -0.237867,
        "nauc_ndcg_at_20_diff1": 0.775811,
        "nauc_ndcg_at_100_max": 0.468339,
        "nauc_ndcg_at_100_std": -0.236606,
        "nauc_ndcg_at_100_diff1": 0.776663,
        "nauc_ndcg_at_1000_max": 0.46883,
        "nauc_ndcg_at_1000_std": -0.236142,
        "nauc_ndcg_at_1000_diff1": 0.776532,
        "nauc_map_at_1_max": 0.438321,
        "nauc_map_at_1_std": -0.224797,
        "nauc_map_at_1_diff1": 0.798897,
        "nauc_map_at_3_max": 0.478317,
        "nauc_map_at_3_std": -0.229129,
        "nauc_map_at_3_diff1": 0.778694,
        "nauc_map_at_5_max": 0.473275,
        "nauc_map_at_5_std": -0.230215,
        "nauc_map_at_5_diff1": 0.777195,
        "nauc_map_at_10_max": 0.466805,
        "nauc_map_at_10_std": -0.235124,
        "nauc_map_at_10_diff1": 0.777181,
        "nauc_map_at_20_max": 0.465752,
        "nauc_map_at_20_std": -0.232119,
        "nauc_map_at_20_diff1": 0.778674,
        "nauc_map_at_100_max": 0.465958,
        "nauc_map_at_100_std": -0.23202,
        "nauc_map_at_100_diff1": 0.778826,
        "nauc_map_at_1000_max": 0.465965,
        "nauc_map_at_1000_std": -0.232013,
        "nauc_map_at_1000_diff1": 0.778825,
        "nauc_recall_at_1_max": 0.438321,
        "nauc_recall_at_1_std": -0.224797,
        "nauc_recall_at_1_diff1": 0.798897,
        "nauc_recall_at_3_max": 0.626069,
        "nauc_recall_at_3_std": -0.278847,
        "nauc_recall_at_3_diff1": 0.73548,
        "nauc_recall_at_5_max": 0.683024,
        "nauc_recall_at_5_std": -0.331207,
        "nauc_recall_at_5_diff1": 0.676367,
        "nauc_recall_at_10_max": 0.549235,
        "nauc_recall_at_10_std": -0.717985,
        "nauc_recall_at_10_diff1": 0.586332,
        "nauc_recall_at_20_max": 0.394211,
        "nauc_recall_at_20_std": -0.418394,
        "nauc_recall_at_20_diff1": 0.737628,
        "nauc_recall_at_100_max": 0.122782,
        "nauc_recall_at_100_std": -0.563492,
        "nauc_recall_at_100_diff1": 0.869281,
        "nauc_recall_at_1000_max": NaN,
        "nauc_recall_at_1000_std": NaN,
        "nauc_recall_at_1000_diff1": NaN,
        "nauc_precision_at_1_max": 0.43858,
        "nauc_precision_at_1_std": -0.218994,
        "nauc_precision_at_1_diff1": 0.797043,
        "nauc_precision_at_3_max": 0.57277,
        "nauc_precision_at_3_std": -0.216143,
        "nauc_precision_at_3_diff1": 0.650562,
        "nauc_precision_at_5_max": 0.528943,
        "nauc_precision_at_5_std": -0.188568,
        "nauc_precision_at_5_diff1": 0.477737,
        "nauc_precision_at_10_max": 0.31509,
        "nauc_precision_at_10_std": -0.354934,
        "nauc_precision_at_10_diff1": 0.260871,
        "nauc_precision_at_20_max": 0.055959,
        "nauc_precision_at_20_std": 0.07583,
        "nauc_precision_at_20_diff1": 0.080124,
        "nauc_precision_at_100_max": -0.205209,
        "nauc_precision_at_100_std": 0.370337,
        "nauc_precision_at_100_diff1": -0.321549,
        "nauc_precision_at_1000_max": -0.268044,
        "nauc_precision_at_1000_std": 0.549235,
        "nauc_precision_at_1000_diff1": -0.549682,
        "nauc_mrr_at_1_max": 0.43858,
        "nauc_mrr_at_1_std": -0.218994,
        "nauc_mrr_at_1_diff1": 0.797043,
        "nauc_mrr_at_3_max": 0.477952,
        "nauc_mrr_at_3_std": -0.228629,
        "nauc_mrr_at_3_diff1": 0.778559,
        "nauc_mrr_at_5_max": 0.473471,
        "nauc_mrr_at_5_std": -0.230477,
        "nauc_mrr_at_5_diff1": 0.777267,
        "nauc_mrr_at_10_max": 0.46701,
        "nauc_mrr_at_10_std": -0.235387,
        "nauc_mrr_at_10_diff1": 0.777254,
        "nauc_mrr_at_20_max": 0.465958,
        "nauc_mrr_at_20_std": -0.232385,
        "nauc_mrr_at_20_diff1": 0.778747,
        "nauc_mrr_at_100_max": 0.466165,
        "nauc_mrr_at_100_std": -0.232287,
        "nauc_mrr_at_100_diff1": 0.778899,
        "nauc_mrr_at_1000_max": 0.466171,
        "nauc_mrr_at_1000_std": -0.232281,
        "nauc_mrr_at_1000_diff1": 0.778897,
        "hit_rate_at_1": 0.81959,
        "hit_rate_at_3": 0.94742,
        "hit_rate_at_5": 0.97216,
        "hit_rate_at_10": 0.9866,
        "hit_rate_at_20": 0.99485,
        "hit_rate_at_100": 0.99897,
        "hit_rate_at_1000": 1.0,
        "main_score": 0.9124,
        "hf_subset": "default",
        "languages": [
          "eng-Latn"
        ]
      }
    ]
  },
  "evaluation_time": 46.66040754318237,
  "kg_co2_emissions": null,
  "date": null
}