{
  "dataset_revision": "67c0b4f7f15946e0b15cf6cf3b8993d04cb3efc6",
  "task_name": "MSMARCOHardNegatives",
  "mteb_version": "2.12.30",
  "scores": {
    "test": [
      {
        "ndcg_at_1": 0.65891,
        "ndcg_at_3": 0.66118,
        "ndcg_at_5": 0.673,
        "ndcg_at_10": 0.67555,
        "ndcg_at_20": 0.65638,
        "ndcg_at_100": 0.69631,
        "ndcg_at_1000": 0.81462,
        "map_at_1": 0.02047,
        "map_at_3": 0.05305,
        "map_at_5": 0.08472,
        "map_at_10": 0.14119,
        "map_at_20": 0.22196,
        "map_at_100": 0.45209,
        "map_at_1000": 0.62242,
        "recall_at_1": 0.02047,
        "recall_at_3": 0.05748,
        "recall_at_5": 0.0953,
        "recall_at_10": 0.16029,
        "recall_at_20": 0.26187,
        "recall_at_100": 0.63499,
        "recall_at_1000": 0.9699,
        "accuracy": 0.02047,
        "precision_at_1": 0.86047,
        "precision_at_3": 0.84496,
        "precision_at_5": 0.84186,
        "precision_at_10": 0.79535,
        "precision_at_20": 0.7093,
        "precision_at_100": 0.47256,
        "precision_at_1000": 0.09272,
        "mrr_at_1": 0.860465,
        "mrr_at_3": 0.910853,
        "mrr_at_5": 0.910853,
        "mrr_at_10": 0.91376,
        "mrr_at_20": 0.91376,
        "mrr_at_100": 0.91376,
        "mrr_at_1000": 0.91376,
        "nauc_ndcg_at_1_max": -0.144273,
        "nauc_ndcg_at_1_std": -0.151494,
        "nauc_ndcg_at_1_diff1": 0.228283,
        "nauc_ndcg_at_3_max": 0.09867,
        "nauc_ndcg_at_3_std": -0.014857,
        "nauc_ndcg_at_3_diff1": 0.013812,
        "nauc_ndcg_at_5_max": 0.187432,
        "nauc_ndcg_at_5_std": 0.082965,
        "nauc_ndcg_at_5_diff1": -0.050816,
        "nauc_ndcg_at_10_max": 0.252692,
        "nauc_ndcg_at_10_std": 0.137425,
        "nauc_ndcg_at_10_diff1": -0.124802,
        "nauc_ndcg_at_20_max": 0.271015,
        "nauc_ndcg_at_20_std": 0.234397,
        "nauc_ndcg_at_20_diff1": -0.241248,
        "nauc_ndcg_at_100_max": 0.338173,
        "nauc_ndcg_at_100_std": 0.305658,
        "nauc_ndcg_at_100_diff1": -0.278773,
        "nauc_ndcg_at_1000_max": 0.293971,
        "nauc_ndcg_at_1000_std": 0.467114,
        "nauc_ndcg_at_1000_diff1": -0.442236,
        "nauc_map_at_1_max": -0.234027,
        "nauc_map_at_1_std": -0.429001,
        "nauc_map_at_1_diff1": 0.607021,
        "nauc_map_at_3_max": -0.121575,
        "nauc_map_at_3_std": -0.401039,
        "nauc_map_at_3_diff1": 0.471601,
        "nauc_map_at_5_max": -0.066065,
        "nauc_map_at_5_std": -0.398314,
        "nauc_map_at_5_diff1": 0.414751,
        "nauc_map_at_10_max": 0.088637,
        "nauc_map_at_10_std": -0.346265,
        "nauc_map_at_10_diff1": 0.301014,
        "nauc_map_at_20_max": 0.155409,
        "nauc_map_at_20_std": -0.309782,
        "nauc_map_at_20_diff1": 0.175465,
        "nauc_map_at_100_max": 0.178205,
        "nauc_map_at_100_std": -0.000364,
        "nauc_map_at_100_diff1": -0.171847,
        "nauc_map_at_1000_max": 0.195015,
        "nauc_map_at_1000_std": 0.504514,
        "nauc_map_at_1000_diff1": -0.51107,
        "nauc_recall_at_1_max": -0.234027,
        "nauc_recall_at_1_std": -0.429001,
        "nauc_recall_at_1_diff1": 0.607021,
        "nauc_recall_at_3_max": -0.132766,
        "nauc_recall_at_3_std": -0.429055,
        "nauc_recall_at_3_diff1": 0.50756,
        "nauc_recall_at_5_max": -0.090719,
        "nauc_recall_at_5_std": -0.425693,
        "nauc_recall_at_5_diff1": 0.449117,
        "nauc_recall_at_10_max": 0.056952,
        "nauc_recall_at_10_std": -0.393768,
        "nauc_recall_at_10_diff1": 0.35798,
        "nauc_recall_at_20_max": 0.101893,
        "nauc_recall_at_20_std": -0.360066,
        "nauc_recall_at_20_diff1": 0.250754,
        "nauc_recall_at_100_max": 0.117421,
        "nauc_recall_at_100_std": -0.198354,
        "nauc_recall_at_100_diff1": 0.03547,
        "nauc_recall_at_1000_max": -0.066434,
        "nauc_recall_at_1000_std": 0.74214,
        "nauc_recall_at_1000_diff1": -0.941651,
        "nauc_precision_at_1_max": -0.312548,
        "nauc_precision_at_1_std": 0.311869,
        "nauc_precision_at_1_diff1": 0.057112,
        "nauc_precision_at_3_max": 0.126252,
        "nauc_precision_at_3_std": 0.386994,
        "nauc_precision_at_3_diff1": -0.329386,
        "nauc_precision_at_5_max": 0.274262,
        "nauc_precision_at_5_std": 0.420949,
        "nauc_precision_at_5_diff1": -0.551323,
        "nauc_precision_at_10_max": 0.312532,
        "nauc_precision_at_10_std": 0.420482,
        "nauc_precision_at_10_diff1": -0.564677,
        "nauc_precision_at_20_max": 0.247914,
        "nauc_precision_at_20_std": 0.459588,
        "nauc_precision_at_20_diff1": -0.600993,
        "nauc_precision_at_100_max": 0.052173,
        "nauc_precision_at_100_std": 0.598516,
        "nauc_precision_at_100_diff1": -0.532443,
        "nauc_precision_at_1000_max": 0.0259,
        "nauc_precision_at_1000_std": 0.521185,
        "nauc_precision_at_1000_diff1": -0.41303,
        "nauc_mrr_at_1_max": -0.312548,
        "nauc_mrr_at_1_std": 0.311869,
        "nauc_mrr_at_1_diff1": 0.057112,
        "nauc_mrr_at_3_max": -0.212211,
        "nauc_mrr_at_3_std": 0.360509,
        "nauc_mrr_at_3_diff1": -0.128818,
        "nauc_mrr_at_5_max": -0.212211,
        "nauc_mrr_at_5_std": 0.360509,
        "nauc_mrr_at_5_diff1": -0.128818,
        "nauc_mrr_at_10_max": -0.254553,
        "nauc_mrr_at_10_std": 0.347899,
        "nauc_mrr_at_10_diff1": -0.093798,
        "nauc_mrr_at_20_max": -0.254553,
        "nauc_mrr_at_20_std": 0.347899,
        "nauc_mrr_at_20_diff1": -0.093798,
        "nauc_mrr_at_100_max": -0.254553,
        "nauc_mrr_at_100_std": 0.347899,
        "nauc_mrr_at_100_diff1": -0.093798,
        "nauc_mrr_at_1000_max": -0.254553,
        "nauc_mrr_at_1000_std": 0.347899,
        "nauc_mrr_at_1000_diff1": -0.093798,
        "hit_rate_at_1": 0.86047,
        "hit_rate_at_3": 0.97674,
        "hit_rate_at_5": 0.97674,
        "hit_rate_at_10": 1.0,
        "hit_rate_at_20": 1.0,
        "hit_rate_at_100": 1.0,
        "hit_rate_at_1000": 1.0,
        "main_score": 0.67555,
        "hf_subset": "default",
        "languages": [
          "eng-Latn"
        ]
      }
    ]
  },
  "evaluation_time": 11.509339570999146,
  "kg_co2_emissions": null,
  "date": null
}