{
  "dataset_revision": "dd542a7efb9ad2136b9e00768b60fca9038f8156",
  "task_name": "NanoNFCorpusRetrieval",
  "mteb_version": "2.12.30",
  "scores": {
    "train": [
      {
        "ndcg_at_1": 0.34,
        "ndcg_at_3": 0.32997,
        "ndcg_at_5": 0.31272,
        "ndcg_at_10": 0.27351,
        "ndcg_at_20": 0.24506,
        "ndcg_at_100": 0.22488,
        "ndcg_at_1000": 0.34162,
        "map_at_1": 0.01141,
        "map_at_3": 0.03374,
        "map_at_5": 0.04797,
        "map_at_10": 0.06197,
        "map_at_20": 0.07444,
        "map_at_100": 0.08931,
        "map_at_1000": 0.10695,
        "recall_at_1": 0.01141,
        "recall_at_3": 0.04208,
        "recall_at_5": 0.06119,
        "recall_at_10": 0.09928,
        "recall_at_20": 0.13641,
        "recall_at_100": 0.25364,
        "recall_at_1000": 0.59554,
        "accuracy": 0.01141,
        "precision_at_1": 0.34,
        "precision_at_3": 0.32667,
        "precision_at_5": 0.3,
        "precision_at_10": 0.238,
        "precision_at_20": 0.186,
        "precision_at_100": 0.078,
        "precision_at_1000": 0.0268,
        "mrr_at_1": 0.34,
        "mrr_at_3": 0.39,
        "mrr_at_5": 0.403,
        "mrr_at_10": 0.415913,
        "mrr_at_20": 0.426543,
        "mrr_at_100": 0.428584,
        "mrr_at_1000": 0.429028,
        "nauc_ndcg_at_1_max": 0.496251,
        "nauc_ndcg_at_1_std": 0.350274,
        "nauc_ndcg_at_1_diff1": 0.462121,
        "nauc_ndcg_at_3_max": 0.491393,
        "nauc_ndcg_at_3_std": 0.383329,
        "nauc_ndcg_at_3_diff1": 0.293325,
        "nauc_ndcg_at_5_max": 0.475318,
        "nauc_ndcg_at_5_std": 0.357221,
        "nauc_ndcg_at_5_diff1": 0.231719,
        "nauc_ndcg_at_10_max": 0.483893,
        "nauc_ndcg_at_10_std": 0.376657,
        "nauc_ndcg_at_10_diff1": 0.233312,
        "nauc_ndcg_at_20_max": 0.43834,
        "nauc_ndcg_at_20_std": 0.440477,
        "nauc_ndcg_at_20_diff1": 0.161193,
        "nauc_ndcg_at_100_max": 0.295835,
        "nauc_ndcg_at_100_std": 0.283167,
        "nauc_ndcg_at_100_diff1": 0.138175,
        "nauc_ndcg_at_1000_max": 0.478205,
        "nauc_ndcg_at_1000_std": 0.399485,
        "nauc_ndcg_at_1000_diff1": 0.138584,
        "nauc_map_at_1_max": 0.277054,
        "nauc_map_at_1_std": 0.076982,
        "nauc_map_at_1_diff1": 0.250181,
        "nauc_map_at_3_max": 0.152851,
        "nauc_map_at_3_std": -0.016091,
        "nauc_map_at_3_diff1": 0.099962,
        "nauc_map_at_5_max": 0.149796,
        "nauc_map_at_5_std": -0.028015,
        "nauc_map_at_5_diff1": -0.000595,
        "nauc_map_at_10_max": 0.196968,
        "nauc_map_at_10_std": -4e-06,
        "nauc_map_at_10_diff1": 0.032794,
        "nauc_map_at_20_max": 0.236853,
        "nauc_map_at_20_std": 0.072246,
        "nauc_map_at_20_diff1": 0.04774,
        "nauc_map_at_100_max": 0.263192,
        "nauc_map_at_100_std": 0.106274,
        "nauc_map_at_100_diff1": 0.061423,
        "nauc_map_at_1000_max": 0.310663,
        "nauc_map_at_1000_std": 0.206853,
        "nauc_map_at_1000_diff1": 0.083777,
        "nauc_recall_at_1_max": 0.277054,
        "nauc_recall_at_1_std": 0.076982,
        "nauc_recall_at_1_diff1": 0.250181,
        "nauc_recall_at_3_max": 0.042662,
        "nauc_recall_at_3_std": -0.079491,
        "nauc_recall_at_3_diff1": 0.042102,
        "nauc_recall_at_5_max": 0.067444,
        "nauc_recall_at_5_std": -0.063615,
        "nauc_recall_at_5_diff1": -0.050048,
        "nauc_recall_at_10_max": 0.038728,
        "nauc_recall_at_10_std": -0.105283,
        "nauc_recall_at_10_diff1": -0.029983,
        "nauc_recall_at_20_max": 0.072821,
        "nauc_recall_at_20_std": -0.017202,
        "nauc_recall_at_20_diff1": -0.003495,
        "nauc_recall_at_100_max": -0.065107,
        "nauc_recall_at_100_std": -0.13689,
        "nauc_recall_at_100_diff1": -0.072577,
        "nauc_recall_at_1000_max": 0.022324,
        "nauc_recall_at_1000_std": 0.00757,
        "nauc_recall_at_1000_diff1": -0.09879,
        "nauc_precision_at_1_max": 0.496251,
        "nauc_precision_at_1_std": 0.350274,
        "nauc_precision_at_1_diff1": 0.462121,
        "nauc_precision_at_3_max": 0.493876,
        "nauc_precision_at_3_std": 0.396567,
        "nauc_precision_at_3_diff1": 0.241736,
        "nauc_precision_at_5_max": 0.467119,
        "nauc_precision_at_5_std": 0.352086,
        "nauc_precision_at_5_diff1": 0.165873,
        "nauc_precision_at_10_max": 0.516506,
        "nauc_precision_at_10_std": 0.419507,
        "nauc_precision_at_10_diff1": 0.210466,
        "nauc_precision_at_20_max": 0.48104,
        "nauc_precision_at_20_std": 0.592214,
        "nauc_precision_at_20_diff1": 0.14459,
        "nauc_precision_at_100_max": 0.385037,
        "nauc_precision_at_100_std": 0.576564,
        "nauc_precision_at_100_diff1": 0.178507,
        "nauc_precision_at_1000_max": 0.255764,
        "nauc_precision_at_1000_std": 0.627944,
        "nauc_precision_at_1000_diff1": 0.102984,
        "nauc_mrr_at_1_max": 0.496251,
        "nauc_mrr_at_1_std": 0.350274,
        "nauc_mrr_at_1_diff1": 0.462121,
        "nauc_mrr_at_3_max": 0.480665,
        "nauc_mrr_at_3_std": 0.37537,
        "nauc_mrr_at_3_diff1": 0.395834,
        "nauc_mrr_at_5_max": 0.515473,
        "nauc_mrr_at_5_std": 0.397739,
        "nauc_mrr_at_5_diff1": 0.382883,
        "nauc_mrr_at_10_max": 0.5163,
        "nauc_mrr_at_10_std": 0.397382,
        "nauc_mrr_at_10_diff1": 0.386425,
        "nauc_mrr_at_20_max": 0.514861,
        "nauc_mrr_at_20_std": 0.409584,
        "nauc_mrr_at_20_diff1": 0.381557,
        "nauc_mrr_at_100_max": 0.512415,
        "nauc_mrr_at_100_std": 0.406507,
        "nauc_mrr_at_100_diff1": 0.380908,
        "nauc_mrr_at_1000_max": 0.51254,
        "nauc_mrr_at_1000_std": 0.405999,
        "nauc_mrr_at_1000_diff1": 0.381489,
        "hit_rate_at_1": 0.34,
        "hit_rate_at_3": 0.46,
        "hit_rate_at_5": 0.52,
        "hit_rate_at_10": 0.62,
        "hit_rate_at_20": 0.76,
        "hit_rate_at_100": 0.84,
        "hit_rate_at_1000": 0.94,
        "main_score": 0.27351,
        "hf_subset": "default",
        "languages": [
          "eng-Latn"
        ]
      }
    ]
  },
  "evaluation_time": 15.886213541030884,
  "kg_co2_emissions": null,
  "date": null
}