{
  "dataset_revision": "1b48911514c80bf9182222d99752ad75e23b4b47",
  "task_name": "R2MEDMedicalSciencesRetrieval",
  "mteb_version": "2.12.30",
  "scores": {
    "test": [
      {
        "ndcg_at_1": 0.18182,
        "ndcg_at_3": 0.24321,
        "ndcg_at_5": 0.25615,
        "ndcg_at_10": 0.28101,
        "ndcg_at_20": 0.30125,
        "ndcg_at_100": 0.36079,
        "ndcg_at_1000": 0.39728,
        "map_at_1": 0.0967,
        "map_at_3": 0.18056,
        "map_at_5": 0.19967,
        "map_at_10": 0.21501,
        "map_at_20": 0.2214,
        "map_at_100": 0.23184,
        "map_at_1000": 0.23414,
        "recall_at_1": 0.0967,
        "recall_at_3": 0.25942,
        "recall_at_5": 0.31377,
        "recall_at_10": 0.37681,
        "recall_at_20": 0.43604,
        "recall_at_100": 0.68739,
        "recall_at_1000": 0.8863,
        "accuracy": 0.0967,
        "precision_at_1": 0.18182,
        "precision_at_3": 0.17424,
        "precision_at_5": 0.12955,
        "precision_at_10": 0.08295,
        "precision_at_20": 0.05057,
        "precision_at_100": 0.0167,
        "precision_at_1000": 0.00236,
        "mrr_at_1": 0.181818,
        "mrr_at_3": 0.278409,
        "mrr_at_5": 0.289205,
        "mrr_at_10": 0.295833,
        "mrr_at_20": 0.301925,
        "mrr_at_100": 0.309209,
        "mrr_at_1000": 0.309636,
        "nauc_ndcg_at_1_max": 0.054661,
        "nauc_ndcg_at_1_std": -0.126003,
        "nauc_ndcg_at_1_diff1": 0.079269,
        "nauc_ndcg_at_3_max": 0.223255,
        "nauc_ndcg_at_3_std": -0.083675,
        "nauc_ndcg_at_3_diff1": 0.221719,
        "nauc_ndcg_at_5_max": 0.249377,
        "nauc_ndcg_at_5_std": -0.086415,
        "nauc_ndcg_at_5_diff1": 0.19552,
        "nauc_ndcg_at_10_max": 0.281236,
        "nauc_ndcg_at_10_std": -0.064771,
        "nauc_ndcg_at_10_diff1": 0.246902,
        "nauc_ndcg_at_20_max": 0.291578,
        "nauc_ndcg_at_20_std": -0.049069,
        "nauc_ndcg_at_20_diff1": 0.238719,
        "nauc_ndcg_at_100_max": 0.299824,
        "nauc_ndcg_at_100_std": -0.039433,
        "nauc_ndcg_at_100_diff1": 0.280633,
        "nauc_ndcg_at_1000_max": 0.291819,
        "nauc_ndcg_at_1000_std": -0.038257,
        "nauc_ndcg_at_1000_diff1": 0.257731,
        "nauc_map_at_1_max": 0.062792,
        "nauc_map_at_1_std": -0.145397,
        "nauc_map_at_1_diff1": 0.185442,
        "nauc_map_at_3_max": 0.177584,
        "nauc_map_at_3_std": -0.113492,
        "nauc_map_at_3_diff1": 0.215587,
        "nauc_map_at_5_max": 0.201894,
        "nauc_map_at_5_std": -0.104414,
        "nauc_map_at_5_diff1": 0.186155,
        "nauc_map_at_10_max": 0.233398,
        "nauc_map_at_10_std": -0.081691,
        "nauc_map_at_10_diff1": 0.226929,
        "nauc_map_at_20_max": 0.238593,
        "nauc_map_at_20_std": -0.074365,
        "nauc_map_at_20_diff1": 0.223676,
        "nauc_map_at_100_max": 0.246199,
        "nauc_map_at_100_std": -0.070829,
        "nauc_map_at_100_diff1": 0.235734,
        "nauc_map_at_1000_max": 0.246679,
        "nauc_map_at_1000_std": -0.068944,
        "nauc_map_at_1000_diff1": 0.234741,
        "nauc_recall_at_1_max": 0.062792,
        "nauc_recall_at_1_std": -0.145397,
        "nauc_recall_at_1_diff1": 0.185442,
        "nauc_recall_at_3_max": 0.241981,
        "nauc_recall_at_3_std": -0.086451,
        "nauc_recall_at_3_diff1": 0.249896,
        "nauc_recall_at_5_max": 0.288412,
        "nauc_recall_at_5_std": -0.084815,
        "nauc_recall_at_5_diff1": 0.192366,
        "nauc_recall_at_10_max": 0.338025,
        "nauc_recall_at_10_std": -0.05553,
        "nauc_recall_at_10_diff1": 0.291787,
        "nauc_recall_at_20_max": 0.349368,
        "nauc_recall_at_20_std": -0.03862,
        "nauc_recall_at_20_diff1": 0.275786,
        "nauc_recall_at_100_max": 0.374322,
        "nauc_recall_at_100_std": 0.004193,
        "nauc_recall_at_100_diff1": 0.443544,
        "nauc_recall_at_1000_max": 0.348777,
        "nauc_recall_at_1000_std": -0.055277,
        "nauc_recall_at_1000_diff1": 0.450367,
        "nauc_precision_at_1_max": 0.054661,
        "nauc_precision_at_1_std": -0.126003,
        "nauc_precision_at_1_diff1": 0.079269,
        "nauc_precision_at_3_max": 0.318604,
        "nauc_precision_at_3_std": 0.019429,
        "nauc_precision_at_3_diff1": 0.202823,
        "nauc_precision_at_5_max": 0.312719,
        "nauc_precision_at_5_std": 0.011446,
        "nauc_precision_at_5_diff1": 0.114559,
        "nauc_precision_at_10_max": 0.33921,
        "nauc_precision_at_10_std": 0.05213,
        "nauc_precision_at_10_diff1": 0.218044,
        "nauc_precision_at_20_max": 0.369052,
        "nauc_precision_at_20_std": 0.127856,
        "nauc_precision_at_20_diff1": 0.173911,
        "nauc_precision_at_100_max": 0.273439,
        "nauc_precision_at_100_std": 0.149162,
        "nauc_precision_at_100_diff1": 0.201204,
        "nauc_precision_at_1000_max": 0.152084,
        "nauc_precision_at_1000_std": 0.158313,
        "nauc_precision_at_1000_diff1": -0.004577,
        "nauc_mrr_at_1_max": 0.054661,
        "nauc_mrr_at_1_std": -0.126003,
        "nauc_mrr_at_1_diff1": 0.079269,
        "nauc_mrr_at_3_max": 0.203002,
        "nauc_mrr_at_3_std": -0.0646,
        "nauc_mrr_at_3_diff1": 0.173457,
        "nauc_mrr_at_5_max": 0.208641,
        "nauc_mrr_at_5_std": -0.079483,
        "nauc_mrr_at_5_diff1": 0.175914,
        "nauc_mrr_at_10_max": 0.208772,
        "nauc_mrr_at_10_std": -0.085705,
        "nauc_mrr_at_10_diff1": 0.182954,
        "nauc_mrr_at_20_max": 0.214748,
        "nauc_mrr_at_20_std": -0.077296,
        "nauc_mrr_at_20_diff1": 0.181498,
        "nauc_mrr_at_100_max": 0.21294,
        "nauc_mrr_at_100_std": -0.077812,
        "nauc_mrr_at_100_diff1": 0.183992,
        "nauc_mrr_at_1000_max": 0.212175,
        "nauc_mrr_at_1000_std": -0.078669,
        "nauc_mrr_at_1000_diff1": 0.183175,
        "hit_rate_at_1": 0.18182,
        "hit_rate_at_3": 0.40909,
        "hit_rate_at_5": 0.45455,
        "hit_rate_at_10": 0.5,
        "hit_rate_at_20": 0.59091,
        "hit_rate_at_100": 0.86364,
        "hit_rate_at_1000": 0.95455,
        "main_score": 0.28101,
        "hf_subset": "default",
        "languages": [
          "eng-Latn"
        ]
      }
    ]
  },
  "evaluation_time": 75.96050357818604,
  "kg_co2_emissions": null,
  "date": null
}