{
  "dataset_revision": "8b9fec2db9eda4b5742d03732213fbaee8169556",
  "task_name": "R2MEDBiologyRetrieval",
  "mteb_version": "2.12.30",
  "scores": {
    "test": [
      {
        "ndcg_at_1": 0.1068,
        "ndcg_at_3": 0.07531,
        "ndcg_at_5": 0.07908,
        "ndcg_at_10": 0.09382,
        "ndcg_at_20": 0.1096,
        "ndcg_at_100": 0.15949,
        "ndcg_at_1000": 0.22799,
        "map_at_1": 0.03053,
        "map_at_3": 0.03996,
        "map_at_5": 0.0468,
        "map_at_10": 0.05715,
        "map_at_20": 0.06225,
        "map_at_100": 0.07135,
        "map_at_1000": 0.07463,
        "recall_at_1": 0.03053,
        "recall_at_3": 0.04562,
        "recall_at_5": 0.06959,
        "recall_at_10": 0.11258,
        "recall_at_20": 0.15288,
        "recall_at_100": 0.33305,
        "recall_at_1000": 0.73736,
        "accuracy": 0.03053,
        "precision_at_1": 0.1068,
        "precision_at_3": 0.06149,
        "precision_at_5": 0.05437,
        "precision_at_10": 0.04078,
        "precision_at_20": 0.02913,
        "precision_at_100": 0.0135,
        "precision_at_1000": 0.00268,
        "mrr_at_1": 0.106796,
        "mrr_at_3": 0.131068,
        "mrr_at_5": 0.141748,
        "mrr_at_10": 0.147758,
        "mrr_at_20": 0.152424,
        "mrr_at_100": 0.157922,
        "mrr_at_1000": 0.159418,
        "nauc_ndcg_at_1_max": 0.129537,
        "nauc_ndcg_at_1_std": -0.226784,
        "nauc_ndcg_at_1_diff1": 0.283528,
        "nauc_ndcg_at_3_max": 0.033231,
        "nauc_ndcg_at_3_std": -0.206328,
        "nauc_ndcg_at_3_diff1": 0.161997,
        "nauc_ndcg_at_5_max": -0.014257,
        "nauc_ndcg_at_5_std": -0.267673,
        "nauc_ndcg_at_5_diff1": 0.133248,
        "nauc_ndcg_at_10_max": 0.041178,
        "nauc_ndcg_at_10_std": -0.233441,
        "nauc_ndcg_at_10_diff1": 0.196675,
        "nauc_ndcg_at_20_max": 0.010888,
        "nauc_ndcg_at_20_std": -0.247691,
        "nauc_ndcg_at_20_diff1": 0.194911,
        "nauc_ndcg_at_100_max": -0.009388,
        "nauc_ndcg_at_100_std": -0.246214,
        "nauc_ndcg_at_100_diff1": 0.152007,
        "nauc_ndcg_at_1000_max": -0.024469,
        "nauc_ndcg_at_1000_std": -0.22198,
        "nauc_ndcg_at_1000_diff1": 0.118392,
        "nauc_map_at_1_max": 0.101759,
        "nauc_map_at_1_std": -0.229475,
        "nauc_map_at_1_diff1": 0.400018,
        "nauc_map_at_3_max": 0.04893,
        "nauc_map_at_3_std": -0.221637,
        "nauc_map_at_3_diff1": 0.283701,
        "nauc_map_at_5_max": 0.019241,
        "nauc_map_at_5_std": -0.253828,
        "nauc_map_at_5_diff1": 0.222414,
        "nauc_map_at_10_max": 0.044577,
        "nauc_map_at_10_std": -0.240684,
        "nauc_map_at_10_diff1": 0.226656,
        "nauc_map_at_20_max": 0.025965,
        "nauc_map_at_20_std": -0.250005,
        "nauc_map_at_20_diff1": 0.224134,
        "nauc_map_at_100_max": 0.015326,
        "nauc_map_at_100_std": -0.248048,
        "nauc_map_at_100_diff1": 0.204236,
        "nauc_map_at_1000_max": 0.013246,
        "nauc_map_at_1000_std": -0.246647,
        "nauc_map_at_1000_diff1": 0.197643,
        "nauc_recall_at_1_max": 0.101759,
        "nauc_recall_at_1_std": -0.229475,
        "nauc_recall_at_1_diff1": 0.400018,
        "nauc_recall_at_3_max": 0.021282,
        "nauc_recall_at_3_std": -0.210054,
        "nauc_recall_at_3_diff1": 0.229849,
        "nauc_recall_at_5_max": -0.053792,
        "nauc_recall_at_5_std": -0.303832,
        "nauc_recall_at_5_diff1": 0.071524,
        "nauc_recall_at_10_max": 0.064711,
        "nauc_recall_at_10_std": -0.22459,
        "nauc_recall_at_10_diff1": 0.185394,
        "nauc_recall_at_20_max": 0.001108,
        "nauc_recall_at_20_std": -0.248767,
        "nauc_recall_at_20_diff1": 0.191629,
        "nauc_recall_at_100_max": -0.002824,
        "nauc_recall_at_100_std": -0.199978,
        "nauc_recall_at_100_diff1": 0.127767,
        "nauc_recall_at_1000_max": -0.06341,
        "nauc_recall_at_1000_std": -0.016138,
        "nauc_recall_at_1000_diff1": -0.00156,
        "nauc_precision_at_1_max": 0.129537,
        "nauc_precision_at_1_std": -0.226784,
        "nauc_precision_at_1_diff1": 0.283528,
        "nauc_precision_at_3_max": 0.007424,
        "nauc_precision_at_3_std": -0.192524,
        "nauc_precision_at_3_diff1": 0.093368,
        "nauc_precision_at_5_max": -0.086344,
        "nauc_precision_at_5_std": -0.286125,
        "nauc_precision_at_5_diff1": 0.002489,
        "nauc_precision_at_10_max": -0.031157,
        "nauc_precision_at_10_std": -0.242859,
        "nauc_precision_at_10_diff1": 0.061247,
        "nauc_precision_at_20_max": -0.081276,
        "nauc_precision_at_20_std": -0.261293,
        "nauc_precision_at_20_diff1": 0.047801,
        "nauc_precision_at_100_max": -0.135715,
        "nauc_precision_at_100_std": -0.251195,
        "nauc_precision_at_100_diff1": -0.071696,
        "nauc_precision_at_1000_max": -0.180829,
        "nauc_precision_at_1000_std": -0.207036,
        "nauc_precision_at_1000_diff1": -0.168771,
        "nauc_mrr_at_1_max": 0.129537,
        "nauc_mrr_at_1_std": -0.226784,
        "nauc_mrr_at_1_diff1": 0.283528,
        "nauc_mrr_at_3_max": 0.073865,
        "nauc_mrr_at_3_std": -0.194883,
        "nauc_mrr_at_3_diff1": 0.204349,
        "nauc_mrr_at_5_max": 0.043128,
        "nauc_mrr_at_5_std": -0.212817,
        "nauc_mrr_at_5_diff1": 0.177427,
        "nauc_mrr_at_10_max": 0.049883,
        "nauc_mrr_at_10_std": -0.214922,
        "nauc_mrr_at_10_diff1": 0.190131,
        "nauc_mrr_at_20_max": 0.048264,
        "nauc_mrr_at_20_std": -0.218638,
        "nauc_mrr_at_20_diff1": 0.193275,
        "nauc_mrr_at_100_max": 0.043449,
        "nauc_mrr_at_100_std": -0.221639,
        "nauc_mrr_at_100_diff1": 0.186047,
        "nauc_mrr_at_1000_max": 0.04411,
        "nauc_mrr_at_1000_std": -0.220662,
        "nauc_mrr_at_1000_diff1": 0.185852,
        "hit_rate_at_1": 0.1068,
        "hit_rate_at_3": 0.15534,
        "hit_rate_at_5": 0.21359,
        "hit_rate_at_10": 0.24272,
        "hit_rate_at_20": 0.31068,
        "hit_rate_at_100": 0.52427,
        "hit_rate_at_1000": 0.90291,
        "main_score": 0.09382,
        "hf_subset": "default",
        "languages": [
          "eng-Latn"
        ]
      }
    ]
  },
  "evaluation_time": 78.30052828788757,
  "kg_co2_emissions": null,
  "date": null
}