{
  "dataset_revision": "78b585990279cc01a493f876c1b0cf09557fba57",
  "task_name": "R2MEDMedQADiagRetrieval",
  "mteb_version": "2.12.30",
  "scores": {
    "test": [
      {
        "ndcg_at_1": 0.0,
        "ndcg_at_3": 0.01081,
        "ndcg_at_5": 0.01038,
        "ndcg_at_10": 0.02127,
        "ndcg_at_20": 0.02558,
        "ndcg_at_100": 0.04293,
        "ndcg_at_1000": 0.07979,
        "map_at_1": 0.0,
        "map_at_3": 0.00484,
        "map_at_5": 0.00505,
        "map_at_10": 0.0101,
        "map_at_20": 0.01098,
        "map_at_100": 0.01287,
        "map_at_1000": 0.01415,
        "recall_at_1": 0.0,
        "recall_at_3": 0.00969,
        "recall_at_5": 0.01074,
        "recall_at_10": 0.03561,
        "recall_at_20": 0.04699,
        "recall_at_100": 0.11778,
        "recall_at_1000": 0.31121,
        "accuracy": 0.0,
        "precision_at_1": 0.0,
        "precision_at_3": 0.0113,
        "precision_at_5": 0.00847,
        "precision_at_10": 0.01271,
        "precision_at_20": 0.0089,
        "precision_at_100": 0.00415,
        "precision_at_1000": 0.00132,
        "mrr_at_1": 0.0,
        "mrr_at_3": 0.016949,
        "mrr_at_5": 0.018644,
        "mrr_at_10": 0.023796,
        "mrr_at_20": 0.02649,
        "mrr_at_100": 0.029351,
        "mrr_at_1000": 0.030411,
        "nauc_ndcg_at_1_max": NaN,
        "nauc_ndcg_at_1_std": NaN,
        "nauc_ndcg_at_1_diff1": NaN,
        "nauc_ndcg_at_3_max": 0.064968,
        "nauc_ndcg_at_3_std": 0.133658,
        "nauc_ndcg_at_3_diff1": -0.236818,
        "nauc_ndcg_at_5_max": 0.13251,
        "nauc_ndcg_at_5_std": 0.095553,
        "nauc_ndcg_at_5_diff1": -0.258485,
        "nauc_ndcg_at_10_max": 0.194665,
        "nauc_ndcg_at_10_std": 0.251113,
        "nauc_ndcg_at_10_diff1": -0.256475,
        "nauc_ndcg_at_20_max": 0.158585,
        "nauc_ndcg_at_20_std": 0.23395,
        "nauc_ndcg_at_20_diff1": -0.229725,
        "nauc_ndcg_at_100_max": 0.108236,
        "nauc_ndcg_at_100_std": 0.143535,
        "nauc_ndcg_at_100_diff1": -0.150888,
        "nauc_ndcg_at_1000_max": 0.158244,
        "nauc_ndcg_at_1000_std": 0.157019,
        "nauc_ndcg_at_1000_diff1": -0.111165,
        "nauc_map_at_1_max": NaN,
        "nauc_map_at_1_std": NaN,
        "nauc_map_at_1_diff1": NaN,
        "nauc_map_at_3_max": -0.033105,
        "nauc_map_at_3_std": 0.031606,
        "nauc_map_at_3_diff1": -0.241701,
        "nauc_map_at_5_max": 0.010199,
        "nauc_map_at_5_std": 0.034462,
        "nauc_map_at_5_diff1": -0.249092,
        "nauc_map_at_10_max": 0.118647,
        "nauc_map_at_10_std": 0.164943,
        "nauc_map_at_10_diff1": -0.255014,
        "nauc_map_at_20_max": 0.094006,
        "nauc_map_at_20_std": 0.157412,
        "nauc_map_at_20_diff1": -0.253534,
        "nauc_map_at_100_max": 0.102654,
        "nauc_map_at_100_std": 0.148779,
        "nauc_map_at_100_diff1": -0.222459,
        "nauc_map_at_1000_max": 0.119682,
        "nauc_map_at_1000_std": 0.152137,
        "nauc_map_at_1000_diff1": -0.215191,
        "nauc_recall_at_1_max": NaN,
        "nauc_recall_at_1_std": NaN,
        "nauc_recall_at_1_diff1": NaN,
        "nauc_recall_at_3_max": -0.033105,
        "nauc_recall_at_3_std": 0.031606,
        "nauc_recall_at_3_diff1": -0.241701,
        "nauc_recall_at_5_max": 0.068751,
        "nauc_recall_at_5_std": 0.038323,
        "nauc_recall_at_5_diff1": -0.259086,
        "nauc_recall_at_10_max": 0.167598,
        "nauc_recall_at_10_std": 0.264389,
        "nauc_recall_at_10_diff1": -0.26579,
        "nauc_recall_at_20_max": 0.100538,
        "nauc_recall_at_20_std": 0.220033,
        "nauc_recall_at_20_diff1": -0.238159,
        "nauc_recall_at_100_max": -0.003763,
        "nauc_recall_at_100_std": 0.061285,
        "nauc_recall_at_100_diff1": -0.087826,
        "nauc_recall_at_1000_max": 0.08107,
        "nauc_recall_at_1000_std": 0.087359,
        "nauc_recall_at_1000_diff1": -0.064971,
        "nauc_precision_at_1_max": NaN,
        "nauc_precision_at_1_std": NaN,
        "nauc_precision_at_1_diff1": NaN,
        "nauc_precision_at_3_max": 0.101986,
        "nauc_precision_at_3_std": 0.175942,
        "nauc_precision_at_3_diff1": -0.230358,
        "nauc_precision_at_5_max": 0.281589,
        "nauc_precision_at_5_std": 0.1607,
        "nauc_precision_at_5_diff1": -0.267892,
        "nauc_precision_at_10_max": 0.389612,
        "nauc_precision_at_10_std": 0.382515,
        "nauc_precision_at_10_diff1": -0.247863,
        "nauc_precision_at_20_max": 0.312138,
        "nauc_precision_at_20_std": 0.343452,
        "nauc_precision_at_20_diff1": -0.180769,
        "nauc_precision_at_100_max": 0.250551,
        "nauc_precision_at_100_std": 0.176777,
        "nauc_precision_at_100_diff1": -0.091921,
        "nauc_precision_at_1000_max": 0.258979,
        "nauc_precision_at_1000_std": 0.185194,
        "nauc_precision_at_1000_diff1": -0.023448,
        "nauc_mrr_at_1_max": NaN,
        "nauc_mrr_at_1_std": NaN,
        "nauc_mrr_at_1_diff1": NaN,
        "nauc_mrr_at_3_max": 0.101986,
        "nauc_mrr_at_3_std": 0.175942,
        "nauc_mrr_at_3_diff1": -0.230358,
        "nauc_mrr_at_5_max": 0.183624,
        "nauc_mrr_at_5_std": 0.169013,
        "nauc_mrr_at_5_diff1": -0.247419,
        "nauc_mrr_at_10_max": 0.205855,
        "nauc_mrr_at_10_std": 0.254624,
        "nauc_mrr_at_10_diff1": -0.24658,
        "nauc_mrr_at_20_max": 0.205775,
        "nauc_mrr_at_20_std": 0.262301,
        "nauc_mrr_at_20_diff1": -0.215529,
        "nauc_mrr_at_100_max": 0.17242,
        "nauc_mrr_at_100_std": 0.227788,
        "nauc_mrr_at_100_diff1": -0.210329,
        "nauc_mrr_at_1000_max": 0.175403,
        "nauc_mrr_at_1000_std": 0.231229,
        "nauc_mrr_at_1000_diff1": -0.204517,
        "hit_rate_at_1": 0.0,
        "hit_rate_at_3": 0.0339,
        "hit_rate_at_5": 0.04237,
        "hit_rate_at_10": 0.08475,
        "hit_rate_at_20": 0.12712,
        "hit_rate_at_100": 0.27119,
        "hit_rate_at_1000": 0.58475,
        "main_score": 0.02127,
        "hf_subset": "default",
        "languages": [
          "eng-Latn"
        ]
      }
    ]
  },
  "evaluation_time": 186.50125908851624,
  "kg_co2_emissions": null,
  "date": null
}