{
  "dataset_revision": "ed0a01c3e4d39ec17badb87405e595322f8f2b86",
  "task_name": "RARbCode",
  "mteb_version": "2.12.30",
  "scores": {
    "test": [
      {
        "ndcg_at_1": 0.23585,
        "ndcg_at_3": 0.30193,
        "ndcg_at_5": 0.32336,
        "ndcg_at_10": 0.34514,
        "ndcg_at_20": 0.36146,
        "ndcg_at_100": 0.38599,
        "ndcg_at_1000": 0.40953,
        "map_at_1": 0.23585,
        "map_at_3": 0.28504,
        "map_at_5": 0.29697,
        "map_at_10": 0.30569,
        "map_at_20": 0.31015,
        "map_at_100": 0.31337,
        "map_at_1000": 0.31419,
        "recall_at_1": 0.23585,
        "recall_at_3": 0.35108,
        "recall_at_5": 0.40296,
        "recall_at_10": 0.4717,
        "recall_at_20": 0.53639,
        "recall_at_100": 0.67116,
        "recall_at_1000": 0.86051,
        "accuracy": 0.23585,
        "precision_at_1": 0.23585,
        "precision_at_3": 0.11703,
        "precision_at_5": 0.08059,
        "precision_at_10": 0.04717,
        "precision_at_20": 0.02682,
        "precision_at_100": 0.00671,
        "precision_at_1000": 0.00086,
        "mrr_at_1": 0.235849,
        "mrr_at_3": 0.28504,
        "mrr_at_5": 0.296968,
        "mrr_at_10": 0.305706,
        "mrr_at_20": 0.310168,
        "mrr_at_100": 0.313389,
        "mrr_at_1000": 0.314209,
        "nauc_ndcg_at_1_max": 0.448681,
        "nauc_ndcg_at_1_std": 0.217405,
        "nauc_ndcg_at_1_diff1": 0.528634,
        "nauc_ndcg_at_3_max": 0.432902,
        "nauc_ndcg_at_3_std": 0.228697,
        "nauc_ndcg_at_3_diff1": 0.464523,
        "nauc_ndcg_at_5_max": 0.424343,
        "nauc_ndcg_at_5_std": 0.229596,
        "nauc_ndcg_at_5_diff1": 0.448855,
        "nauc_ndcg_at_10_max": 0.423341,
        "nauc_ndcg_at_10_std": 0.239466,
        "nauc_ndcg_at_10_diff1": 0.438373,
        "nauc_ndcg_at_20_max": 0.42857,
        "nauc_ndcg_at_20_std": 0.251088,
        "nauc_ndcg_at_20_diff1": 0.436536,
        "nauc_ndcg_at_100_max": 0.419501,
        "nauc_ndcg_at_100_std": 0.257908,
        "nauc_ndcg_at_100_diff1": 0.434555,
        "nauc_ndcg_at_1000_max": 0.424209,
        "nauc_ndcg_at_1000_std": 0.255357,
        "nauc_ndcg_at_1000_diff1": 0.443902,
        "nauc_map_at_1_max": 0.448681,
        "nauc_map_at_1_std": 0.217405,
        "nauc_map_at_1_diff1": 0.528634,
        "nauc_map_at_3_max": 0.435343,
        "nauc_map_at_3_std": 0.224503,
        "nauc_map_at_3_diff1": 0.479462,
        "nauc_map_at_5_max": 0.430351,
        "nauc_map_at_5_std": 0.224673,
        "nauc_map_at_5_diff1": 0.470454,
        "nauc_map_at_10_max": 0.430501,
        "nauc_map_at_10_std": 0.22912,
        "nauc_map_at_10_diff1": 0.466483,
        "nauc_map_at_20_max": 0.431973,
        "nauc_map_at_20_std": 0.232299,
        "nauc_map_at_20_diff1": 0.46609,
        "nauc_map_at_100_max": 0.430666,
        "nauc_map_at_100_std": 0.232857,
        "nauc_map_at_100_diff1": 0.465771,
        "nauc_map_at_1000_max": 0.430775,
        "nauc_map_at_1000_std": 0.232817,
        "nauc_map_at_1000_diff1": 0.466148,
        "nauc_recall_at_1_max": 0.448681,
        "nauc_recall_at_1_std": 0.217405,
        "nauc_recall_at_1_diff1": 0.528634,
        "nauc_recall_at_3_max": 0.426762,
        "nauc_recall_at_3_std": 0.240616,
        "nauc_recall_at_3_diff1": 0.424139,
        "nauc_recall_at_5_max": 0.407862,
        "nauc_recall_at_5_std": 0.243781,
        "nauc_recall_at_5_diff1": 0.389466,
        "nauc_recall_at_10_max": 0.401791,
        "nauc_recall_at_10_std": 0.271665,
        "nauc_recall_at_10_diff1": 0.355356,
        "nauc_recall_at_20_max": 0.421174,
        "nauc_recall_at_20_std": 0.318736,
        "nauc_recall_at_20_diff1": 0.343913,
        "nauc_recall_at_100_max": 0.364158,
        "nauc_recall_at_100_std": 0.382298,
        "nauc_recall_at_100_diff1": 0.313581,
        "nauc_recall_at_1000_max": 0.404547,
        "nauc_recall_at_1000_std": 0.45757,
        "nauc_recall_at_1000_diff1": 0.357695,
        "nauc_precision_at_1_max": 0.448681,
        "nauc_precision_at_1_std": 0.217405,
        "nauc_precision_at_1_diff1": 0.528634,
        "nauc_precision_at_3_max": 0.426762,
        "nauc_precision_at_3_std": 0.240616,
        "nauc_precision_at_3_diff1": 0.424139,
        "nauc_precision_at_5_max": 0.407862,
        "nauc_precision_at_5_std": 0.243781,
        "nauc_precision_at_5_diff1": 0.389466,
        "nauc_precision_at_10_max": 0.401791,
        "nauc_precision_at_10_std": 0.271665,
        "nauc_precision_at_10_diff1": 0.355356,
        "nauc_precision_at_20_max": 0.421174,
        "nauc_precision_at_20_std": 0.318736,
        "nauc_precision_at_20_diff1": 0.343913,
        "nauc_precision_at_100_max": 0.364158,
        "nauc_precision_at_100_std": 0.382298,
        "nauc_precision_at_100_diff1": 0.313581,
        "nauc_precision_at_1000_max": 0.404547,
        "nauc_precision_at_1000_std": 0.45757,
        "nauc_precision_at_1000_diff1": 0.357695,
        "nauc_mrr_at_1_max": 0.448681,
        "nauc_mrr_at_1_std": 0.217405,
        "nauc_mrr_at_1_diff1": 0.528634,
        "nauc_mrr_at_3_max": 0.435343,
        "nauc_mrr_at_3_std": 0.224503,
        "nauc_mrr_at_3_diff1": 0.479462,
        "nauc_mrr_at_5_max": 0.430351,
        "nauc_mrr_at_5_std": 0.224673,
        "nauc_mrr_at_5_diff1": 0.470454,
        "nauc_mrr_at_10_max": 0.430467,
        "nauc_mrr_at_10_std": 0.229085,
        "nauc_mrr_at_10_diff1": 0.466495,
        "nauc_mrr_at_20_max": 0.431939,
        "nauc_mrr_at_20_std": 0.232264,
        "nauc_mrr_at_20_diff1": 0.466102,
        "nauc_mrr_at_100_max": 0.430631,
        "nauc_mrr_at_100_std": 0.232822,
        "nauc_mrr_at_100_diff1": 0.465783,
        "nauc_mrr_at_1000_max": 0.430741,
        "nauc_mrr_at_1000_std": 0.232781,
        "nauc_mrr_at_1000_diff1": 0.46616,
        "hit_rate_at_1": 0.23585,
        "hit_rate_at_3": 0.35108,
        "hit_rate_at_5": 0.40296,
        "hit_rate_at_10": 0.4717,
        "hit_rate_at_20": 0.53639,
        "hit_rate_at_100": 0.67116,
        "hit_rate_at_1000": 0.86051,
        "main_score": 0.34514,
        "hf_subset": "default",
        "languages": [
          "eng-Latn"
        ]
      }
    ]
  },
  "evaluation_time": 910.8497829437256,
  "kg_co2_emissions": null,
  "date": null
}