{
  "dataset_revision": "7b46f5ebd2365278c1bb025986dda2fee893bbf5",
  "task_name": "StackOverflowQA",
  "mteb_version": "2.12.20",
  "scores": {
    "test": [
      {
        "ndcg_at_1": 0.63741,
        "ndcg_at_3": 0.71113,
        "ndcg_at_5": 0.73228,
        "ndcg_at_10": 0.7488,
        "ndcg_at_20": 0.7592,
        "ndcg_at_100": 0.76897,
        "ndcg_at_1000": 0.77305,
        "map_at_1": 0.63741,
        "map_at_3": 0.69325,
        "map_at_5": 0.70503,
        "map_at_10": 0.71183,
        "map_at_20": 0.71475,
        "map_at_100": 0.7161,
        "map_at_1000": 0.71625,
        "recall_at_1": 0.63741,
        "recall_at_3": 0.76279,
        "recall_at_5": 0.81394,
        "recall_at_10": 0.8651,
        "recall_at_20": 0.90572,
        "recall_at_100": 0.95838,
        "recall_at_1000": 0.99047,
        "accuracy": 0.63741,
        "precision_at_1": 0.63741,
        "precision_at_3": 0.25426,
        "precision_at_5": 0.16279,
        "precision_at_10": 0.08651,
        "precision_at_20": 0.04529,
        "precision_at_100": 0.00958,
        "precision_at_1000": 0.00099,
        "mrr_at_1": 0.637412,
        "mrr_at_3": 0.693246,
        "mrr_at_5": 0.705032,
        "mrr_at_10": 0.71183,
        "mrr_at_20": 0.714751,
        "mrr_at_100": 0.716097,
        "mrr_at_1000": 0.716252,
        "nauc_ndcg_at_1_max": 0.626661,
        "nauc_ndcg_at_1_std": -0.123696,
        "nauc_ndcg_at_1_diff1": 0.795351,
        "nauc_ndcg_at_3_max": 0.626525,
        "nauc_ndcg_at_3_std": -0.115522,
        "nauc_ndcg_at_3_diff1": 0.750229,
        "nauc_ndcg_at_5_max": 0.623781,
        "nauc_ndcg_at_5_std": -0.110306,
        "nauc_ndcg_at_5_diff1": 0.747486,
        "nauc_ndcg_at_10_max": 0.622697,
        "nauc_ndcg_at_10_std": -0.113148,
        "nauc_ndcg_at_10_diff1": 0.749893,
        "nauc_ndcg_at_20_max": 0.623753,
        "nauc_ndcg_at_20_std": -0.110716,
        "nauc_ndcg_at_20_diff1": 0.749994,
        "nauc_ndcg_at_100_max": 0.627387,
        "nauc_ndcg_at_100_std": -0.10365,
        "nauc_ndcg_at_100_diff1": 0.753424,
        "nauc_ndcg_at_1000_max": 0.626351,
        "nauc_ndcg_at_1000_std": -0.108463,
        "nauc_ndcg_at_1000_diff1": 0.754985,
        "nauc_map_at_1_max": 0.626661,
        "nauc_map_at_1_std": -0.123696,
        "nauc_map_at_1_diff1": 0.795351,
        "nauc_map_at_3_max": 0.626767,
        "nauc_map_at_3_std": -0.117912,
        "nauc_map_at_3_diff1": 0.761567,
        "nauc_map_at_5_max": 0.625355,
        "nauc_map_at_5_std": -0.115321,
        "nauc_map_at_5_diff1": 0.760502,
        "nauc_map_at_10_max": 0.625066,
        "nauc_map_at_10_std": -0.116377,
        "nauc_map_at_10_diff1": 0.761602,
        "nauc_map_at_20_max": 0.625352,
        "nauc_map_at_20_std": -0.115899,
        "nauc_map_at_20_diff1": 0.761657,
        "nauc_map_at_100_max": 0.625851,
        "nauc_map_at_100_std": -0.11496,
        "nauc_map_at_100_diff1": 0.762073,
        "nauc_map_at_1000_max": 0.625819,
        "nauc_map_at_1000_std": -0.115106,
        "nauc_map_at_1000_diff1": 0.76213,
        "nauc_recall_at_1_max": 0.626661,
        "nauc_recall_at_1_std": -0.123696,
        "nauc_recall_at_1_diff1": 0.795351,
        "nauc_recall_at_3_max": 0.62558,
        "nauc_recall_at_3_std": -0.1071,
        "nauc_recall_at_3_diff1": 0.711141,
        "nauc_recall_at_5_max": 0.616625,
        "nauc_recall_at_5_std": -0.088467,
        "nauc_recall_at_5_diff1": 0.69397,
        "nauc_recall_at_10_max": 0.607942,
        "nauc_recall_at_10_std": -0.096787,
        "nauc_recall_at_10_diff1": 0.689153,
        "nauc_recall_at_20_max": 0.611251,
        "nauc_recall_at_20_std": -0.068122,
        "nauc_recall_at_20_diff1": 0.668646,
        "nauc_recall_at_100_max": 0.681981,
        "nauc_recall_at_100_std": 0.152998,
        "nauc_recall_at_100_diff1": 0.65724,
        "nauc_recall_at_1000_max": 0.701996,
        "nauc_recall_at_1000_std": 0.244611,
        "nauc_recall_at_1000_diff1": 0.578974,
        "nauc_precision_at_1_max": 0.626661,
        "nauc_precision_at_1_std": -0.123696,
        "nauc_precision_at_1_diff1": 0.795351,
        "nauc_precision_at_3_max": 0.62558,
        "nauc_precision_at_3_std": -0.1071,
        "nauc_precision_at_3_diff1": 0.711141,
        "nauc_precision_at_5_max": 0.616625,
        "nauc_precision_at_5_std": -0.088467,
        "nauc_precision_at_5_diff1": 0.69397,
        "nauc_precision_at_10_max": 0.607942,
        "nauc_precision_at_10_std": -0.096787,
        "nauc_precision_at_10_diff1": 0.689153,
        "nauc_precision_at_20_max": 0.611251,
        "nauc_precision_at_20_std": -0.068122,
        "nauc_precision_at_20_diff1": 0.668646,
        "nauc_precision_at_100_max": 0.681981,
        "nauc_precision_at_100_std": 0.152998,
        "nauc_precision_at_100_diff1": 0.65724,
        "nauc_precision_at_1000_max": 0.701996,
        "nauc_precision_at_1000_std": 0.244611,
        "nauc_precision_at_1000_diff1": 0.578974,
        "nauc_mrr_at_1_max": 0.626661,
        "nauc_mrr_at_1_std": -0.123696,
        "nauc_mrr_at_1_diff1": 0.795351,
        "nauc_mrr_at_3_max": 0.626767,
        "nauc_mrr_at_3_std": -0.117912,
        "nauc_mrr_at_3_diff1": 0.761567,
        "nauc_mrr_at_5_max": 0.625355,
        "nauc_mrr_at_5_std": -0.115321,
        "nauc_mrr_at_5_diff1": 0.760502,
        "nauc_mrr_at_10_max": 0.625066,
        "nauc_mrr_at_10_std": -0.116377,
        "nauc_mrr_at_10_diff1": 0.761602,
        "nauc_mrr_at_20_max": 0.625352,
        "nauc_mrr_at_20_std": -0.115899,
        "nauc_mrr_at_20_diff1": 0.761657,
        "nauc_mrr_at_100_max": 0.625851,
        "nauc_mrr_at_100_std": -0.11496,
        "nauc_mrr_at_100_diff1": 0.762073,
        "nauc_mrr_at_1000_max": 0.625819,
        "nauc_mrr_at_1000_std": -0.115106,
        "nauc_mrr_at_1000_diff1": 0.76213,
        "hit_rate_at_1": 0.63741,
        "hit_rate_at_3": 0.76279,
        "hit_rate_at_5": 0.81394,
        "hit_rate_at_10": 0.8651,
        "hit_rate_at_20": 0.90572,
        "hit_rate_at_100": 0.95838,
        "hit_rate_at_1000": 0.99047,
        "main_score": 0.7488,
        "hf_subset": "default",
        "languages": [
          "eng-Latn"
        ]
      }
    ]
  },
  "evaluation_time": 97.04924440383911,
  "kg_co2_emissions": null,
  "date": null
}