{
  "dataset_revision": "local",
  "task_name": "WikiLV",
  "mteb_version": "2.12.30",
  "scores": {
    "test": [
      {
        "ndcg_at_1": 0.36683,
        "ndcg_at_3": 0.43416,
        "ndcg_at_5": 0.45521,
        "ndcg_at_10": 0.47589,
        "ndcg_at_20": 0.49165,
        "ndcg_at_100": 0.52136,
        "ndcg_at_1000": 0.54436,
        "map_at_1": 0.36683,
        "map_at_3": 0.41765,
        "map_at_5": 0.42928,
        "map_at_10": 0.43793,
        "map_at_20": 0.44227,
        "map_at_100": 0.44621,
        "map_at_1000": 0.4471,
        "recall_at_1": 0.36683,
        "recall_at_3": 0.48192,
        "recall_at_5": 0.53327,
        "recall_at_10": 0.5966,
        "recall_at_20": 0.65874,
        "recall_at_100": 0.82138,
        "recall_at_1000": 1.0,
        "accuracy": 0.36683,
        "precision_at_1": 0.36683,
        "precision_at_3": 0.16064,
        "precision_at_5": 0.10665,
        "precision_at_10": 0.05966,
        "precision_at_20": 0.03294,
        "precision_at_100": 0.00821,
        "precision_at_1000": 0.001,
        "mrr_at_1": 0.366833,
        "mrr_at_3": 0.417649,
        "mrr_at_5": 0.429277,
        "mrr_at_10": 0.437927,
        "mrr_at_20": 0.442274,
        "mrr_at_100": 0.446212,
        "mrr_at_1000": 0.447098,
        "nauc_ndcg_at_1_max": 0.453992,
        "nauc_ndcg_at_1_std": 0.002855,
        "nauc_ndcg_at_1_diff1": 0.676806,
        "nauc_ndcg_at_3_max": 0.437037,
        "nauc_ndcg_at_3_std": 0.012182,
        "nauc_ndcg_at_3_diff1": 0.601986,
        "nauc_ndcg_at_5_max": 0.439365,
        "nauc_ndcg_at_5_std": 0.018689,
        "nauc_ndcg_at_5_diff1": 0.59274,
        "nauc_ndcg_at_10_max": 0.433593,
        "nauc_ndcg_at_10_std": 0.021049,
        "nauc_ndcg_at_10_diff1": 0.580479,
        "nauc_ndcg_at_20_max": 0.434616,
        "nauc_ndcg_at_20_std": 0.029104,
        "nauc_ndcg_at_20_diff1": 0.576382,
        "nauc_ndcg_at_100_max": 0.434671,
        "nauc_ndcg_at_100_std": 0.031485,
        "nauc_ndcg_at_100_diff1": 0.578366,
        "nauc_ndcg_at_1000_max": 0.437557,
        "nauc_ndcg_at_1000_std": 0.02355,
        "nauc_ndcg_at_1000_diff1": 0.592328,
        "nauc_map_at_1_max": 0.453992,
        "nauc_map_at_1_std": 0.002855,
        "nauc_map_at_1_diff1": 0.676806,
        "nauc_map_at_3_max": 0.441044,
        "nauc_map_at_3_std": 0.009551,
        "nauc_map_at_3_diff1": 0.619341,
        "nauc_map_at_5_max": 0.442255,
        "nauc_map_at_5_std": 0.013057,
        "nauc_map_at_5_diff1": 0.614313,
        "nauc_map_at_10_max": 0.439982,
        "nauc_map_at_10_std": 0.014007,
        "nauc_map_at_10_diff1": 0.609567,
        "nauc_map_at_20_max": 0.440381,
        "nauc_map_at_20_std": 0.016115,
        "nauc_map_at_20_diff1": 0.608704,
        "nauc_map_at_100_max": 0.440372,
        "nauc_map_at_100_std": 0.016399,
        "nauc_map_at_100_diff1": 0.609105,
        "nauc_map_at_1000_max": 0.440518,
        "nauc_map_at_1000_std": 0.016179,
        "nauc_map_at_1000_diff1": 0.609599,
        "nauc_recall_at_1_max": 0.453992,
        "nauc_recall_at_1_std": 0.002855,
        "nauc_recall_at_1_diff1": 0.676806,
        "nauc_recall_at_3_max": 0.425418,
        "nauc_recall_at_3_std": 0.019992,
        "nauc_recall_at_3_diff1": 0.551792,
        "nauc_recall_at_5_max": 0.431209,
        "nauc_recall_at_5_std": 0.036819,
        "nauc_recall_at_5_diff1": 0.526969,
        "nauc_recall_at_10_max": 0.411155,
        "nauc_recall_at_10_std": 0.045782,
        "nauc_recall_at_10_diff1": 0.481139,
        "nauc_recall_at_20_max": 0.412465,
        "nauc_recall_at_20_std": 0.086071,
        "nauc_recall_at_20_diff1": 0.449916,
        "nauc_recall_at_100_max": 0.400085,
        "nauc_recall_at_100_std": 0.145928,
        "nauc_recall_at_100_diff1": 0.387318,
        "nauc_recall_at_1000_max": NaN,
        "nauc_recall_at_1000_std": NaN,
        "nauc_recall_at_1000_diff1": NaN,
        "nauc_precision_at_1_max": 0.453992,
        "nauc_precision_at_1_std": 0.002855,
        "nauc_precision_at_1_diff1": 0.676806,
        "nauc_precision_at_3_max": 0.425418,
        "nauc_precision_at_3_std": 0.019992,
        "nauc_precision_at_3_diff1": 0.551792,
        "nauc_precision_at_5_max": 0.431209,
        "nauc_precision_at_5_std": 0.036819,
        "nauc_precision_at_5_diff1": 0.526969,
        "nauc_precision_at_10_max": 0.411155,
        "nauc_precision_at_10_std": 0.045782,
        "nauc_precision_at_10_diff1": 0.481139,
        "nauc_precision_at_20_max": 0.412465,
        "nauc_precision_at_20_std": 0.086071,
        "nauc_precision_at_20_diff1": 0.449916,
        "nauc_precision_at_100_max": 0.400085,
        "nauc_precision_at_100_std": 0.145928,
        "nauc_precision_at_100_diff1": 0.387318,
        "nauc_precision_at_1000_max": 1.0,
        "nauc_precision_at_1000_std": 1.0,
        "nauc_precision_at_1000_diff1": 1.0,
        "nauc_mrr_at_1_max": 0.453992,
        "nauc_mrr_at_1_std": 0.002855,
        "nauc_mrr_at_1_diff1": 0.676806,
        "nauc_mrr_at_3_max": 0.441044,
        "nauc_mrr_at_3_std": 0.009551,
        "nauc_mrr_at_3_diff1": 0.619341,
        "nauc_mrr_at_5_max": 0.442255,
        "nauc_mrr_at_5_std": 0.013057,
        "nauc_mrr_at_5_diff1": 0.614313,
        "nauc_mrr_at_10_max": 0.439982,
        "nauc_mrr_at_10_std": 0.014007,
        "nauc_mrr_at_10_diff1": 0.609567,
        "nauc_mrr_at_20_max": 0.440381,
        "nauc_mrr_at_20_std": 0.016115,
        "nauc_mrr_at_20_diff1": 0.608704,
        "nauc_mrr_at_100_max": 0.440372,
        "nauc_mrr_at_100_std": 0.016399,
        "nauc_mrr_at_100_diff1": 0.609105,
        "nauc_mrr_at_1000_max": 0.440518,
        "nauc_mrr_at_1000_std": 0.016179,
        "nauc_mrr_at_1000_diff1": 0.609599,
        "hit_rate_at_1": 0.36683,
        "hit_rate_at_3": 0.48192,
        "hit_rate_at_5": 0.53327,
        "hit_rate_at_10": 0.5966,
        "hit_rate_at_20": 0.65874,
        "hit_rate_at_100": 0.82138,
        "hit_rate_at_1000": 1.0,
        "main_score": 0.47589,
        "hf_subset": "default",
        "languages": [
          "lav-Latn"
        ]
      }
    ]
  },
  "evaluation_time": 15.671876907348633,
  "kg_co2_emissions": null,
  "date": null
}