{
  "dataset_revision": "49c07b6",
  "task_name": "BarExamQA",
  "mteb_version": "2.12.19",
  "scores": {
    "test": [
      {
        "ndcg_at_1": 0.32479,
        "ndcg_at_3": 0.47446,
        "ndcg_at_5": 0.49947,
        "ndcg_at_10": 0.53401,
        "ndcg_at_20": 0.55612,
        "ndcg_at_100": 0.59012,
        "ndcg_at_1000": 0.59012,
        "map_at_1": 0.32479,
        "map_at_3": 0.44017,
        "map_at_5": 0.45427,
        "map_at_10": 0.46771,
        "map_at_20": 0.47404,
        "map_at_100": 0.47968,
        "map_at_1000": 0.47968,
        "recall_at_1": 0.32479,
        "recall_at_3": 0.57265,
        "recall_at_5": 0.63248,
        "recall_at_10": 0.74359,
        "recall_at_20": 0.82906,
        "recall_at_100": 1.0,
        "recall_at_1000": 1.0,
        "accuracy": 0.32479,
        "precision_at_1": 0.32479,
        "precision_at_3": 0.19088,
        "precision_at_5": 0.1265,
        "precision_at_10": 0.07436,
        "precision_at_20": 0.04145,
        "precision_at_100": 0.01,
        "precision_at_1000": 0.001,
        "mrr_at_1": 0.324786,
        "mrr_at_3": 0.440171,
        "mrr_at_5": 0.454274,
        "mrr_at_10": 0.467708,
        "mrr_at_20": 0.474036,
        "mrr_at_100": 0.479677,
        "mrr_at_1000": 0.479677,
        "nauc_ndcg_at_1_max": 0.280904,
        "nauc_ndcg_at_1_std": -0.032496,
        "nauc_ndcg_at_1_diff1": 0.355158,
        "nauc_ndcg_at_3_max": 0.26759,
        "nauc_ndcg_at_3_std": 0.008946,
        "nauc_ndcg_at_3_diff1": 0.27105,
        "nauc_ndcg_at_5_max": 0.23744,
        "nauc_ndcg_at_5_std": 0.014084,
        "nauc_ndcg_at_5_diff1": 0.262037,
        "nauc_ndcg_at_10_max": 0.246968,
        "nauc_ndcg_at_10_std": 0.005174,
        "nauc_ndcg_at_10_diff1": 0.279118,
        "nauc_ndcg_at_20_max": 0.244812,
        "nauc_ndcg_at_20_std": 0.001081,
        "nauc_ndcg_at_20_diff1": 0.302228,
        "nauc_ndcg_at_100_max": 0.258161,
        "nauc_ndcg_at_100_std": 0.00171,
        "nauc_ndcg_at_100_diff1": 0.288122,
        "nauc_ndcg_at_1000_max": 0.258161,
        "nauc_ndcg_at_1000_std": 0.00171,
        "nauc_ndcg_at_1000_diff1": 0.288122,
        "nauc_map_at_1_max": 0.280904,
        "nauc_map_at_1_std": -0.032496,
        "nauc_map_at_1_diff1": 0.355158,
        "nauc_map_at_3_max": 0.269993,
        "nauc_map_at_3_std": -0.002668,
        "nauc_map_at_3_diff1": 0.288608,
        "nauc_map_at_5_max": 0.253358,
        "nauc_map_at_5_std": -0.000506,
        "nauc_map_at_5_diff1": 0.284102,
        "nauc_map_at_10_max": 0.258126,
        "nauc_map_at_10_std": -0.003401,
        "nauc_map_at_10_diff1": 0.290257,
        "nauc_map_at_20_max": 0.257571,
        "nauc_map_at_20_std": -0.004963,
        "nauc_map_at_20_diff1": 0.295317,
        "nauc_map_at_100_max": 0.2604,
        "nauc_map_at_100_std": -0.004055,
        "nauc_map_at_100_diff1": 0.292939,
        "nauc_map_at_1000_max": 0.2604,
        "nauc_map_at_1000_std": -0.004055,
        "nauc_map_at_1000_diff1": 0.292939,
        "nauc_recall_at_1_max": 0.280904,
        "nauc_recall_at_1_std": -0.032496,
        "nauc_recall_at_1_diff1": 0.355158,
        "nauc_recall_at_3_max": 0.260717,
        "nauc_recall_at_3_std": 0.044618,
        "nauc_recall_at_3_diff1": 0.219415,
        "nauc_recall_at_5_max": 0.181871,
        "nauc_recall_at_5_std": 0.063438,
        "nauc_recall_at_5_diff1": 0.190507,
        "nauc_recall_at_10_max": 0.198796,
        "nauc_recall_at_10_std": 0.034668,
        "nauc_recall_at_10_diff1": 0.246887,
        "nauc_recall_at_20_max": 0.166543,
        "nauc_recall_at_20_std": 0.023617,
        "nauc_recall_at_20_diff1": 0.405779,
        "nauc_recall_at_100_max": NaN,
        "nauc_recall_at_100_std": NaN,
        "nauc_recall_at_100_diff1": NaN,
        "nauc_recall_at_1000_max": NaN,
        "nauc_recall_at_1000_std": NaN,
        "nauc_recall_at_1000_diff1": NaN,
        "nauc_precision_at_1_max": 0.280904,
        "nauc_precision_at_1_std": -0.032496,
        "nauc_precision_at_1_diff1": 0.355158,
        "nauc_precision_at_3_max": 0.260717,
        "nauc_precision_at_3_std": 0.044618,
        "nauc_precision_at_3_diff1": 0.219415,
        "nauc_precision_at_5_max": 0.181871,
        "nauc_precision_at_5_std": 0.063438,
        "nauc_precision_at_5_diff1": 0.190507,
        "nauc_precision_at_10_max": 0.198796,
        "nauc_precision_at_10_std": 0.034668,
        "nauc_precision_at_10_diff1": 0.246887,
        "nauc_precision_at_20_max": 0.166543,
        "nauc_precision_at_20_std": 0.023617,
        "nauc_precision_at_20_diff1": 0.405779,
        "nauc_precision_at_100_max": NaN,
        "nauc_precision_at_100_std": NaN,
        "nauc_precision_at_100_diff1": NaN,
        "nauc_precision_at_1000_max": 1.0,
        "nauc_precision_at_1000_std": 1.0,
        "nauc_precision_at_1000_diff1": 1.0,
        "nauc_mrr_at_1_max": 0.280904,
        "nauc_mrr_at_1_std": -0.032496,
        "nauc_mrr_at_1_diff1": 0.355158,
        "nauc_mrr_at_3_max": 0.269993,
        "nauc_mrr_at_3_std": -0.002668,
        "nauc_mrr_at_3_diff1": 0.288608,
        "nauc_mrr_at_5_max": 0.253358,
        "nauc_mrr_at_5_std": -0.000506,
        "nauc_mrr_at_5_diff1": 0.284102,
        "nauc_mrr_at_10_max": 0.258126,
        "nauc_mrr_at_10_std": -0.003401,
        "nauc_mrr_at_10_diff1": 0.290257,
        "nauc_mrr_at_20_max": 0.257571,
        "nauc_mrr_at_20_std": -0.004963,
        "nauc_mrr_at_20_diff1": 0.295317,
        "nauc_mrr_at_100_max": 0.2604,
        "nauc_mrr_at_100_std": -0.004055,
        "nauc_mrr_at_100_diff1": 0.292939,
        "nauc_mrr_at_1000_max": 0.2604,
        "nauc_mrr_at_1000_std": -0.004055,
        "nauc_mrr_at_1000_diff1": 0.292939,
        "hit_rate_at_1": 0.32479,
        "hit_rate_at_3": 0.57265,
        "hit_rate_at_5": 0.63248,
        "hit_rate_at_10": 0.74359,
        "hit_rate_at_20": 0.82906,
        "hit_rate_at_100": 1.0,
        "hit_rate_at_1000": 1.0,
        "main_score": 0.53401,
        "hf_subset": "default",
        "languages": [
          "eng-Latn"
        ]
      }
    ]
  },
  "evaluation_time": 7.463601350784302,
  "kg_co2_emissions": null,
  "date": null
}