{
  "dataset_revision": "5014f29d7fdde6f9073a75b72be53ed73eed60c6",
  "task_name": "BillSumCA",
  "mteb_version": "2.12.22",
  "scores": {
    "test": [
      {
        "ndcg_at_1": 0.956,
        "ndcg_at_3": 0.98019,
        "ndcg_at_5": 0.98105,
        "ndcg_at_10": 0.98105,
        "ndcg_at_20": 0.98105,
        "ndcg_at_100": 0.98149,
        "ndcg_at_1000": 0.98149,
        "map_at_1": 0.956,
        "map_at_3": 0.97467,
        "map_at_5": 0.97517,
        "map_at_10": 0.97517,
        "map_at_20": 0.97517,
        "map_at_100": 0.97526,
        "map_at_1000": 0.97526,
        "recall_at_1": 0.956,
        "recall_at_3": 0.996,
        "recall_at_5": 0.998,
        "recall_at_10": 0.998,
        "recall_at_20": 0.998,
        "recall_at_100": 1.0,
        "recall_at_1000": 1.0,
        "accuracy": 0.956,
        "precision_at_1": 0.956,
        "precision_at_3": 0.332,
        "precision_at_5": 0.1996,
        "precision_at_10": 0.0998,
        "precision_at_20": 0.0499,
        "precision_at_100": 0.01,
        "precision_at_1000": 0.001,
        "mrr_at_1": 0.956,
        "mrr_at_3": 0.974667,
        "mrr_at_5": 0.975167,
        "mrr_at_10": 0.975167,
        "mrr_at_20": 0.975167,
        "mrr_at_100": 0.975258,
        "mrr_at_1000": 0.975258,
        "nauc_ndcg_at_1_max": 0.528669,
        "nauc_ndcg_at_1_std": -0.104278,
        "nauc_ndcg_at_1_diff1": 0.970291,
        "nauc_ndcg_at_3_max": 0.611907,
        "nauc_ndcg_at_3_std": -0.020422,
        "nauc_ndcg_at_3_diff1": 0.973919,
        "nauc_ndcg_at_5_max": 0.594266,
        "nauc_ndcg_at_5_std": -0.066807,
        "nauc_ndcg_at_5_diff1": 0.972733,
        "nauc_ndcg_at_10_max": 0.594266,
        "nauc_ndcg_at_10_std": -0.066807,
        "nauc_ndcg_at_10_diff1": 0.972733,
        "nauc_ndcg_at_20_max": 0.594266,
        "nauc_ndcg_at_20_std": -0.066807,
        "nauc_ndcg_at_20_diff1": 0.972733,
        "nauc_ndcg_at_100_max": 0.584573,
        "nauc_ndcg_at_100_std": -0.06431,
        "nauc_ndcg_at_100_diff1": 0.972082,
        "nauc_ndcg_at_1000_max": 0.584573,
        "nauc_ndcg_at_1000_std": -0.06431,
        "nauc_ndcg_at_1000_diff1": 0.972082,
        "nauc_map_at_1_max": 0.528669,
        "nauc_map_at_1_std": -0.104278,
        "nauc_map_at_1_diff1": 0.970291,
        "nauc_map_at_3_max": 0.588966,
        "nauc_map_at_3_std": -0.045629,
        "nauc_map_at_3_diff1": 0.97248,
        "nauc_map_at_5_max": 0.58069,
        "nauc_map_at_5_std": -0.066682,
        "nauc_map_at_5_diff1": 0.971926,
        "nauc_map_at_10_max": 0.58069,
        "nauc_map_at_10_std": -0.066682,
        "nauc_map_at_10_diff1": 0.971926,
        "nauc_map_at_20_max": 0.58069,
        "nauc_map_at_20_std": -0.066682,
        "nauc_map_at_20_diff1": 0.971926,
        "nauc_map_at_100_max": 0.57915,
        "nauc_map_at_100_std": -0.066297,
        "nauc_map_at_100_diff1": 0.971823,
        "nauc_map_at_1000_max": 0.57915,
        "nauc_map_at_1000_std": -0.066297,
        "nauc_map_at_1000_diff1": 0.971823,
        "nauc_recall_at_1_max": 0.528669,
        "nauc_recall_at_1_std": -0.104278,
        "nauc_recall_at_1_diff1": 0.970291,
        "nauc_recall_at_3_max": 1.0,
        "nauc_recall_at_3_std": 0.414332,
        "nauc_recall_at_3_diff1": 1.0,
        "nauc_recall_at_5_max": 1.0,
        "nauc_recall_at_5_std": -0.171335,
        "nauc_recall_at_5_diff1": 1.0,
        "nauc_recall_at_10_max": 1.0,
        "nauc_recall_at_10_std": -0.171335,
        "nauc_recall_at_10_diff1": 1.0,
        "nauc_recall_at_20_max": 1.0,
        "nauc_recall_at_20_std": -0.171335,
        "nauc_recall_at_20_diff1": 1.0,
        "nauc_recall_at_100_max": NaN,
        "nauc_recall_at_100_std": NaN,
        "nauc_recall_at_100_diff1": NaN,
        "nauc_recall_at_1000_max": NaN,
        "nauc_recall_at_1000_std": NaN,
        "nauc_recall_at_1000_diff1": NaN,
        "nauc_precision_at_1_max": 0.528669,
        "nauc_precision_at_1_std": -0.104278,
        "nauc_precision_at_1_diff1": 0.970291,
        "nauc_precision_at_3_max": 1.0,
        "nauc_precision_at_3_std": 0.414332,
        "nauc_precision_at_3_diff1": 1.0,
        "nauc_precision_at_5_max": 1.0,
        "nauc_precision_at_5_std": -0.171335,
        "nauc_precision_at_5_diff1": 1.0,
        "nauc_precision_at_10_max": 1.0,
        "nauc_precision_at_10_std": -0.171335,
        "nauc_precision_at_10_diff1": 1.0,
        "nauc_precision_at_20_max": 1.0,
        "nauc_precision_at_20_std": -0.171335,
        "nauc_precision_at_20_diff1": 1.0,
        "nauc_precision_at_100_max": 1.0,
        "nauc_precision_at_100_std": 1.0,
        "nauc_precision_at_100_diff1": 1.0,
        "nauc_precision_at_1000_max": 1.0,
        "nauc_precision_at_1000_std": 1.0,
        "nauc_precision_at_1000_diff1": 1.0,
        "nauc_mrr_at_1_max": 0.528669,
        "nauc_mrr_at_1_std": -0.104278,
        "nauc_mrr_at_1_diff1": 0.970291,
        "nauc_mrr_at_3_max": 0.588966,
        "nauc_mrr_at_3_std": -0.045629,
        "nauc_mrr_at_3_diff1": 0.97248,
        "nauc_mrr_at_5_max": 0.58069,
        "nauc_mrr_at_5_std": -0.066682,
        "nauc_mrr_at_5_diff1": 0.971926,
        "nauc_mrr_at_10_max": 0.58069,
        "nauc_mrr_at_10_std": -0.066682,
        "nauc_mrr_at_10_diff1": 0.971926,
        "nauc_mrr_at_20_max": 0.58069,
        "nauc_mrr_at_20_std": -0.066682,
        "nauc_mrr_at_20_diff1": 0.971926,
        "nauc_mrr_at_100_max": 0.57915,
        "nauc_mrr_at_100_std": -0.066297,
        "nauc_mrr_at_100_diff1": 0.971823,
        "nauc_mrr_at_1000_max": 0.57915,
        "nauc_mrr_at_1000_std": -0.066297,
        "nauc_mrr_at_1000_diff1": 0.971823,
        "hit_rate_at_1": 0.956,
        "hit_rate_at_3": 0.996,
        "hit_rate_at_5": 0.998,
        "hit_rate_at_10": 0.998,
        "hit_rate_at_20": 0.998,
        "hit_rate_at_100": 1.0,
        "hit_rate_at_1000": 1.0,
        "main_score": 0.98105,
        "hf_subset": "default",
        "languages": [
          "eng-Latn"
        ]
      }
    ]
  },
  "evaluation_time": 203.08474159240723,
  "kg_co2_emissions": null,
  "date": null
}