{
  "dataset_revision": "ea824f8065fa62e2e770a8a201c20b03abf87540",
  "task_name": "BIRCO-WTB",
  "mteb_version": "2.12.21",
  "scores": {
    "test": [
      {
        "ndcg_at_1": 0.23,
        "ndcg_at_3": 0.31678,
        "ndcg_at_5": 0.34131,
        "ndcg_at_10": 0.37079,
        "ndcg_at_20": 0.38337,
        "ndcg_at_100": 0.40864,
        "ndcg_at_1000": 0.44082,
        "map_at_1": 0.23,
        "map_at_3": 0.295,
        "map_at_5": 0.3085,
        "map_at_10": 0.3209,
        "map_at_20": 0.32432,
        "map_at_100": 0.32759,
        "map_at_1000": 0.32869,
        "recall_at_1": 0.23,
        "recall_at_3": 0.38,
        "recall_at_5": 0.44,
        "recall_at_10": 0.53,
        "recall_at_20": 0.58,
        "recall_at_100": 0.72,
        "recall_at_1000": 0.98,
        "accuracy": 0.23,
        "precision_at_1": 0.23,
        "precision_at_3": 0.12667,
        "precision_at_5": 0.088,
        "precision_at_10": 0.053,
        "precision_at_20": 0.029,
        "precision_at_100": 0.0072,
        "precision_at_1000": 0.00098,
        "mrr_at_1": 0.23,
        "mrr_at_3": 0.295,
        "mrr_at_5": 0.3085,
        "mrr_at_10": 0.320897,
        "mrr_at_20": 0.324324,
        "mrr_at_100": 0.327587,
        "mrr_at_1000": 0.328692,
        "nauc_ndcg_at_1_max": 0.354784,
        "nauc_ndcg_at_1_std": -0.072406,
        "nauc_ndcg_at_1_diff1": 0.495157,
        "nauc_ndcg_at_3_max": 0.359313,
        "nauc_ndcg_at_3_std": -0.048607,
        "nauc_ndcg_at_3_diff1": 0.345565,
        "nauc_ndcg_at_5_max": 0.37058,
        "nauc_ndcg_at_5_std": -0.022963,
        "nauc_ndcg_at_5_diff1": 0.334531,
        "nauc_ndcg_at_10_max": 0.343747,
        "nauc_ndcg_at_10_std": -0.03156,
        "nauc_ndcg_at_10_diff1": 0.344469,
        "nauc_ndcg_at_20_max": 0.340376,
        "nauc_ndcg_at_20_std": -0.03393,
        "nauc_ndcg_at_20_diff1": 0.339299,
        "nauc_ndcg_at_100_max": 0.323052,
        "nauc_ndcg_at_100_std": -0.022765,
        "nauc_ndcg_at_100_diff1": 0.324462,
        "nauc_ndcg_at_1000_max": 0.341888,
        "nauc_ndcg_at_1000_std": -0.031928,
        "nauc_ndcg_at_1000_diff1": 0.353619,
        "nauc_map_at_1_max": 0.354784,
        "nauc_map_at_1_std": -0.072406,
        "nauc_map_at_1_diff1": 0.495157,
        "nauc_map_at_3_max": 0.354285,
        "nauc_map_at_3_std": -0.05664,
        "nauc_map_at_3_diff1": 0.380519,
        "nauc_map_at_5_max": 0.35917,
        "nauc_map_at_5_std": -0.043267,
        "nauc_map_at_5_diff1": 0.372895,
        "nauc_map_at_10_max": 0.347671,
        "nauc_map_at_10_std": -0.047078,
        "nauc_map_at_10_diff1": 0.377712,
        "nauc_map_at_20_max": 0.347246,
        "nauc_map_at_20_std": -0.048146,
        "nauc_map_at_20_diff1": 0.376867,
        "nauc_map_at_100_max": 0.345458,
        "nauc_map_at_100_std": -0.047365,
        "nauc_map_at_100_diff1": 0.376084,
        "nauc_map_at_1000_max": 0.346095,
        "nauc_map_at_1000_std": -0.047428,
        "nauc_map_at_1000_diff1": 0.376824,
        "nauc_recall_at_1_max": 0.354784,
        "nauc_recall_at_1_std": -0.072406,
        "nauc_recall_at_1_diff1": 0.495157,
        "nauc_recall_at_3_max": 0.37421,
        "nauc_recall_at_3_std": -0.026213,
        "nauc_recall_at_3_diff1": 0.252034,
        "nauc_recall_at_5_max": 0.405831,
        "nauc_recall_at_5_std": 0.037088,
        "nauc_recall_at_5_diff1": 0.231678,
        "nauc_recall_at_10_max": 0.327661,
        "nauc_recall_at_10_std": 0.014722,
        "nauc_recall_at_10_diff1": 0.254423,
        "nauc_recall_at_20_max": 0.309299,
        "nauc_recall_at_20_std": 0.010651,
        "nauc_recall_at_20_diff1": 0.224889,
        "nauc_recall_at_100_max": 0.171379,
        "nauc_recall_at_100_std": 0.114049,
        "nauc_recall_at_100_diff1": 0.06582,
        "nauc_recall_at_1000_max": 0.638189,
        "nauc_recall_at_1000_std": 0.348973,
        "nauc_recall_at_1000_diff1": 0.795752,
        "nauc_precision_at_1_max": 0.354784,
        "nauc_precision_at_1_std": -0.072406,
        "nauc_precision_at_1_diff1": 0.495157,
        "nauc_precision_at_3_max": 0.37421,
        "nauc_precision_at_3_std": -0.026213,
        "nauc_precision_at_3_diff1": 0.252034,
        "nauc_precision_at_5_max": 0.405831,
        "nauc_precision_at_5_std": 0.037088,
        "nauc_precision_at_5_diff1": 0.231678,
        "nauc_precision_at_10_max": 0.327661,
        "nauc_precision_at_10_std": 0.014722,
        "nauc_precision_at_10_diff1": 0.254423,
        "nauc_precision_at_20_max": 0.309299,
        "nauc_precision_at_20_std": 0.010651,
        "nauc_precision_at_20_diff1": 0.224889,
        "nauc_precision_at_100_max": 0.171379,
        "nauc_precision_at_100_std": 0.114049,
        "nauc_precision_at_100_diff1": 0.06582,
        "nauc_precision_at_1000_max": 0.638189,
        "nauc_precision_at_1000_std": 0.348973,
        "nauc_precision_at_1000_diff1": 0.795752,
        "nauc_mrr_at_1_max": 0.354784,
        "nauc_mrr_at_1_std": -0.072406,
        "nauc_mrr_at_1_diff1": 0.495157,
        "nauc_mrr_at_3_max": 0.354285,
        "nauc_mrr_at_3_std": -0.05664,
        "nauc_mrr_at_3_diff1": 0.380519,
        "nauc_mrr_at_5_max": 0.35917,
        "nauc_mrr_at_5_std": -0.043267,
        "nauc_mrr_at_5_diff1": 0.372895,
        "nauc_mrr_at_10_max": 0.347671,
        "nauc_mrr_at_10_std": -0.047078,
        "nauc_mrr_at_10_diff1": 0.377712,
        "nauc_mrr_at_20_max": 0.347246,
        "nauc_mrr_at_20_std": -0.048146,
        "nauc_mrr_at_20_diff1": 0.376867,
        "nauc_mrr_at_100_max": 0.345458,
        "nauc_mrr_at_100_std": -0.047365,
        "nauc_mrr_at_100_diff1": 0.376084,
        "nauc_mrr_at_1000_max": 0.346095,
        "nauc_mrr_at_1000_std": -0.047428,
        "nauc_mrr_at_1000_diff1": 0.376824,
        "hit_rate_at_1": 0.23,
        "hit_rate_at_3": 0.38,
        "hit_rate_at_5": 0.44,
        "hit_rate_at_10": 0.53,
        "hit_rate_at_20": 0.58,
        "hit_rate_at_100": 0.72,
        "hit_rate_at_1000": 0.98,
        "main_score": 0.37079,
        "hf_subset": "default",
        "languages": [
          "eng-Latn"
        ]
      }
    ]
  },
  "evaluation_time": 48.408742904663086,
  "kg_co2_emissions": null,
  "date": null
}