{
  "dataset_revision": "d213819e87aab9010628da8b73ab4eb337c89340",
  "task_name": "CodeFeedbackST",
  "mteb_version": "2.12.23",
  "scores": {
    "test": [
      {
        "ndcg_at_1": 0.73737,
        "ndcg_at_3": 0.84076,
        "ndcg_at_5": 0.85504,
        "ndcg_at_10": 0.86256,
        "ndcg_at_20": 0.86583,
        "ndcg_at_100": 0.86831,
        "ndcg_at_1000": 0.86897,
        "map_at_1": 0.73737,
        "map_at_3": 0.81663,
        "map_at_5": 0.82463,
        "map_at_10": 0.82779,
        "map_at_20": 0.8287,
        "map_at_100": 0.82906,
        "map_at_1000": 0.82909,
        "recall_at_1": 0.73737,
        "recall_at_3": 0.91005,
        "recall_at_5": 0.94445,
        "recall_at_10": 0.96735,
        "recall_at_20": 0.98016,
        "recall_at_100": 0.99336,
        "recall_at_1000": 0.9984,
        "accuracy": 0.73737,
        "precision_at_1": 0.73737,
        "precision_at_3": 0.30335,
        "precision_at_5": 0.18889,
        "precision_at_10": 0.09674,
        "precision_at_20": 0.04901,
        "precision_at_100": 0.00993,
        "precision_at_1000": 0.001,
        "mrr_at_1": 0.741711,
        "mrr_at_3": 0.819475,
        "mrr_at_5": 0.827217,
        "mrr_at_10": 0.830303,
        "mrr_at_20": 0.831216,
        "mrr_at_100": 0.831574,
        "mrr_at_1000": 0.831602,
        "nauc_ndcg_at_1_max": 0.189647,
        "nauc_ndcg_at_1_std": -0.322898,
        "nauc_ndcg_at_1_diff1": 0.827476,
        "nauc_ndcg_at_3_max": 0.224914,
        "nauc_ndcg_at_3_std": -0.408725,
        "nauc_ndcg_at_3_diff1": 0.779599,
        "nauc_ndcg_at_5_max": 0.216235,
        "nauc_ndcg_at_5_std": -0.411526,
        "nauc_ndcg_at_5_diff1": 0.784742,
        "nauc_ndcg_at_10_max": 0.209694,
        "nauc_ndcg_at_10_std": -0.400524,
        "nauc_ndcg_at_10_diff1": 0.789502,
        "nauc_ndcg_at_20_max": 0.206626,
        "nauc_ndcg_at_20_std": -0.390514,
        "nauc_ndcg_at_20_diff1": 0.792254,
        "nauc_ndcg_at_100_max": 0.208263,
        "nauc_ndcg_at_100_std": -0.383,
        "nauc_ndcg_at_100_diff1": 0.794309,
        "nauc_ndcg_at_1000_max": 0.209104,
        "nauc_ndcg_at_1000_std": -0.381746,
        "nauc_ndcg_at_1000_diff1": 0.795016,
        "nauc_map_at_1_max": 0.189647,
        "nauc_map_at_1_std": -0.322898,
        "nauc_map_at_1_diff1": 0.827476,
        "nauc_map_at_3_max": 0.214919,
        "nauc_map_at_3_std": -0.381897,
        "nauc_map_at_3_diff1": 0.793805,
        "nauc_map_at_5_max": 0.210463,
        "nauc_map_at_5_std": -0.381985,
        "nauc_map_at_5_diff1": 0.796877,
        "nauc_map_at_10_max": 0.208133,
        "nauc_map_at_10_std": -0.377829,
        "nauc_map_at_10_diff1": 0.79868,
        "nauc_map_at_20_max": 0.207432,
        "nauc_map_at_20_std": -0.375506,
        "nauc_map_at_20_diff1": 0.799345,
        "nauc_map_at_100_max": 0.207493,
        "nauc_map_at_100_std": -0.374654,
        "nauc_map_at_100_diff1": 0.799598,
        "nauc_map_at_1000_max": 0.207551,
        "nauc_map_at_1000_std": -0.374588,
        "nauc_map_at_1000_diff1": 0.799621,
        "nauc_recall_at_1_max": 0.189647,
        "nauc_recall_at_1_std": -0.322898,
        "nauc_recall_at_1_diff1": 0.827476,
        "nauc_recall_at_3_max": 0.277218,
        "nauc_recall_at_3_std": -0.551387,
        "nauc_recall_at_3_diff1": 0.704683,
        "nauc_recall_at_5_max": 0.258288,
        "nauc_recall_at_5_std": -0.654444,
        "nauc_recall_at_5_diff1": 0.688497,
        "nauc_recall_at_10_max": 0.211002,
        "nauc_recall_at_10_std": -0.691618,
        "nauc_recall_at_10_diff1": 0.678161,
        "nauc_recall_at_20_max": 0.138847,
        "nauc_recall_at_20_std": -0.636601,
        "nauc_recall_at_20_diff1": 0.672409,
        "nauc_recall_at_100_max": 0.204798,
        "nauc_recall_at_100_std": -0.396089,
        "nauc_recall_at_100_diff1": 0.629102,
        "nauc_recall_at_1000_max": 0.52532,
        "nauc_recall_at_1000_std": 0.156047,
        "nauc_recall_at_1000_diff1": 0.512716,
        "nauc_precision_at_1_max": 0.189647,
        "nauc_precision_at_1_std": -0.322898,
        "nauc_precision_at_1_diff1": 0.827476,
        "nauc_precision_at_3_max": 0.277218,
        "nauc_precision_at_3_std": -0.551387,
        "nauc_precision_at_3_diff1": 0.704683,
        "nauc_precision_at_5_max": 0.258288,
        "nauc_precision_at_5_std": -0.654444,
        "nauc_precision_at_5_diff1": 0.688497,
        "nauc_precision_at_10_max": 0.211002,
        "nauc_precision_at_10_std": -0.691618,
        "nauc_precision_at_10_diff1": 0.678161,
        "nauc_precision_at_20_max": 0.138847,
        "nauc_precision_at_20_std": -0.636601,
        "nauc_precision_at_20_diff1": 0.672409,
        "nauc_precision_at_100_max": 0.204798,
        "nauc_precision_at_100_std": -0.396089,
        "nauc_precision_at_100_diff1": 0.629102,
        "nauc_precision_at_1000_max": 0.52532,
        "nauc_precision_at_1000_std": 0.156047,
        "nauc_precision_at_1000_diff1": 0.512716,
        "nauc_mrr_at_1_max": 0.193714,
        "nauc_mrr_at_1_std": -0.330122,
        "nauc_mrr_at_1_diff1": 0.819844,
        "nauc_mrr_at_3_max": 0.217705,
        "nauc_mrr_at_3_std": -0.388734,
        "nauc_mrr_at_3_diff1": 0.78777,
        "nauc_mrr_at_5_max": 0.213748,
        "nauc_mrr_at_5_std": -0.388392,
        "nauc_mrr_at_5_diff1": 0.790756,
        "nauc_mrr_at_10_max": 0.211361,
        "nauc_mrr_at_10_std": -0.384421,
        "nauc_mrr_at_10_diff1": 0.792532,
        "nauc_mrr_at_20_max": 0.210679,
        "nauc_mrr_at_20_std": -0.382114,
        "nauc_mrr_at_20_diff1": 0.793183,
        "nauc_mrr_at_100_max": 0.210744,
        "nauc_mrr_at_100_std": -0.381268,
        "nauc_mrr_at_100_diff1": 0.793425,
        "nauc_mrr_at_1000_max": 0.210803,
        "nauc_mrr_at_1000_std": -0.381203,
        "nauc_mrr_at_1000_diff1": 0.793448,
        "hit_rate_at_1": 0.73737,
        "hit_rate_at_3": 0.91005,
        "hit_rate_at_5": 0.94445,
        "hit_rate_at_10": 0.96735,
        "hit_rate_at_20": 0.98016,
        "hit_rate_at_100": 0.99336,
        "hit_rate_at_1000": 0.9984,
        "main_score": 0.86256,
        "hf_subset": "default",
        "languages": [
          "eng-Latn"
        ]
      }
    ]
  },
  "evaluation_time": 1099.2199289798737,
  "kg_co2_emissions": null,
  "date": null
}