{
  "dataset_revision": "ff4a8f2476ae77476c1912f1f3cb5bb5f2d766d4",
  "task_name": "LIMITSmallRetrieval",
  "mteb_version": "2.12.21",
  "scores": {
    "test": [
      {
        "ndcg_at_1": 0.169,
        "ndcg_at_2": 0.15933,
        "ndcg_at_3": 0.19091,
        "ndcg_at_5": 0.23338,
        "ndcg_at_10": 0.29377,
        "ndcg_at_20": 0.36528,
        "ndcg_at_100": 0.44453,
        "ndcg_at_1000": 0.44453,
        "map_at_1": 0.0845,
        "map_at_2": 0.129,
        "map_at_3": 0.15,
        "map_at_5": 0.17555,
        "map_at_10": 0.2024,
        "map_at_20": 0.2269,
        "map_at_100": 0.24603,
        "map_at_1000": 0.24603,
        "recall_at_1": 0.0845,
        "recall_at_2": 0.1565,
        "recall_at_3": 0.208,
        "recall_at_5": 0.2925,
        "recall_at_10": 0.4465,
        "recall_at_20": 0.679,
        "recall_at_100": 1.0,
        "recall_at_1000": 1.0,
        "accuracy": 0.0845,
        "precision_at_1": 0.169,
        "precision_at_2": 0.1565,
        "precision_at_3": 0.13867,
        "precision_at_5": 0.117,
        "precision_at_10": 0.0893,
        "precision_at_20": 0.0679,
        "precision_at_100": 0.02,
        "precision_at_1000": 0.002,
        "mrr_at_1": 0.169,
        "mrr_at_2": 0.224,
        "mrr_at_3": 0.250667,
        "mrr_at_5": 0.276067,
        "mrr_at_10": 0.302342,
        "mrr_at_20": 0.3164,
        "mrr_at_100": 0.321055,
        "mrr_at_1000": 0.321055,
        "nauc_ndcg_at_1_max": 0.164627,
        "nauc_ndcg_at_1_std": 0.157846,
        "nauc_ndcg_at_1_diff1": 0.220748,
        "nauc_ndcg_at_2_max": 0.142767,
        "nauc_ndcg_at_2_std": 0.153838,
        "nauc_ndcg_at_2_diff1": 0.178474,
        "nauc_ndcg_at_3_max": 0.13007,
        "nauc_ndcg_at_3_std": 0.14237,
        "nauc_ndcg_at_3_diff1": 0.171844,
        "nauc_ndcg_at_5_max": 0.115454,
        "nauc_ndcg_at_5_std": 0.134871,
        "nauc_ndcg_at_5_diff1": 0.15734,
        "nauc_ndcg_at_10_max": 0.087857,
        "nauc_ndcg_at_10_std": 0.129922,
        "nauc_ndcg_at_10_diff1": 0.149107,
        "nauc_ndcg_at_20_max": 0.096841,
        "nauc_ndcg_at_20_std": 0.148594,
        "nauc_ndcg_at_20_diff1": 0.152777,
        "nauc_ndcg_at_100_max": 0.114053,
        "nauc_ndcg_at_100_std": 0.142716,
        "nauc_ndcg_at_100_diff1": 0.167213,
        "nauc_ndcg_at_1000_max": 0.114053,
        "nauc_ndcg_at_1000_std": 0.142716,
        "nauc_ndcg_at_1000_diff1": 0.167213,
        "nauc_map_at_1_max": 0.164627,
        "nauc_map_at_1_std": 0.157846,
        "nauc_map_at_1_diff1": 0.220748,
        "nauc_map_at_2_max": 0.160205,
        "nauc_map_at_2_std": 0.167662,
        "nauc_map_at_2_diff1": 0.179085,
        "nauc_map_at_3_max": 0.15259,
        "nauc_map_at_3_std": 0.158269,
        "nauc_map_at_3_diff1": 0.184163,
        "nauc_map_at_5_max": 0.144769,
        "nauc_map_at_5_std": 0.153577,
        "nauc_map_at_5_diff1": 0.173562,
        "nauc_map_at_10_max": 0.125388,
        "nauc_map_at_10_std": 0.146715,
        "nauc_map_at_10_diff1": 0.167617,
        "nauc_map_at_20_max": 0.127532,
        "nauc_map_at_20_std": 0.154846,
        "nauc_map_at_20_diff1": 0.168336,
        "nauc_map_at_100_max": 0.131283,
        "nauc_map_at_100_std": 0.153079,
        "nauc_map_at_100_diff1": 0.171371,
        "nauc_map_at_1000_max": 0.131283,
        "nauc_map_at_1000_std": 0.153079,
        "nauc_map_at_1000_diff1": 0.171371,
        "nauc_recall_at_1_max": 0.164627,
        "nauc_recall_at_1_std": 0.157846,
        "nauc_recall_at_1_diff1": 0.220748,
        "nauc_recall_at_2_max": 0.134517,
        "nauc_recall_at_2_std": 0.152325,
        "nauc_recall_at_2_diff1": 0.162519,
        "nauc_recall_at_3_max": 0.11398,
        "nauc_recall_at_3_std": 0.132801,
        "nauc_recall_at_3_diff1": 0.152687,
        "nauc_recall_at_5_max": 0.083289,
        "nauc_recall_at_5_std": 0.115273,
        "nauc_recall_at_5_diff1": 0.121437,
        "nauc_recall_at_10_max": 0.017297,
        "nauc_recall_at_10_std": 0.096317,
        "nauc_recall_at_10_diff1": 0.094977,
        "nauc_recall_at_20_max": 0.027234,
        "nauc_recall_at_20_std": 0.13835,
        "nauc_recall_at_20_diff1": 0.083536,
        "nauc_recall_at_100_max": NaN,
        "nauc_recall_at_100_std": NaN,
        "nauc_recall_at_100_diff1": NaN,
        "nauc_recall_at_1000_max": NaN,
        "nauc_recall_at_1000_std": NaN,
        "nauc_recall_at_1000_diff1": NaN,
        "nauc_precision_at_1_max": 0.164627,
        "nauc_precision_at_1_std": 0.157846,
        "nauc_precision_at_1_diff1": 0.220748,
        "nauc_precision_at_2_max": 0.134517,
        "nauc_precision_at_2_std": 0.152325,
        "nauc_precision_at_2_diff1": 0.162519,
        "nauc_precision_at_3_max": 0.11398,
        "nauc_precision_at_3_std": 0.132801,
        "nauc_precision_at_3_diff1": 0.152687,
        "nauc_precision_at_5_max": 0.083289,
        "nauc_precision_at_5_std": 0.115273,
        "nauc_precision_at_5_diff1": 0.121437,
        "nauc_precision_at_10_max": 0.017297,
        "nauc_precision_at_10_std": 0.096317,
        "nauc_precision_at_10_diff1": 0.094977,
        "nauc_precision_at_20_max": 0.027234,
        "nauc_precision_at_20_std": 0.13835,
        "nauc_precision_at_20_diff1": 0.083536,
        "nauc_precision_at_100_max": 1.0,
        "nauc_precision_at_100_std": 1.0,
        "nauc_precision_at_100_diff1": 1.0,
        "nauc_precision_at_1000_max": NaN,
        "nauc_precision_at_1000_std": NaN,
        "nauc_precision_at_1000_diff1": NaN,
        "nauc_mrr_at_1_max": 0.164627,
        "nauc_mrr_at_1_std": 0.157846,
        "nauc_mrr_at_1_diff1": 0.220748,
        "nauc_mrr_at_2_max": 0.129649,
        "nauc_mrr_at_2_std": 0.138664,
        "nauc_mrr_at_2_diff1": 0.192888,
        "nauc_mrr_at_3_max": 0.117001,
        "nauc_mrr_at_3_std": 0.130745,
        "nauc_mrr_at_3_diff1": 0.175103,
        "nauc_mrr_at_5_max": 0.106404,
        "nauc_mrr_at_5_std": 0.12537,
        "nauc_mrr_at_5_diff1": 0.169534,
        "nauc_mrr_at_10_max": 0.103481,
        "nauc_mrr_at_10_std": 0.129707,
        "nauc_mrr_at_10_diff1": 0.169659,
        "nauc_mrr_at_20_max": 0.10707,
        "nauc_mrr_at_20_std": 0.131321,
        "nauc_mrr_at_20_diff1": 0.173464,
        "nauc_mrr_at_100_max": 0.109432,
        "nauc_mrr_at_100_std": 0.131049,
        "nauc_mrr_at_100_diff1": 0.175391,
        "nauc_mrr_at_1000_max": 0.109432,
        "nauc_mrr_at_1000_std": 0.131049,
        "nauc_mrr_at_1000_diff1": 0.175391,
        "hit_rate_at_1": 0.169,
        "hit_rate_at_2": 0.279,
        "hit_rate_at_3": 0.359,
        "hit_rate_at_5": 0.472,
        "hit_rate_at_10": 0.674,
        "hit_rate_at_20": 0.876,
        "hit_rate_at_100": 1.0,
        "hit_rate_at_1000": 1.0,
        "main_score": 0.1565,
        "hf_subset": "default",
        "languages": [
          "eng-Latn"
        ]
      }
    ]
  },
  "evaluation_time": 3.1752841472625732,
  "kg_co2_emissions": null,
  "date": null
}