{
  "dataset_revision": "67c0b4f7f15946e0b15cf6cf3b8993d04cb3efc6",
  "task_name": "MSMARCOHardNegatives",
  "mteb_version": "2.12.21",
  "scores": {
    "test": [
      {
        "ndcg_at_1": 0.76744,
        "ndcg_at_3": 0.73793,
        "ndcg_at_5": 0.7242,
        "ndcg_at_10": 0.71571,
        "ndcg_at_20": 0.70271,
        "ndcg_at_100": 0.73524,
        "ndcg_at_1000": 0.84987,
        "map_at_1": 0.01825,
        "map_at_3": 0.05286,
        "map_at_5": 0.08602,
        "map_at_10": 0.15211,
        "map_at_20": 0.24118,
        "map_at_100": 0.49184,
        "map_at_1000": 0.68074,
        "recall_at_1": 0.01825,
        "recall_at_3": 0.05296,
        "recall_at_5": 0.09454,
        "recall_at_10": 0.17132,
        "recall_at_20": 0.2771,
        "recall_at_100": 0.65034,
        "recall_at_1000": 0.98191,
        "accuracy": 0.01825,
        "precision_at_1": 0.95349,
        "precision_at_3": 0.90698,
        "precision_at_5": 0.86047,
        "precision_at_10": 0.8186,
        "precision_at_20": 0.74535,
        "precision_at_100": 0.48791,
        "precision_at_1000": 0.09416,
        "mrr_at_1": 0.953488,
        "mrr_at_3": 0.953488,
        "mrr_at_5": 0.959302,
        "mrr_at_10": 0.963178,
        "mrr_at_20": 0.963178,
        "mrr_at_100": 0.963178,
        "mrr_at_1000": 0.963178,
        "nauc_ndcg_at_1_max": 0.299977,
        "nauc_ndcg_at_1_std": -0.130635,
        "nauc_ndcg_at_1_diff1": 0.182933,
        "nauc_ndcg_at_3_max": 0.461804,
        "nauc_ndcg_at_3_std": 0.116868,
        "nauc_ndcg_at_3_diff1": -0.03312,
        "nauc_ndcg_at_5_max": 0.429226,
        "nauc_ndcg_at_5_std": 0.183947,
        "nauc_ndcg_at_5_diff1": -0.18898,
        "nauc_ndcg_at_10_max": 0.328404,
        "nauc_ndcg_at_10_std": 0.247927,
        "nauc_ndcg_at_10_diff1": -0.219884,
        "nauc_ndcg_at_20_max": 0.300958,
        "nauc_ndcg_at_20_std": 0.360853,
        "nauc_ndcg_at_20_diff1": -0.318116,
        "nauc_ndcg_at_100_max": 0.348844,
        "nauc_ndcg_at_100_std": 0.436243,
        "nauc_ndcg_at_100_diff1": -0.40523,
        "nauc_ndcg_at_1000_max": 0.456379,
        "nauc_ndcg_at_1000_std": 0.567113,
        "nauc_ndcg_at_1000_diff1": -0.569587,
        "nauc_map_at_1_max": 0.024822,
        "nauc_map_at_1_std": -0.331817,
        "nauc_map_at_1_diff1": 0.108695,
        "nauc_map_at_3_max": 0.053551,
        "nauc_map_at_3_std": -0.300916,
        "nauc_map_at_3_diff1": 0.096197,
        "nauc_map_at_5_max": 0.055438,
        "nauc_map_at_5_std": -0.315778,
        "nauc_map_at_5_diff1": 0.084017,
        "nauc_map_at_10_max": 0.066242,
        "nauc_map_at_10_std": -0.319692,
        "nauc_map_at_10_diff1": 0.067101,
        "nauc_map_at_20_max": 0.127251,
        "nauc_map_at_20_std": -0.268718,
        "nauc_map_at_20_diff1": -0.001629,
        "nauc_map_at_100_max": 0.188235,
        "nauc_map_at_100_std": 0.058481,
        "nauc_map_at_100_diff1": -0.258841,
        "nauc_map_at_1000_max": 0.253187,
        "nauc_map_at_1000_std": 0.58357,
        "nauc_map_at_1000_diff1": -0.654142,
        "nauc_recall_at_1_max": 0.024822,
        "nauc_recall_at_1_std": -0.331817,
        "nauc_recall_at_1_diff1": 0.108695,
        "nauc_recall_at_3_max": 0.051824,
        "nauc_recall_at_3_std": -0.302226,
        "nauc_recall_at_3_diff1": 0.093833,
        "nauc_recall_at_5_max": -0.013164,
        "nauc_recall_at_5_std": -0.338325,
        "nauc_recall_at_5_diff1": 0.179591,
        "nauc_recall_at_10_max": -0.018957,
        "nauc_recall_at_10_std": -0.365777,
        "nauc_recall_at_10_diff1": 0.188325,
        "nauc_recall_at_20_max": 0.064729,
        "nauc_recall_at_20_std": -0.326947,
        "nauc_recall_at_20_diff1": 0.117661,
        "nauc_recall_at_100_max": 0.125185,
        "nauc_recall_at_100_std": -0.163241,
        "nauc_recall_at_100_diff1": 0.011583,
        "nauc_recall_at_1000_max": 0.75985,
        "nauc_recall_at_1000_std": 0.931165,
        "nauc_recall_at_1000_diff1": -1.019399,
        "nauc_precision_at_1_max": 0.776435,
        "nauc_precision_at_1_std": 0.795892,
        "nauc_precision_at_1_diff1": -1.131406,
        "nauc_precision_at_3_max": 0.747669,
        "nauc_precision_at_3_std": 0.682347,
        "nauc_precision_at_3_diff1": -0.766049,
        "nauc_precision_at_5_max": 0.518085,
        "nauc_precision_at_5_std": 0.551221,
        "nauc_precision_at_5_diff1": -0.765111,
        "nauc_precision_at_10_max": 0.275556,
        "nauc_precision_at_10_std": 0.46651,
        "nauc_precision_at_10_diff1": -0.638166,
        "nauc_precision_at_20_max": 0.277644,
        "nauc_precision_at_20_std": 0.55543,
        "nauc_precision_at_20_diff1": -0.636229,
        "nauc_precision_at_100_max": 0.100849,
        "nauc_precision_at_100_std": 0.626525,
        "nauc_precision_at_100_diff1": -0.478647,
        "nauc_precision_at_1000_max": 0.054947,
        "nauc_precision_at_1000_std": 0.562147,
        "nauc_precision_at_1000_diff1": -0.411151,
        "nauc_mrr_at_1_max": 0.776435,
        "nauc_mrr_at_1_std": 0.795892,
        "nauc_mrr_at_1_diff1": -1.131406,
        "nauc_mrr_at_3_max": 0.776435,
        "nauc_mrr_at_3_std": 0.795892,
        "nauc_mrr_at_3_diff1": -1.131406,
        "nauc_mrr_at_5_max": 0.808373,
        "nauc_mrr_at_5_std": 0.80652,
        "nauc_mrr_at_5_diff1": -1.131406,
        "nauc_mrr_at_10_max": 0.788202,
        "nauc_mrr_at_10_std": 0.799808,
        "nauc_mrr_at_10_diff1": -1.131406,
        "nauc_mrr_at_20_max": 0.788202,
        "nauc_mrr_at_20_std": 0.799808,
        "nauc_mrr_at_20_diff1": -1.131406,
        "nauc_mrr_at_100_max": 0.788202,
        "nauc_mrr_at_100_std": 0.799808,
        "nauc_mrr_at_100_diff1": -1.131406,
        "nauc_mrr_at_1000_max": 0.788202,
        "nauc_mrr_at_1000_std": 0.799808,
        "nauc_mrr_at_1000_diff1": -1.131406,
        "hit_rate_at_1": 0.95349,
        "hit_rate_at_3": 0.95349,
        "hit_rate_at_5": 0.97674,
        "hit_rate_at_10": 1.0,
        "hit_rate_at_20": 1.0,
        "hit_rate_at_100": 1.0,
        "hit_rate_at_1000": 1.0,
        "main_score": 0.71571,
        "hf_subset": "default",
        "languages": [
          "eng-Latn"
        ]
      }
    ]
  },
  "evaluation_time": 93.18437051773071,
  "kg_co2_emissions": null,
  "date": null
}