{
  "dataset_revision": "dd542a7efb9ad2136b9e00768b60fca9038f8156",
  "task_name": "NanoNFCorpusRetrieval",
  "mteb_version": "2.12.21",
  "scores": {
    "train": [
      {
        "ndcg_at_1": 0.42,
        "ndcg_at_3": 0.3855,
        "ndcg_at_5": 0.38962,
        "ndcg_at_10": 0.35931,
        "ndcg_at_20": 0.32579,
        "ndcg_at_100": 0.31922,
        "ndcg_at_1000": 0.42862,
        "map_at_1": 0.02406,
        "map_at_3": 0.05935,
        "map_at_5": 0.08274,
        "map_at_10": 0.10908,
        "map_at_20": 0.12905,
        "map_at_100": 0.15588,
        "map_at_1000": 0.17863,
        "recall_at_1": 0.02406,
        "recall_at_3": 0.08543,
        "recall_at_5": 0.12299,
        "recall_at_10": 0.16536,
        "recall_at_20": 0.20347,
        "recall_at_100": 0.35832,
        "recall_at_1000": 0.68418,
        "accuracy": 0.02406,
        "precision_at_1": 0.42,
        "precision_at_3": 0.35333,
        "precision_at_5": 0.356,
        "precision_at_10": 0.306,
        "precision_at_20": 0.237,
        "precision_at_100": 0.1092,
        "precision_at_1000": 0.03016,
        "mrr_at_1": 0.42,
        "mrr_at_3": 0.473333,
        "mrr_at_5": 0.499333,
        "mrr_at_10": 0.511079,
        "mrr_at_20": 0.514231,
        "mrr_at_100": 0.517033,
        "mrr_at_1000": 0.517538,
        "nauc_ndcg_at_1_max": 0.657983,
        "nauc_ndcg_at_1_std": 0.301345,
        "nauc_ndcg_at_1_diff1": 0.508956,
        "nauc_ndcg_at_3_max": 0.634037,
        "nauc_ndcg_at_3_std": 0.294579,
        "nauc_ndcg_at_3_diff1": 0.355278,
        "nauc_ndcg_at_5_max": 0.626205,
        "nauc_ndcg_at_5_std": 0.26738,
        "nauc_ndcg_at_5_diff1": 0.357222,
        "nauc_ndcg_at_10_max": 0.587767,
        "nauc_ndcg_at_10_std": 0.290151,
        "nauc_ndcg_at_10_diff1": 0.270697,
        "nauc_ndcg_at_20_max": 0.568669,
        "nauc_ndcg_at_20_std": 0.301366,
        "nauc_ndcg_at_20_diff1": 0.204644,
        "nauc_ndcg_at_100_max": 0.382774,
        "nauc_ndcg_at_100_std": 0.186541,
        "nauc_ndcg_at_100_diff1": 0.22005,
        "nauc_ndcg_at_1000_max": 0.491975,
        "nauc_ndcg_at_1000_std": 0.29228,
        "nauc_ndcg_at_1000_diff1": 0.227069,
        "nauc_map_at_1_max": -0.0445,
        "nauc_map_at_1_std": -0.271278,
        "nauc_map_at_1_diff1": 0.081458,
        "nauc_map_at_3_max": 0.019263,
        "nauc_map_at_3_std": -0.233906,
        "nauc_map_at_3_diff1": 0.012947,
        "nauc_map_at_5_max": 0.118712,
        "nauc_map_at_5_std": -0.197654,
        "nauc_map_at_5_diff1": 0.084976,
        "nauc_map_at_10_max": 0.212507,
        "nauc_map_at_10_std": -0.131981,
        "nauc_map_at_10_diff1": 0.141049,
        "nauc_map_at_20_max": 0.312317,
        "nauc_map_at_20_std": -0.060765,
        "nauc_map_at_20_diff1": 0.187625,
        "nauc_map_at_100_max": 0.361609,
        "nauc_map_at_100_std": 0.003151,
        "nauc_map_at_100_diff1": 0.217321,
        "nauc_map_at_1000_max": 0.385716,
        "nauc_map_at_1000_std": 0.105025,
        "nauc_map_at_1000_diff1": 0.200258,
        "nauc_recall_at_1_max": -0.0445,
        "nauc_recall_at_1_std": -0.271278,
        "nauc_recall_at_1_diff1": 0.081458,
        "nauc_recall_at_3_max": -0.083883,
        "nauc_recall_at_3_std": -0.251829,
        "nauc_recall_at_3_diff1": -0.102388,
        "nauc_recall_at_5_max": -0.024862,
        "nauc_recall_at_5_std": -0.239532,
        "nauc_recall_at_5_diff1": -0.035128,
        "nauc_recall_at_10_max": 0.041996,
        "nauc_recall_at_10_std": -0.186025,
        "nauc_recall_at_10_diff1": -0.008731,
        "nauc_recall_at_20_max": 0.134383,
        "nauc_recall_at_20_std": -0.109252,
        "nauc_recall_at_20_diff1": 0.035737,
        "nauc_recall_at_100_max": 0.020085,
        "nauc_recall_at_100_std": -0.050247,
        "nauc_recall_at_100_diff1": 0.014439,
        "nauc_recall_at_1000_max": -0.031724,
        "nauc_recall_at_1000_std": -0.002536,
        "nauc_recall_at_1000_diff1": -0.106564,
        "nauc_precision_at_1_max": 0.657983,
        "nauc_precision_at_1_std": 0.301345,
        "nauc_precision_at_1_diff1": 0.508956,
        "nauc_precision_at_3_max": 0.677898,
        "nauc_precision_at_3_std": 0.34615,
        "nauc_precision_at_3_diff1": 0.340917,
        "nauc_precision_at_5_max": 0.695564,
        "nauc_precision_at_5_std": 0.330551,
        "nauc_precision_at_5_diff1": 0.382496,
        "nauc_precision_at_10_max": 0.65631,
        "nauc_precision_at_10_std": 0.385504,
        "nauc_precision_at_10_diff1": 0.288456,
        "nauc_precision_at_20_max": 0.660819,
        "nauc_precision_at_20_std": 0.466542,
        "nauc_precision_at_20_diff1": 0.22175,
        "nauc_precision_at_100_max": 0.373198,
        "nauc_precision_at_100_std": 0.559933,
        "nauc_precision_at_100_diff1": 0.088192,
        "nauc_precision_at_1000_max": 0.147141,
        "nauc_precision_at_1000_std": 0.625773,
        "nauc_precision_at_1000_diff1": -0.12701,
        "nauc_mrr_at_1_max": 0.657983,
        "nauc_mrr_at_1_std": 0.301345,
        "nauc_mrr_at_1_diff1": 0.508956,
        "nauc_mrr_at_3_max": 0.637597,
        "nauc_mrr_at_3_std": 0.292082,
        "nauc_mrr_at_3_diff1": 0.44235,
        "nauc_mrr_at_5_max": 0.620405,
        "nauc_mrr_at_5_std": 0.267318,
        "nauc_mrr_at_5_diff1": 0.449737,
        "nauc_mrr_at_10_max": 0.617723,
        "nauc_mrr_at_10_std": 0.278836,
        "nauc_mrr_at_10_diff1": 0.42991,
        "nauc_mrr_at_20_max": 0.625222,
        "nauc_mrr_at_20_std": 0.289407,
        "nauc_mrr_at_20_diff1": 0.430363,
        "nauc_mrr_at_100_max": 0.623945,
        "nauc_mrr_at_100_std": 0.291977,
        "nauc_mrr_at_100_diff1": 0.429177,
        "nauc_mrr_at_1000_max": 0.623939,
        "nauc_mrr_at_1000_std": 0.291413,
        "nauc_mrr_at_1000_diff1": 0.429803,
        "hit_rate_at_1": 0.42,
        "hit_rate_at_3": 0.54,
        "hit_rate_at_5": 0.66,
        "hit_rate_at_10": 0.74,
        "hit_rate_at_20": 0.78,
        "hit_rate_at_100": 0.88,
        "hit_rate_at_1000": 0.98,
        "main_score": 0.35931,
        "hf_subset": "default",
        "languages": [
          "eng-Latn"
        ]
      }
    ]
  },
  "evaluation_time": 133.17775177955627,
  "kg_co2_emissions": null,
  "date": null
}