{
  "dataset_revision": "78b585990279cc01a493f876c1b0cf09557fba57",
  "task_name": "R2MEDMedQADiagRetrieval",
  "mteb_version": "2.12.22",
  "scores": {
    "test": [
      {
        "ndcg_at_1": 0.07627,
        "ndcg_at_3": 0.0666,
        "ndcg_at_5": 0.07281,
        "ndcg_at_10": 0.08933,
        "ndcg_at_20": 0.10968,
        "ndcg_at_100": 0.16797,
        "ndcg_at_1000": 0.23172,
        "map_at_1": 0.02155,
        "map_at_3": 0.03804,
        "map_at_5": 0.04743,
        "map_at_10": 0.05785,
        "map_at_20": 0.06384,
        "map_at_100": 0.07405,
        "map_at_1000": 0.07774,
        "recall_at_1": 0.02155,
        "recall_at_3": 0.0493,
        "recall_at_5": 0.07296,
        "recall_at_10": 0.11188,
        "recall_at_20": 0.16575,
        "recall_at_100": 0.37643,
        "recall_at_1000": 0.71206,
        "accuracy": 0.02155,
        "precision_at_1": 0.07627,
        "precision_at_3": 0.05932,
        "precision_at_5": 0.05593,
        "precision_at_10": 0.04322,
        "precision_at_20": 0.0322,
        "precision_at_100": 0.01492,
        "precision_at_1000": 0.00295,
        "mrr_at_1": 0.076271,
        "mrr_at_3": 0.100282,
        "mrr_at_5": 0.111299,
        "mrr_at_10": 0.120194,
        "mrr_at_20": 0.126945,
        "mrr_at_100": 0.133748,
        "mrr_at_1000": 0.13477,
        "nauc_ndcg_at_1_max": 0.356589,
        "nauc_ndcg_at_1_std": 0.235772,
        "nauc_ndcg_at_1_diff1": 0.280839,
        "nauc_ndcg_at_3_max": 0.400669,
        "nauc_ndcg_at_3_std": 0.243827,
        "nauc_ndcg_at_3_diff1": 0.280857,
        "nauc_ndcg_at_5_max": 0.307745,
        "nauc_ndcg_at_5_std": 0.161306,
        "nauc_ndcg_at_5_diff1": 0.233891,
        "nauc_ndcg_at_10_max": 0.311365,
        "nauc_ndcg_at_10_std": 0.193336,
        "nauc_ndcg_at_10_diff1": 0.218975,
        "nauc_ndcg_at_20_max": 0.296529,
        "nauc_ndcg_at_20_std": 0.187967,
        "nauc_ndcg_at_20_diff1": 0.210765,
        "nauc_ndcg_at_100_max": 0.298997,
        "nauc_ndcg_at_100_std": 0.197688,
        "nauc_ndcg_at_100_diff1": 0.207503,
        "nauc_ndcg_at_1000_max": 0.333661,
        "nauc_ndcg_at_1000_std": 0.232035,
        "nauc_ndcg_at_1000_diff1": 0.203342,
        "nauc_map_at_1_max": 0.307699,
        "nauc_map_at_1_std": 0.23574,
        "nauc_map_at_1_diff1": 0.298429,
        "nauc_map_at_3_max": 0.439689,
        "nauc_map_at_3_std": 0.291802,
        "nauc_map_at_3_diff1": 0.357809,
        "nauc_map_at_5_max": 0.390395,
        "nauc_map_at_5_std": 0.217168,
        "nauc_map_at_5_diff1": 0.31966,
        "nauc_map_at_10_max": 0.392058,
        "nauc_map_at_10_std": 0.236363,
        "nauc_map_at_10_diff1": 0.307645,
        "nauc_map_at_20_max": 0.374625,
        "nauc_map_at_20_std": 0.229313,
        "nauc_map_at_20_diff1": 0.29478,
        "nauc_map_at_100_max": 0.365642,
        "nauc_map_at_100_std": 0.229497,
        "nauc_map_at_100_diff1": 0.280522,
        "nauc_map_at_1000_max": 0.370157,
        "nauc_map_at_1000_std": 0.235348,
        "nauc_map_at_1000_diff1": 0.280064,
        "nauc_recall_at_1_max": 0.307699,
        "nauc_recall_at_1_std": 0.23574,
        "nauc_recall_at_1_diff1": 0.298429,
        "nauc_recall_at_3_max": 0.3845,
        "nauc_recall_at_3_std": 0.245521,
        "nauc_recall_at_3_diff1": 0.271957,
        "nauc_recall_at_5_max": 0.267605,
        "nauc_recall_at_5_std": 0.118055,
        "nauc_recall_at_5_diff1": 0.187202,
        "nauc_recall_at_10_max": 0.250907,
        "nauc_recall_at_10_std": 0.162086,
        "nauc_recall_at_10_diff1": 0.149152,
        "nauc_recall_at_20_max": 0.233568,
        "nauc_recall_at_20_std": 0.155717,
        "nauc_recall_at_20_diff1": 0.149486,
        "nauc_recall_at_100_max": 0.209559,
        "nauc_recall_at_100_std": 0.143726,
        "nauc_recall_at_100_diff1": 0.163319,
        "nauc_recall_at_1000_max": 0.340163,
        "nauc_recall_at_1000_std": 0.289921,
        "nauc_recall_at_1000_diff1": 0.147996,
        "nauc_precision_at_1_max": 0.356589,
        "nauc_precision_at_1_std": 0.235772,
        "nauc_precision_at_1_diff1": 0.280839,
        "nauc_precision_at_3_max": 0.427924,
        "nauc_precision_at_3_std": 0.24961,
        "nauc_precision_at_3_diff1": 0.274892,
        "nauc_precision_at_5_max": 0.279942,
        "nauc_precision_at_5_std": 0.117799,
        "nauc_precision_at_5_diff1": 0.202054,
        "nauc_precision_at_10_max": 0.274708,
        "nauc_precision_at_10_std": 0.18408,
        "nauc_precision_at_10_diff1": 0.179444,
        "nauc_precision_at_20_max": 0.239738,
        "nauc_precision_at_20_std": 0.16633,
        "nauc_precision_at_20_diff1": 0.163778,
        "nauc_precision_at_100_max": 0.238323,
        "nauc_precision_at_100_std": 0.158393,
        "nauc_precision_at_100_diff1": 0.126863,
        "nauc_precision_at_1000_max": 0.196735,
        "nauc_precision_at_1000_std": 0.132023,
        "nauc_precision_at_1000_diff1": 0.072501,
        "nauc_mrr_at_1_max": 0.356589,
        "nauc_mrr_at_1_std": 0.235772,
        "nauc_mrr_at_1_diff1": 0.280839,
        "nauc_mrr_at_3_max": 0.347402,
        "nauc_mrr_at_3_std": 0.201195,
        "nauc_mrr_at_3_diff1": 0.226825,
        "nauc_mrr_at_5_max": 0.300371,
        "nauc_mrr_at_5_std": 0.170893,
        "nauc_mrr_at_5_diff1": 0.19681,
        "nauc_mrr_at_10_max": 0.293462,
        "nauc_mrr_at_10_std": 0.177324,
        "nauc_mrr_at_10_diff1": 0.1871,
        "nauc_mrr_at_20_max": 0.29252,
        "nauc_mrr_at_20_std": 0.17806,
        "nauc_mrr_at_20_diff1": 0.188449,
        "nauc_mrr_at_100_max": 0.299739,
        "nauc_mrr_at_100_std": 0.183537,
        "nauc_mrr_at_100_diff1": 0.194352,
        "nauc_mrr_at_1000_max": 0.300565,
        "nauc_mrr_at_1000_std": 0.183532,
        "nauc_mrr_at_1000_diff1": 0.193711,
        "hit_rate_at_1": 0.07627,
        "hit_rate_at_3": 0.13559,
        "hit_rate_at_5": 0.18644,
        "hit_rate_at_10": 0.25424,
        "hit_rate_at_20": 0.35593,
        "hit_rate_at_100": 0.61864,
        "hit_rate_at_1000": 0.87288,
        "main_score": 0.08933,
        "hf_subset": "default",
        "languages": [
          "eng-Latn"
        ]
      }
    ]
  },
  "evaluation_time": 1554.4782421588898,
  "kg_co2_emissions": null,
  "date": null
}