{
  "dataset_revision": "b457ea43db9ae5db74c3a3e5be0a213d0f85ac3a",
  "task_name": "R2MEDMedXpertQAExamRetrieval",
  "mteb_version": "2.12.22",
  "scores": {
    "test": [
      {
        "ndcg_at_1": 0.04124,
        "ndcg_at_3": 0.04041,
        "ndcg_at_5": 0.04885,
        "ndcg_at_10": 0.06132,
        "ndcg_at_20": 0.07497,
        "ndcg_at_100": 0.11743,
        "ndcg_at_1000": 0.18416,
        "map_at_1": 0.02234,
        "map_at_3": 0.0287,
        "map_at_5": 0.03349,
        "map_at_10": 0.03948,
        "map_at_20": 0.04332,
        "map_at_100": 0.04865,
        "map_at_1000": 0.05168,
        "recall_at_1": 0.02234,
        "recall_at_3": 0.03841,
        "recall_at_5": 0.05852,
        "recall_at_10": 0.08635,
        "recall_at_20": 0.12753,
        "recall_at_100": 0.31092,
        "recall_at_1000": 0.71492,
        "accuracy": 0.02234,
        "precision_at_1": 0.04124,
        "precision_at_3": 0.03093,
        "precision_at_5": 0.0268,
        "precision_at_10": 0.02268,
        "precision_at_20": 0.01701,
        "precision_at_100": 0.00835,
        "precision_at_1000": 0.00203,
        "mrr_at_1": 0.041237,
        "mrr_at_3": 0.061856,
        "mrr_at_5": 0.068557,
        "mrr_at_10": 0.073924,
        "mrr_at_20": 0.078913,
        "mrr_at_100": 0.085116,
        "mrr_at_1000": 0.08661,
        "nauc_ndcg_at_1_max": 0.122126,
        "nauc_ndcg_at_1_std": 0.088515,
        "nauc_ndcg_at_1_diff1": 0.344066,
        "nauc_ndcg_at_3_max": 0.033936,
        "nauc_ndcg_at_3_std": 0.04552,
        "nauc_ndcg_at_3_diff1": 0.042562,
        "nauc_ndcg_at_5_max": 0.085631,
        "nauc_ndcg_at_5_std": 0.154642,
        "nauc_ndcg_at_5_diff1": 0.080696,
        "nauc_ndcg_at_10_max": 0.075683,
        "nauc_ndcg_at_10_std": 0.168487,
        "nauc_ndcg_at_10_diff1": 0.064571,
        "nauc_ndcg_at_20_max": 0.062307,
        "nauc_ndcg_at_20_std": 0.150701,
        "nauc_ndcg_at_20_diff1": 0.099343,
        "nauc_ndcg_at_100_max": 0.079234,
        "nauc_ndcg_at_100_std": 0.175089,
        "nauc_ndcg_at_100_diff1": 0.03961,
        "nauc_ndcg_at_1000_max": 0.105871,
        "nauc_ndcg_at_1000_std": 0.225604,
        "nauc_ndcg_at_1000_diff1": 0.064205,
        "nauc_map_at_1_max": 0.006021,
        "nauc_map_at_1_std": 0.042476,
        "nauc_map_at_1_diff1": 0.116068,
        "nauc_map_at_3_max": -0.005597,
        "nauc_map_at_3_std": 0.024021,
        "nauc_map_at_3_diff1": 0.047747,
        "nauc_map_at_5_max": 0.042678,
        "nauc_map_at_5_std": 0.108865,
        "nauc_map_at_5_diff1": 0.068471,
        "nauc_map_at_10_max": 0.029979,
        "nauc_map_at_10_std": 0.119501,
        "nauc_map_at_10_diff1": 0.050485,
        "nauc_map_at_20_max": 0.027208,
        "nauc_map_at_20_std": 0.116202,
        "nauc_map_at_20_diff1": 0.071812,
        "nauc_map_at_100_max": 0.031533,
        "nauc_map_at_100_std": 0.12284,
        "nauc_map_at_100_diff1": 0.06197,
        "nauc_map_at_1000_max": 0.032984,
        "nauc_map_at_1000_std": 0.123606,
        "nauc_map_at_1000_diff1": 0.066492,
        "nauc_recall_at_1_max": 0.006021,
        "nauc_recall_at_1_std": 0.042476,
        "nauc_recall_at_1_diff1": 0.116068,
        "nauc_recall_at_3_max": -0.013549,
        "nauc_recall_at_3_std": -0.003734,
        "nauc_recall_at_3_diff1": -0.013998,
        "nauc_recall_at_5_max": 0.121913,
        "nauc_recall_at_5_std": 0.199838,
        "nauc_recall_at_5_diff1": 0.096674,
        "nauc_recall_at_10_max": 0.084467,
        "nauc_recall_at_10_std": 0.205607,
        "nauc_recall_at_10_diff1": 0.063393,
        "nauc_recall_at_20_max": 0.069559,
        "nauc_recall_at_20_std": 0.168814,
        "nauc_recall_at_20_diff1": 0.11946,
        "nauc_recall_at_100_max": 0.118283,
        "nauc_recall_at_100_std": 0.218519,
        "nauc_recall_at_100_diff1": -0.021424,
        "nauc_recall_at_1000_max": 0.310767,
        "nauc_recall_at_1000_std": 0.472875,
        "nauc_recall_at_1000_diff1": 0.042442,
        "nauc_precision_at_1_max": 0.122126,
        "nauc_precision_at_1_std": 0.088515,
        "nauc_precision_at_1_diff1": 0.344066,
        "nauc_precision_at_3_max": 0.088424,
        "nauc_precision_at_3_std": 0.060865,
        "nauc_precision_at_3_diff1": 0.028756,
        "nauc_precision_at_5_max": 0.128649,
        "nauc_precision_at_5_std": 0.260339,
        "nauc_precision_at_5_diff1": 0.012532,
        "nauc_precision_at_10_max": 0.114132,
        "nauc_precision_at_10_std": 0.22725,
        "nauc_precision_at_10_diff1": -0.009955,
        "nauc_precision_at_20_max": 0.047967,
        "nauc_precision_at_20_std": 0.149575,
        "nauc_precision_at_20_diff1": 0.0685,
        "nauc_precision_at_100_max": 0.057208,
        "nauc_precision_at_100_std": 0.154831,
        "nauc_precision_at_100_diff1": -0.068994,
        "nauc_precision_at_1000_max": -0.0177,
        "nauc_precision_at_1000_std": 0.14745,
        "nauc_precision_at_1000_diff1": -0.082721,
        "nauc_mrr_at_1_max": 0.122126,
        "nauc_mrr_at_1_std": 0.088515,
        "nauc_mrr_at_1_diff1": 0.344066,
        "nauc_mrr_at_3_max": 0.095437,
        "nauc_mrr_at_3_std": 0.079506,
        "nauc_mrr_at_3_diff1": 0.156396,
        "nauc_mrr_at_5_max": 0.10992,
        "nauc_mrr_at_5_std": 0.142053,
        "nauc_mrr_at_5_diff1": 0.146163,
        "nauc_mrr_at_10_max": 0.127738,
        "nauc_mrr_at_10_std": 0.15467,
        "nauc_mrr_at_10_diff1": 0.140865,
        "nauc_mrr_at_20_max": 0.119215,
        "nauc_mrr_at_20_std": 0.144652,
        "nauc_mrr_at_20_diff1": 0.150631,
        "nauc_mrr_at_100_max": 0.113616,
        "nauc_mrr_at_100_std": 0.141093,
        "nauc_mrr_at_100_diff1": 0.14366,
        "nauc_mrr_at_1000_max": 0.11553,
        "nauc_mrr_at_1000_std": 0.142879,
        "nauc_mrr_at_1000_diff1": 0.146518,
        "hit_rate_at_1": 0.04124,
        "hit_rate_at_3": 0.09278,
        "hit_rate_at_5": 0.12371,
        "hit_rate_at_10": 0.16495,
        "hit_rate_at_20": 0.23711,
        "hit_rate_at_100": 0.50515,
        "hit_rate_at_1000": 0.86598,
        "main_score": 0.06132,
        "hf_subset": "default",
        "languages": [
          "eng-Latn"
        ]
      }
    ]
  },
  "evaluation_time": 1446.4145033359528,
  "kg_co2_emissions": null,
  "date": null
}