{
  "dataset_revision": "ed0a01c3e4d39ec17badb87405e595322f8f2b86",
  "task_name": "RARbCode",
  "mteb_version": "2.12.23",
  "scores": {
    "test": [
      {
        "ndcg_at_1": 0.56806,
        "ndcg_at_3": 0.67592,
        "ndcg_at_5": 0.71026,
        "ndcg_at_10": 0.73662,
        "ndcg_at_20": 0.74512,
        "ndcg_at_100": 0.75231,
        "ndcg_at_1000": 0.75374,
        "map_at_1": 0.56806,
        "map_at_3": 0.6496,
        "map_at_5": 0.66877,
        "map_at_10": 0.67964,
        "map_at_20": 0.68197,
        "map_at_100": 0.68308,
        "map_at_1000": 0.68314,
        "recall_at_1": 0.56806,
        "recall_at_3": 0.75202,
        "recall_at_5": 0.83491,
        "recall_at_10": 0.91644,
        "recall_at_20": 0.95013,
        "recall_at_100": 0.9872,
        "recall_at_1000": 0.99798,
        "accuracy": 0.56806,
        "precision_at_1": 0.56806,
        "precision_at_3": 0.25067,
        "precision_at_5": 0.16698,
        "precision_at_10": 0.09164,
        "precision_at_20": 0.04751,
        "precision_at_100": 0.00987,
        "precision_at_1000": 0.001,
        "mrr_at_1": 0.568059,
        "mrr_at_3": 0.649596,
        "mrr_at_5": 0.668733,
        "mrr_at_10": 0.679593,
        "mrr_at_20": 0.681957,
        "mrr_at_100": 0.683036,
        "mrr_at_1000": 0.683099,
        "nauc_ndcg_at_1_max": 0.516826,
        "nauc_ndcg_at_1_std": 0.028099,
        "nauc_ndcg_at_1_diff1": 0.62081,
        "nauc_ndcg_at_3_max": 0.53565,
        "nauc_ndcg_at_3_std": 0.047155,
        "nauc_ndcg_at_3_diff1": 0.567566,
        "nauc_ndcg_at_5_max": 0.531499,
        "nauc_ndcg_at_5_std": 0.040726,
        "nauc_ndcg_at_5_diff1": 0.558486,
        "nauc_ndcg_at_10_max": 0.535923,
        "nauc_ndcg_at_10_std": 0.053078,
        "nauc_ndcg_at_10_diff1": 0.567706,
        "nauc_ndcg_at_20_max": 0.534072,
        "nauc_ndcg_at_20_std": 0.051914,
        "nauc_ndcg_at_20_diff1": 0.573505,
        "nauc_ndcg_at_100_max": 0.531839,
        "nauc_ndcg_at_100_std": 0.04982,
        "nauc_ndcg_at_100_diff1": 0.576959,
        "nauc_ndcg_at_1000_max": 0.530917,
        "nauc_ndcg_at_1000_std": 0.04692,
        "nauc_ndcg_at_1000_diff1": 0.577416,
        "nauc_map_at_1_max": 0.516826,
        "nauc_map_at_1_std": 0.028099,
        "nauc_map_at_1_diff1": 0.62081,
        "nauc_map_at_3_max": 0.530423,
        "nauc_map_at_3_std": 0.042166,
        "nauc_map_at_3_diff1": 0.581483,
        "nauc_map_at_5_max": 0.528035,
        "nauc_map_at_5_std": 0.038643,
        "nauc_map_at_5_diff1": 0.57771,
        "nauc_map_at_10_max": 0.5292,
        "nauc_map_at_10_std": 0.042782,
        "nauc_map_at_10_diff1": 0.581647,
        "nauc_map_at_20_max": 0.528779,
        "nauc_map_at_20_std": 0.042453,
        "nauc_map_at_20_diff1": 0.583004,
        "nauc_map_at_100_max": 0.528392,
        "nauc_map_at_100_std": 0.042078,
        "nauc_map_at_100_diff1": 0.58328,
        "nauc_map_at_1000_max": 0.528361,
        "nauc_map_at_1000_std": 0.041977,
        "nauc_map_at_1000_diff1": 0.583294,
        "nauc_recall_at_1_max": 0.516826,
        "nauc_recall_at_1_std": 0.028099,
        "nauc_recall_at_1_diff1": 0.62081,
        "nauc_recall_at_3_max": 0.554762,
        "nauc_recall_at_3_std": 0.065239,
        "nauc_recall_at_3_diff1": 0.517137,
        "nauc_recall_at_5_max": 0.547507,
        "nauc_recall_at_5_std": 0.049205,
        "nauc_recall_at_5_diff1": 0.462735,
        "nauc_recall_at_10_max": 0.600577,
        "nauc_recall_at_10_std": 0.155955,
        "nauc_recall_at_10_diff1": 0.452415,
        "nauc_recall_at_20_max": 0.611783,
        "nauc_recall_at_20_std": 0.205464,
        "nauc_recall_at_20_diff1": 0.472441,
        "nauc_recall_at_100_max": 0.686451,
        "nauc_recall_at_100_std": 0.507688,
        "nauc_recall_at_100_diff1": 0.510705,
        "nauc_recall_at_1000_max": 0.807841,
        "nauc_recall_at_1000_std": 0.758813,
        "nauc_recall_at_1000_diff1": 0.515421,
        "nauc_precision_at_1_max": 0.516826,
        "nauc_precision_at_1_std": 0.028099,
        "nauc_precision_at_1_diff1": 0.62081,
        "nauc_precision_at_3_max": 0.554762,
        "nauc_precision_at_3_std": 0.065239,
        "nauc_precision_at_3_diff1": 0.517137,
        "nauc_precision_at_5_max": 0.547507,
        "nauc_precision_at_5_std": 0.049205,
        "nauc_precision_at_5_diff1": 0.462735,
        "nauc_precision_at_10_max": 0.600577,
        "nauc_precision_at_10_std": 0.155955,
        "nauc_precision_at_10_diff1": 0.452415,
        "nauc_precision_at_20_max": 0.611783,
        "nauc_precision_at_20_std": 0.205464,
        "nauc_precision_at_20_diff1": 0.472441,
        "nauc_precision_at_100_max": 0.686451,
        "nauc_precision_at_100_std": 0.507688,
        "nauc_precision_at_100_diff1": 0.510705,
        "nauc_precision_at_1000_max": 0.807841,
        "nauc_precision_at_1000_std": 0.758813,
        "nauc_precision_at_1000_diff1": 0.515421,
        "nauc_mrr_at_1_max": 0.516826,
        "nauc_mrr_at_1_std": 0.028099,
        "nauc_mrr_at_1_diff1": 0.62081,
        "nauc_mrr_at_3_max": 0.530423,
        "nauc_mrr_at_3_std": 0.042166,
        "nauc_mrr_at_3_diff1": 0.581483,
        "nauc_mrr_at_5_max": 0.528103,
        "nauc_mrr_at_5_std": 0.038765,
        "nauc_mrr_at_5_diff1": 0.577692,
        "nauc_mrr_at_10_max": 0.529259,
        "nauc_mrr_at_10_std": 0.042943,
        "nauc_mrr_at_10_diff1": 0.581567,
        "nauc_mrr_at_20_max": 0.528892,
        "nauc_mrr_at_20_std": 0.042696,
        "nauc_mrr_at_20_diff1": 0.582885,
        "nauc_mrr_at_100_max": 0.528454,
        "nauc_mrr_at_100_std": 0.042245,
        "nauc_mrr_at_100_diff1": 0.583197,
        "nauc_mrr_at_1000_max": 0.528423,
        "nauc_mrr_at_1000_std": 0.042144,
        "nauc_mrr_at_1000_diff1": 0.583211,
        "hit_rate_at_1": 0.56806,
        "hit_rate_at_3": 0.75202,
        "hit_rate_at_5": 0.83491,
        "hit_rate_at_10": 0.91644,
        "hit_rate_at_20": 0.95013,
        "hit_rate_at_100": 0.9872,
        "hit_rate_at_1000": 0.99798,
        "main_score": 0.73662,
        "hf_subset": "default",
        "languages": [
          "eng-Latn"
        ]
      }
    ]
  },
  "evaluation_time": 1218.7160396575928,
  "kg_co2_emissions": null,
  "date": null
}