{
  "dataset_revision": "local",
  "task_name": "WikiLV",
  "mteb_version": "2.12.30",
  "scores": {
    "test": [
      {
        "ndcg_at_1": 0.87253,
        "ndcg_at_3": 0.90285,
        "ndcg_at_5": 0.90939,
        "ndcg_at_10": 0.91565,
        "ndcg_at_20": 0.91955,
        "ndcg_at_100": 0.92345,
        "ndcg_at_1000": 0.92423,
        "map_at_1": 0.87253,
        "map_at_3": 0.8958,
        "map_at_5": 0.89945,
        "map_at_10": 0.90203,
        "map_at_20": 0.90308,
        "map_at_100": 0.90366,
        "map_at_1000": 0.9037,
        "recall_at_1": 0.87253,
        "recall_at_3": 0.92308,
        "recall_at_5": 0.93886,
        "recall_at_10": 0.95824,
        "recall_at_20": 0.97383,
        "recall_at_100": 0.99421,
        "recall_at_1000": 1.0,
        "accuracy": 0.87253,
        "precision_at_1": 0.87253,
        "precision_at_3": 0.30769,
        "precision_at_5": 0.18777,
        "precision_at_10": 0.09582,
        "precision_at_20": 0.04869,
        "precision_at_100": 0.00994,
        "precision_at_1000": 0.001,
        "mrr_at_1": 0.872527,
        "mrr_at_3": 0.895804,
        "mrr_at_5": 0.899451,
        "mrr_at_10": 0.902034,
        "mrr_at_20": 0.903081,
        "mrr_at_100": 0.903664,
        "mrr_at_1000": 0.9037,
        "nauc_ndcg_at_1_max": 0.868717,
        "nauc_ndcg_at_1_std": 0.133023,
        "nauc_ndcg_at_1_diff1": 0.940586,
        "nauc_ndcg_at_3_max": 0.882343,
        "nauc_ndcg_at_3_std": 0.148675,
        "nauc_ndcg_at_3_diff1": 0.927154,
        "nauc_ndcg_at_5_max": 0.882295,
        "nauc_ndcg_at_5_std": 0.156774,
        "nauc_ndcg_at_5_diff1": 0.926899,
        "nauc_ndcg_at_10_max": 0.883005,
        "nauc_ndcg_at_10_std": 0.167564,
        "nauc_ndcg_at_10_diff1": 0.926713,
        "nauc_ndcg_at_20_max": 0.881713,
        "nauc_ndcg_at_20_std": 0.16435,
        "nauc_ndcg_at_20_diff1": 0.927587,
        "nauc_ndcg_at_100_max": 0.879791,
        "nauc_ndcg_at_100_std": 0.162297,
        "nauc_ndcg_at_100_diff1": 0.928282,
        "nauc_ndcg_at_1000_max": 0.879639,
        "nauc_ndcg_at_1000_std": 0.15734,
        "nauc_ndcg_at_1000_diff1": 0.929188,
        "nauc_map_at_1_max": 0.868717,
        "nauc_map_at_1_std": 0.133023,
        "nauc_map_at_1_diff1": 0.940586,
        "nauc_map_at_3_max": 0.878419,
        "nauc_map_at_3_std": 0.144564,
        "nauc_map_at_3_diff1": 0.930331,
        "nauc_map_at_5_max": 0.87829,
        "nauc_map_at_5_std": 0.148648,
        "nauc_map_at_5_diff1": 0.930286,
        "nauc_map_at_10_max": 0.87859,
        "nauc_map_at_10_std": 0.152637,
        "nauc_map_at_10_diff1": 0.930376,
        "nauc_map_at_20_max": 0.878223,
        "nauc_map_at_20_std": 0.151794,
        "nauc_map_at_20_diff1": 0.930592,
        "nauc_map_at_100_max": 0.877961,
        "nauc_map_at_100_std": 0.151455,
        "nauc_map_at_100_diff1": 0.930682,
        "nauc_map_at_1000_max": 0.877969,
        "nauc_map_at_1000_std": 0.151295,
        "nauc_map_at_1000_diff1": 0.930728,
        "nauc_recall_at_1_max": 0.868717,
        "nauc_recall_at_1_std": 0.133023,
        "nauc_recall_at_1_diff1": 0.940586,
        "nauc_recall_at_3_max": 0.897388,
        "nauc_recall_at_3_std": 0.164214,
        "nauc_recall_at_3_diff1": 0.915359,
        "nauc_recall_at_5_max": 0.900836,
        "nauc_recall_at_5_std": 0.195792,
        "nauc_recall_at_5_diff1": 0.911639,
        "nauc_recall_at_10_max": 0.911926,
        "nauc_recall_at_10_std": 0.275629,
        "nauc_recall_at_10_diff1": 0.902648,
        "nauc_recall_at_20_max": 0.914395,
        "nauc_recall_at_20_std": 0.300262,
        "nauc_recall_at_20_diff1": 0.899432,
        "nauc_recall_at_100_max": 0.9027,
        "nauc_recall_at_100_std": 0.64753,
        "nauc_recall_at_100_diff1": 0.84998,
        "nauc_recall_at_1000_max": NaN,
        "nauc_recall_at_1000_std": NaN,
        "nauc_recall_at_1000_diff1": NaN,
        "nauc_precision_at_1_max": 0.868717,
        "nauc_precision_at_1_std": 0.133023,
        "nauc_precision_at_1_diff1": 0.940586,
        "nauc_precision_at_3_max": 0.897388,
        "nauc_precision_at_3_std": 0.164214,
        "nauc_precision_at_3_diff1": 0.915359,
        "nauc_precision_at_5_max": 0.900836,
        "nauc_precision_at_5_std": 0.195792,
        "nauc_precision_at_5_diff1": 0.911639,
        "nauc_precision_at_10_max": 0.911926,
        "nauc_precision_at_10_std": 0.275629,
        "nauc_precision_at_10_diff1": 0.902648,
        "nauc_precision_at_20_max": 0.914395,
        "nauc_precision_at_20_std": 0.300262,
        "nauc_precision_at_20_diff1": 0.899432,
        "nauc_precision_at_100_max": 0.9027,
        "nauc_precision_at_100_std": 0.64753,
        "nauc_precision_at_100_diff1": 0.84998,
        "nauc_precision_at_1000_max": 1.0,
        "nauc_precision_at_1000_std": 1.0,
        "nauc_precision_at_1000_diff1": 1.0,
        "nauc_mrr_at_1_max": 0.868717,
        "nauc_mrr_at_1_std": 0.133023,
        "nauc_mrr_at_1_diff1": 0.940586,
        "nauc_mrr_at_3_max": 0.878419,
        "nauc_mrr_at_3_std": 0.144564,
        "nauc_mrr_at_3_diff1": 0.930331,
        "nauc_mrr_at_5_max": 0.87829,
        "nauc_mrr_at_5_std": 0.148648,
        "nauc_mrr_at_5_diff1": 0.930286,
        "nauc_mrr_at_10_max": 0.87859,
        "nauc_mrr_at_10_std": 0.152637,
        "nauc_mrr_at_10_diff1": 0.930376,
        "nauc_mrr_at_20_max": 0.878223,
        "nauc_mrr_at_20_std": 0.151794,
        "nauc_mrr_at_20_diff1": 0.930592,
        "nauc_mrr_at_100_max": 0.877961,
        "nauc_mrr_at_100_std": 0.151455,
        "nauc_mrr_at_100_diff1": 0.930682,
        "nauc_mrr_at_1000_max": 0.877969,
        "nauc_mrr_at_1000_std": 0.151295,
        "nauc_mrr_at_1000_diff1": 0.930728,
        "hit_rate_at_1": 0.87253,
        "hit_rate_at_3": 0.92308,
        "hit_rate_at_5": 0.93886,
        "hit_rate_at_10": 0.95824,
        "hit_rate_at_20": 0.97383,
        "hit_rate_at_100": 0.99421,
        "hit_rate_at_1000": 1.0,
        "main_score": 0.91565,
        "hf_subset": "default",
        "languages": [
          "lav-Latn"
        ]
      }
    ]
  },
  "evaluation_time": 24.123507738113403,
  "kg_co2_emissions": null,
  "date": null
}