{
  "dataset_revision": "fd7df84ac089bbec763b1c6bb1b56e985df5cc5c",
  "task_name": "AutoRAGRetrieval",
  "mteb_version": "2.9.0",
  "scores": {
    "test": [
      {
        "ndcg_at_1": 0.02632,
        "ndcg_at_3": 0.05608,
        "ndcg_at_5": 0.05608,
        "ndcg_at_10": 0.06441,
        "ndcg_at_20": 0.07746,
        "ndcg_at_100": 0.11424,
        "ndcg_at_1000": 0.19221,
        "map_at_1": 0.02632,
        "map_at_3": 0.04825,
        "map_at_5": 0.04825,
        "map_at_10": 0.05157,
        "map_at_20": 0.05502,
        "map_at_100": 0.05931,
        "map_at_1000": 0.06184,
        "recall_at_1": 0.02632,
        "recall_at_3": 0.07895,
        "recall_at_5": 0.07895,
        "recall_at_10": 0.10526,
        "recall_at_20": 0.15789,
        "recall_at_100": 0.36842,
        "recall_at_1000": 1.0,
        "accuracy": 0.02632,
        "precision_at_1": 0.02632,
        "precision_at_3": 0.02632,
        "precision_at_5": 0.01579,
        "precision_at_10": 0.01053,
        "precision_at_20": 0.00789,
        "precision_at_100": 0.00368,
        "precision_at_1000": 0.001,
        "mrr_at_1": 0.026316,
        "mrr_at_3": 0.048246,
        "mrr_at_5": 0.048246,
        "mrr_at_10": 0.05157,
        "mrr_at_20": 0.055021,
        "mrr_at_100": 0.059315,
        "mrr_at_1000": 0.061841,
        "nauc_ndcg_at_1_max": -0.519883,
        "nauc_ndcg_at_1_std": -0.516624,
        "nauc_ndcg_at_1_diff1": 1.0,
        "nauc_ndcg_at_3_max": -0.30718,
        "nauc_ndcg_at_3_std": -0.421327,
        "nauc_ndcg_at_3_diff1": 0.543779,
        "nauc_ndcg_at_5_max": -0.30718,
        "nauc_ndcg_at_5_std": -0.421327,
        "nauc_ndcg_at_5_diff1": 0.543779,
        "nauc_ndcg_at_10_max": -0.238238,
        "nauc_ndcg_at_10_std": -0.403723,
        "nauc_ndcg_at_10_diff1": 0.473045,
        "nauc_ndcg_at_20_max": -0.256194,
        "nauc_ndcg_at_20_std": -0.363271,
        "nauc_ndcg_at_20_diff1": 0.42552,
        "nauc_ndcg_at_100_max": -0.249527,
        "nauc_ndcg_at_100_std": -0.397353,
        "nauc_ndcg_at_100_diff1": 0.385002,
        "nauc_ndcg_at_1000_max": -0.272144,
        "nauc_ndcg_at_1000_std": -0.395357,
        "nauc_ndcg_at_1000_diff1": 0.450837,
        "nauc_map_at_1_max": -0.519883,
        "nauc_map_at_1_std": -0.516624,
        "nauc_map_at_1_diff1": 1.0,
        "nauc_map_at_3_max": -0.333623,
        "nauc_map_at_3_std": -0.441402,
        "nauc_map_at_3_diff1": 0.607532,
        "nauc_map_at_5_max": -0.333623,
        "nauc_map_at_5_std": -0.441402,
        "nauc_map_at_5_diff1": 0.607532,
        "nauc_map_at_10_max": -0.298261,
        "nauc_map_at_10_std": -0.431286,
        "nauc_map_at_10_diff1": 0.569608,
        "nauc_map_at_20_max": -0.301214,
        "nauc_map_at_20_std": -0.417095,
        "nauc_map_at_20_diff1": 0.55123,
        "nauc_map_at_100_max": -0.301579,
        "nauc_map_at_100_std": -0.421519,
        "nauc_map_at_100_diff1": 0.541924,
        "nauc_map_at_1000_max": -0.302803,
        "nauc_map_at_1000_std": -0.42046,
        "nauc_map_at_1000_diff1": 0.544086,
        "nauc_recall_at_1_max": -0.519883,
        "nauc_recall_at_1_std": -0.516624,
        "nauc_recall_at_1_diff1": 1.0,
        "nauc_recall_at_3_max": -0.260934,
        "nauc_recall_at_3_std": -0.38402,
        "nauc_recall_at_3_diff1": 0.430404,
        "nauc_recall_at_5_max": -0.260934,
        "nauc_recall_at_5_std": -0.38402,
        "nauc_recall_at_5_diff1": 0.430404,
        "nauc_recall_at_10_max": -0.13542,
        "nauc_recall_at_10_std": -0.35863,
        "nauc_recall_at_10_diff1": 0.315391,
        "nauc_recall_at_20_max": -0.202087,
        "nauc_recall_at_20_std": -0.280013,
        "nauc_recall_at_20_diff1": 0.246399,
        "nauc_recall_at_100_max": -0.192997,
        "nauc_recall_at_100_std": -0.388557,
        "nauc_recall_at_100_diff1": 0.201649,
        "nauc_recall_at_1000_max": NaN,
        "nauc_recall_at_1000_std": NaN,
        "nauc_recall_at_1000_diff1": NaN,
        "nauc_precision_at_1_max": -0.519883,
        "nauc_precision_at_1_std": -0.516624,
        "nauc_precision_at_1_diff1": 1.0,
        "nauc_precision_at_3_max": -0.260934,
        "nauc_precision_at_3_std": -0.38402,
        "nauc_precision_at_3_diff1": 0.430404,
        "nauc_precision_at_5_max": -0.260934,
        "nauc_precision_at_5_std": -0.38402,
        "nauc_precision_at_5_diff1": 0.430404,
        "nauc_precision_at_10_max": -0.13542,
        "nauc_precision_at_10_std": -0.35863,
        "nauc_precision_at_10_diff1": 0.315391,
        "nauc_precision_at_20_max": -0.202087,
        "nauc_precision_at_20_std": -0.280013,
        "nauc_precision_at_20_diff1": 0.246399,
        "nauc_precision_at_100_max": -0.192997,
        "nauc_precision_at_100_std": -0.388557,
        "nauc_precision_at_100_diff1": 0.201649,
        "nauc_precision_at_1000_max": 1.0,
        "nauc_precision_at_1000_std": 1.0,
        "nauc_precision_at_1000_diff1": 1.0,
        "nauc_mrr_at_1_max": -0.519883,
        "nauc_mrr_at_1_std": -0.516624,
        "nauc_mrr_at_1_diff1": 1.0,
        "nauc_mrr_at_3_max": -0.333623,
        "nauc_mrr_at_3_std": -0.441402,
        "nauc_mrr_at_3_diff1": 0.607532,
        "nauc_mrr_at_5_max": -0.333623,
        "nauc_mrr_at_5_std": -0.441402,
        "nauc_mrr_at_5_diff1": 0.607532,
        "nauc_mrr_at_10_max": -0.298261,
        "nauc_mrr_at_10_std": -0.431286,
        "nauc_mrr_at_10_diff1": 0.569608,
        "nauc_mrr_at_20_max": -0.301214,
        "nauc_mrr_at_20_std": -0.417095,
        "nauc_mrr_at_20_diff1": 0.55123,
        "nauc_mrr_at_100_max": -0.301579,
        "nauc_mrr_at_100_std": -0.421519,
        "nauc_mrr_at_100_diff1": 0.541924,
        "nauc_mrr_at_1000_max": -0.302803,
        "nauc_mrr_at_1000_std": -0.42046,
        "nauc_mrr_at_1000_diff1": 0.544086,
        "cv_recall_at_1": 0.02632,
        "cv_recall_at_3": 0.07895,
        "cv_recall_at_5": 0.07895,
        "cv_recall_at_10": 0.10526,
        "cv_recall_at_20": 0.15789,
        "cv_recall_at_100": 0.36842,
        "cv_recall_at_1000": 1.0,
        "main_score": 0.06441,
        "hf_subset": "default",
        "languages": [
          "kor-Hang"
        ]
      }
    ]
  },
  "evaluation_time": 56.787047147750854,
  "kg_co2_emissions": null,
  "date": null
}