{
  "dataset_revision": "49c07b6",
  "task_name": "BarExamQA",
  "mteb_version": "2.9.0",
  "scores": {
    "test": [
      {
        "ndcg_at_1": 0.19658,
        "ndcg_at_3": 0.30179,
        "ndcg_at_5": 0.33966,
        "ndcg_at_10": 0.37554,
        "ndcg_at_20": 0.41468,
        "ndcg_at_100": 0.46501,
        "ndcg_at_1000": 0.46501,
        "map_at_1": 0.19658,
        "map_at_3": 0.2735,
        "map_at_5": 0.29402,
        "map_at_10": 0.30878,
        "map_at_20": 0.31966,
        "map_at_100": 0.3277,
        "map_at_1000": 0.3277,
        "recall_at_1": 0.19658,
        "recall_at_3": 0.38462,
        "recall_at_5": 0.47863,
        "recall_at_10": 0.58974,
        "recall_at_20": 0.74359,
        "recall_at_100": 1.0,
        "recall_at_1000": 1.0,
        "accuracy": 0.19658,
        "precision_at_1": 0.19658,
        "precision_at_3": 0.12821,
        "precision_at_5": 0.09573,
        "precision_at_10": 0.05897,
        "precision_at_20": 0.03718,
        "precision_at_100": 0.01,
        "precision_at_1000": 0.001,
        "mrr_at_1": 0.196581,
        "mrr_at_3": 0.273504,
        "mrr_at_5": 0.294017,
        "mrr_at_10": 0.308778,
        "mrr_at_20": 0.319662,
        "mrr_at_100": 0.327701,
        "mrr_at_1000": 0.327701,
        "nauc_ndcg_at_1_max": 0.381524,
        "nauc_ndcg_at_1_std": 0.172636,
        "nauc_ndcg_at_1_diff1": 0.214096,
        "nauc_ndcg_at_3_max": 0.431491,
        "nauc_ndcg_at_3_std": 0.221058,
        "nauc_ndcg_at_3_diff1": 0.210668,
        "nauc_ndcg_at_5_max": 0.390342,
        "nauc_ndcg_at_5_std": 0.182363,
        "nauc_ndcg_at_5_diff1": 0.209395,
        "nauc_ndcg_at_10_max": 0.36399,
        "nauc_ndcg_at_10_std": 0.220125,
        "nauc_ndcg_at_10_diff1": 0.17955,
        "nauc_ndcg_at_20_max": 0.385876,
        "nauc_ndcg_at_20_std": 0.208252,
        "nauc_ndcg_at_20_diff1": 0.208299,
        "nauc_ndcg_at_100_max": 0.390375,
        "nauc_ndcg_at_100_std": 0.206569,
        "nauc_ndcg_at_100_diff1": 0.203575,
        "nauc_ndcg_at_1000_max": 0.390375,
        "nauc_ndcg_at_1000_std": 0.206569,
        "nauc_ndcg_at_1000_diff1": 0.203575,
        "nauc_map_at_1_max": 0.381524,
        "nauc_map_at_1_std": 0.172636,
        "nauc_map_at_1_diff1": 0.214096,
        "nauc_map_at_3_max": 0.419869,
        "nauc_map_at_3_std": 0.211585,
        "nauc_map_at_3_diff1": 0.210605,
        "nauc_map_at_5_max": 0.396389,
        "nauc_map_at_5_std": 0.190303,
        "nauc_map_at_5_diff1": 0.209987,
        "nauc_map_at_10_max": 0.385132,
        "nauc_map_at_10_std": 0.205354,
        "nauc_map_at_10_diff1": 0.199172,
        "nauc_map_at_20_max": 0.39085,
        "nauc_map_at_20_std": 0.201141,
        "nauc_map_at_20_diff1": 0.20541,
        "nauc_map_at_100_max": 0.392342,
        "nauc_map_at_100_std": 0.201929,
        "nauc_map_at_100_diff1": 0.204965,
        "nauc_map_at_1000_max": 0.392342,
        "nauc_map_at_1000_std": 0.201929,
        "nauc_map_at_1000_diff1": 0.204965,
        "nauc_recall_at_1_max": 0.381524,
        "nauc_recall_at_1_std": 0.172636,
        "nauc_recall_at_1_diff1": 0.214096,
        "nauc_recall_at_3_max": 0.461578,
        "nauc_recall_at_3_std": 0.24497,
        "nauc_recall_at_3_diff1": 0.211124,
        "nauc_recall_at_5_max": 0.369308,
        "nauc_recall_at_5_std": 0.155161,
        "nauc_recall_at_5_diff1": 0.207861,
        "nauc_recall_at_10_max": 0.288315,
        "nauc_recall_at_10_std": 0.271703,
        "nauc_recall_at_10_diff1": 0.108128,
        "nauc_recall_at_20_max": 0.373446,
        "nauc_recall_at_20_std": 0.239874,
        "nauc_recall_at_20_diff1": 0.242859,
        "nauc_recall_at_100_max": NaN,
        "nauc_recall_at_100_std": NaN,
        "nauc_recall_at_100_diff1": NaN,
        "nauc_recall_at_1000_max": NaN,
        "nauc_recall_at_1000_std": NaN,
        "nauc_recall_at_1000_diff1": NaN,
        "nauc_precision_at_1_max": 0.381524,
        "nauc_precision_at_1_std": 0.172636,
        "nauc_precision_at_1_diff1": 0.214096,
        "nauc_precision_at_3_max": 0.461578,
        "nauc_precision_at_3_std": 0.24497,
        "nauc_precision_at_3_diff1": 0.211124,
        "nauc_precision_at_5_max": 0.369308,
        "nauc_precision_at_5_std": 0.155161,
        "nauc_precision_at_5_diff1": 0.207861,
        "nauc_precision_at_10_max": 0.288315,
        "nauc_precision_at_10_std": 0.271703,
        "nauc_precision_at_10_diff1": 0.108128,
        "nauc_precision_at_20_max": 0.373446,
        "nauc_precision_at_20_std": 0.239874,
        "nauc_precision_at_20_diff1": 0.242859,
        "nauc_precision_at_100_max": NaN,
        "nauc_precision_at_100_std": NaN,
        "nauc_precision_at_100_diff1": NaN,
        "nauc_precision_at_1000_max": 1.0,
        "nauc_precision_at_1000_std": 1.0,
        "nauc_precision_at_1000_diff1": 1.0,
        "nauc_mrr_at_1_max": 0.381524,
        "nauc_mrr_at_1_std": 0.172636,
        "nauc_mrr_at_1_diff1": 0.214096,
        "nauc_mrr_at_3_max": 0.419869,
        "nauc_mrr_at_3_std": 0.211585,
        "nauc_mrr_at_3_diff1": 0.210605,
        "nauc_mrr_at_5_max": 0.396389,
        "nauc_mrr_at_5_std": 0.190303,
        "nauc_mrr_at_5_diff1": 0.209987,
        "nauc_mrr_at_10_max": 0.385132,
        "nauc_mrr_at_10_std": 0.205354,
        "nauc_mrr_at_10_diff1": 0.199172,
        "nauc_mrr_at_20_max": 0.39085,
        "nauc_mrr_at_20_std": 0.201141,
        "nauc_mrr_at_20_diff1": 0.20541,
        "nauc_mrr_at_100_max": 0.392342,
        "nauc_mrr_at_100_std": 0.201929,
        "nauc_mrr_at_100_diff1": 0.204965,
        "nauc_mrr_at_1000_max": 0.392342,
        "nauc_mrr_at_1000_std": 0.201929,
        "nauc_mrr_at_1000_diff1": 0.204965,
        "cv_recall_at_1": 0.19658,
        "cv_recall_at_3": 0.38462,
        "cv_recall_at_5": 0.47863,
        "cv_recall_at_10": 0.58974,
        "cv_recall_at_20": 0.74359,
        "cv_recall_at_100": 1.0,
        "cv_recall_at_1000": 1.0,
        "main_score": 0.37554,
        "hf_subset": "default",
        "languages": [
          "eng-Latn"
        ]
      }
    ]
  },
  "evaluation_time": 10.114576816558838,
  "kg_co2_emissions": null,
  "date": null
}