{
  "dataset_revision": "3d593fde907860102a282b4a6ea7fb1e1f1f83dd",
  "task_name": "BIRCO-Relic",
  "mteb_version": "2.9.0",
  "scores": {
    "test": [
      {
        "ndcg_at_1": 0.03,
        "ndcg_at_3": 0.05524,
        "ndcg_at_5": 0.06728,
        "ndcg_at_10": 0.08639,
        "ndcg_at_20": 0.10921,
        "ndcg_at_100": 0.15526,
        "ndcg_at_1000": 0.19498,
        "map_at_1": 0.03,
        "map_at_3": 0.05,
        "map_at_5": 0.0565,
        "map_at_10": 0.06421,
        "map_at_20": 0.07052,
        "map_at_100": 0.07605,
        "map_at_1000": 0.07738,
        "recall_at_1": 0.03,
        "recall_at_3": 0.07,
        "recall_at_5": 0.1,
        "recall_at_10": 0.16,
        "recall_at_20": 0.25,
        "recall_at_100": 0.51,
        "recall_at_1000": 0.83,
        "accuracy": 0.03,
        "precision_at_1": 0.03,
        "precision_at_3": 0.02333,
        "precision_at_5": 0.02,
        "precision_at_10": 0.016,
        "precision_at_20": 0.0125,
        "precision_at_100": 0.0051,
        "precision_at_1000": 0.00083,
        "mrr_at_1": 0.03,
        "mrr_at_3": 0.05,
        "mrr_at_5": 0.0565,
        "mrr_at_10": 0.064206,
        "mrr_at_20": 0.070518,
        "mrr_at_100": 0.076047,
        "mrr_at_1000": 0.077382,
        "nauc_ndcg_at_1_max": -0.451749,
        "nauc_ndcg_at_1_std": -0.014489,
        "nauc_ndcg_at_1_diff1": -0.039531,
        "nauc_ndcg_at_3_max": -0.322734,
        "nauc_ndcg_at_3_std": 0.015576,
        "nauc_ndcg_at_3_diff1": 0.044115,
        "nauc_ndcg_at_5_max": -0.215413,
        "nauc_ndcg_at_5_std": 0.02022,
        "nauc_ndcg_at_5_diff1": -0.024688,
        "nauc_ndcg_at_10_max": -0.189053,
        "nauc_ndcg_at_10_std": -0.013317,
        "nauc_ndcg_at_10_diff1": 0.00133,
        "nauc_ndcg_at_20_max": -0.143597,
        "nauc_ndcg_at_20_std": 0.010426,
        "nauc_ndcg_at_20_diff1": 0.024967,
        "nauc_ndcg_at_100_max": -0.09381,
        "nauc_ndcg_at_100_std": 0.108491,
        "nauc_ndcg_at_100_diff1": 0.004491,
        "nauc_ndcg_at_1000_max": -0.12075,
        "nauc_ndcg_at_1000_std": 0.076268,
        "nauc_ndcg_at_1000_diff1": 0.001679,
        "nauc_map_at_1_max": -0.451749,
        "nauc_map_at_1_std": -0.014489,
        "nauc_map_at_1_diff1": -0.039531,
        "nauc_map_at_3_max": -0.338798,
        "nauc_map_at_3_std": 0.011833,
        "nauc_map_at_3_diff1": 0.0337,
        "nauc_map_at_5_max": -0.271325,
        "nauc_map_at_5_std": 0.013038,
        "nauc_map_at_5_diff1": -0.008669,
        "nauc_map_at_10_max": -0.251082,
        "nauc_map_at_10_std": -0.004356,
        "nauc_map_at_10_diff1": 0.002455,
        "nauc_map_at_20_max": -0.229398,
        "nauc_map_at_20_std": 0.003688,
        "nauc_map_at_20_diff1": 0.015661,
        "nauc_map_at_100_max": -0.21444,
        "nauc_map_at_100_std": 0.019835,
        "nauc_map_at_100_diff1": 0.012442,
        "nauc_map_at_1000_max": -0.21458,
        "nauc_map_at_1000_std": 0.019183,
        "nauc_map_at_1000_diff1": 0.012974,
        "nauc_recall_at_1_max": -0.451749,
        "nauc_recall_at_1_std": -0.014489,
        "nauc_recall_at_1_diff1": -0.039531,
        "nauc_recall_at_3_max": -0.290391,
        "nauc_recall_at_3_std": 0.023113,
        "nauc_recall_at_3_diff1": 0.065085,
        "nauc_recall_at_5_max": -0.112396,
        "nauc_recall_at_5_std": 0.033807,
        "nauc_recall_at_5_diff1": -0.058036,
        "nauc_recall_at_10_max": -0.098767,
        "nauc_recall_at_10_std": -0.029286,
        "nauc_recall_at_10_diff1": 0.000903,
        "nauc_recall_at_20_max": -0.032983,
        "nauc_recall_at_20_std": 0.022979,
        "nauc_recall_at_20_diff1": 0.036837,
        "nauc_recall_at_100_max": 0.061939,
        "nauc_recall_at_100_std": 0.286055,
        "nauc_recall_at_100_diff1": -0.020732,
        "nauc_recall_at_1000_max": -0.030272,
        "nauc_recall_at_1000_std": 0.213676,
        "nauc_recall_at_1000_diff1": -0.104574,
        "nauc_precision_at_1_max": -0.451749,
        "nauc_precision_at_1_std": -0.014489,
        "nauc_precision_at_1_diff1": -0.039531,
        "nauc_precision_at_3_max": -0.290391,
        "nauc_precision_at_3_std": 0.023113,
        "nauc_precision_at_3_diff1": 0.065085,
        "nauc_precision_at_5_max": -0.112396,
        "nauc_precision_at_5_std": 0.033807,
        "nauc_precision_at_5_diff1": -0.058036,
        "nauc_precision_at_10_max": -0.098767,
        "nauc_precision_at_10_std": -0.029286,
        "nauc_precision_at_10_diff1": 0.000903,
        "nauc_precision_at_20_max": -0.032983,
        "nauc_precision_at_20_std": 0.022979,
        "nauc_precision_at_20_diff1": 0.036837,
        "nauc_precision_at_100_max": 0.061939,
        "nauc_precision_at_100_std": 0.286055,
        "nauc_precision_at_100_diff1": -0.020732,
        "nauc_precision_at_1000_max": -0.030272,
        "nauc_precision_at_1000_std": 0.213676,
        "nauc_precision_at_1000_diff1": -0.104574,
        "nauc_mrr_at_1_max": -0.451749,
        "nauc_mrr_at_1_std": -0.014489,
        "nauc_mrr_at_1_diff1": -0.039531,
        "nauc_mrr_at_3_max": -0.338798,
        "nauc_mrr_at_3_std": 0.011833,
        "nauc_mrr_at_3_diff1": 0.0337,
        "nauc_mrr_at_5_max": -0.271325,
        "nauc_mrr_at_5_std": 0.013038,
        "nauc_mrr_at_5_diff1": -0.008669,
        "nauc_mrr_at_10_max": -0.251082,
        "nauc_mrr_at_10_std": -0.004356,
        "nauc_mrr_at_10_diff1": 0.002455,
        "nauc_mrr_at_20_max": -0.229398,
        "nauc_mrr_at_20_std": 0.003688,
        "nauc_mrr_at_20_diff1": 0.015661,
        "nauc_mrr_at_100_max": -0.21444,
        "nauc_mrr_at_100_std": 0.019835,
        "nauc_mrr_at_100_diff1": 0.012442,
        "nauc_mrr_at_1000_max": -0.21458,
        "nauc_mrr_at_1000_std": 0.019183,
        "nauc_mrr_at_1000_diff1": 0.012974,
        "cv_recall_at_1": 0.03,
        "cv_recall_at_3": 0.07,
        "cv_recall_at_5": 0.1,
        "cv_recall_at_10": 0.16,
        "cv_recall_at_20": 0.25,
        "cv_recall_at_100": 0.51,
        "cv_recall_at_1000": 0.83,
        "main_score": 0.08639,
        "hf_subset": "default",
        "languages": [
          "eng-Latn"
        ]
      }
    ]
  },
  "evaluation_time": 125.57210874557495,
  "kg_co2_emissions": null,
  "date": null
}