{
  "dataset_revision": "ea824f8065fa62e2e770a8a201c20b03abf87540",
  "task_name": "BIRCO-WTB",
  "mteb_version": "2.9.0",
  "scores": {
    "test": [
      {
        "ndcg_at_1": 0.15,
        "ndcg_at_3": 0.19393,
        "ndcg_at_5": 0.20641,
        "ndcg_at_10": 0.22536,
        "ndcg_at_20": 0.24792,
        "ndcg_at_100": 0.2839,
        "ndcg_at_1000": 0.32283,
        "map_at_1": 0.15,
        "map_at_3": 0.18167,
        "map_at_5": 0.18867,
        "map_at_10": 0.19625,
        "map_at_20": 0.20233,
        "map_at_100": 0.20685,
        "map_at_1000": 0.20807,
        "recall_at_1": 0.15,
        "recall_at_3": 0.23,
        "recall_at_5": 0.26,
        "recall_at_10": 0.32,
        "recall_at_20": 0.41,
        "recall_at_100": 0.61,
        "recall_at_1000": 0.93,
        "accuracy": 0.15,
        "precision_at_1": 0.15,
        "precision_at_3": 0.07667,
        "precision_at_5": 0.052,
        "precision_at_10": 0.032,
        "precision_at_20": 0.0205,
        "precision_at_100": 0.0061,
        "precision_at_1000": 0.00093,
        "mrr_at_1": 0.15,
        "mrr_at_3": 0.181667,
        "mrr_at_5": 0.188667,
        "mrr_at_10": 0.19625,
        "mrr_at_20": 0.202325,
        "mrr_at_100": 0.206854,
        "mrr_at_1000": 0.208074,
        "nauc_ndcg_at_1_max": 0.533777,
        "nauc_ndcg_at_1_std": -0.079488,
        "nauc_ndcg_at_1_diff1": 0.461042,
        "nauc_ndcg_at_3_max": 0.362348,
        "nauc_ndcg_at_3_std": -0.128555,
        "nauc_ndcg_at_3_diff1": 0.334362,
        "nauc_ndcg_at_5_max": 0.376404,
        "nauc_ndcg_at_5_std": -0.093608,
        "nauc_ndcg_at_5_diff1": 0.340346,
        "nauc_ndcg_at_10_max": 0.324012,
        "nauc_ndcg_at_10_std": -0.10048,
        "nauc_ndcg_at_10_diff1": 0.338606,
        "nauc_ndcg_at_20_max": 0.338264,
        "nauc_ndcg_at_20_std": -0.062989,
        "nauc_ndcg_at_20_diff1": 0.311435,
        "nauc_ndcg_at_100_max": 0.363575,
        "nauc_ndcg_at_100_std": -0.030677,
        "nauc_ndcg_at_100_diff1": 0.293541,
        "nauc_ndcg_at_1000_max": 0.364946,
        "nauc_ndcg_at_1000_std": -0.058214,
        "nauc_ndcg_at_1000_diff1": 0.313741,
        "nauc_map_at_1_max": 0.533777,
        "nauc_map_at_1_std": -0.079488,
        "nauc_map_at_1_diff1": 0.461042,
        "nauc_map_at_3_max": 0.405439,
        "nauc_map_at_3_std": -0.120213,
        "nauc_map_at_3_diff1": 0.362578,
        "nauc_map_at_5_max": 0.4137,
        "nauc_map_at_5_std": -0.099188,
        "nauc_map_at_5_diff1": 0.365473,
        "nauc_map_at_10_max": 0.391032,
        "nauc_map_at_10_std": -0.100422,
        "nauc_map_at_10_diff1": 0.363089,
        "nauc_map_at_20_max": 0.394548,
        "nauc_map_at_20_std": -0.089922,
        "nauc_map_at_20_diff1": 0.355351,
        "nauc_map_at_100_max": 0.397418,
        "nauc_map_at_100_std": -0.084824,
        "nauc_map_at_100_diff1": 0.351813,
        "nauc_map_at_1000_max": 0.397481,
        "nauc_map_at_1000_std": -0.085692,
        "nauc_map_at_1000_diff1": 0.352921,
        "nauc_recall_at_1_max": 0.533777,
        "nauc_recall_at_1_std": -0.079488,
        "nauc_recall_at_1_diff1": 0.461042,
        "nauc_recall_at_3_max": 0.253504,
        "nauc_recall_at_3_std": -0.148427,
        "nauc_recall_at_3_diff1": 0.264181,
        "nauc_recall_at_5_max": 0.286505,
        "nauc_recall_at_5_std": -0.076176,
        "nauc_recall_at_5_diff1": 0.281099,
        "nauc_recall_at_10_max": 0.154568,
        "nauc_recall_at_10_std": -0.102604,
        "nauc_recall_at_10_diff1": 0.28619,
        "nauc_recall_at_20_max": 0.208856,
        "nauc_recall_at_20_std": 0.020564,
        "nauc_recall_at_20_diff1": 0.199104,
        "nauc_recall_at_100_max": 0.323101,
        "nauc_recall_at_100_std": 0.182572,
        "nauc_recall_at_100_diff1": 0.106764,
        "nauc_recall_at_1000_max": 0.230826,
        "nauc_recall_at_1000_std": 0.047752,
        "nauc_recall_at_1000_diff1": -0.007803,
        "nauc_precision_at_1_max": 0.533777,
        "nauc_precision_at_1_std": -0.079488,
        "nauc_precision_at_1_diff1": 0.461042,
        "nauc_precision_at_3_max": 0.253504,
        "nauc_precision_at_3_std": -0.148427,
        "nauc_precision_at_3_diff1": 0.264181,
        "nauc_precision_at_5_max": 0.286505,
        "nauc_precision_at_5_std": -0.076176,
        "nauc_precision_at_5_diff1": 0.281099,
        "nauc_precision_at_10_max": 0.154568,
        "nauc_precision_at_10_std": -0.102604,
        "nauc_precision_at_10_diff1": 0.28619,
        "nauc_precision_at_20_max": 0.208856,
        "nauc_precision_at_20_std": 0.020564,
        "nauc_precision_at_20_diff1": 0.199104,
        "nauc_precision_at_100_max": 0.323101,
        "nauc_precision_at_100_std": 0.182572,
        "nauc_precision_at_100_diff1": 0.106764,
        "nauc_precision_at_1000_max": 0.230826,
        "nauc_precision_at_1000_std": 0.047752,
        "nauc_precision_at_1000_diff1": -0.007803,
        "nauc_mrr_at_1_max": 0.533777,
        "nauc_mrr_at_1_std": -0.079488,
        "nauc_mrr_at_1_diff1": 0.461042,
        "nauc_mrr_at_3_max": 0.405439,
        "nauc_mrr_at_3_std": -0.120213,
        "nauc_mrr_at_3_diff1": 0.362578,
        "nauc_mrr_at_5_max": 0.4137,
        "nauc_mrr_at_5_std": -0.099188,
        "nauc_mrr_at_5_diff1": 0.365473,
        "nauc_mrr_at_10_max": 0.391032,
        "nauc_mrr_at_10_std": -0.100422,
        "nauc_mrr_at_10_diff1": 0.363089,
        "nauc_mrr_at_20_max": 0.394548,
        "nauc_mrr_at_20_std": -0.089922,
        "nauc_mrr_at_20_diff1": 0.355351,
        "nauc_mrr_at_100_max": 0.397418,
        "nauc_mrr_at_100_std": -0.084824,
        "nauc_mrr_at_100_diff1": 0.351813,
        "nauc_mrr_at_1000_max": 0.397481,
        "nauc_mrr_at_1000_std": -0.085692,
        "nauc_mrr_at_1000_diff1": 0.352921,
        "cv_recall_at_1": 0.15,
        "cv_recall_at_3": 0.23,
        "cv_recall_at_5": 0.26,
        "cv_recall_at_10": 0.32,
        "cv_recall_at_20": 0.41,
        "cv_recall_at_100": 0.61,
        "cv_recall_at_1000": 0.93,
        "main_score": 0.22536,
        "hf_subset": "default",
        "languages": [
          "eng-Latn"
        ]
      }
    ]
  },
  "evaluation_time": 113.49762868881226,
  "kg_co2_emissions": null,
  "date": null
}