{
  "dataset_revision": "6536329882b0f06bf6406fdafedc434603fe8ed9",
  "task_name": "CQADupstack-Programmers-PL",
  "mteb_version": "2.9.0",
  "scores": {
    "test": [
      {
        "ndcg_at_1": 0.07991,
        "ndcg_at_3": 0.0998,
        "ndcg_at_5": 0.11355,
        "ndcg_at_10": 0.1265,
        "ndcg_at_20": 0.1382,
        "ndcg_at_100": 0.16175,
        "ndcg_at_1000": 0.19052,
        "map_at_1": 0.06642,
        "map_at_3": 0.0872,
        "map_at_5": 0.09537,
        "map_at_10": 0.10118,
        "map_at_20": 0.10437,
        "map_at_100": 0.10769,
        "map_at_1000": 0.10879,
        "recall_at_1": 0.06642,
        "recall_at_3": 0.11377,
        "recall_at_5": 0.14784,
        "recall_at_10": 0.18564,
        "recall_at_20": 0.22899,
        "recall_at_100": 0.34642,
        "recall_at_1000": 0.55556,
        "accuracy": 0.06642,
        "precision_at_1": 0.07991,
        "precision_at_3": 0.04795,
        "precision_at_5": 0.0379,
        "precision_at_10": 0.025,
        "precision_at_20": 0.01564,
        "precision_at_100": 0.00494,
        "precision_at_1000": 0.00085,
        "mrr_at_1": 0.079909,
        "mrr_at_3": 0.105023,
        "mrr_at_5": 0.114098,
        "mrr_at_10": 0.119742,
        "mrr_at_20": 0.123282,
        "mrr_at_100": 0.126464,
        "mrr_at_1000": 0.127384,
        "nauc_ndcg_at_1_max": 0.035189,
        "nauc_ndcg_at_1_std": 0.096364,
        "nauc_ndcg_at_1_diff1": 0.494595,
        "nauc_ndcg_at_3_max": 0.026966,
        "nauc_ndcg_at_3_std": 0.10573,
        "nauc_ndcg_at_3_diff1": 0.387695,
        "nauc_ndcg_at_5_max": 0.016363,
        "nauc_ndcg_at_5_std": 0.132373,
        "nauc_ndcg_at_5_diff1": 0.347603,
        "nauc_ndcg_at_10_max": 0.036882,
        "nauc_ndcg_at_10_std": 0.158385,
        "nauc_ndcg_at_10_diff1": 0.315311,
        "nauc_ndcg_at_20_max": 0.034306,
        "nauc_ndcg_at_20_std": 0.183078,
        "nauc_ndcg_at_20_diff1": 0.299176,
        "nauc_ndcg_at_100_max": 0.037986,
        "nauc_ndcg_at_100_std": 0.222232,
        "nauc_ndcg_at_100_diff1": 0.283315,
        "nauc_ndcg_at_1000_max": 0.042306,
        "nauc_ndcg_at_1000_std": 0.249875,
        "nauc_ndcg_at_1000_diff1": 0.265458,
        "nauc_map_at_1_max": 0.026047,
        "nauc_map_at_1_std": 0.118718,
        "nauc_map_at_1_diff1": 0.533875,
        "nauc_map_at_3_max": 0.028078,
        "nauc_map_at_3_std": 0.120507,
        "nauc_map_at_3_diff1": 0.41987,
        "nauc_map_at_5_max": 0.01937,
        "nauc_map_at_5_std": 0.136478,
        "nauc_map_at_5_diff1": 0.390287,
        "nauc_map_at_10_max": 0.032524,
        "nauc_map_at_10_std": 0.148255,
        "nauc_map_at_10_diff1": 0.373067,
        "nauc_map_at_20_max": 0.032066,
        "nauc_map_at_20_std": 0.156197,
        "nauc_map_at_20_diff1": 0.365987,
        "nauc_map_at_100_max": 0.031573,
        "nauc_map_at_100_std": 0.162772,
        "nauc_map_at_100_diff1": 0.361364,
        "nauc_map_at_1000_max": 0.032283,
        "nauc_map_at_1000_std": 0.164528,
        "nauc_map_at_1000_diff1": 0.360327,
        "nauc_recall_at_1_max": 0.026047,
        "nauc_recall_at_1_std": 0.118718,
        "nauc_recall_at_1_diff1": 0.533875,
        "nauc_recall_at_3_max": 0.023037,
        "nauc_recall_at_3_std": 0.107066,
        "nauc_recall_at_3_diff1": 0.325037,
        "nauc_recall_at_5_max": 0.0042,
        "nauc_recall_at_5_std": 0.156222,
        "nauc_recall_at_5_diff1": 0.261302,
        "nauc_recall_at_10_max": 0.047637,
        "nauc_recall_at_10_std": 0.198655,
        "nauc_recall_at_10_diff1": 0.205282,
        "nauc_recall_at_20_max": 0.036506,
        "nauc_recall_at_20_std": 0.247893,
        "nauc_recall_at_20_diff1": 0.171316,
        "nauc_recall_at_100_max": 0.049762,
        "nauc_recall_at_100_std": 0.359471,
        "nauc_recall_at_100_diff1": 0.140324,
        "nauc_recall_at_1000_max": 0.058275,
        "nauc_recall_at_1000_std": 0.493618,
        "nauc_recall_at_1000_diff1": 0.038621,
        "nauc_precision_at_1_max": 0.035189,
        "nauc_precision_at_1_std": 0.096364,
        "nauc_precision_at_1_diff1": 0.494595,
        "nauc_precision_at_3_max": 0.033689,
        "nauc_precision_at_3_std": 0.088398,
        "nauc_precision_at_3_diff1": 0.300438,
        "nauc_precision_at_5_max": 0.014826,
        "nauc_precision_at_5_std": 0.127206,
        "nauc_precision_at_5_diff1": 0.234982,
        "nauc_precision_at_10_max": 0.056479,
        "nauc_precision_at_10_std": 0.168924,
        "nauc_precision_at_10_diff1": 0.185462,
        "nauc_precision_at_20_max": 0.057722,
        "nauc_precision_at_20_std": 0.237412,
        "nauc_precision_at_20_diff1": 0.1511,
        "nauc_precision_at_100_max": 0.069414,
        "nauc_precision_at_100_std": 0.317294,
        "nauc_precision_at_100_diff1": 0.105561,
        "nauc_precision_at_1000_max": 0.077766,
        "nauc_precision_at_1000_std": 0.293757,
        "nauc_precision_at_1000_diff1": 0.038618,
        "nauc_mrr_at_1_max": 0.035189,
        "nauc_mrr_at_1_std": 0.096364,
        "nauc_mrr_at_1_diff1": 0.494595,
        "nauc_mrr_at_3_max": 0.018504,
        "nauc_mrr_at_3_std": 0.086383,
        "nauc_mrr_at_3_diff1": 0.394061,
        "nauc_mrr_at_5_max": 0.017793,
        "nauc_mrr_at_5_std": 0.098632,
        "nauc_mrr_at_5_diff1": 0.371062,
        "nauc_mrr_at_10_max": 0.028437,
        "nauc_mrr_at_10_std": 0.112111,
        "nauc_mrr_at_10_diff1": 0.357932,
        "nauc_mrr_at_20_max": 0.027817,
        "nauc_mrr_at_20_std": 0.12128,
        "nauc_mrr_at_20_diff1": 0.353298,
        "nauc_mrr_at_100_max": 0.028535,
        "nauc_mrr_at_100_std": 0.125716,
        "nauc_mrr_at_100_diff1": 0.350706,
        "nauc_mrr_at_1000_max": 0.028662,
        "nauc_mrr_at_1000_std": 0.126558,
        "nauc_mrr_at_1000_diff1": 0.350136,
        "cv_recall_at_1": 0.07991,
        "cv_recall_at_3": 0.13813,
        "cv_recall_at_5": 0.17808,
        "cv_recall_at_10": 0.22032,
        "cv_recall_at_20": 0.27397,
        "cv_recall_at_100": 0.40639,
        "cv_recall_at_1000": 0.621,
        "main_score": 0.1265,
        "hf_subset": "default",
        "languages": [
          "pol-Latn"
        ]
      }
    ]
  },
  "evaluation_time": 2119.659921646118,
  "kg_co2_emissions": null,
  "date": null
}