{
  "dataset_revision": "f41e1fefa91ccb25964afb24e193d1e2a14bb4a3",
  "task_name": "CQADupstack-Unix-PL",
  "mteb_version": "2.9.0",
  "scores": {
    "test": [
      {
        "ndcg_at_1": 0.08396,
        "ndcg_at_3": 0.09735,
        "ndcg_at_5": 0.10296,
        "ndcg_at_10": 0.11565,
        "ndcg_at_20": 0.12536,
        "ndcg_at_100": 0.1455,
        "ndcg_at_1000": 0.17414,
        "map_at_1": 0.07509,
        "map_at_3": 0.08941,
        "map_at_5": 0.09254,
        "map_at_10": 0.09796,
        "map_at_20": 0.10058,
        "map_at_100": 0.10344,
        "map_at_1000": 0.10434,
        "recall_at_1": 0.07509,
        "recall_at_3": 0.10881,
        "recall_at_5": 0.12275,
        "recall_at_10": 0.15941,
        "recall_at_20": 0.19439,
        "recall_at_100": 0.29546,
        "recall_at_1000": 0.51383,
        "accuracy": 0.07509,
        "precision_at_1": 0.08396,
        "precision_at_3": 0.04167,
        "precision_at_5": 0.02873,
        "precision_at_10": 0.01894,
        "precision_at_20": 0.01208,
        "precision_at_100": 0.00383,
        "precision_at_1000": 0.00072,
        "mrr_at_1": 0.083955,
        "mrr_at_3": 0.100124,
        "mrr_at_5": 0.104229,
        "mrr_at_10": 0.109991,
        "mrr_at_20": 0.113108,
        "mrr_at_100": 0.115915,
        "mrr_at_1000": 0.116751,
        "nauc_ndcg_at_1_max": 0.193969,
        "nauc_ndcg_at_1_std": 0.271228,
        "nauc_ndcg_at_1_diff1": 0.506736,
        "nauc_ndcg_at_3_max": 0.147389,
        "nauc_ndcg_at_3_std": 0.237906,
        "nauc_ndcg_at_3_diff1": 0.449958,
        "nauc_ndcg_at_5_max": 0.130747,
        "nauc_ndcg_at_5_std": 0.256371,
        "nauc_ndcg_at_5_diff1": 0.423842,
        "nauc_ndcg_at_10_max": 0.128318,
        "nauc_ndcg_at_10_std": 0.272328,
        "nauc_ndcg_at_10_diff1": 0.386719,
        "nauc_ndcg_at_20_max": 0.119085,
        "nauc_ndcg_at_20_std": 0.271044,
        "nauc_ndcg_at_20_diff1": 0.37101,
        "nauc_ndcg_at_100_max": 0.116499,
        "nauc_ndcg_at_100_std": 0.288494,
        "nauc_ndcg_at_100_diff1": 0.352482,
        "nauc_ndcg_at_1000_max": 0.136977,
        "nauc_ndcg_at_1000_std": 0.315841,
        "nauc_ndcg_at_1000_diff1": 0.341877,
        "nauc_map_at_1_max": 0.177312,
        "nauc_map_at_1_std": 0.282701,
        "nauc_map_at_1_diff1": 0.531429,
        "nauc_map_at_3_max": 0.149604,
        "nauc_map_at_3_std": 0.249602,
        "nauc_map_at_3_diff1": 0.472005,
        "nauc_map_at_5_max": 0.140172,
        "nauc_map_at_5_std": 0.259404,
        "nauc_map_at_5_diff1": 0.457365,
        "nauc_map_at_10_max": 0.138232,
        "nauc_map_at_10_std": 0.266883,
        "nauc_map_at_10_diff1": 0.438083,
        "nauc_map_at_20_max": 0.135772,
        "nauc_map_at_20_std": 0.266762,
        "nauc_map_at_20_diff1": 0.431646,
        "nauc_map_at_100_max": 0.135064,
        "nauc_map_at_100_std": 0.269727,
        "nauc_map_at_100_diff1": 0.427007,
        "nauc_map_at_1000_max": 0.135982,
        "nauc_map_at_1000_std": 0.271147,
        "nauc_map_at_1000_diff1": 0.426534,
        "nauc_recall_at_1_max": 0.177312,
        "nauc_recall_at_1_std": 0.282701,
        "nauc_recall_at_1_diff1": 0.531429,
        "nauc_recall_at_3_max": 0.123994,
        "nauc_recall_at_3_std": 0.211919,
        "nauc_recall_at_3_diff1": 0.406007,
        "nauc_recall_at_5_max": 0.093707,
        "nauc_recall_at_5_std": 0.251678,
        "nauc_recall_at_5_diff1": 0.358714,
        "nauc_recall_at_10_max": 0.09539,
        "nauc_recall_at_10_std": 0.290809,
        "nauc_recall_at_10_diff1": 0.291198,
        "nauc_recall_at_20_max": 0.070714,
        "nauc_recall_at_20_std": 0.279583,
        "nauc_recall_at_20_diff1": 0.260681,
        "nauc_recall_at_100_max": 0.06877,
        "nauc_recall_at_100_std": 0.325879,
        "nauc_recall_at_100_diff1": 0.222061,
        "nauc_recall_at_1000_max": 0.156136,
        "nauc_recall_at_1000_std": 0.430107,
        "nauc_recall_at_1000_diff1": 0.166954,
        "nauc_precision_at_1_max": 0.193969,
        "nauc_precision_at_1_std": 0.271228,
        "nauc_precision_at_1_diff1": 0.506736,
        "nauc_precision_at_3_max": 0.142045,
        "nauc_precision_at_3_std": 0.209747,
        "nauc_precision_at_3_diff1": 0.385811,
        "nauc_precision_at_5_max": 0.114177,
        "nauc_precision_at_5_std": 0.254629,
        "nauc_precision_at_5_diff1": 0.333372,
        "nauc_precision_at_10_max": 0.115126,
        "nauc_precision_at_10_std": 0.287087,
        "nauc_precision_at_10_diff1": 0.257309,
        "nauc_precision_at_20_max": 0.090458,
        "nauc_precision_at_20_std": 0.28668,
        "nauc_precision_at_20_diff1": 0.227166,
        "nauc_precision_at_100_max": 0.084703,
        "nauc_precision_at_100_std": 0.331851,
        "nauc_precision_at_100_diff1": 0.177881,
        "nauc_precision_at_1000_max": 0.15122,
        "nauc_precision_at_1000_std": 0.381141,
        "nauc_precision_at_1000_diff1": 0.105373,
        "nauc_mrr_at_1_max": 0.193969,
        "nauc_mrr_at_1_std": 0.271228,
        "nauc_mrr_at_1_diff1": 0.506736,
        "nauc_mrr_at_3_max": 0.163332,
        "nauc_mrr_at_3_std": 0.239572,
        "nauc_mrr_at_3_diff1": 0.446053,
        "nauc_mrr_at_5_max": 0.154569,
        "nauc_mrr_at_5_std": 0.250864,
        "nauc_mrr_at_5_diff1": 0.429654,
        "nauc_mrr_at_10_max": 0.152529,
        "nauc_mrr_at_10_std": 0.256584,
        "nauc_mrr_at_10_diff1": 0.410957,
        "nauc_mrr_at_20_max": 0.149881,
        "nauc_mrr_at_20_std": 0.25667,
        "nauc_mrr_at_20_diff1": 0.406337,
        "nauc_mrr_at_100_max": 0.149129,
        "nauc_mrr_at_100_std": 0.259287,
        "nauc_mrr_at_100_diff1": 0.403413,
        "nauc_mrr_at_1000_max": 0.149849,
        "nauc_mrr_at_1000_std": 0.260126,
        "nauc_mrr_at_1000_diff1": 0.403076,
        "cv_recall_at_1": 0.08396,
        "cv_recall_at_3": 0.12313,
        "cv_recall_at_5": 0.14179,
        "cv_recall_at_10": 0.18284,
        "cv_recall_at_20": 0.22854,
        "cv_recall_at_100": 0.33862,
        "cv_recall_at_1000": 0.57369,
        "main_score": 0.11565,
        "hf_subset": "default",
        "languages": [
          "pol-Latn"
        ]
      }
    ]
  },
  "evaluation_time": 2813.2830114364624,
  "kg_co2_emissions": null,
  "date": null
}