{
  "dataset_revision": "b93d34a19cea03d6c7b00e261eccace6b29535ee",
  "task_name": "CQADupstack-Wordpress-PL",
  "mteb_version": "2.9.0",
  "scores": {
    "test": [
      {
        "ndcg_at_1": 0.05915,
        "ndcg_at_3": 0.0825,
        "ndcg_at_5": 0.08915,
        "ndcg_at_10": 0.09771,
        "ndcg_at_20": 0.10614,
        "ndcg_at_100": 0.12106,
        "ndcg_at_1000": 0.14634,
        "map_at_1": 0.05274,
        "map_at_3": 0.074,
        "map_at_5": 0.07783,
        "map_at_10": 0.08137,
        "map_at_20": 0.08368,
        "map_at_100": 0.08566,
        "map_at_1000": 0.08649,
        "recall_at_1": 0.05274,
        "recall_at_3": 0.09834,
        "recall_at_5": 0.11349,
        "recall_at_10": 0.13919,
        "recall_at_20": 0.17153,
        "recall_at_100": 0.24718,
        "recall_at_1000": 0.4449,
        "accuracy": 0.05274,
        "precision_at_1": 0.05915,
        "precision_at_3": 0.03697,
        "precision_at_5": 0.02662,
        "precision_at_10": 0.01645,
        "precision_at_20": 0.01007,
        "precision_at_100": 0.00309,
        "precision_at_1000": 0.00056,
        "mrr_at_1": 0.05915,
        "mrr_at_3": 0.082255,
        "mrr_at_5": 0.086506,
        "mrr_at_10": 0.090148,
        "mrr_at_20": 0.092567,
        "mrr_at_100": 0.094621,
        "mrr_at_1000": 0.095379,
        "nauc_ndcg_at_1_max": 0.00891,
        "nauc_ndcg_at_1_std": 0.25614,
        "nauc_ndcg_at_1_diff1": 0.60802,
        "nauc_ndcg_at_3_max": -0.017518,
        "nauc_ndcg_at_3_std": 0.165144,
        "nauc_ndcg_at_3_diff1": 0.422838,
        "nauc_ndcg_at_5_max": -0.001312,
        "nauc_ndcg_at_5_std": 0.161143,
        "nauc_ndcg_at_5_diff1": 0.396056,
        "nauc_ndcg_at_10_max": 0.005254,
        "nauc_ndcg_at_10_std": 0.157609,
        "nauc_ndcg_at_10_diff1": 0.393387,
        "nauc_ndcg_at_20_max": 0.004792,
        "nauc_ndcg_at_20_std": 0.159986,
        "nauc_ndcg_at_20_diff1": 0.367831,
        "nauc_ndcg_at_100_max": -0.003972,
        "nauc_ndcg_at_100_std": 0.201838,
        "nauc_ndcg_at_100_diff1": 0.339212,
        "nauc_ndcg_at_1000_max": 0.000251,
        "nauc_ndcg_at_1000_std": 0.231814,
        "nauc_ndcg_at_1000_diff1": 0.323151,
        "nauc_map_at_1_max": -0.013513,
        "nauc_map_at_1_std": 0.198953,
        "nauc_map_at_1_diff1": 0.629647,
        "nauc_map_at_3_max": -0.022964,
        "nauc_map_at_3_std": 0.158918,
        "nauc_map_at_3_diff1": 0.457489,
        "nauc_map_at_5_max": -0.008983,
        "nauc_map_at_5_std": 0.15795,
        "nauc_map_at_5_diff1": 0.440067,
        "nauc_map_at_10_max": -0.003461,
        "nauc_map_at_10_std": 0.157159,
        "nauc_map_at_10_diff1": 0.43868,
        "nauc_map_at_20_max": -0.004081,
        "nauc_map_at_20_std": 0.158472,
        "nauc_map_at_20_diff1": 0.429591,
        "nauc_map_at_100_max": -0.006012,
        "nauc_map_at_100_std": 0.165833,
        "nauc_map_at_100_diff1": 0.423487,
        "nauc_map_at_1000_max": -0.005483,
        "nauc_map_at_1000_std": 0.167359,
        "nauc_map_at_1000_diff1": 0.422539,
        "nauc_recall_at_1_max": -0.013513,
        "nauc_recall_at_1_std": 0.198953,
        "nauc_recall_at_1_diff1": 0.629647,
        "nauc_recall_at_3_max": -0.028265,
        "nauc_recall_at_3_std": 0.138107,
        "nauc_recall_at_3_diff1": 0.346541,
        "nauc_recall_at_5_max": 0.004464,
        "nauc_recall_at_5_std": 0.127935,
        "nauc_recall_at_5_diff1": 0.304675,
        "nauc_recall_at_10_max": 0.013903,
        "nauc_recall_at_10_std": 0.123684,
        "nauc_recall_at_10_diff1": 0.308811,
        "nauc_recall_at_20_max": 0.013001,
        "nauc_recall_at_20_std": 0.132196,
        "nauc_recall_at_20_diff1": 0.257665,
        "nauc_recall_at_100_max": -0.013987,
        "nauc_recall_at_100_std": 0.253128,
        "nauc_recall_at_100_diff1": 0.194537,
        "nauc_recall_at_1000_max": 0.000636,
        "nauc_recall_at_1000_std": 0.363514,
        "nauc_recall_at_1000_diff1": 0.144116,
        "nauc_precision_at_1_max": 0.00891,
        "nauc_precision_at_1_std": 0.25614,
        "nauc_precision_at_1_diff1": 0.60802,
        "nauc_precision_at_3_max": -0.018654,
        "nauc_precision_at_3_std": 0.195149,
        "nauc_precision_at_3_diff1": 0.339022,
        "nauc_precision_at_5_max": 0.036236,
        "nauc_precision_at_5_std": 0.205504,
        "nauc_precision_at_5_diff1": 0.303316,
        "nauc_precision_at_10_max": 0.060898,
        "nauc_precision_at_10_std": 0.201901,
        "nauc_precision_at_10_diff1": 0.324786,
        "nauc_precision_at_20_max": 0.053152,
        "nauc_precision_at_20_std": 0.207825,
        "nauc_precision_at_20_diff1": 0.260172,
        "nauc_precision_at_100_max": 0.010816,
        "nauc_precision_at_100_std": 0.3403,
        "nauc_precision_at_100_diff1": 0.172105,
        "nauc_precision_at_1000_max": 0.013103,
        "nauc_precision_at_1000_std": 0.414652,
        "nauc_precision_at_1000_diff1": 0.105684,
        "nauc_mrr_at_1_max": 0.00891,
        "nauc_mrr_at_1_std": 0.25614,
        "nauc_mrr_at_1_diff1": 0.60802,
        "nauc_mrr_at_3_max": -7.2e-05,
        "nauc_mrr_at_3_std": 0.206246,
        "nauc_mrr_at_3_diff1": 0.449366,
        "nauc_mrr_at_5_max": 0.006579,
        "nauc_mrr_at_5_std": 0.204862,
        "nauc_mrr_at_5_diff1": 0.431306,
        "nauc_mrr_at_10_max": 0.008174,
        "nauc_mrr_at_10_std": 0.201199,
        "nauc_mrr_at_10_diff1": 0.428554,
        "nauc_mrr_at_20_max": 0.008031,
        "nauc_mrr_at_20_std": 0.200946,
        "nauc_mrr_at_20_diff1": 0.419563,
        "nauc_mrr_at_100_max": 0.007167,
        "nauc_mrr_at_100_std": 0.206633,
        "nauc_mrr_at_100_diff1": 0.41492,
        "nauc_mrr_at_1000_max": 0.007406,
        "nauc_mrr_at_1000_std": 0.207386,
        "nauc_mrr_at_1000_diff1": 0.414405,
        "cv_recall_at_1": 0.05915,
        "cv_recall_at_3": 0.10906,
        "cv_recall_at_5": 0.12754,
        "cv_recall_at_10": 0.15527,
        "cv_recall_at_20": 0.19039,
        "cv_recall_at_100": 0.27726,
        "cv_recall_at_1000": 0.47505,
        "main_score": 0.09771,
        "hf_subset": "default",
        "languages": [
          "pol-Latn"
        ]
      }
    ]
  },
  "evaluation_time": 3016.597282886505,
  "kg_co2_emissions": null,
  "date": null
}