{
  "dataset_revision": "6c3cdf6f102151dbbbbc1d2cf999b305eba44dae",
  "task_name": "FiQA2018-VN",
  "mteb_version": "2.9.0",
  "scores": {
    "test": [
      {
        "ndcg_at_1": 0.01055,
        "ndcg_at_3": 0.01203,
        "ndcg_at_5": 0.01379,
        "ndcg_at_10": 0.01538,
        "ndcg_at_20": 0.01729,
        "ndcg_at_100": 0.02574,
        "ndcg_at_1000": 0.0418,
        "map_at_1": 0.00697,
        "map_at_3": 0.00969,
        "map_at_5": 0.01067,
        "map_at_10": 0.01132,
        "map_at_20": 0.01175,
        "map_at_100": 0.01273,
        "map_at_1000": 0.01321,
        "recall_at_1": 0.00697,
        "recall_at_3": 0.01181,
        "recall_at_5": 0.01586,
        "recall_at_10": 0.02014,
        "recall_at_20": 0.025,
        "recall_at_100": 0.06118,
        "recall_at_1000": 0.16428,
        "accuracy": 0.00697,
        "precision_at_1": 0.01055,
        "precision_at_3": 0.00792,
        "precision_at_5": 0.00686,
        "precision_at_10": 0.00449,
        "precision_at_20": 0.0033,
        "precision_at_100": 0.00164,
        "precision_at_1000": 0.00044,
        "mrr_at_1": 0.010554,
        "mrr_at_3": 0.014512,
        "mrr_at_5": 0.017018,
        "mrr_at_10": 0.018476,
        "mrr_at_20": 0.019435,
        "mrr_at_100": 0.020984,
        "mrr_at_1000": 0.021642,
        "nauc_ndcg_at_1_max": -0.390591,
        "nauc_ndcg_at_1_std": 0.352388,
        "nauc_ndcg_at_1_diff1": 0.338528,
        "nauc_ndcg_at_3_max": -0.365932,
        "nauc_ndcg_at_3_std": 0.26917,
        "nauc_ndcg_at_3_diff1": 0.443213,
        "nauc_ndcg_at_5_max": -0.347012,
        "nauc_ndcg_at_5_std": 0.280373,
        "nauc_ndcg_at_5_diff1": 0.469095,
        "nauc_ndcg_at_10_max": -0.370703,
        "nauc_ndcg_at_10_std": 0.329374,
        "nauc_ndcg_at_10_diff1": 0.496435,
        "nauc_ndcg_at_20_max": -0.335077,
        "nauc_ndcg_at_20_std": 0.315358,
        "nauc_ndcg_at_20_diff1": 0.46743,
        "nauc_ndcg_at_100_max": -0.297692,
        "nauc_ndcg_at_100_std": 0.338929,
        "nauc_ndcg_at_100_diff1": 0.365726,
        "nauc_ndcg_at_1000_max": -0.218725,
        "nauc_ndcg_at_1000_std": 0.411071,
        "nauc_ndcg_at_1000_diff1": 0.3284,
        "nauc_map_at_1_max": -0.415567,
        "nauc_map_at_1_std": 0.366847,
        "nauc_map_at_1_diff1": 0.509963,
        "nauc_map_at_3_max": -0.360917,
        "nauc_map_at_3_std": 0.300819,
        "nauc_map_at_3_diff1": 0.540767,
        "nauc_map_at_5_max": -0.359552,
        "nauc_map_at_5_std": 0.309585,
        "nauc_map_at_5_diff1": 0.538162,
        "nauc_map_at_10_max": -0.371668,
        "nauc_map_at_10_std": 0.332626,
        "nauc_map_at_10_diff1": 0.541653,
        "nauc_map_at_20_max": -0.363563,
        "nauc_map_at_20_std": 0.327783,
        "nauc_map_at_20_diff1": 0.537893,
        "nauc_map_at_100_max": -0.354537,
        "nauc_map_at_100_std": 0.328172,
        "nauc_map_at_100_diff1": 0.513978,
        "nauc_map_at_1000_max": -0.347611,
        "nauc_map_at_1000_std": 0.335458,
        "nauc_map_at_1000_diff1": 0.507576,
        "nauc_recall_at_1_max": -0.415567,
        "nauc_recall_at_1_std": 0.366847,
        "nauc_recall_at_1_diff1": 0.509963,
        "nauc_recall_at_3_max": -0.349374,
        "nauc_recall_at_3_std": 0.238327,
        "nauc_recall_at_3_diff1": 0.486641,
        "nauc_recall_at_5_max": -0.339587,
        "nauc_recall_at_5_std": 0.273098,
        "nauc_recall_at_5_diff1": 0.488471,
        "nauc_recall_at_10_max": -0.387898,
        "nauc_recall_at_10_std": 0.3666,
        "nauc_recall_at_10_diff1": 0.513704,
        "nauc_recall_at_20_max": -0.318775,
        "nauc_recall_at_20_std": 0.332705,
        "nauc_recall_at_20_diff1": 0.450562,
        "nauc_recall_at_100_max": -0.251451,
        "nauc_recall_at_100_std": 0.390446,
        "nauc_recall_at_100_diff1": 0.25638,
        "nauc_recall_at_1000_max": -0.10292,
        "nauc_recall_at_1000_std": 0.453796,
        "nauc_recall_at_1000_diff1": 0.214562,
        "nauc_precision_at_1_max": -0.390591,
        "nauc_precision_at_1_std": 0.352388,
        "nauc_precision_at_1_diff1": 0.338528,
        "nauc_precision_at_3_max": -0.316011,
        "nauc_precision_at_3_std": 0.192929,
        "nauc_precision_at_3_diff1": 0.40929,
        "nauc_precision_at_5_max": -0.256654,
        "nauc_precision_at_5_std": 0.211054,
        "nauc_precision_at_5_diff1": 0.415985,
        "nauc_precision_at_10_max": -0.327345,
        "nauc_precision_at_10_std": 0.317186,
        "nauc_precision_at_10_diff1": 0.480523,
        "nauc_precision_at_20_max": -0.241406,
        "nauc_precision_at_20_std": 0.296815,
        "nauc_precision_at_20_diff1": 0.412523,
        "nauc_precision_at_100_max": -0.237869,
        "nauc_precision_at_100_std": 0.32367,
        "nauc_precision_at_100_diff1": 0.286419,
        "nauc_precision_at_1000_max": -0.112822,
        "nauc_precision_at_1000_std": 0.460442,
        "nauc_precision_at_1000_diff1": 0.272445,
        "nauc_mrr_at_1_max": -0.390591,
        "nauc_mrr_at_1_std": 0.352388,
        "nauc_mrr_at_1_diff1": 0.338528,
        "nauc_mrr_at_3_max": -0.374959,
        "nauc_mrr_at_3_std": 0.254318,
        "nauc_mrr_at_3_diff1": 0.336603,
        "nauc_mrr_at_5_max": -0.34657,
        "nauc_mrr_at_5_std": 0.259128,
        "nauc_mrr_at_5_diff1": 0.355451,
        "nauc_mrr_at_10_max": -0.363586,
        "nauc_mrr_at_10_std": 0.290918,
        "nauc_mrr_at_10_diff1": 0.379872,
        "nauc_mrr_at_20_max": -0.342742,
        "nauc_mrr_at_20_std": 0.286199,
        "nauc_mrr_at_20_diff1": 0.362417,
        "nauc_mrr_at_100_max": -0.328323,
        "nauc_mrr_at_100_std": 0.289581,
        "nauc_mrr_at_100_diff1": 0.340309,
        "nauc_mrr_at_1000_max": -0.324677,
        "nauc_mrr_at_1000_std": 0.294109,
        "nauc_mrr_at_1000_diff1": 0.339535,
        "cv_recall_at_1": 0.01055,
        "cv_recall_at_3": 0.02111,
        "cv_recall_at_5": 0.03166,
        "cv_recall_at_10": 0.04222,
        "cv_recall_at_20": 0.05805,
        "cv_recall_at_100": 0.12665,
        "cv_recall_at_1000": 0.30079,
        "main_score": 0.01538,
        "hf_subset": "default",
        "languages": [
          "vie-Latn"
        ]
      }
    ]
  },
  "evaluation_time": 2873.5605161190033,
  "kg_co2_emissions": null,
  "date": null
}