{
  "dataset_revision": "4482db2a053706c0aef0ab7bf1878d29bb0295f8",
  "task_name": "GovReport",
  "mteb_version": "2.9.0",
  "scores": {
    "test": [
      {
        "ndcg_at_1": 0.81649,
        "ndcg_at_3": 0.89789,
        "ndcg_at_5": 0.90879,
        "ndcg_at_10": 0.91373,
        "ndcg_at_20": 0.91449,
        "ndcg_at_100": 0.91509,
        "ndcg_at_1000": 0.91509,
        "map_at_1": 0.81649,
        "map_at_3": 0.87887,
        "map_at_5": 0.88508,
        "map_at_10": 0.88707,
        "map_at_20": 0.88727,
        "map_at_100": 0.88736,
        "map_at_1000": 0.88736,
        "recall_at_1": 0.81649,
        "recall_at_3": 0.95258,
        "recall_at_5": 0.97835,
        "recall_at_10": 0.99381,
        "recall_at_20": 0.99691,
        "recall_at_100": 1.0,
        "recall_at_1000": 1.0,
        "accuracy": 0.81649,
        "precision_at_1": 0.81649,
        "precision_at_3": 0.31821,
        "precision_at_5": 0.19629,
        "precision_at_10": 0.09969,
        "precision_at_20": 0.05,
        "precision_at_100": 0.01003,
        "precision_at_1000": 0.001,
        "mrr_at_1": 0.816495,
        "mrr_at_3": 0.878694,
        "mrr_at_5": 0.884828,
        "mrr_at_10": 0.886826,
        "mrr_at_20": 0.88702,
        "mrr_at_100": 0.887114,
        "mrr_at_1000": 0.887114,
        "nauc_ndcg_at_1_max": 0.277669,
        "nauc_ndcg_at_1_std": -0.415515,
        "nauc_ndcg_at_1_diff1": 0.788472,
        "nauc_ndcg_at_3_max": 0.339492,
        "nauc_ndcg_at_3_std": -0.484389,
        "nauc_ndcg_at_3_diff1": 0.767696,
        "nauc_ndcg_at_5_max": 0.314326,
        "nauc_ndcg_at_5_std": -0.467611,
        "nauc_ndcg_at_5_diff1": 0.769274,
        "nauc_ndcg_at_10_max": 0.307932,
        "nauc_ndcg_at_10_std": -0.428764,
        "nauc_ndcg_at_10_diff1": 0.770148,
        "nauc_ndcg_at_20_max": 0.317941,
        "nauc_ndcg_at_20_std": -0.434698,
        "nauc_ndcg_at_20_diff1": 0.775196,
        "nauc_ndcg_at_100_max": 0.313163,
        "nauc_ndcg_at_100_std": -0.439565,
        "nauc_ndcg_at_100_diff1": 0.77451,
        "nauc_ndcg_at_1000_max": 0.313163,
        "nauc_ndcg_at_1000_std": -0.439565,
        "nauc_ndcg_at_1000_diff1": 0.77451,
        "nauc_map_at_1_max": 0.277669,
        "nauc_map_at_1_std": -0.415515,
        "nauc_map_at_1_diff1": 0.788472,
        "nauc_map_at_3_max": 0.323636,
        "nauc_map_at_3_std": -0.456842,
        "nauc_map_at_3_diff1": 0.773609,
        "nauc_map_at_5_max": 0.310629,
        "nauc_map_at_5_std": -0.448274,
        "nauc_map_at_5_diff1": 0.774619,
        "nauc_map_at_10_max": 0.30906,
        "nauc_map_at_10_std": -0.436163,
        "nauc_map_at_10_diff1": 0.775021,
        "nauc_map_at_20_max": 0.311176,
        "nauc_map_at_20_std": -0.437293,
        "nauc_map_at_20_diff1": 0.776055,
        "nauc_map_at_100_max": 0.310608,
        "nauc_map_at_100_std": -0.437843,
        "nauc_map_at_100_diff1": 0.775942,
        "nauc_map_at_1000_max": 0.310608,
        "nauc_map_at_1000_std": -0.437843,
        "nauc_map_at_1000_diff1": 0.775942,
        "nauc_recall_at_1_max": 0.277669,
        "nauc_recall_at_1_std": -0.415515,
        "nauc_recall_at_1_diff1": 0.788472,
        "nauc_recall_at_3_max": 0.445226,
        "nauc_recall_at_3_std": -0.680408,
        "nauc_recall_at_3_diff1": 0.727581,
        "nauc_recall_at_5_max": 0.346116,
        "nauc_recall_at_5_std": -0.74123,
        "nauc_recall_at_5_diff1": 0.695678,
        "nauc_recall_at_10_max": 0.116636,
        "nauc_recall_at_10_std": 0.222923,
        "nauc_recall_at_10_diff1": 0.545285,
        "nauc_recall_at_20_max": 0.956427,
        "nauc_recall_at_20_std": 0.224556,
        "nauc_recall_at_20_diff1": 0.851385,
        "nauc_recall_at_100_max": NaN,
        "nauc_recall_at_100_std": NaN,
        "nauc_recall_at_100_diff1": NaN,
        "nauc_recall_at_1000_max": NaN,
        "nauc_recall_at_1000_std": NaN,
        "nauc_recall_at_1000_diff1": NaN,
        "nauc_precision_at_1_max": 0.277669,
        "nauc_precision_at_1_std": -0.415515,
        "nauc_precision_at_1_diff1": 0.788472,
        "nauc_precision_at_3_max": 0.441841,
        "nauc_precision_at_3_std": -0.562225,
        "nauc_precision_at_3_diff1": 0.645,
        "nauc_precision_at_5_max": 0.30237,
        "nauc_precision_at_5_std": -0.439453,
        "nauc_precision_at_5_diff1": 0.470363,
        "nauc_precision_at_10_max": 0.121167,
        "nauc_precision_at_10_std": 0.479591,
        "nauc_precision_at_10_diff1": 0.088711,
        "nauc_precision_at_20_max": 0.429318,
        "nauc_precision_at_20_std": 0.573863,
        "nauc_precision_at_20_diff1": 0.033793,
        "nauc_precision_at_100_max": 0.126375,
        "nauc_precision_at_100_std": 0.774618,
        "nauc_precision_at_100_diff1": -0.436097,
        "nauc_precision_at_1000_max": 0.126375,
        "nauc_precision_at_1000_std": 0.774618,
        "nauc_precision_at_1000_diff1": -0.436097,
        "nauc_mrr_at_1_max": 0.277669,
        "nauc_mrr_at_1_std": -0.415515,
        "nauc_mrr_at_1_diff1": 0.788472,
        "nauc_mrr_at_3_max": 0.322194,
        "nauc_mrr_at_3_std": -0.458834,
        "nauc_mrr_at_3_diff1": 0.773764,
        "nauc_mrr_at_5_max": 0.309414,
        "nauc_mrr_at_5_std": -0.45047,
        "nauc_mrr_at_5_diff1": 0.774744,
        "nauc_mrr_at_10_max": 0.307825,
        "nauc_mrr_at_10_std": -0.438425,
        "nauc_mrr_at_10_diff1": 0.775148,
        "nauc_mrr_at_20_max": 0.309935,
        "nauc_mrr_at_20_std": -0.439557,
        "nauc_mrr_at_20_diff1": 0.77618,
        "nauc_mrr_at_100_max": 0.309367,
        "nauc_mrr_at_100_std": -0.440108,
        "nauc_mrr_at_100_diff1": 0.776067,
        "nauc_mrr_at_1000_max": 0.309367,
        "nauc_mrr_at_1000_std": -0.440108,
        "nauc_mrr_at_1000_diff1": 0.776067,
        "cv_recall_at_1": 0.81649,
        "cv_recall_at_3": 0.95258,
        "cv_recall_at_5": 0.97835,
        "cv_recall_at_10": 0.99381,
        "cv_recall_at_20": 0.99691,
        "cv_recall_at_100": 1.0,
        "cv_recall_at_1000": 1.0,
        "main_score": 0.91373,
        "hf_subset": "default",
        "languages": [
          "eng-Latn"
        ]
      }
    ]
  },
  "evaluation_time": 154.7525565624237,
  "kg_co2_emissions": null,
  "date": null
}