{
  "dataset_revision": "ff4a8f2476ae77476c1912f1f3cb5bb5f2d766d4",
  "task_name": "LIMITSmallRetrieval",
  "mteb_version": "2.9.0",
  "scores": {
    "test": [
      {
        "ndcg_at_1": 0.087,
        "ndcg_at_2": 0.08004,
        "ndcg_at_3": 0.10242,
        "ndcg_at_5": 0.13563,
        "ndcg_at_10": 0.19415,
        "ndcg_at_20": 0.26674,
        "ndcg_at_100": 0.37362,
        "ndcg_at_1000": 0.37362,
        "map_at_1": 0.0435,
        "map_at_2": 0.062,
        "map_at_3": 0.07533,
        "map_at_5": 0.09308,
        "map_at_10": 0.11832,
        "map_at_20": 0.14061,
        "map_at_100": 0.16585,
        "map_at_1000": 0.16585,
        "recall_at_1": 0.0435,
        "recall_at_2": 0.078,
        "recall_at_3": 0.1145,
        "recall_at_5": 0.1805,
        "recall_at_10": 0.329,
        "recall_at_20": 0.565,
        "recall_at_100": 1.0,
        "recall_at_1000": 1.0,
        "accuracy": 0.0435,
        "precision_at_1": 0.087,
        "precision_at_2": 0.078,
        "precision_at_3": 0.07633,
        "precision_at_5": 0.0722,
        "precision_at_10": 0.0658,
        "precision_at_20": 0.0565,
        "precision_at_100": 0.02,
        "precision_at_1000": 0.002,
        "mrr_at_1": 0.087,
        "mrr_at_2": 0.119,
        "mrr_at_3": 0.141,
        "mrr_at_5": 0.1654,
        "mrr_at_10": 0.192985,
        "mrr_at_20": 0.212396,
        "mrr_at_100": 0.219139,
        "mrr_at_1000": 0.219139,
        "nauc_ndcg_at_1_max": 0.00961,
        "nauc_ndcg_at_1_std": 0.064275,
        "nauc_ndcg_at_1_diff1": 0.076105,
        "nauc_ndcg_at_2_max": -0.003908,
        "nauc_ndcg_at_2_std": 0.061417,
        "nauc_ndcg_at_2_diff1": 0.055266,
        "nauc_ndcg_at_3_max": -0.016048,
        "nauc_ndcg_at_3_std": 0.045802,
        "nauc_ndcg_at_3_diff1": 0.042114,
        "nauc_ndcg_at_5_max": -0.011941,
        "nauc_ndcg_at_5_std": 0.042088,
        "nauc_ndcg_at_5_diff1": 0.04492,
        "nauc_ndcg_at_10_max": -0.00212,
        "nauc_ndcg_at_10_std": 0.057364,
        "nauc_ndcg_at_10_diff1": 0.032129,
        "nauc_ndcg_at_20_max": -0.020207,
        "nauc_ndcg_at_20_std": 0.043011,
        "nauc_ndcg_at_20_diff1": 0.025643,
        "nauc_ndcg_at_100_max": -0.007328,
        "nauc_ndcg_at_100_std": 0.051573,
        "nauc_ndcg_at_100_diff1": 0.0376,
        "nauc_ndcg_at_1000_max": -0.007328,
        "nauc_ndcg_at_1000_std": 0.051573,
        "nauc_ndcg_at_1000_diff1": 0.0376,
        "nauc_map_at_1_max": 0.00961,
        "nauc_map_at_1_std": 0.064275,
        "nauc_map_at_1_diff1": 0.076105,
        "nauc_map_at_2_max": -0.002275,
        "nauc_map_at_2_std": 0.066831,
        "nauc_map_at_2_diff1": 0.058987,
        "nauc_map_at_3_max": -0.005649,
        "nauc_map_at_3_std": 0.053154,
        "nauc_map_at_3_diff1": 0.04809,
        "nauc_map_at_5_max": -0.006816,
        "nauc_map_at_5_std": 0.049243,
        "nauc_map_at_5_diff1": 0.053403,
        "nauc_map_at_10_max": -0.002706,
        "nauc_map_at_10_std": 0.057747,
        "nauc_map_at_10_diff1": 0.047157,
        "nauc_map_at_20_max": -0.009276,
        "nauc_map_at_20_std": 0.055563,
        "nauc_map_at_20_diff1": 0.042792,
        "nauc_map_at_100_max": -0.005351,
        "nauc_map_at_100_std": 0.056621,
        "nauc_map_at_100_diff1": 0.045079,
        "nauc_map_at_1000_max": -0.005351,
        "nauc_map_at_1000_std": 0.056621,
        "nauc_map_at_1000_diff1": 0.045079,
        "nauc_recall_at_1_max": 0.00961,
        "nauc_recall_at_1_std": 0.064275,
        "nauc_recall_at_1_diff1": 0.076105,
        "nauc_recall_at_2_max": -0.008866,
        "nauc_recall_at_2_std": 0.060369,
        "nauc_recall_at_2_diff1": 0.047622,
        "nauc_recall_at_3_max": -0.026439,
        "nauc_recall_at_3_std": 0.036463,
        "nauc_recall_at_3_diff1": 0.029142,
        "nauc_recall_at_5_max": -0.016997,
        "nauc_recall_at_5_std": 0.034243,
        "nauc_recall_at_5_diff1": 0.03636,
        "nauc_recall_at_10_max": 0.002293,
        "nauc_recall_at_10_std": 0.062223,
        "nauc_recall_at_10_diff1": 0.013011,
        "nauc_recall_at_20_max": -0.03971,
        "nauc_recall_at_20_std": 0.016362,
        "nauc_recall_at_20_diff1": -0.004756,
        "nauc_recall_at_100_max": NaN,
        "nauc_recall_at_100_std": NaN,
        "nauc_recall_at_100_diff1": NaN,
        "nauc_recall_at_1000_max": NaN,
        "nauc_recall_at_1000_std": NaN,
        "nauc_recall_at_1000_diff1": NaN,
        "nauc_precision_at_1_max": 0.00961,
        "nauc_precision_at_1_std": 0.064275,
        "nauc_precision_at_1_diff1": 0.076105,
        "nauc_precision_at_2_max": -0.008866,
        "nauc_precision_at_2_std": 0.060369,
        "nauc_precision_at_2_diff1": 0.047622,
        "nauc_precision_at_3_max": -0.026439,
        "nauc_precision_at_3_std": 0.036463,
        "nauc_precision_at_3_diff1": 0.029142,
        "nauc_precision_at_5_max": -0.016997,
        "nauc_precision_at_5_std": 0.034243,
        "nauc_precision_at_5_diff1": 0.03636,
        "nauc_precision_at_10_max": 0.002293,
        "nauc_precision_at_10_std": 0.062223,
        "nauc_precision_at_10_diff1": 0.013011,
        "nauc_precision_at_20_max": -0.03971,
        "nauc_precision_at_20_std": 0.016362,
        "nauc_precision_at_20_diff1": -0.004756,
        "nauc_precision_at_100_max": 1.0,
        "nauc_precision_at_100_std": 1.0,
        "nauc_precision_at_100_diff1": 1.0,
        "nauc_precision_at_1000_max": NaN,
        "nauc_precision_at_1000_std": NaN,
        "nauc_precision_at_1000_diff1": NaN,
        "nauc_mrr_at_1_max": 0.00961,
        "nauc_mrr_at_1_std": 0.064275,
        "nauc_mrr_at_1_diff1": 0.076105,
        "nauc_mrr_at_2_max": -0.001192,
        "nauc_mrr_at_2_std": 0.056693,
        "nauc_mrr_at_2_diff1": 0.058193,
        "nauc_mrr_at_3_max": -0.016763,
        "nauc_mrr_at_3_std": 0.047115,
        "nauc_mrr_at_3_diff1": 0.048864,
        "nauc_mrr_at_5_max": -0.011178,
        "nauc_mrr_at_5_std": 0.043599,
        "nauc_mrr_at_5_diff1": 0.045774,
        "nauc_mrr_at_10_max": -0.005234,
        "nauc_mrr_at_10_std": 0.047482,
        "nauc_mrr_at_10_diff1": 0.037033,
        "nauc_mrr_at_20_max": -0.00875,
        "nauc_mrr_at_20_std": 0.044346,
        "nauc_mrr_at_20_diff1": 0.037774,
        "nauc_mrr_at_100_max": -0.00708,
        "nauc_mrr_at_100_std": 0.046272,
        "nauc_mrr_at_100_diff1": 0.039892,
        "nauc_mrr_at_1000_max": -0.00708,
        "nauc_mrr_at_1000_std": 0.046272,
        "nauc_mrr_at_1000_diff1": 0.039892,
        "cv_recall_at_1": 0.087,
        "cv_recall_at_2": 0.151,
        "cv_recall_at_3": 0.217,
        "cv_recall_at_5": 0.325,
        "cv_recall_at_10": 0.534,
        "cv_recall_at_20": 0.816,
        "cv_recall_at_100": 1.0,
        "cv_recall_at_1000": 1.0,
        "main_score": 0.078,
        "hf_subset": "default",
        "languages": [
          "eng-Latn"
        ]
      }
    ]
  },
  "evaluation_time": 3.732975721359253,
  "kg_co2_emissions": null,
  "date": null
}