{
  "dataset_revision": "dd542a7efb9ad2136b9e00768b60fca9038f8156",
  "task_name": "NanoNFCorpusRetrieval",
  "mteb_version": "2.9.0",
  "scores": {
    "train": [
      {
        "ndcg_at_1": 0.44,
        "ndcg_at_3": 0.35673,
        "ndcg_at_5": 0.35851,
        "ndcg_at_10": 0.31804,
        "ndcg_at_20": 0.29249,
        "ndcg_at_100": 0.27809,
        "ndcg_at_1000": 0.39749,
        "map_at_1": 0.02578,
        "map_at_3": 0.04543,
        "map_at_5": 0.06556,
        "map_at_10": 0.08912,
        "map_at_20": 0.10991,
        "map_at_100": 0.13127,
        "map_at_1000": 0.15206,
        "recall_at_1": 0.02578,
        "recall_at_3": 0.04761,
        "recall_at_5": 0.07783,
        "recall_at_10": 0.10977,
        "recall_at_20": 0.18089,
        "recall_at_100": 0.29013,
        "recall_at_1000": 0.64692,
        "accuracy": 0.02578,
        "precision_at_1": 0.44,
        "precision_at_3": 0.33333,
        "precision_at_5": 0.34,
        "precision_at_10": 0.282,
        "precision_at_20": 0.217,
        "precision_at_100": 0.0956,
        "precision_at_1000": 0.0294,
        "mrr_at_1": 0.44,
        "mrr_at_3": 0.466667,
        "mrr_at_5": 0.488667,
        "mrr_at_10": 0.496722,
        "mrr_at_20": 0.504621,
        "mrr_at_100": 0.507499,
        "mrr_at_1000": 0.507749,
        "nauc_ndcg_at_1_max": 0.499426,
        "nauc_ndcg_at_1_std": 0.296915,
        "nauc_ndcg_at_1_diff1": 0.389544,
        "nauc_ndcg_at_3_max": 0.478005,
        "nauc_ndcg_at_3_std": 0.259014,
        "nauc_ndcg_at_3_diff1": 0.281488,
        "nauc_ndcg_at_5_max": 0.46594,
        "nauc_ndcg_at_5_std": 0.246432,
        "nauc_ndcg_at_5_diff1": 0.228979,
        "nauc_ndcg_at_10_max": 0.486584,
        "nauc_ndcg_at_10_std": 0.276327,
        "nauc_ndcg_at_10_diff1": 0.16019,
        "nauc_ndcg_at_20_max": 0.416366,
        "nauc_ndcg_at_20_std": 0.214007,
        "nauc_ndcg_at_20_diff1": 0.180389,
        "nauc_ndcg_at_100_max": 0.260166,
        "nauc_ndcg_at_100_std": 0.162413,
        "nauc_ndcg_at_100_diff1": 0.170071,
        "nauc_ndcg_at_1000_max": 0.357997,
        "nauc_ndcg_at_1000_std": 0.333962,
        "nauc_ndcg_at_1000_diff1": 0.122879,
        "nauc_map_at_1_max": -0.152292,
        "nauc_map_at_1_std": -0.237251,
        "nauc_map_at_1_diff1": 0.182792,
        "nauc_map_at_3_max": -0.015488,
        "nauc_map_at_3_std": -0.1268,
        "nauc_map_at_3_diff1": 0.212534,
        "nauc_map_at_5_max": 0.031246,
        "nauc_map_at_5_std": -0.112232,
        "nauc_map_at_5_diff1": 0.227515,
        "nauc_map_at_10_max": 0.109429,
        "nauc_map_at_10_std": -0.046379,
        "nauc_map_at_10_diff1": 0.117161,
        "nauc_map_at_20_max": 0.139946,
        "nauc_map_at_20_std": -0.042382,
        "nauc_map_at_20_diff1": 0.122892,
        "nauc_map_at_100_max": 0.204206,
        "nauc_map_at_100_std": 0.032002,
        "nauc_map_at_100_diff1": 0.124611,
        "nauc_map_at_1000_max": 0.226256,
        "nauc_map_at_1000_std": 0.110161,
        "nauc_map_at_1000_diff1": 0.099584,
        "nauc_recall_at_1_max": -0.152292,
        "nauc_recall_at_1_std": -0.237251,
        "nauc_recall_at_1_diff1": 0.182792,
        "nauc_recall_at_3_max": 0.011481,
        "nauc_recall_at_3_std": -0.109007,
        "nauc_recall_at_3_diff1": 0.210262,
        "nauc_recall_at_5_max": 0.025862,
        "nauc_recall_at_5_std": -0.110346,
        "nauc_recall_at_5_diff1": 0.188177,
        "nauc_recall_at_10_max": 0.117294,
        "nauc_recall_at_10_std": -0.0293,
        "nauc_recall_at_10_diff1": 0.110213,
        "nauc_recall_at_20_max": 0.007668,
        "nauc_recall_at_20_std": -0.134202,
        "nauc_recall_at_20_diff1": 0.166605,
        "nauc_recall_at_100_max": 0.072603,
        "nauc_recall_at_100_std": 0.00262,
        "nauc_recall_at_100_diff1": 0.139238,
        "nauc_recall_at_1000_max": -0.023853,
        "nauc_recall_at_1000_std": 0.132543,
        "nauc_recall_at_1000_diff1": -0.09491,
        "nauc_precision_at_1_max": 0.499426,
        "nauc_precision_at_1_std": 0.296915,
        "nauc_precision_at_1_diff1": 0.389544,
        "nauc_precision_at_3_max": 0.483218,
        "nauc_precision_at_3_std": 0.262646,
        "nauc_precision_at_3_diff1": 0.24538,
        "nauc_precision_at_5_max": 0.471555,
        "nauc_precision_at_5_std": 0.253783,
        "nauc_precision_at_5_diff1": 0.179254,
        "nauc_precision_at_10_max": 0.51942,
        "nauc_precision_at_10_std": 0.317624,
        "nauc_precision_at_10_diff1": 0.09877,
        "nauc_precision_at_20_max": 0.479909,
        "nauc_precision_at_20_std": 0.310279,
        "nauc_precision_at_20_diff1": 0.080705,
        "nauc_precision_at_100_max": 0.363311,
        "nauc_precision_at_100_std": 0.424131,
        "nauc_precision_at_100_diff1": 0.012423,
        "nauc_precision_at_1000_max": 0.156716,
        "nauc_precision_at_1000_std": 0.405001,
        "nauc_precision_at_1000_diff1": -0.082886,
        "nauc_mrr_at_1_max": 0.499426,
        "nauc_mrr_at_1_std": 0.296915,
        "nauc_mrr_at_1_diff1": 0.389544,
        "nauc_mrr_at_3_max": 0.495658,
        "nauc_mrr_at_3_std": 0.298718,
        "nauc_mrr_at_3_diff1": 0.368759,
        "nauc_mrr_at_5_max": 0.498454,
        "nauc_mrr_at_5_std": 0.332283,
        "nauc_mrr_at_5_diff1": 0.33585,
        "nauc_mrr_at_10_max": 0.511157,
        "nauc_mrr_at_10_std": 0.349505,
        "nauc_mrr_at_10_diff1": 0.343361,
        "nauc_mrr_at_20_max": 0.500923,
        "nauc_mrr_at_20_std": 0.339225,
        "nauc_mrr_at_20_diff1": 0.339984,
        "nauc_mrr_at_100_max": 0.504172,
        "nauc_mrr_at_100_std": 0.342885,
        "nauc_mrr_at_100_diff1": 0.343918,
        "nauc_mrr_at_1000_max": 0.503906,
        "nauc_mrr_at_1000_std": 0.342537,
        "nauc_mrr_at_1000_diff1": 0.343866,
        "cv_recall_at_1": 0.44,
        "cv_recall_at_3": 0.5,
        "cv_recall_at_5": 0.6,
        "cv_recall_at_10": 0.66,
        "cv_recall_at_20": 0.76,
        "cv_recall_at_100": 0.88,
        "cv_recall_at_1000": 0.96,
        "main_score": 0.31804,
        "hf_subset": "default",
        "languages": [
          "eng-Latn"
        ]
      }
    ]
  },
  "evaluation_time": 206.3692820072174,
  "kg_co2_emissions": null,
  "date": null
}