{
  "dataset_revision": "309f1d1ae3ae2e092444a8a0c25bed59b82318bc",
  "task_name": "NanoSciFactRetrieval",
  "mteb_version": "2.9.0",
  "scores": {
    "train": [
      {
        "ndcg_at_1": 0.58,
        "ndcg_at_3": 0.66722,
        "ndcg_at_5": 0.68571,
        "ndcg_at_10": 0.69671,
        "ndcg_at_20": 0.71486,
        "ndcg_at_100": 0.7338,
        "ndcg_at_1000": 0.73866,
        "map_at_1": 0.57,
        "map_at_3": 0.6425,
        "map_at_5": 0.66025,
        "map_at_10": 0.66483,
        "map_at_20": 0.67019,
        "map_at_100": 0.67297,
        "map_at_1000": 0.67312,
        "recall_at_1": 0.57,
        "recall_at_3": 0.72,
        "recall_at_5": 0.76,
        "recall_at_10": 0.79,
        "recall_at_20": 0.86,
        "recall_at_100": 0.96,
        "recall_at_1000": 1.0,
        "accuracy": 0.57,
        "precision_at_1": 0.58,
        "precision_at_3": 0.26,
        "precision_at_5": 0.172,
        "precision_at_10": 0.09,
        "precision_at_20": 0.049,
        "precision_at_100": 0.0108,
        "precision_at_1000": 0.00112,
        "mrr_at_1": 0.58,
        "mrr_at_3": 0.65,
        "mrr_at_5": 0.655,
        "mrr_at_10": 0.660833,
        "mrr_at_20": 0.665078,
        "mrr_at_100": 0.667862,
        "mrr_at_1000": 0.668008,
        "nauc_ndcg_at_1_max": 0.418725,
        "nauc_ndcg_at_1_std": 0.232144,
        "nauc_ndcg_at_1_diff1": 0.686392,
        "nauc_ndcg_at_3_max": 0.413942,
        "nauc_ndcg_at_3_std": 0.192153,
        "nauc_ndcg_at_3_diff1": 0.652504,
        "nauc_ndcg_at_5_max": 0.448507,
        "nauc_ndcg_at_5_std": 0.254838,
        "nauc_ndcg_at_5_diff1": 0.619207,
        "nauc_ndcg_at_10_max": 0.436787,
        "nauc_ndcg_at_10_std": 0.2601,
        "nauc_ndcg_at_10_diff1": 0.612835,
        "nauc_ndcg_at_20_max": 0.463334,
        "nauc_ndcg_at_20_std": 0.296246,
        "nauc_ndcg_at_20_diff1": 0.595686,
        "nauc_ndcg_at_100_max": 0.427957,
        "nauc_ndcg_at_100_std": 0.267791,
        "nauc_ndcg_at_100_diff1": 0.606672,
        "nauc_ndcg_at_1000_max": 0.44786,
        "nauc_ndcg_at_1000_std": 0.277143,
        "nauc_ndcg_at_1000_diff1": 0.615376,
        "nauc_map_at_1_max": 0.408849,
        "nauc_map_at_1_std": 0.233363,
        "nauc_map_at_1_diff1": 0.661515,
        "nauc_map_at_3_max": 0.399919,
        "nauc_map_at_3_std": 0.179687,
        "nauc_map_at_3_diff1": 0.666288,
        "nauc_map_at_5_max": 0.457134,
        "nauc_map_at_5_std": 0.260284,
        "nauc_map_at_5_diff1": 0.636538,
        "nauc_map_at_10_max": 0.452228,
        "nauc_map_at_10_std": 0.259895,
        "nauc_map_at_10_diff1": 0.633803,
        "nauc_map_at_20_max": 0.461612,
        "nauc_map_at_20_std": 0.27291,
        "nauc_map_at_20_diff1": 0.629774,
        "nauc_map_at_100_max": 0.457477,
        "nauc_map_at_100_std": 0.269579,
        "nauc_map_at_100_diff1": 0.631295,
        "nauc_map_at_1000_max": 0.457837,
        "nauc_map_at_1000_std": 0.26991,
        "nauc_map_at_1000_diff1": 0.631362,
        "nauc_recall_at_1_max": 0.408849,
        "nauc_recall_at_1_std": 0.233363,
        "nauc_recall_at_1_diff1": 0.661515,
        "nauc_recall_at_3_max": 0.332799,
        "nauc_recall_at_3_std": 0.09188,
        "nauc_recall_at_3_diff1": 0.634482,
        "nauc_recall_at_5_max": 0.414554,
        "nauc_recall_at_5_std": 0.23224,
        "nauc_recall_at_5_diff1": 0.552998,
        "nauc_recall_at_10_max": 0.367976,
        "nauc_recall_at_10_std": 0.243081,
        "nauc_recall_at_10_diff1": 0.52187,
        "nauc_recall_at_20_max": 0.484343,
        "nauc_recall_at_20_std": 0.435846,
        "nauc_recall_at_20_diff1": 0.365595,
        "nauc_recall_at_100_max": -0.514472,
        "nauc_recall_at_100_std": -0.102708,
        "nauc_recall_at_100_diff1": 0.152894,
        "nauc_recall_at_1000_max": NaN,
        "nauc_recall_at_1000_std": NaN,
        "nauc_recall_at_1000_diff1": NaN,
        "nauc_precision_at_1_max": 0.418725,
        "nauc_precision_at_1_std": 0.232144,
        "nauc_precision_at_1_diff1": 0.686392,
        "nauc_precision_at_3_max": 0.462806,
        "nauc_precision_at_3_std": 0.298895,
        "nauc_precision_at_3_diff1": 0.44431,
        "nauc_precision_at_5_max": 0.514911,
        "nauc_precision_at_5_std": 0.479365,
        "nauc_precision_at_5_diff1": 0.16422,
        "nauc_precision_at_10_max": 0.496262,
        "nauc_precision_at_10_std": 0.541534,
        "nauc_precision_at_10_diff1": 0.117501,
        "nauc_precision_at_20_max": 0.492961,
        "nauc_precision_at_20_std": 0.63602,
        "nauc_precision_at_20_diff1": -0.038482,
        "nauc_precision_at_100_max": 0.33566,
        "nauc_precision_at_100_std": 0.625685,
        "nauc_precision_at_100_diff1": -0.226601,
        "nauc_precision_at_1000_max": 0.498524,
        "nauc_precision_at_1000_std": 0.765227,
        "nauc_precision_at_1000_diff1": -0.299302,
        "nauc_mrr_at_1_max": 0.418725,
        "nauc_mrr_at_1_std": 0.232144,
        "nauc_mrr_at_1_diff1": 0.686392,
        "nauc_mrr_at_3_max": 0.434459,
        "nauc_mrr_at_3_std": 0.228943,
        "nauc_mrr_at_3_diff1": 0.656404,
        "nauc_mrr_at_5_max": 0.430152,
        "nauc_mrr_at_5_std": 0.225489,
        "nauc_mrr_at_5_diff1": 0.646981,
        "nauc_mrr_at_10_max": 0.424729,
        "nauc_mrr_at_10_std": 0.230663,
        "nauc_mrr_at_10_diff1": 0.644882,
        "nauc_mrr_at_20_max": 0.433795,
        "nauc_mrr_at_20_std": 0.23769,
        "nauc_mrr_at_20_diff1": 0.640625,
        "nauc_mrr_at_100_max": 0.429425,
        "nauc_mrr_at_100_std": 0.234046,
        "nauc_mrr_at_100_diff1": 0.642239,
        "nauc_mrr_at_1000_max": 0.429766,
        "nauc_mrr_at_1000_std": 0.234356,
        "nauc_mrr_at_1000_diff1": 0.642311,
        "cv_recall_at_1": 0.58,
        "cv_recall_at_3": 0.74,
        "cv_recall_at_5": 0.76,
        "cv_recall_at_10": 0.8,
        "cv_recall_at_20": 0.86,
        "cv_recall_at_100": 0.96,
        "cv_recall_at_1000": 1.0,
        "main_score": 0.69671,
        "hf_subset": "default",
        "languages": [
          "eng-Latn"
        ]
      }
    ]
  },
  "evaluation_time": 1529.140810251236,
  "kg_co2_emissions": null,
  "date": null
}