{
  "dataset_revision": "a13d72fbb859be3dc19ab669d1ec9510407d2dcd",
  "task_name": "NFCorpus-VN",
  "mteb_version": "2.9.0",
  "scores": {
    "test": [
      {
        "ndcg_at_1": 0.18373,
        "ndcg_at_3": 0.16941,
        "ndcg_at_5": 0.16453,
        "ndcg_at_10": 0.14685,
        "ndcg_at_20": 0.13795,
        "ndcg_at_100": 0.14099,
        "ndcg_at_1000": 0.21575,
        "map_at_1": 0.03247,
        "map_at_3": 0.04639,
        "map_at_5": 0.05343,
        "map_at_10": 0.05902,
        "map_at_20": 0.0638,
        "map_at_100": 0.06964,
        "map_at_1000": 0.07516,
        "recall_at_1": 0.03247,
        "recall_at_3": 0.04945,
        "recall_at_5": 0.06206,
        "recall_at_10": 0.07258,
        "recall_at_20": 0.09123,
        "recall_at_100": 0.16079,
        "recall_at_1000": 0.40781,
        "accuracy": 0.03247,
        "precision_at_1": 0.19277,
        "precision_at_3": 0.16265,
        "precision_at_5": 0.14578,
        "precision_at_10": 0.10723,
        "precision_at_20": 0.07651,
        "precision_at_100": 0.03253,
        "precision_at_1000": 0.0136,
        "mrr_at_1": 0.192771,
        "mrr_at_3": 0.230924,
        "mrr_at_5": 0.24749,
        "mrr_at_10": 0.251857,
        "mrr_at_20": 0.254996,
        "mrr_at_100": 0.260783,
        "mrr_at_1000": 0.261845,
        "nauc_ndcg_at_1_max": -0.162328,
        "nauc_ndcg_at_1_std": 0.372592,
        "nauc_ndcg_at_1_diff1": 0.369104,
        "nauc_ndcg_at_3_max": -0.121999,
        "nauc_ndcg_at_3_std": 0.400865,
        "nauc_ndcg_at_3_diff1": 0.339195,
        "nauc_ndcg_at_5_max": -0.08528,
        "nauc_ndcg_at_5_std": 0.421018,
        "nauc_ndcg_at_5_diff1": 0.320077,
        "nauc_ndcg_at_10_max": -0.067576,
        "nauc_ndcg_at_10_std": 0.448682,
        "nauc_ndcg_at_10_diff1": 0.320324,
        "nauc_ndcg_at_20_max": -0.068171,
        "nauc_ndcg_at_20_std": 0.467047,
        "nauc_ndcg_at_20_diff1": 0.339141,
        "nauc_ndcg_at_100_max": -0.084743,
        "nauc_ndcg_at_100_std": 0.469662,
        "nauc_ndcg_at_100_diff1": 0.338478,
        "nauc_ndcg_at_1000_max": -0.046519,
        "nauc_ndcg_at_1000_std": 0.469451,
        "nauc_ndcg_at_1000_diff1": 0.297094,
        "nauc_map_at_1_max": -0.305157,
        "nauc_map_at_1_std": 0.204555,
        "nauc_map_at_1_diff1": 0.664909,
        "nauc_map_at_3_max": -0.244544,
        "nauc_map_at_3_std": 0.29226,
        "nauc_map_at_3_diff1": 0.535641,
        "nauc_map_at_5_max": -0.190451,
        "nauc_map_at_5_std": 0.326178,
        "nauc_map_at_5_diff1": 0.491593,
        "nauc_map_at_10_max": -0.171629,
        "nauc_map_at_10_std": 0.368826,
        "nauc_map_at_10_diff1": 0.461586,
        "nauc_map_at_20_max": -0.147377,
        "nauc_map_at_20_std": 0.402063,
        "nauc_map_at_20_diff1": 0.450617,
        "nauc_map_at_100_max": -0.140173,
        "nauc_map_at_100_std": 0.425666,
        "nauc_map_at_100_diff1": 0.433124,
        "nauc_map_at_1000_max": -0.132425,
        "nauc_map_at_1000_std": 0.430521,
        "nauc_map_at_1000_diff1": 0.423075,
        "nauc_recall_at_1_max": -0.305157,
        "nauc_recall_at_1_std": 0.204555,
        "nauc_recall_at_1_diff1": 0.664909,
        "nauc_recall_at_3_max": -0.21805,
        "nauc_recall_at_3_std": 0.3105,
        "nauc_recall_at_3_diff1": 0.496589,
        "nauc_recall_at_5_max": -0.101272,
        "nauc_recall_at_5_std": 0.375281,
        "nauc_recall_at_5_diff1": 0.401227,
        "nauc_recall_at_10_max": -0.094007,
        "nauc_recall_at_10_std": 0.411679,
        "nauc_recall_at_10_diff1": 0.358242,
        "nauc_recall_at_20_max": -0.079352,
        "nauc_recall_at_20_std": 0.40945,
        "nauc_recall_at_20_diff1": 0.373165,
        "nauc_recall_at_100_max": -0.055992,
        "nauc_recall_at_100_std": 0.478945,
        "nauc_recall_at_100_diff1": 0.271399,
        "nauc_recall_at_1000_max": 0.004924,
        "nauc_recall_at_1000_std": 0.416801,
        "nauc_recall_at_1000_diff1": 0.162549,
        "nauc_precision_at_1_max": -0.123595,
        "nauc_precision_at_1_std": 0.385088,
        "nauc_precision_at_1_diff1": 0.35083,
        "nauc_precision_at_3_max": -0.046229,
        "nauc_precision_at_3_std": 0.418904,
        "nauc_precision_at_3_diff1": 0.22828,
        "nauc_precision_at_5_max": 0.003021,
        "nauc_precision_at_5_std": 0.427387,
        "nauc_precision_at_5_diff1": 0.182266,
        "nauc_precision_at_10_max": 0.03275,
        "nauc_precision_at_10_std": 0.475579,
        "nauc_precision_at_10_diff1": 0.158161,
        "nauc_precision_at_20_max": 0.054826,
        "nauc_precision_at_20_std": 0.52331,
        "nauc_precision_at_20_diff1": 0.156277,
        "nauc_precision_at_100_max": 0.06648,
        "nauc_precision_at_100_std": 0.416323,
        "nauc_precision_at_100_diff1": 0.104088,
        "nauc_precision_at_1000_max": 0.019151,
        "nauc_precision_at_1000_std": 0.001271,
        "nauc_precision_at_1000_diff1": 0.000634,
        "nauc_mrr_at_1_max": -0.123595,
        "nauc_mrr_at_1_std": 0.385088,
        "nauc_mrr_at_1_diff1": 0.35083,
        "nauc_mrr_at_3_max": -0.103806,
        "nauc_mrr_at_3_std": 0.381213,
        "nauc_mrr_at_3_diff1": 0.296391,
        "nauc_mrr_at_5_max": -0.10237,
        "nauc_mrr_at_5_std": 0.365601,
        "nauc_mrr_at_5_diff1": 0.270492,
        "nauc_mrr_at_10_max": -0.102389,
        "nauc_mrr_at_10_std": 0.362292,
        "nauc_mrr_at_10_diff1": 0.263388,
        "nauc_mrr_at_20_max": -0.100973,
        "nauc_mrr_at_20_std": 0.369003,
        "nauc_mrr_at_20_diff1": 0.268712,
        "nauc_mrr_at_100_max": -0.09911,
        "nauc_mrr_at_100_std": 0.369184,
        "nauc_mrr_at_100_diff1": 0.272369,
        "nauc_mrr_at_1000_max": -0.098675,
        "nauc_mrr_at_1000_std": 0.369067,
        "nauc_mrr_at_1000_diff1": 0.27242,
        "cv_recall_at_1": 0.19277,
        "cv_recall_at_3": 0.28313,
        "cv_recall_at_5": 0.35542,
        "cv_recall_at_10": 0.38554,
        "cv_recall_at_20": 0.43373,
        "cv_recall_at_100": 0.69277,
        "cv_recall_at_1000": 0.90964,
        "main_score": 0.14685,
        "hf_subset": "default",
        "languages": [
          "vie-Latn"
        ]
      }
    ]
  },
  "evaluation_time": 275.64146900177,
  "kg_co2_emissions": null,
  "date": null
}