{
  "dataset_revision": "6661dba4dfedff606537732d9f35f2c3738b081a",
  "task_name": "TVPLRetrieval",
  "mteb_version": "2.9.0",
  "scores": {
    "test": [
      {
        "ndcg_at_1": 0.04897,
        "ndcg_at_3": 0.06654,
        "ndcg_at_5": 0.07537,
        "ndcg_at_10": 0.08661,
        "ndcg_at_20": 0.09564,
        "ndcg_at_100": 0.11922,
        "ndcg_at_1000": 0.15484,
        "map_at_1": 0.04596,
        "map_at_3": 0.06076,
        "map_at_5": 0.06568,
        "map_at_10": 0.07034,
        "map_at_20": 0.07281,
        "map_at_100": 0.07585,
        "map_at_1000": 0.07692,
        "recall_at_1": 0.04596,
        "recall_at_3": 0.07979,
        "recall_at_5": 0.10095,
        "recall_at_10": 0.13496,
        "recall_at_20": 0.16985,
        "recall_at_100": 0.29799,
        "recall_at_1000": 0.58844,
        "accuracy": 0.04596,
        "precision_at_1": 0.04897,
        "precision_at_3": 0.02858,
        "precision_at_5": 0.02177,
        "precision_at_10": 0.01455,
        "precision_at_20": 0.00919,
        "precision_at_100": 0.00323,
        "precision_at_1000": 0.00064,
        "mrr_at_1": 0.048973,
        "mrr_at_3": 0.064397,
        "mrr_at_5": 0.069319,
        "mrr_at_10": 0.07411,
        "mrr_at_20": 0.0767,
        "mrr_at_100": 0.079784,
        "mrr_at_1000": 0.080846,
        "nauc_ndcg_at_1_max": 0.095567,
        "nauc_ndcg_at_1_std": 0.085648,
        "nauc_ndcg_at_1_diff1": 0.390153,
        "nauc_ndcg_at_3_max": 0.05157,
        "nauc_ndcg_at_3_std": 0.099408,
        "nauc_ndcg_at_3_diff1": 0.289861,
        "nauc_ndcg_at_5_max": 0.04421,
        "nauc_ndcg_at_5_std": 0.103741,
        "nauc_ndcg_at_5_diff1": 0.262741,
        "nauc_ndcg_at_10_max": 0.029515,
        "nauc_ndcg_at_10_std": 0.106055,
        "nauc_ndcg_at_10_diff1": 0.240971,
        "nauc_ndcg_at_20_max": 0.025726,
        "nauc_ndcg_at_20_std": 0.100822,
        "nauc_ndcg_at_20_diff1": 0.225401,
        "nauc_ndcg_at_100_max": 0.021153,
        "nauc_ndcg_at_100_std": 0.107849,
        "nauc_ndcg_at_100_diff1": 0.211589,
        "nauc_ndcg_at_1000_max": 0.022968,
        "nauc_ndcg_at_1000_std": 0.106627,
        "nauc_ndcg_at_1000_diff1": 0.204307,
        "nauc_map_at_1_max": 0.104959,
        "nauc_map_at_1_std": 0.080468,
        "nauc_map_at_1_diff1": 0.39057,
        "nauc_map_at_3_max": 0.063129,
        "nauc_map_at_3_std": 0.09562,
        "nauc_map_at_3_diff1": 0.310236,
        "nauc_map_at_5_max": 0.057142,
        "nauc_map_at_5_std": 0.098987,
        "nauc_map_at_5_diff1": 0.291759,
        "nauc_map_at_10_max": 0.049017,
        "nauc_map_at_10_std": 0.100143,
        "nauc_map_at_10_diff1": 0.279712,
        "nauc_map_at_20_max": 0.047301,
        "nauc_map_at_20_std": 0.098596,
        "nauc_map_at_20_diff1": 0.273758,
        "nauc_map_at_100_max": 0.046037,
        "nauc_map_at_100_std": 0.100048,
        "nauc_map_at_100_diff1": 0.270253,
        "nauc_map_at_1000_max": 0.046002,
        "nauc_map_at_1000_std": 0.099964,
        "nauc_map_at_1000_diff1": 0.269827,
        "nauc_recall_at_1_max": 0.104959,
        "nauc_recall_at_1_std": 0.080468,
        "nauc_recall_at_1_diff1": 0.39057,
        "nauc_recall_at_3_max": 0.030656,
        "nauc_recall_at_3_std": 0.10737,
        "nauc_recall_at_3_diff1": 0.247211,
        "nauc_recall_at_5_max": 0.021294,
        "nauc_recall_at_5_std": 0.111999,
        "nauc_recall_at_5_diff1": 0.204335,
        "nauc_recall_at_10_max": -0.004156,
        "nauc_recall_at_10_std": 0.115708,
        "nauc_recall_at_10_diff1": 0.170773,
        "nauc_recall_at_20_max": -0.007082,
        "nauc_recall_at_20_std": 0.101797,
        "nauc_recall_at_20_diff1": 0.144981,
        "nauc_recall_at_100_max": -0.010365,
        "nauc_recall_at_100_std": 0.119487,
        "nauc_recall_at_100_diff1": 0.128232,
        "nauc_recall_at_1000_max": -0.000756,
        "nauc_recall_at_1000_std": 0.116253,
        "nauc_recall_at_1000_diff1": 0.091903,
        "nauc_precision_at_1_max": 0.095567,
        "nauc_precision_at_1_std": 0.085648,
        "nauc_precision_at_1_diff1": 0.390153,
        "nauc_precision_at_3_max": 0.025787,
        "nauc_precision_at_3_std": 0.112004,
        "nauc_precision_at_3_diff1": 0.24633,
        "nauc_precision_at_5_max": 0.018448,
        "nauc_precision_at_5_std": 0.117959,
        "nauc_precision_at_5_diff1": 0.208215,
        "nauc_precision_at_10_max": -0.007168,
        "nauc_precision_at_10_std": 0.119277,
        "nauc_precision_at_10_diff1": 0.171997,
        "nauc_precision_at_20_max": -0.011074,
        "nauc_precision_at_20_std": 0.104306,
        "nauc_precision_at_20_diff1": 0.145535,
        "nauc_precision_at_100_max": -0.017392,
        "nauc_precision_at_100_std": 0.120625,
        "nauc_precision_at_100_diff1": 0.124047,
        "nauc_precision_at_1000_max": -0.01486,
        "nauc_precision_at_1000_std": 0.104699,
        "nauc_precision_at_1000_diff1": 0.079463,
        "nauc_mrr_at_1_max": 0.095567,
        "nauc_mrr_at_1_std": 0.085648,
        "nauc_mrr_at_1_diff1": 0.390153,
        "nauc_mrr_at_3_max": 0.05675,
        "nauc_mrr_at_3_std": 0.096966,
        "nauc_mrr_at_3_diff1": 0.308323,
        "nauc_mrr_at_5_max": 0.052735,
        "nauc_mrr_at_5_std": 0.099696,
        "nauc_mrr_at_5_diff1": 0.290516,
        "nauc_mrr_at_10_max": 0.045638,
        "nauc_mrr_at_10_std": 0.100482,
        "nauc_mrr_at_10_diff1": 0.278135,
        "nauc_mrr_at_20_max": 0.043604,
        "nauc_mrr_at_20_std": 0.098773,
        "nauc_mrr_at_20_diff1": 0.271876,
        "nauc_mrr_at_100_max": 0.042529,
        "nauc_mrr_at_100_std": 0.099776,
        "nauc_mrr_at_100_diff1": 0.268467,
        "nauc_mrr_at_1000_max": 0.042507,
        "nauc_mrr_at_1000_std": 0.099651,
        "nauc_mrr_at_1000_diff1": 0.268148,
        "cv_recall_at_1": 0.04897,
        "cv_recall_at_3": 0.08473,
        "cv_recall_at_5": 0.10656,
        "cv_recall_at_10": 0.14201,
        "cv_recall_at_20": 0.17917,
        "cv_recall_at_100": 0.31207,
        "cv_recall_at_1000": 0.60781,
        "main_score": 0.08661,
        "hf_subset": "default",
        "languages": [
          "vie-Latn"
        ]
      }
    ]
  },
  "evaluation_time": 757.7868463993073,
  "kg_co2_emissions": null,
  "date": null
}