{
  "dataset_revision": "3d593fde907860102a282b4a6ea7fb1e1f1f83dd",
  "task_name": "BIRCO-Relic",
  "mteb_version": "2.12.20",
  "scores": {
    "test": [
      {
        "ndcg_at_1": 0.04,
        "ndcg_at_3": 0.06262,
        "ndcg_at_5": 0.08328,
        "ndcg_at_10": 0.09878,
        "ndcg_at_20": 0.13397,
        "ndcg_at_100": 0.19123,
        "ndcg_at_1000": 0.21874,
        "map_at_1": 0.04,
        "map_at_3": 0.05667,
        "map_at_5": 0.06817,
        "map_at_10": 0.07419,
        "map_at_20": 0.08373,
        "map_at_100": 0.09073,
        "map_at_1000": 0.09169,
        "recall_at_1": 0.04,
        "recall_at_3": 0.08,
        "recall_at_5": 0.13,
        "recall_at_10": 0.18,
        "recall_at_20": 0.32,
        "recall_at_100": 0.64,
        "recall_at_1000": 0.86,
        "accuracy": 0.04,
        "precision_at_1": 0.04,
        "precision_at_3": 0.02667,
        "precision_at_5": 0.026,
        "precision_at_10": 0.018,
        "precision_at_20": 0.016,
        "precision_at_100": 0.0064,
        "precision_at_1000": 0.00086,
        "mrr_at_1": 0.04,
        "mrr_at_3": 0.056667,
        "mrr_at_5": 0.068167,
        "mrr_at_10": 0.074194,
        "mrr_at_20": 0.083732,
        "mrr_at_100": 0.090729,
        "mrr_at_1000": 0.091687,
        "nauc_ndcg_at_1_max": 0.027167,
        "nauc_ndcg_at_1_std": 0.202509,
        "nauc_ndcg_at_1_diff1": 0.085122,
        "nauc_ndcg_at_3_max": -0.083849,
        "nauc_ndcg_at_3_std": 0.007392,
        "nauc_ndcg_at_3_diff1": 0.183052,
        "nauc_ndcg_at_5_max": -0.124752,
        "nauc_ndcg_at_5_std": -0.081507,
        "nauc_ndcg_at_5_diff1": 0.142013,
        "nauc_ndcg_at_10_max": -0.065982,
        "nauc_ndcg_at_10_std": -0.038646,
        "nauc_ndcg_at_10_diff1": 0.120557,
        "nauc_ndcg_at_20_max": -0.020621,
        "nauc_ndcg_at_20_std": -0.035693,
        "nauc_ndcg_at_20_diff1": 0.140414,
        "nauc_ndcg_at_100_max": 0.048943,
        "nauc_ndcg_at_100_std": 0.040346,
        "nauc_ndcg_at_100_diff1": 0.180375,
        "nauc_ndcg_at_1000_max": 0.039095,
        "nauc_ndcg_at_1000_std": 0.056183,
        "nauc_ndcg_at_1000_diff1": 0.182844,
        "nauc_map_at_1_max": 0.027167,
        "nauc_map_at_1_std": 0.202509,
        "nauc_map_at_1_diff1": 0.085122,
        "nauc_map_at_3_max": -0.058461,
        "nauc_map_at_3_std": 0.046292,
        "nauc_map_at_3_diff1": 0.163955,
        "nauc_map_at_5_max": -0.086682,
        "nauc_map_at_5_std": -0.017789,
        "nauc_map_at_5_diff1": 0.142948,
        "nauc_map_at_10_max": -0.061978,
        "nauc_map_at_10_std": -0.000304,
        "nauc_map_at_10_diff1": 0.129457,
        "nauc_map_at_20_max": -0.043392,
        "nauc_map_at_20_std": -0.001463,
        "nauc_map_at_20_diff1": 0.135952,
        "nauc_map_at_100_max": -0.02806,
        "nauc_map_at_100_std": 0.01147,
        "nauc_map_at_100_diff1": 0.145104,
        "nauc_map_at_1000_max": -0.028637,
        "nauc_map_at_1000_std": 0.012027,
        "nauc_map_at_1000_diff1": 0.144072,
        "nauc_recall_at_1_max": 0.027167,
        "nauc_recall_at_1_std": 0.202509,
        "nauc_recall_at_1_diff1": 0.085122,
        "nauc_recall_at_3_max": -0.137644,
        "nauc_recall_at_3_std": -0.073786,
        "nauc_recall_at_3_diff1": 0.2228,
        "nauc_recall_at_5_max": -0.191332,
        "nauc_recall_at_5_std": -0.190862,
        "nauc_recall_at_5_diff1": 0.135435,
        "nauc_recall_at_10_max": -0.060274,
        "nauc_recall_at_10_std": -0.085693,
        "nauc_recall_at_10_diff1": 0.10327,
        "nauc_recall_at_20_max": 0.024657,
        "nauc_recall_at_20_std": -0.067256,
        "nauc_recall_at_20_diff1": 0.148601,
        "nauc_recall_at_100_max": 0.229515,
        "nauc_recall_at_100_std": 0.167263,
        "nauc_recall_at_100_diff1": 0.263028,
        "nauc_recall_at_1000_max": 0.339615,
        "nauc_recall_at_1000_std": 0.44849,
        "nauc_recall_at_1000_diff1": 0.429437,
        "nauc_precision_at_1_max": 0.027167,
        "nauc_precision_at_1_std": 0.202509,
        "nauc_precision_at_1_diff1": 0.085122,
        "nauc_precision_at_3_max": -0.137644,
        "nauc_precision_at_3_std": -0.073786,
        "nauc_precision_at_3_diff1": 0.2228,
        "nauc_precision_at_5_max": -0.191332,
        "nauc_precision_at_5_std": -0.190862,
        "nauc_precision_at_5_diff1": 0.135435,
        "nauc_precision_at_10_max": -0.060274,
        "nauc_precision_at_10_std": -0.085693,
        "nauc_precision_at_10_diff1": 0.10327,
        "nauc_precision_at_20_max": 0.024657,
        "nauc_precision_at_20_std": -0.067256,
        "nauc_precision_at_20_diff1": 0.148601,
        "nauc_precision_at_100_max": 0.229515,
        "nauc_precision_at_100_std": 0.167263,
        "nauc_precision_at_100_diff1": 0.263028,
        "nauc_precision_at_1000_max": 0.339615,
        "nauc_precision_at_1000_std": 0.44849,
        "nauc_precision_at_1000_diff1": 0.429437,
        "nauc_mrr_at_1_max": 0.027167,
        "nauc_mrr_at_1_std": 0.202509,
        "nauc_mrr_at_1_diff1": 0.085122,
        "nauc_mrr_at_3_max": -0.058461,
        "nauc_mrr_at_3_std": 0.046292,
        "nauc_mrr_at_3_diff1": 0.163955,
        "nauc_mrr_at_5_max": -0.086682,
        "nauc_mrr_at_5_std": -0.017789,
        "nauc_mrr_at_5_diff1": 0.142948,
        "nauc_mrr_at_10_max": -0.061978,
        "nauc_mrr_at_10_std": -0.000304,
        "nauc_mrr_at_10_diff1": 0.129457,
        "nauc_mrr_at_20_max": -0.043392,
        "nauc_mrr_at_20_std": -0.001463,
        "nauc_mrr_at_20_diff1": 0.135952,
        "nauc_mrr_at_100_max": -0.02806,
        "nauc_mrr_at_100_std": 0.01147,
        "nauc_mrr_at_100_diff1": 0.145104,
        "nauc_mrr_at_1000_max": -0.028637,
        "nauc_mrr_at_1000_std": 0.012027,
        "nauc_mrr_at_1000_diff1": 0.144072,
        "hit_rate_at_1": 0.04,
        "hit_rate_at_3": 0.08,
        "hit_rate_at_5": 0.13,
        "hit_rate_at_10": 0.18,
        "hit_rate_at_20": 0.32,
        "hit_rate_at_100": 0.64,
        "hit_rate_at_1000": 0.86,
        "main_score": 0.09878,
        "hf_subset": "default",
        "languages": [
          "eng-Latn"
        ]
      }
    ]
  },
  "evaluation_time": 67.29809308052063,
  "kg_co2_emissions": null,
  "date": null
}