{
  "dataset_revision": "1840e8a5ac6ec752bbdd97d543ead0189bc7c25b",
  "task_name": "ChemHotpotQARetrieval",
  "mteb_version": "2.12.20",
  "scores": {
    "train": [
      {
        "ndcg_at_1": 0.73333,
        "ndcg_at_3": 0.78204,
        "ndcg_at_5": 0.79747,
        "ndcg_at_10": 0.80619,
        "ndcg_at_20": 0.81183,
        "ndcg_at_100": 0.81818,
        "ndcg_at_1000": 0.82485,
        "map_at_1": 0.71389,
        "map_at_3": 0.76481,
        "map_at_5": 0.77398,
        "map_at_10": 0.77743,
        "map_at_20": 0.779,
        "map_at_100": 0.77975,
        "map_at_1000": 0.78,
        "recall_at_1": 0.71389,
        "recall_at_3": 0.81944,
        "recall_at_5": 0.85556,
        "recall_at_10": 0.88333,
        "recall_at_20": 0.90556,
        "recall_at_100": 0.94167,
        "recall_at_1000": 0.99444,
        "accuracy": 0.71389,
        "precision_at_1": 0.73333,
        "precision_at_3": 0.28148,
        "precision_at_5": 0.17667,
        "precision_at_10": 0.09111,
        "precision_at_20": 0.04667,
        "precision_at_100": 0.00972,
        "precision_at_1000": 0.00103,
        "mrr_at_1": 0.733333,
        "mrr_at_3": 0.778704,
        "mrr_at_5": 0.786759,
        "mrr_at_10": 0.790207,
        "mrr_at_20": 0.791776,
        "mrr_at_100": 0.792383,
        "mrr_at_1000": 0.792564,
        "nauc_ndcg_at_1_max": 0.749504,
        "nauc_ndcg_at_1_std": 0.280054,
        "nauc_ndcg_at_1_diff1": 0.873792,
        "nauc_ndcg_at_3_max": 0.668458,
        "nauc_ndcg_at_3_std": 0.222783,
        "nauc_ndcg_at_3_diff1": 0.747516,
        "nauc_ndcg_at_5_max": 0.659896,
        "nauc_ndcg_at_5_std": 0.214547,
        "nauc_ndcg_at_5_diff1": 0.732851,
        "nauc_ndcg_at_10_max": 0.645537,
        "nauc_ndcg_at_10_std": 0.209463,
        "nauc_ndcg_at_10_diff1": 0.727317,
        "nauc_ndcg_at_20_max": 0.649561,
        "nauc_ndcg_at_20_std": 0.214792,
        "nauc_ndcg_at_20_diff1": 0.728534,
        "nauc_ndcg_at_100_max": 0.646727,
        "nauc_ndcg_at_100_std": 0.215468,
        "nauc_ndcg_at_100_diff1": 0.732364,
        "nauc_ndcg_at_1000_max": 0.664445,
        "nauc_ndcg_at_1000_std": 0.225505,
        "nauc_ndcg_at_1000_diff1": 0.748668,
        "nauc_map_at_1_max": 0.630564,
        "nauc_map_at_1_std": 0.193261,
        "nauc_map_at_1_diff1": 0.768876,
        "nauc_map_at_3_max": 0.655342,
        "nauc_map_at_3_std": 0.218713,
        "nauc_map_at_3_diff1": 0.741135,
        "nauc_map_at_5_max": 0.651132,
        "nauc_map_at_5_std": 0.213236,
        "nauc_map_at_5_diff1": 0.734107,
        "nauc_map_at_10_max": 0.645739,
        "nauc_map_at_10_std": 0.211002,
        "nauc_map_at_10_diff1": 0.731946,
        "nauc_map_at_20_max": 0.646645,
        "nauc_map_at_20_std": 0.212763,
        "nauc_map_at_20_diff1": 0.732214,
        "nauc_map_at_100_max": 0.646701,
        "nauc_map_at_100_std": 0.212776,
        "nauc_map_at_100_diff1": 0.732781,
        "nauc_map_at_1000_max": 0.647448,
        "nauc_map_at_1000_std": 0.213275,
        "nauc_map_at_1000_diff1": 0.733443,
        "nauc_recall_at_1_max": 0.630564,
        "nauc_recall_at_1_std": 0.193261,
        "nauc_recall_at_1_diff1": 0.768876,
        "nauc_recall_at_3_max": 0.613828,
        "nauc_recall_at_3_std": 0.18081,
        "nauc_recall_at_3_diff1": 0.655686,
        "nauc_recall_at_5_max": 0.575114,
        "nauc_recall_at_5_std": 0.145514,
        "nauc_recall_at_5_diff1": 0.589594,
        "nauc_recall_at_10_max": 0.488899,
        "nauc_recall_at_10_std": 0.110122,
        "nauc_recall_at_10_diff1": 0.534412,
        "nauc_recall_at_20_max": 0.477284,
        "nauc_recall_at_20_std": 0.117081,
        "nauc_recall_at_20_diff1": 0.493797,
        "nauc_recall_at_100_max": 0.316993,
        "nauc_recall_at_100_std": 0.076319,
        "nauc_recall_at_100_diff1": 0.409875,
        "nauc_recall_at_1000_max": 0.869281,
        "nauc_recall_at_1000_std": 0.554155,
        "nauc_recall_at_1000_diff1": 0.869281,
        "nauc_precision_at_1_max": 0.749504,
        "nauc_precision_at_1_std": 0.280054,
        "nauc_precision_at_1_diff1": 0.873792,
        "nauc_precision_at_3_max": 0.743424,
        "nauc_precision_at_3_std": 0.328218,
        "nauc_precision_at_3_diff1": 0.715979,
        "nauc_precision_at_5_max": 0.676189,
        "nauc_precision_at_5_std": 0.28385,
        "nauc_precision_at_5_diff1": 0.613046,
        "nauc_precision_at_10_max": 0.620671,
        "nauc_precision_at_10_std": 0.278533,
        "nauc_precision_at_10_diff1": 0.570069,
        "nauc_precision_at_20_max": 0.6409,
        "nauc_precision_at_20_std": 0.317656,
        "nauc_precision_at_20_diff1": 0.548059,
        "nauc_precision_at_100_max": 0.531738,
        "nauc_precision_at_100_std": 0.346077,
        "nauc_precision_at_100_diff1": 0.445416,
        "nauc_precision_at_1000_max": 0.595834,
        "nauc_precision_at_1000_std": 0.527682,
        "nauc_precision_at_1000_diff1": 0.4545,
        "nauc_mrr_at_1_max": 0.749504,
        "nauc_mrr_at_1_std": 0.280054,
        "nauc_mrr_at_1_diff1": 0.873792,
        "nauc_mrr_at_3_max": 0.744802,
        "nauc_mrr_at_3_std": 0.270108,
        "nauc_mrr_at_3_diff1": 0.843035,
        "nauc_mrr_at_5_max": 0.741616,
        "nauc_mrr_at_5_std": 0.271064,
        "nauc_mrr_at_5_diff1": 0.83699,
        "nauc_mrr_at_10_max": 0.737385,
        "nauc_mrr_at_10_std": 0.269631,
        "nauc_mrr_at_10_diff1": 0.836343,
        "nauc_mrr_at_20_max": 0.739064,
        "nauc_mrr_at_20_std": 0.271945,
        "nauc_mrr_at_20_diff1": 0.837454,
        "nauc_mrr_at_100_max": 0.738621,
        "nauc_mrr_at_100_std": 0.271592,
        "nauc_mrr_at_100_diff1": 0.837844,
        "nauc_mrr_at_1000_max": 0.739123,
        "nauc_mrr_at_1000_std": 0.272006,
        "nauc_mrr_at_1000_diff1": 0.83796,
        "hit_rate_at_1": 0.73333,
        "hit_rate_at_3": 0.83333,
        "hit_rate_at_5": 0.86667,
        "hit_rate_at_10": 0.89444,
        "hit_rate_at_20": 0.91667,
        "hit_rate_at_100": 0.95,
        "hit_rate_at_1000": 0.99444,
        "main_score": 0.80619,
        "hf_subset": "default",
        "languages": [
          "eng-Latn"
        ]
      }
    ],
    "dev": [
      {
        "ndcg_at_1": 0.875,
        "ndcg_at_3": 0.875,
        "ndcg_at_5": 0.875,
        "ndcg_at_10": 0.875,
        "ndcg_at_20": 0.875,
        "ndcg_at_100": 0.90159,
        "ndcg_at_1000": 0.90159,
        "map_at_1": 0.875,
        "map_at_3": 0.875,
        "map_at_5": 0.875,
        "map_at_10": 0.875,
        "map_at_20": 0.875,
        "map_at_100": 0.88,
        "map_at_1000": 0.88,
        "recall_at_1": 0.875,
        "recall_at_3": 0.875,
        "recall_at_5": 0.875,
        "recall_at_10": 0.875,
        "recall_at_20": 0.875,
        "recall_at_100": 1.0,
        "recall_at_1000": 1.0,
        "accuracy": 0.875,
        "precision_at_1": 0.875,
        "precision_at_3": 0.29167,
        "precision_at_5": 0.175,
        "precision_at_10": 0.0875,
        "precision_at_20": 0.04375,
        "precision_at_100": 0.01,
        "precision_at_1000": 0.001,
        "mrr_at_1": 0.875,
        "mrr_at_3": 0.875,
        "mrr_at_5": 0.875,
        "mrr_at_10": 0.875,
        "mrr_at_20": 0.875,
        "mrr_at_100": 0.88,
        "mrr_at_1000": 0.88,
        "nauc_ndcg_at_1_max": 0.865546,
        "nauc_ndcg_at_1_std": 0.128291,
        "nauc_ndcg_at_1_diff1": 1.0,
        "nauc_ndcg_at_3_max": 0.865546,
        "nauc_ndcg_at_3_std": 0.128291,
        "nauc_ndcg_at_3_diff1": 1.0,
        "nauc_ndcg_at_5_max": 0.865546,
        "nauc_ndcg_at_5_std": 0.128291,
        "nauc_ndcg_at_5_diff1": 1.0,
        "nauc_ndcg_at_10_max": 0.865546,
        "nauc_ndcg_at_10_std": 0.128291,
        "nauc_ndcg_at_10_diff1": 1.0,
        "nauc_ndcg_at_20_max": 0.865546,
        "nauc_ndcg_at_20_std": 0.128291,
        "nauc_ndcg_at_20_diff1": 1.0,
        "nauc_ndcg_at_100_max": 0.865546,
        "nauc_ndcg_at_100_std": 0.128291,
        "nauc_ndcg_at_100_diff1": 1.0,