{
  "dataset_revision": "8a17afc1b3e112c65fd6938b75692846afda97f8",
  "task_name": "FeedbackQARetrieval",
  "mteb_version": "2.12.20",
  "scores": {
    "test": [
      {
        "ndcg_at_1": 0.56627,
        "ndcg_at_3": 0.67169,
        "ndcg_at_5": 0.69857,
        "ndcg_at_10": 0.71666,
        "ndcg_at_20": 0.72591,
        "ndcg_at_100": 0.73894,
        "ndcg_at_1000": 0.74158,
        "map_at_1": 0.56627,
        "map_at_3": 0.64583,
        "map_at_5": 0.66087,
        "map_at_10": 0.66838,
        "map_at_20": 0.67085,
        "map_at_100": 0.6726,
        "map_at_1000": 0.67271,
        "recall_at_1": 0.56627,
        "recall_at_3": 0.74649,
        "recall_at_5": 0.81124,
        "recall_at_10": 0.86697,
        "recall_at_20": 0.90412,
        "recall_at_100": 0.9749,
        "recall_at_1000": 0.99548,
        "accuracy": 0.56627,
        "precision_at_1": 0.56627,
        "precision_at_3": 0.24883,
        "precision_at_5": 0.16225,
        "precision_at_10": 0.0867,
        "precision_at_20": 0.04521,
        "precision_at_100": 0.00975,
        "precision_at_1000": 0.001,
        "mrr_at_1": 0.566265,
        "mrr_at_3": 0.645833,
        "mrr_at_5": 0.660868,
        "mrr_at_10": 0.668382,
        "mrr_at_20": 0.670846,
        "mrr_at_100": 0.6726,
        "mrr_at_1000": 0.672705,
        "nauc_ndcg_at_1_max": 0.336492,
        "nauc_ndcg_at_1_std": -0.211897,
        "nauc_ndcg_at_1_diff1": 0.693053,
        "nauc_ndcg_at_3_max": 0.35775,
        "nauc_ndcg_at_3_std": -0.217776,
        "nauc_ndcg_at_3_diff1": 0.638743,
        "nauc_ndcg_at_5_max": 0.362322,
        "nauc_ndcg_at_5_std": -0.219158,
        "nauc_ndcg_at_5_diff1": 0.630494,
        "nauc_ndcg_at_10_max": 0.363859,
        "nauc_ndcg_at_10_std": -0.217868,
        "nauc_ndcg_at_10_diff1": 0.631178,
        "nauc_ndcg_at_20_max": 0.35455,
        "nauc_ndcg_at_20_std": -0.217548,
        "nauc_ndcg_at_20_diff1": 0.625115,
        "nauc_ndcg_at_100_max": 0.354271,
        "nauc_ndcg_at_100_std": -0.209026,
        "nauc_ndcg_at_100_diff1": 0.633004,
        "nauc_ndcg_at_1000_max": 0.354804,
        "nauc_ndcg_at_1000_std": -0.21231,
        "nauc_ndcg_at_1000_diff1": 0.637739,
        "nauc_map_at_1_max": 0.336492,
        "nauc_map_at_1_std": -0.211897,
        "nauc_map_at_1_diff1": 0.693053,
        "nauc_map_at_3_max": 0.35306,
        "nauc_map_at_3_std": -0.216121,
        "nauc_map_at_3_diff1": 0.65336,
        "nauc_map_at_5_max": 0.355533,
        "nauc_map_at_5_std": -0.216834,
        "nauc_map_at_5_diff1": 0.649703,
        "nauc_map_at_10_max": 0.355943,
        "nauc_map_at_10_std": -0.216521,
        "nauc_map_at_10_diff1": 0.650287,
        "nauc_map_at_20_max": 0.353845,
        "nauc_map_at_20_std": -0.216413,
        "nauc_map_at_20_diff1": 0.649083,
        "nauc_map_at_100_max": 0.353684,
        "nauc_map_at_100_std": -0.215572,
        "nauc_map_at_100_diff1": 0.65003,
        "nauc_map_at_1000_max": 0.35368,
        "nauc_map_at_1000_std": -0.215633,
        "nauc_map_at_1000_diff1": 0.650148,
        "nauc_recall_at_1_max": 0.336492,
        "nauc_recall_at_1_std": -0.211897,
        "nauc_recall_at_1_diff1": 0.693053,
        "nauc_recall_at_3_max": 0.374117,
        "nauc_recall_at_3_std": -0.223786,
        "nauc_recall_at_3_diff1": 0.586017,
        "nauc_recall_at_5_max": 0.391932,
        "nauc_recall_at_5_std": -0.229615,
        "nauc_recall_at_5_diff1": 0.544024,
        "nauc_recall_at_10_max": 0.411419,
        "nauc_recall_at_10_std": -0.223847,
        "nauc_recall_at_10_diff1": 0.516765,
        "nauc_recall_at_20_max": 0.338498,
        "nauc_recall_at_20_std": -0.223295,
        "nauc_recall_at_20_diff1": 0.420308,
        "nauc_recall_at_100_max": 0.298209,
        "nauc_recall_at_100_std": 0.16339,
        "nauc_recall_at_100_diff1": 0.215738,
        "nauc_recall_at_1000_max": 0.296779,
        "nauc_recall_at_1000_std": 0.517734,
        "nauc_recall_at_1000_diff1": 0.125035,
        "nauc_precision_at_1_max": 0.336492,
        "nauc_precision_at_1_std": -0.211897,
        "nauc_precision_at_1_diff1": 0.693053,
        "nauc_precision_at_3_max": 0.374117,
        "nauc_precision_at_3_std": -0.223786,
        "nauc_precision_at_3_diff1": 0.586017,
        "nauc_precision_at_5_max": 0.391932,
        "nauc_precision_at_5_std": -0.229615,
        "nauc_precision_at_5_diff1": 0.544024,
        "nauc_precision_at_10_max": 0.411419,
        "nauc_precision_at_10_std": -0.223847,
        "nauc_precision_at_10_diff1": 0.516765,
        "nauc_precision_at_20_max": 0.338498,
        "nauc_precision_at_20_std": -0.223295,
        "nauc_precision_at_20_diff1": 0.420308,
        "nauc_precision_at_100_max": 0.298209,
        "nauc_precision_at_100_std": 0.16339,
        "nauc_precision_at_100_diff1": 0.215738,
        "nauc_precision_at_1000_max": 0.296779,
        "nauc_precision_at_1000_std": 0.517734,
        "nauc_precision_at_1000_diff1": 0.125035,
        "nauc_mrr_at_1_max": 0.336492,
        "nauc_mrr_at_1_std": -0.211897,
        "nauc_mrr_at_1_diff1": 0.693053,
        "nauc_mrr_at_3_max": 0.35306,
        "nauc_mrr_at_3_std": -0.216121,
        "nauc_mrr_at_3_diff1": 0.65336,
        "nauc_mrr_at_5_max": 0.355533,
        "nauc_mrr_at_5_std": -0.216834,
        "nauc_mrr_at_5_diff1": 0.649703,
        "nauc_mrr_at_10_max": 0.355943,
        "nauc_mrr_at_10_std": -0.216521,
        "nauc_mrr_at_10_diff1": 0.650287,
        "nauc_mrr_at_20_max": 0.353845,
        "nauc_mrr_at_20_std": -0.216413,
        "nauc_mrr_at_20_diff1": 0.649083,
        "nauc_mrr_at_100_max": 0.353684,
        "nauc_mrr_at_100_std": -0.215572,
        "nauc_mrr_at_100_diff1": 0.65003,
        "nauc_mrr_at_1000_max": 0.35368,
        "nauc_mrr_at_1000_std": -0.215633,
        "nauc_mrr_at_1000_diff1": 0.650148,
        "hit_rate_at_1": 0.56627,
        "hit_rate_at_3": 0.74649,
        "hit_rate_at_5": 0.81124,
        "hit_rate_at_10": 0.86697,
        "hit_rate_at_20": 0.90412,
        "hit_rate_at_100": 0.9749,
        "hit_rate_at_1000": 0.99548,
        "main_score": 0.56627,
        "hf_subset": "default",
        "languages": [
          "eng-Latn"
        ]
      }
    ]
  },
  "evaluation_time": 191.28786516189575,
  "kg_co2_emissions": null,
  "date": null
}