{
  "dataset_revision": "48142cc741b04d0b4af370ade7e8b42430382670",
  "task_name": "LIMITRetrieval",
  "mteb_version": "2.12.20",
  "scores": {
    "test": [
      {
        "ndcg_at_1": 0.003,
        "ndcg_at_2": 0.00339,
        "ndcg_at_3": 0.00369,
        "ndcg_at_5": 0.00493,
        "ndcg_at_10": 0.00552,
        "ndcg_at_20": 0.00706,
        "ndcg_at_100": 0.01143,
        "ndcg_at_1000": 0.02495,
        "map_at_1": 0.0015,
        "map_at_2": 0.00275,
        "map_at_3": 0.00292,
        "map_at_5": 0.00359,
        "map_at_10": 0.00385,
        "map_at_20": 0.00425,
        "map_at_100": 0.00473,
        "map_at_1000": 0.00506,
        "recall_at_1": 0.0015,
        "recall_at_2": 0.0035,
        "recall_at_3": 0.004,
        "recall_at_5": 0.0065,
        "recall_at_10": 0.008,
        "recall_at_20": 0.013,
        "recall_at_100": 0.033,
        "recall_at_1000": 0.1275,
        "accuracy": 0.0015,
        "precision_at_1": 0.003,
        "precision_at_2": 0.0035,
        "precision_at_3": 0.00267,
        "precision_at_5": 0.0026,
        "precision_at_10": 0.0016,
        "precision_at_20": 0.0013,
        "precision_at_100": 0.00066,
        "precision_at_1000": 0.00026,
        "mrr_at_1": 0.003,
        "mrr_at_2": 0.0045,
        "mrr_at_3": 0.004833,
        "mrr_at_5": 0.005683,
        "mrr_at_10": 0.005919,
        "mrr_at_20": 0.006478,
        "mrr_at_100": 0.007337,
        "mrr_at_1000": 0.007822,
        "nauc_ndcg_at_1_max": -0.350684,
        "nauc_ndcg_at_1_std": -0.0508,
        "nauc_ndcg_at_1_diff1": 0.203649,
        "nauc_ndcg_at_2_max": -0.235328,
        "nauc_ndcg_at_2_std": -0.125477,
        "nauc_ndcg_at_2_diff1": 0.266292,
        "nauc_ndcg_at_3_max": -0.250249,
        "nauc_ndcg_at_3_std": -0.156531,
        "nauc_ndcg_at_3_diff1": 0.327193,
        "nauc_ndcg_at_5_max": -0.258959,
        "nauc_ndcg_at_5_std": -0.150486,
        "nauc_ndcg_at_5_diff1": 0.231503,
        "nauc_ndcg_at_10_max": -0.254417,
        "nauc_ndcg_at_10_std": -0.121794,
        "nauc_ndcg_at_10_diff1": 0.210325,
        "nauc_ndcg_at_20_max": -0.268312,
        "nauc_ndcg_at_20_std": -0.14356,
        "nauc_ndcg_at_20_diff1": 0.193612,
        "nauc_ndcg_at_100_max": -0.222649,
        "nauc_ndcg_at_100_std": -0.109556,
        "nauc_ndcg_at_100_diff1": 0.111984,
        "nauc_ndcg_at_1000_max": -0.164349,
        "nauc_ndcg_at_1000_std": -0.054529,
        "nauc_ndcg_at_1000_diff1": 0.031107,
        "nauc_map_at_1_max": -0.350684,
        "nauc_map_at_1_std": -0.0508,
        "nauc_map_at_1_diff1": 0.203649,
        "nauc_map_at_2_max": -0.255946,
        "nauc_map_at_2_std": -0.096666,
        "nauc_map_at_2_diff1": 0.206039,
        "nauc_map_at_3_max": -0.265039,
        "nauc_map_at_3_std": -0.11969,
        "nauc_map_at_3_diff1": 0.251409,
        "nauc_map_at_5_max": -0.274902,
        "nauc_map_at_5_std": -0.10555,
        "nauc_map_at_5_diff1": 0.191737,
        "nauc_map_at_10_max": -0.26426,
        "nauc_map_at_10_std": -0.100538,
        "nauc_map_at_10_diff1": 0.200811,
        "nauc_map_at_20_max": -0.272486,
        "nauc_map_at_20_std": -0.112132,
        "nauc_map_at_20_diff1": 0.197308,
        "nauc_map_at_100_max": -0.253298,
        "nauc_map_at_100_std": -0.103319,
        "nauc_map_at_100_diff1": 0.174083,
        "nauc_map_at_1000_max": -0.242549,
        "nauc_map_at_1000_std": -0.098143,
        "nauc_map_at_1000_diff1": 0.163554,
        "nauc_recall_at_1_max": -0.350684,
        "nauc_recall_at_1_std": -0.0508,
        "nauc_recall_at_1_diff1": 0.203649,
        "nauc_recall_at_2_max": -0.206409,
        "nauc_recall_at_2_std": -0.144199,
        "nauc_recall_at_2_diff1": 0.281996,
        "nauc_recall_at_3_max": -0.232493,
        "nauc_recall_at_3_std": -0.188624,
        "nauc_recall_at_3_diff1": 0.371747,
        "nauc_recall_at_5_max": -0.248994,
        "nauc_recall_at_5_std": -0.168541,
        "nauc_recall_at_5_diff1": 0.212194,
        "nauc_recall_at_10_max": -0.244936,
        "nauc_recall_at_10_std": -0.113245,
        "nauc_recall_at_10_diff1": 0.173045,
        "nauc_recall_at_20_max": -0.272832,
        "nauc_recall_at_20_std": -0.155724,
        "nauc_recall_at_20_diff1": 0.158604,
        "nauc_recall_at_100_max": -0.209755,
        "nauc_recall_at_100_std": -0.100926,
        "nauc_recall_at_100_diff1": 0.056232,
        "nauc_recall_at_1000_max": -0.142027,
        "nauc_recall_at_1000_std": -0.027848,
        "nauc_recall_at_1000_diff1": -0.026717,
        "nauc_precision_at_1_max": -0.350684,
        "nauc_precision_at_1_std": -0.0508,
        "nauc_precision_at_1_diff1": 0.203649,
        "nauc_precision_at_2_max": -0.206409,
        "nauc_precision_at_2_std": -0.144199,
        "nauc_precision_at_2_diff1": 0.281996,
        "nauc_precision_at_3_max": -0.232493,
        "nauc_precision_at_3_std": -0.188624,
        "nauc_precision_at_3_diff1": 0.371747,
        "nauc_precision_at_5_max": -0.248994,
        "nauc_precision_at_5_std": -0.168541,
        "nauc_precision_at_5_diff1": 0.212194,
        "nauc_precision_at_10_max": -0.244936,
        "nauc_precision_at_10_std": -0.113245,
        "nauc_precision_at_10_diff1": 0.173045,
        "nauc_precision_at_20_max": -0.272832,
        "nauc_precision_at_20_std": -0.155724,
        "nauc_precision_at_20_diff1": 0.158604,
        "nauc_precision_at_100_max": -0.209755,
        "nauc_precision_at_100_std": -0.100926,
        "nauc_precision_at_100_diff1": 0.056232,
        "nauc_precision_at_1000_max": -0.142027,
        "nauc_precision_at_1000_std": -0.027848,
        "nauc_precision_at_1000_diff1": -0.026717,
        "nauc_mrr_at_1_max": -0.350684,
        "nauc_mrr_at_1_std": -0.0508,
        "nauc_mrr_at_1_diff1": 0.203649,
        "nauc_mrr_at_2_max": -0.242048,
        "nauc_mrr_at_2_std": -0.140029,
        "nauc_mrr_at_2_diff1": 0.322601,
        "nauc_mrr_at_3_max": -0.253981,
        "nauc_mrr_at_3_std": -0.164827,
        "nauc_mrr_at_3_diff1": 0.369318,
        "nauc_mrr_at_5_max": -0.254901,
        "nauc_mrr_at_5_std": -0.179226,
        "nauc_mrr_at_5_diff1": 0.304589,
        "nauc_mrr_at_10_max": -0.259868,
        "nauc_mrr_at_10_std": -0.154823,
        "nauc_mrr_at_10_diff1": 0.272886,
        "nauc_mrr_at_20_max": -0.260881,
        "nauc_mrr_at_20_std": -0.159466,
        "nauc_mrr_at_20_diff1": 0.256734,
        "nauc_mrr_at_100_max": -0.242062,
        "nauc_mrr_at_100_std": -0.1431,
        "nauc_mrr_at_100_diff1": 0.219545,
        "nauc_mrr_at_1000_max": -0.232158,
        "nauc_mrr_at_1000_std": -0.134824,
        "nauc_mrr_at_1000_diff1": 0.206277,
        "hit_rate_at_1": 0.003,
        "hit_rate_at_2": 0.006,
        "hit_rate_at_3": 0.007,
        "hit_rate_at_5": 0.011,
        "hit_rate_at_10": 0.013,
        "hit_rate_at_20": 0.021,
        "hit_rate_at_100": 0.058,
        "hit_rate_at_1000": 0.212,
        "main_score": 0.0035,
        "hf_subset": "default",
        "languages": [
          "eng-Latn"
        ]
      }
    ]
  },
  "evaluation_time": 2154.7332763671875,
  "kg_co2_emissions": null,
  "date": null
}