{
  "dataset_revision": "67c0b4f7f15946e0b15cf6cf3b8993d04cb3efc6",
  "task_name": "MSMARCOHardNegatives",
  "mteb_version": "2.12.20",
  "scores": {
    "test": [
      {
        "ndcg_at_1": 0.82558,
        "ndcg_at_3": 0.79376,
        "ndcg_at_5": 0.76441,
        "ndcg_at_10": 0.74135,
        "ndcg_at_20": 0.73479,
        "ndcg_at_100": 0.73854,
        "ndcg_at_1000": 0.85472,
        "map_at_1": 0.02004,
        "map_at_3": 0.05697,
        "map_at_5": 0.08927,
        "map_at_10": 0.15689,
        "map_at_20": 0.25641,
        "map_at_100": 0.48578,
        "map_at_1000": 0.66054,
        "recall_at_1": 0.02004,
        "recall_at_3": 0.06093,
        "recall_at_5": 0.0979,
        "recall_at_10": 0.17652,
        "recall_at_20": 0.2963,
        "recall_at_100": 0.64298,
        "recall_at_1000": 0.97748,
        "accuracy": 0.02004,
        "precision_at_1": 0.97674,
        "precision_at_3": 0.92248,
        "precision_at_5": 0.89767,
        "precision_at_10": 0.83488,
        "precision_at_20": 0.76977,
        "precision_at_100": 0.47395,
        "precision_at_1000": 0.09353,
        "mrr_at_1": 0.976744,
        "mrr_at_3": 0.984496,
        "mrr_at_5": 0.984496,
        "mrr_at_10": 0.984496,
        "mrr_at_20": 0.984496,
        "mrr_at_100": 0.984496,
        "mrr_at_1000": 0.984496,
        "nauc_ndcg_at_1_max": 0.046994,
        "nauc_ndcg_at_1_std": -0.305595,
        "nauc_ndcg_at_1_diff1": 0.231365,
        "nauc_ndcg_at_3_max": 0.249458,
        "nauc_ndcg_at_3_std": -0.037488,
        "nauc_ndcg_at_3_diff1": 0.01833,
        "nauc_ndcg_at_5_max": 0.246718,
        "nauc_ndcg_at_5_std": 0.07011,
        "nauc_ndcg_at_5_diff1": 0.043974,
        "nauc_ndcg_at_10_max": 0.30309,
        "nauc_ndcg_at_10_std": 0.210736,
        "nauc_ndcg_at_10_diff1": 0.025228,
        "nauc_ndcg_at_20_max": 0.314278,
        "nauc_ndcg_at_20_std": 0.274037,
        "nauc_ndcg_at_20_diff1": 0.013323,
        "nauc_ndcg_at_100_max": 0.356319,
        "nauc_ndcg_at_100_std": 0.404759,
        "nauc_ndcg_at_100_diff1": -0.107016,
        "nauc_ndcg_at_1000_max": 0.407028,
        "nauc_ndcg_at_1000_std": 0.537121,
        "nauc_ndcg_at_1000_diff1": -0.280435,
        "nauc_map_at_1_max": -0.033225,
        "nauc_map_at_1_std": -0.36756,
        "nauc_map_at_1_diff1": 0.239206,
        "nauc_map_at_3_max": 0.022058,
        "nauc_map_at_3_std": -0.371005,
        "nauc_map_at_3_diff1": 0.177511,
        "nauc_map_at_5_max": 0.0405,
        "nauc_map_at_5_std": -0.346517,
        "nauc_map_at_5_diff1": 0.127604,
        "nauc_map_at_10_max": 0.115257,
        "nauc_map_at_10_std": -0.285881,
        "nauc_map_at_10_diff1": 0.145806,
        "nauc_map_at_20_max": 0.198074,
        "nauc_map_at_20_std": -0.240497,
        "nauc_map_at_20_diff1": 0.083021,
        "nauc_map_at_100_max": 0.31922,
        "nauc_map_at_100_std": 0.129612,
        "nauc_map_at_100_diff1": -0.065114,
        "nauc_map_at_1000_max": 0.295495,
        "nauc_map_at_1000_std": 0.622026,
        "nauc_map_at_1000_diff1": -0.308745,
        "nauc_recall_at_1_max": -0.033225,
        "nauc_recall_at_1_std": -0.36756,
        "nauc_recall_at_1_diff1": 0.239206,
        "nauc_recall_at_3_max": -0.056064,
        "nauc_recall_at_3_std": -0.394228,
        "nauc_recall_at_3_diff1": 0.201254,
        "nauc_recall_at_5_max": -0.058185,
        "nauc_recall_at_5_std": -0.377981,
        "nauc_recall_at_5_diff1": 0.169481,
        "nauc_recall_at_10_max": 0.001533,
        "nauc_recall_at_10_std": -0.350023,
        "nauc_recall_at_10_diff1": 0.203503,
        "nauc_recall_at_20_max": 0.066509,
        "nauc_recall_at_20_std": -0.325875,
        "nauc_recall_at_20_diff1": 0.145339,
        "nauc_recall_at_100_max": 0.221833,
        "nauc_recall_at_100_std": -0.089451,
        "nauc_recall_at_100_diff1": 0.003288,
        "nauc_recall_at_1000_max": 0.462233,
        "nauc_recall_at_1000_std": 0.906463,
        "nauc_recall_at_1000_diff1": -1.226727,
        "nauc_precision_at_1_max": 0.870287,
        "nauc_precision_at_1_std": 0.870287,
        "nauc_precision_at_1_diff1": -0.569314,
        "nauc_precision_at_3_max": 0.60891,
        "nauc_precision_at_3_std": 0.488156,
        "nauc_precision_at_3_diff1": -0.585454,
        "nauc_precision_at_5_max": 0.409041,
        "nauc_precision_at_5_std": 0.504128,
        "nauc_precision_at_5_diff1": -0.530627,
        "nauc_precision_at_10_max": 0.44603,
        "nauc_precision_at_10_std": 0.550561,
        "nauc_precision_at_10_diff1": -0.290559,
        "nauc_precision_at_20_max": 0.334814,
        "nauc_precision_at_20_std": 0.528071,
        "nauc_precision_at_20_diff1": -0.331036,
        "nauc_precision_at_100_max": 0.073657,
        "nauc_precision_at_100_std": 0.633324,
        "nauc_precision_at_100_diff1": -0.255337,
        "nauc_precision_at_1000_max": -0.057781,
        "nauc_precision_at_1000_std": 0.47698,
        "nauc_precision_at_1000_diff1": -0.2589,
        "nauc_mrr_at_1_max": 0.870287,
        "nauc_mrr_at_1_std": 0.870287,
        "nauc_mrr_at_1_diff1": -0.569314,
        "nauc_mrr_at_3_max": 0.870287,
        "nauc_mrr_at_3_std": 0.870287,
        "nauc_mrr_at_3_diff1": -0.569314,
        "nauc_mrr_at_5_max": 0.870287,
        "nauc_mrr_at_5_std": 0.870287,
        "nauc_mrr_at_5_diff1": -0.569314,
        "nauc_mrr_at_10_max": 0.870287,
        "nauc_mrr_at_10_std": 0.870287,
        "nauc_mrr_at_10_diff1": -0.569314,
        "nauc_mrr_at_20_max": 0.870287,
        "nauc_mrr_at_20_std": 0.870287,
        "nauc_mrr_at_20_diff1": -0.569314,
        "nauc_mrr_at_100_max": 0.870287,
        "nauc_mrr_at_100_std": 0.870287,
        "nauc_mrr_at_100_diff1": -0.569314,
        "nauc_mrr_at_1000_max": 0.870287,
        "nauc_mrr_at_1000_std": 0.870287,
        "nauc_mrr_at_1000_diff1": -0.569314,
        "hit_rate_at_1": 0.97674,
        "hit_rate_at_3": 1.0,
        "hit_rate_at_5": 1.0,
        "hit_rate_at_10": 1.0,
        "hit_rate_at_20": 1.0,
        "hit_rate_at_100": 1.0,
        "hit_rate_at_1000": 1.0,
        "main_score": 0.74135,
        "hf_subset": "default",
        "languages": [
          "eng-Latn"
        ]
      }
    ]
  },
  "evaluation_time": 212.1725435256958,
  "kg_co2_emissions": null,
  "date": null
}