{
  "dataset_revision": "local",
  "task_name": "MultiEupV2LV",
  "mteb_version": "2.12.30",
  "scores": {
    "test": [
      {
        "ndcg_at_1": 0.74026,
        "ndcg_at_3": 0.7691,
        "ndcg_at_5": 0.78853,
        "ndcg_at_10": 0.80562,
        "ndcg_at_20": 0.81117,
        "ndcg_at_100": 0.82377,
        "ndcg_at_1000": 0.82705,
        "map_at_1": 0.6961,
        "map_at_3": 0.75263,
        "map_at_5": 0.76584,
        "map_at_10": 0.77385,
        "map_at_20": 0.7755,
        "map_at_100": 0.77732,
        "map_at_1000": 0.77755,
        "recall_at_1": 0.6961,
        "recall_at_3": 0.79286,
        "recall_at_5": 0.84264,
        "recall_at_10": 0.89156,
        "recall_at_20": 0.9132,
        "recall_at_100": 0.97944,
        "recall_at_1000": 1.0,
        "accuracy": 0.6961,
        "precision_at_1": 0.74026,
        "precision_at_3": 0.29437,
        "precision_at_5": 0.18961,
        "precision_at_10": 0.10065,
        "precision_at_20": 0.05162,
        "precision_at_100": 0.0111,
        "precision_at_1000": 0.00114,
        "mrr_at_1": 0.74026,
        "mrr_at_3": 0.770563,
        "mrr_at_5": 0.780303,
        "mrr_at_10": 0.787021,
        "mrr_at_20": 0.788283,
        "mrr_at_100": 0.789952,
        "mrr_at_1000": 0.790059,
        "nauc_ndcg_at_1_max": 0.566787,
        "nauc_ndcg_at_1_std": -0.026995,
        "nauc_ndcg_at_1_diff1": 0.828748,
        "nauc_ndcg_at_3_max": 0.631623,
        "nauc_ndcg_at_3_std": 0.09448,
        "nauc_ndcg_at_3_diff1": 0.788953,
        "nauc_ndcg_at_5_max": 0.618583,
        "nauc_ndcg_at_5_std": 0.06821,
        "nauc_ndcg_at_5_diff1": 0.774054,
        "nauc_ndcg_at_10_max": 0.606222,
        "nauc_ndcg_at_10_std": 0.084991,
        "nauc_ndcg_at_10_diff1": 0.767384,
        "nauc_ndcg_at_20_max": 0.603364,
        "nauc_ndcg_at_20_std": 0.081305,
        "nauc_ndcg_at_20_diff1": 0.767057,
        "nauc_ndcg_at_100_max": 0.601123,
        "nauc_ndcg_at_100_std": 0.071155,
        "nauc_ndcg_at_100_diff1": 0.774196,
        "nauc_ndcg_at_1000_max": 0.59949,
        "nauc_ndcg_at_1000_std": 0.060173,
        "nauc_ndcg_at_1000_diff1": 0.784431,
        "nauc_map_at_1_max": 0.471607,
        "nauc_map_at_1_std": -0.124703,
        "nauc_map_at_1_diff1": 0.799069,
        "nauc_map_at_3_max": 0.598849,
        "nauc_map_at_3_std": 0.046003,
        "nauc_map_at_3_diff1": 0.787238,
        "nauc_map_at_5_max": 0.595521,
        "nauc_map_at_5_std": 0.040464,
        "nauc_map_at_5_diff1": 0.781979,
        "nauc_map_at_10_max": 0.591666,
        "nauc_map_at_10_std": 0.046569,
        "nauc_map_at_10_diff1": 0.780137,
        "nauc_map_at_20_max": 0.591231,
        "nauc_map_at_20_std": 0.046186,
        "nauc_map_at_20_diff1": 0.780424,
        "nauc_map_at_100_max": 0.591315,
        "nauc_map_at_100_std": 0.04565,
        "nauc_map_at_100_diff1": 0.781446,
        "nauc_map_at_1000_max": 0.591177,
        "nauc_map_at_1000_std": 0.04496,
        "nauc_map_at_1000_diff1": 0.782095,
        "nauc_recall_at_1_max": 0.471607,
        "nauc_recall_at_1_std": -0.124703,
        "nauc_recall_at_1_diff1": 0.799069,
        "nauc_recall_at_3_max": 0.690635,
        "nauc_recall_at_3_std": 0.199283,
        "nauc_recall_at_3_diff1": 0.75131,
        "nauc_recall_at_5_max": 0.690258,
        "nauc_recall_at_5_std": 0.172016,
        "nauc_recall_at_5_diff1": 0.692584,
        "nauc_recall_at_10_max": 0.651872,
        "nauc_recall_at_10_std": 0.299749,
        "nauc_recall_at_10_diff1": 0.626258,
        "nauc_recall_at_20_max": 0.628961,
        "nauc_recall_at_20_std": 0.307854,
        "nauc_recall_at_20_diff1": 0.576853,
        "nauc_recall_at_100_max": 0.602664,
        "nauc_recall_at_100_std": 0.554764,
        "nauc_recall_at_100_diff1": 0.256981,
        "nauc_recall_at_1000_max": NaN,
        "nauc_recall_at_1000_std": NaN,
        "nauc_recall_at_1000_diff1": NaN,
        "nauc_precision_at_1_max": 0.566787,
        "nauc_precision_at_1_std": -0.026995,
        "nauc_precision_at_1_diff1": 0.828748,
        "nauc_precision_at_3_max": 0.514076,
        "nauc_precision_at_3_std": 0.353319,
        "nauc_precision_at_3_diff1": 0.342513,
        "nauc_precision_at_5_max": 0.41149,
        "nauc_precision_at_5_std": 0.335504,
        "nauc_precision_at_5_diff1": 0.189869,
        "nauc_precision_at_10_max": 0.324992,
        "nauc_precision_at_10_std": 0.402345,
        "nauc_precision_at_10_diff1": 0.055188,
        "nauc_precision_at_20_max": 0.276872,
        "nauc_precision_at_20_std": 0.397342,
        "nauc_precision_at_20_diff1": -0.014453,
        "nauc_precision_at_100_max": 0.128124,
        "nauc_precision_at_100_std": 0.405041,
        "nauc_precision_at_100_diff1": -0.241129,
        "nauc_precision_at_1000_max": 0.031521,
        "nauc_precision_at_1000_std": 0.282194,
        "nauc_precision_at_1000_diff1": -0.229566,
        "nauc_mrr_at_1_max": 0.566787,
        "nauc_mrr_at_1_std": -0.026995,
        "nauc_mrr_at_1_diff1": 0.828748,
        "nauc_mrr_at_3_max": 0.605716,
        "nauc_mrr_at_3_std": 0.048612,
        "nauc_mrr_at_3_diff1": 0.821324,
        "nauc_mrr_at_5_max": 0.603453,
        "nauc_mrr_at_5_std": 0.0361,
        "nauc_mrr_at_5_diff1": 0.814484,
        "nauc_mrr_at_10_max": 0.595199,
        "nauc_mrr_at_10_std": 0.03809,
        "nauc_mrr_at_10_diff1": 0.812447,
        "nauc_mrr_at_20_max": 0.593986,
        "nauc_mrr_at_20_std": 0.037214,
        "nauc_mrr_at_20_diff1": 0.812714,
        "nauc_mrr_at_100_max": 0.593438,
        "nauc_mrr_at_100_std": 0.035825,
        "nauc_mrr_at_100_diff1": 0.813915,
        "nauc_mrr_at_1000_max": 0.59352,
        "nauc_mrr_at_1000_std": 0.035671,
        "nauc_mrr_at_1000_diff1": 0.814123,
        "hit_rate_at_1": 0.74026,
        "hit_rate_at_3": 0.81169,
        "hit_rate_at_5": 0.85714,
        "hit_rate_at_10": 0.9026,
        "hit_rate_at_20": 0.92208,
        "hit_rate_at_100": 0.98701,
        "hit_rate_at_1000": 1.0,
        "main_score": 0.80562,
        "hf_subset": "default",
        "languages": [
          "lav-Latn"
        ]
      }
    ]
  },
  "evaluation_time": 5.905697345733643,
  "kg_co2_emissions": null,
  "date": null
}