{
  "dataset_revision": "dd542a7efb9ad2136b9e00768b60fca9038f8156",
  "task_name": "NanoNFCorpusRetrieval",
  "mteb_version": "2.12.20",
  "scores": {
    "train": [
      {
        "ndcg_at_1": 0.48,
        "ndcg_at_3": 0.42793,
        "ndcg_at_5": 0.41816,
        "ndcg_at_10": 0.38506,
        "ndcg_at_20": 0.33544,
        "ndcg_at_100": 0.29672,
        "ndcg_at_1000": 0.40941,
        "map_at_1": 0.04788,
        "map_at_3": 0.07914,
        "map_at_5": 0.10127,
        "map_at_10": 0.12534,
        "map_at_20": 0.13852,
        "map_at_100": 0.15581,
        "map_at_1000": 0.17522,
        "recall_at_1": 0.04788,
        "recall_at_3": 0.08389,
        "recall_at_5": 0.13001,
        "recall_at_10": 0.16563,
        "recall_at_20": 0.19464,
        "recall_at_100": 0.29149,
        "recall_at_1000": 0.63416,
        "accuracy": 0.04788,
        "precision_at_1": 0.48,
        "precision_at_3": 0.4,
        "precision_at_5": 0.372,
        "precision_at_10": 0.316,
        "precision_at_20": 0.226,
        "precision_at_100": 0.0904,
        "precision_at_1000": 0.02812,
        "mrr_at_1": 0.48,
        "mrr_at_3": 0.523333,
        "mrr_at_5": 0.546333,
        "mrr_at_10": 0.551667,
        "mrr_at_20": 0.555983,
        "mrr_at_100": 0.557944,
        "mrr_at_1000": 0.558422,
        "nauc_ndcg_at_1_max": 0.594633,
        "nauc_ndcg_at_1_std": 0.39023,
        "nauc_ndcg_at_1_diff1": 0.179528,
        "nauc_ndcg_at_3_max": 0.543694,
        "nauc_ndcg_at_3_std": 0.308454,
        "nauc_ndcg_at_3_diff1": 0.122432,
        "nauc_ndcg_at_5_max": 0.566382,
        "nauc_ndcg_at_5_std": 0.344812,
        "nauc_ndcg_at_5_diff1": 0.125165,
        "nauc_ndcg_at_10_max": 0.503621,
        "nauc_ndcg_at_10_std": 0.329681,
        "nauc_ndcg_at_10_diff1": 0.079671,
        "nauc_ndcg_at_20_max": 0.415253,
        "nauc_ndcg_at_20_std": 0.278687,
        "nauc_ndcg_at_20_diff1": 0.07775,
        "nauc_ndcg_at_100_max": 0.295982,
        "nauc_ndcg_at_100_std": 0.159758,
        "nauc_ndcg_at_100_diff1": 0.101819,
        "nauc_ndcg_at_1000_max": 0.393238,
        "nauc_ndcg_at_1000_std": 0.239046,
        "nauc_ndcg_at_1000_diff1": 0.036739,
        "nauc_map_at_1_max": -0.160739,
        "nauc_map_at_1_std": -0.360307,
        "nauc_map_at_1_diff1": -0.052915,
        "nauc_map_at_3_max": -0.066689,
        "nauc_map_at_3_std": -0.2971,
        "nauc_map_at_3_diff1": -0.010597,
        "nauc_map_at_5_max": 0.017502,
        "nauc_map_at_5_std": -0.218011,
        "nauc_map_at_5_diff1": 0.016993,
        "nauc_map_at_10_max": 0.127003,
        "nauc_map_at_10_std": -0.125655,
        "nauc_map_at_10_diff1": 0.021951,
        "nauc_map_at_20_max": 0.174363,
        "nauc_map_at_20_std": -0.081682,
        "nauc_map_at_20_diff1": 0.030643,
        "nauc_map_at_100_max": 0.211112,
        "nauc_map_at_100_std": -0.019875,
        "nauc_map_at_100_diff1": 0.034916,
        "nauc_map_at_1000_max": 0.233123,
        "nauc_map_at_1000_std": 0.041895,
        "nauc_map_at_1000_diff1": 0.041462,
        "nauc_recall_at_1_max": -0.160739,
        "nauc_recall_at_1_std": -0.360307,
        "nauc_recall_at_1_diff1": -0.052915,
        "nauc_recall_at_3_max": -0.045388,
        "nauc_recall_at_3_std": -0.26633,
        "nauc_recall_at_3_diff1": -0.005161,
        "nauc_recall_at_5_max": -0.060636,
        "nauc_recall_at_5_std": -0.237605,
        "nauc_recall_at_5_diff1": -0.013841,
        "nauc_recall_at_10_max": 0.040991,
        "nauc_recall_at_10_std": -0.160277,
        "nauc_recall_at_10_diff1": 0.014345,
        "nauc_recall_at_20_max": 0.077179,
        "nauc_recall_at_20_std": -0.126244,
        "nauc_recall_at_20_diff1": 0.035219,
        "nauc_recall_at_100_max": 0.051201,
        "nauc_recall_at_100_std": -0.070904,
        "nauc_recall_at_100_diff1": -0.007631,
        "nauc_recall_at_1000_max": -0.010487,
        "nauc_recall_at_1000_std": -0.060604,
        "nauc_recall_at_1000_diff1": -0.137527,
        "nauc_precision_at_1_max": 0.594633,
        "nauc_precision_at_1_std": 0.39023,
        "nauc_precision_at_1_diff1": 0.179528,
        "nauc_precision_at_3_max": 0.582145,
        "nauc_precision_at_3_std": 0.352933,
        "nauc_precision_at_3_diff1": 0.114328,
        "nauc_precision_at_5_max": 0.667356,
        "nauc_precision_at_5_std": 0.470204,
        "nauc_precision_at_5_diff1": 0.149228,
        "nauc_precision_at_10_max": 0.615476,
        "nauc_precision_at_10_std": 0.493088,
        "nauc_precision_at_10_diff1": 0.092937,
        "nauc_precision_at_20_max": 0.523909,
        "nauc_precision_at_20_std": 0.502875,
        "nauc_precision_at_20_diff1": 0.095395,
        "nauc_precision_at_100_max": 0.330903,
        "nauc_precision_at_100_std": 0.535602,
        "nauc_precision_at_100_diff1": 0.099812,
        "nauc_precision_at_1000_max": 0.184092,
        "nauc_precision_at_1000_std": 0.495839,
        "nauc_precision_at_1000_diff1": 0.097293,
        "nauc_mrr_at_1_max": 0.594633,
        "nauc_mrr_at_1_std": 0.39023,
        "nauc_mrr_at_1_diff1": 0.179528,
        "nauc_mrr_at_3_max": 0.615058,
        "nauc_mrr_at_3_std": 0.42548,
        "nauc_mrr_at_3_diff1": 0.135448,
        "nauc_mrr_at_5_max": 0.605478,
        "nauc_mrr_at_5_std": 0.438969,
        "nauc_mrr_at_5_diff1": 0.119572,
        "nauc_mrr_at_10_max": 0.607999,
        "nauc_mrr_at_10_std": 0.430762,
        "nauc_mrr_at_10_diff1": 0.133537,
        "nauc_mrr_at_20_max": 0.603473,
        "nauc_mrr_at_20_std": 0.425258,
        "nauc_mrr_at_20_diff1": 0.128224,
        "nauc_mrr_at_100_max": 0.601985,
        "nauc_mrr_at_100_std": 0.425396,
        "nauc_mrr_at_100_diff1": 0.12676,
        "nauc_mrr_at_1000_max": 0.602015,
        "nauc_mrr_at_1000_std": 0.425366,
        "nauc_mrr_at_1000_diff1": 0.126275,
        "hit_rate_at_1": 0.48,
        "hit_rate_at_3": 0.6,
        "hit_rate_at_5": 0.7,
        "hit_rate_at_10": 0.74,
        "hit_rate_at_20": 0.8,
        "hit_rate_at_100": 0.86,
        "hit_rate_at_1000": 0.96,
        "main_score": 0.38506,
        "hf_subset": "default",
        "languages": [
          "eng-Latn"
        ]
      }
    ]
  },
  "evaluation_time": 304.0597343444824,
  "kg_co2_emissions": null,
  "date": null
}