{
  "dataset_revision": "309f1d1ae3ae2e092444a8a0c25bed59b82318bc",
  "task_name": "NanoSciFactRetrieval",
  "mteb_version": "2.12.20",
  "scores": {
    "train": [
      {
        "ndcg_at_1": 0.64,
        "ndcg_at_3": 0.69274,
        "ndcg_at_5": 0.71103,
        "ndcg_at_10": 0.73514,
        "ndcg_at_20": 0.74595,
        "ndcg_at_100": 0.75758,
        "ndcg_at_1000": 0.7643,
        "map_at_1": 0.605,
        "map_at_3": 0.67167,
        "map_at_5": 0.68767,
        "map_at_10": 0.69883,
        "map_at_20": 0.70217,
        "map_at_100": 0.70394,
        "map_at_1000": 0.70407,
        "recall_at_1": 0.605,
        "recall_at_3": 0.725,
        "recall_at_5": 0.77,
        "recall_at_10": 0.84,
        "recall_at_20": 0.88,
        "recall_at_100": 0.94,
        "recall_at_1000": 1.0,
        "accuracy": 0.605,
        "precision_at_1": 0.64,
        "precision_at_3": 0.26667,
        "precision_at_5": 0.176,
        "precision_at_10": 0.096,
        "precision_at_20": 0.05,
        "precision_at_100": 0.0106,
        "precision_at_1000": 0.00112,
        "mrr_at_1": 0.64,
        "mrr_at_3": 0.686667,
        "mrr_at_5": 0.695667,
        "mrr_at_10": 0.704833,
        "mrr_at_20": 0.708167,
        "mrr_at_100": 0.70994,
        "mrr_at_1000": 0.710066,
        "nauc_ndcg_at_1_max": 0.713852,
        "nauc_ndcg_at_1_std": 0.091646,
        "nauc_ndcg_at_1_diff1": 0.838006,
        "nauc_ndcg_at_3_max": 0.708695,
        "nauc_ndcg_at_3_std": 0.161647,
        "nauc_ndcg_at_3_diff1": 0.777954,
        "nauc_ndcg_at_5_max": 0.739014,
        "nauc_ndcg_at_5_std": 0.242525,
        "nauc_ndcg_at_5_diff1": 0.791206,
        "nauc_ndcg_at_10_max": 0.721506,
        "nauc_ndcg_at_10_std": 0.227337,
        "nauc_ndcg_at_10_diff1": 0.783134,
        "nauc_ndcg_at_20_max": 0.709918,
        "nauc_ndcg_at_20_std": 0.227645,
        "nauc_ndcg_at_20_diff1": 0.778363,
        "nauc_ndcg_at_100_max": 0.699955,
        "nauc_ndcg_at_100_std": 0.198248,
        "nauc_ndcg_at_100_diff1": 0.788655,
        "nauc_ndcg_at_1000_max": 0.707442,
        "nauc_ndcg_at_1000_std": 0.196122,
        "nauc_ndcg_at_1000_diff1": 0.789488,
        "nauc_map_at_1_max": 0.587879,
        "nauc_map_at_1_std": -0.042348,
        "nauc_map_at_1_diff1": 0.8167,
        "nauc_map_at_3_max": 0.66204,
        "nauc_map_at_3_std": 0.116283,
        "nauc_map_at_3_diff1": 0.776352,
        "nauc_map_at_5_max": 0.713969,
        "nauc_map_at_5_std": 0.182466,
        "nauc_map_at_5_diff1": 0.791344,
        "nauc_map_at_10_max": 0.706416,
        "nauc_map_at_10_std": 0.176361,
        "nauc_map_at_10_diff1": 0.786541,
        "nauc_map_at_20_max": 0.703125,
        "nauc_map_at_20_std": 0.175854,
        "nauc_map_at_20_diff1": 0.785298,
        "nauc_map_at_100_max": 0.701695,
        "nauc_map_at_100_std": 0.171769,
        "nauc_map_at_100_diff1": 0.786343,
        "nauc_map_at_1000_max": 0.701771,
        "nauc_map_at_1000_std": 0.171732,
        "nauc_map_at_1000_diff1": 0.786342,
        "nauc_recall_at_1_max": 0.587879,
        "nauc_recall_at_1_std": -0.042348,
        "nauc_recall_at_1_diff1": 0.8167,
        "nauc_recall_at_3_max": 0.661616,
        "nauc_recall_at_3_std": 0.169115,
        "nauc_recall_at_3_diff1": 0.740872,
        "nauc_recall_at_5_max": 0.796961,
        "nauc_recall_at_5_std": 0.442045,
        "nauc_recall_at_5_diff1": 0.756653,
        "nauc_recall_at_10_max": 0.743864,
        "nauc_recall_at_10_std": 0.447533,
        "nauc_recall_at_10_diff1": 0.718336,
        "nauc_recall_at_20_max": 0.670776,
        "nauc_recall_at_20_std": 0.514874,
        "nauc_recall_at_20_diff1": 0.666322,
        "nauc_recall_at_100_max": 0.46094,
        "nauc_recall_at_100_std": 0.264862,
        "nauc_recall_at_100_diff1": 0.758792,
        "nauc_recall_at_1000_max": NaN,
        "nauc_recall_at_1000_std": NaN,
        "nauc_recall_at_1000_diff1": NaN,
        "nauc_precision_at_1_max": 0.713852,
        "nauc_precision_at_1_std": 0.091646,
        "nauc_precision_at_1_diff1": 0.838006,
        "nauc_precision_at_3_max": 0.708387,
        "nauc_precision_at_3_std": 0.449082,
        "nauc_precision_at_3_diff1": 0.419089,
        "nauc_precision_at_5_max": 0.720312,
        "nauc_precision_at_5_std": 0.628078,
        "nauc_precision_at_5_diff1": 0.296926,
        "nauc_precision_at_10_max": 0.598686,
        "nauc_precision_at_10_std": 0.618268,
        "nauc_precision_at_10_diff1": 0.150241,
        "nauc_precision_at_20_max": 0.556907,
        "nauc_precision_at_20_std": 0.660703,
        "nauc_precision_at_20_diff1": 0.070962,
        "nauc_precision_at_100_max": 0.485758,
        "nauc_precision_at_100_std": 0.636029,
        "nauc_precision_at_100_diff1": -0.035501,
        "nauc_precision_at_1000_max": 0.49289,
        "nauc_precision_at_1000_std": 0.742688,
        "nauc_precision_at_1000_diff1": -0.263751,
        "nauc_mrr_at_1_max": 0.713852,
        "nauc_mrr_at_1_std": 0.091646,
        "nauc_mrr_at_1_diff1": 0.838006,
        "nauc_mrr_at_3_max": 0.722389,
        "nauc_mrr_at_3_std": 0.139357,
        "nauc_mrr_at_3_diff1": 0.830798,
        "nauc_mrr_at_5_max": 0.736347,
        "nauc_mrr_at_5_std": 0.194608,
        "nauc_mrr_at_5_diff1": 0.818837,
        "nauc_mrr_at_10_max": 0.726217,
        "nauc_mrr_at_10_std": 0.178507,
        "nauc_mrr_at_10_diff1": 0.817177,
        "nauc_mrr_at_20_max": 0.723114,
        "nauc_mrr_at_20_std": 0.178018,
        "nauc_mrr_at_20_diff1": 0.816276,
        "nauc_mrr_at_100_max": 0.7218,
        "nauc_mrr_at_100_std": 0.173892,
        "nauc_mrr_at_100_diff1": 0.817546,
        "nauc_mrr_at_1000_max": 0.721887,
        "nauc_mrr_at_1000_std": 0.173856,
        "nauc_mrr_at_1000_diff1": 0.817561,
        "hit_rate_at_1": 0.64,
        "hit_rate_at_3": 0.74,
        "hit_rate_at_5": 0.78,
        "hit_rate_at_10": 0.84,
        "hit_rate_at_20": 0.88,
        "hit_rate_at_100": 0.94,
        "hit_rate_at_1000": 1.0,
        "main_score": 0.73514,
        "hf_subset": "default",
        "languages": [
          "eng-Latn"
        ]
      }
    ]
  },
  "evaluation_time": 301.1265461444855,
  "kg_co2_emissions": null,
  "date": null
}