{
  "dataset_revision": "2e643e7363944af1c33a652d1c87320d0871c4e4",
  "task_name": "NarrativeQARetrieval",
  "mteb_version": "2.12.26",
  "scores": {
    "test": [
      {
        "ndcg_at_1": 0.33258,
        "ndcg_at_3": 0.39821,
        "ndcg_at_5": 0.41585,
        "ndcg_at_10": 0.43529,
        "ndcg_at_20": 0.45281,
        "ndcg_at_100": 0.48925,
        "ndcg_at_1000": 0.5134,
        "map_at_1": 0.33258,
        "map_at_3": 0.38227,
        "map_at_5": 0.39204,
        "map_at_10": 0.40009,
        "map_at_20": 0.4049,
        "map_at_100": 0.40956,
        "map_at_1000": 0.4106,
        "recall_at_1": 0.33258,
        "recall_at_3": 0.44425,
        "recall_at_5": 0.48716,
        "recall_at_10": 0.54713,
        "recall_at_20": 0.61646,
        "recall_at_100": 0.81841,
        "recall_at_1000": 1.0,
        "accuracy": 0.33258,
        "precision_at_1": 0.33258,
        "precision_at_3": 0.14808,
        "precision_at_5": 0.09743,
        "precision_at_10": 0.05471,
        "precision_at_20": 0.03082,
        "precision_at_100": 0.00818,
        "precision_at_1000": 0.001,
        "mrr_at_1": 0.332576,
        "mrr_at_3": 0.382274,
        "mrr_at_5": 0.39204,
        "mrr_at_10": 0.400093,
        "mrr_at_20": 0.404896,
        "mrr_at_100": 0.409562,
        "mrr_at_1000": 0.410596,
        "nauc_ndcg_at_1_max": 0.426791,
        "nauc_ndcg_at_1_std": 0.050585,
        "nauc_ndcg_at_1_diff1": 0.616016,
        "nauc_ndcg_at_3_max": 0.42403,
        "nauc_ndcg_at_3_std": 0.057609,
        "nauc_ndcg_at_3_diff1": 0.556235,
        "nauc_ndcg_at_5_max": 0.422025,
        "nauc_ndcg_at_5_std": 0.055783,
        "nauc_ndcg_at_5_diff1": 0.543684,
        "nauc_ndcg_at_10_max": 0.419769,
        "nauc_ndcg_at_10_std": 0.057352,
        "nauc_ndcg_at_10_diff1": 0.535341,
        "nauc_ndcg_at_20_max": 0.41597,
        "nauc_ndcg_at_20_std": 0.055899,
        "nauc_ndcg_at_20_diff1": 0.53165,
        "nauc_ndcg_at_100_max": 0.415591,
        "nauc_ndcg_at_100_std": 0.057154,
        "nauc_ndcg_at_100_diff1": 0.532519,
        "nauc_ndcg_at_1000_max": 0.418957,
        "nauc_ndcg_at_1000_std": 0.056893,
        "nauc_ndcg_at_1000_diff1": 0.544994,
        "nauc_map_at_1_max": 0.426791,
        "nauc_map_at_1_std": 0.050585,
        "nauc_map_at_1_diff1": 0.616016,
        "nauc_map_at_3_max": 0.424832,
        "nauc_map_at_3_std": 0.056378,
        "nauc_map_at_3_diff1": 0.57002,
        "nauc_map_at_5_max": 0.423778,
        "nauc_map_at_5_std": 0.055419,
        "nauc_map_at_5_diff1": 0.563132,
        "nauc_map_at_10_max": 0.422724,
        "nauc_map_at_10_std": 0.055864,
        "nauc_map_at_10_diff1": 0.559731,
        "nauc_map_at_20_max": 0.421739,
        "nauc_map_at_20_std": 0.055535,
        "nauc_map_at_20_diff1": 0.558856,
        "nauc_map_at_100_max": 0.421662,
        "nauc_map_at_100_std": 0.055812,
        "nauc_map_at_100_diff1": 0.558958,
        "nauc_map_at_1000_max": 0.421805,
        "nauc_map_at_1000_std": 0.055851,
        "nauc_map_at_1000_diff1": 0.559484,
        "nauc_recall_at_1_max": 0.426791,
        "nauc_recall_at_1_std": 0.050585,
        "nauc_recall_at_1_diff1": 0.616016,
        "nauc_recall_at_3_max": 0.42167,
        "nauc_recall_at_3_std": 0.060956,
        "nauc_recall_at_3_diff1": 0.516907,
        "nauc_recall_at_5_max": 0.416518,
        "nauc_recall_at_5_std": 0.056315,
        "nauc_recall_at_5_diff1": 0.485619,
        "nauc_recall_at_10_max": 0.40975,
        "nauc_recall_at_10_std": 0.062473,
        "nauc_recall_at_10_diff1": 0.456237,
        "nauc_recall_at_20_max": 0.391995,
        "nauc_recall_at_20_std": 0.056001,
        "nauc_recall_at_20_diff1": 0.432898,
        "nauc_recall_at_100_max": 0.372213,
        "nauc_recall_at_100_std": 0.065091,
        "nauc_recall_at_100_diff1": 0.371057,
        "nauc_recall_at_1000_max": NaN,
        "nauc_recall_at_1000_std": NaN,
        "nauc_recall_at_1000_diff1": NaN,
        "nauc_precision_at_1_max": 0.426791,
        "nauc_precision_at_1_std": 0.050585,
        "nauc_precision_at_1_diff1": 0.616016,
        "nauc_precision_at_3_max": 0.42167,
        "nauc_precision_at_3_std": 0.060956,
        "nauc_precision_at_3_diff1": 0.516907,
        "nauc_precision_at_5_max": 0.416518,
        "nauc_precision_at_5_std": 0.056315,
        "nauc_precision_at_5_diff1": 0.485619,
        "nauc_precision_at_10_max": 0.40975,
        "nauc_precision_at_10_std": 0.062473,
        "nauc_precision_at_10_diff1": 0.456237,
        "nauc_precision_at_20_max": 0.391995,
        "nauc_precision_at_20_std": 0.056001,
        "nauc_precision_at_20_diff1": 0.432898,
        "nauc_precision_at_100_max": 0.372213,
        "nauc_precision_at_100_std": 0.065091,
        "nauc_precision_at_100_diff1": 0.371057,
        "nauc_precision_at_1000_max": NaN,
        "nauc_precision_at_1000_std": NaN,
        "nauc_precision_at_1000_diff1": NaN,
        "nauc_mrr_at_1_max": 0.426791,
        "nauc_mrr_at_1_std": 0.050585,
        "nauc_mrr_at_1_diff1": 0.616016,
        "nauc_mrr_at_3_max": 0.424832,
        "nauc_mrr_at_3_std": 0.056378,
        "nauc_mrr_at_3_diff1": 0.57002,
        "nauc_mrr_at_5_max": 0.423778,
        "nauc_mrr_at_5_std": 0.055419,
        "nauc_mrr_at_5_diff1": 0.563132,
        "nauc_mrr_at_10_max": 0.422724,
        "nauc_mrr_at_10_std": 0.055864,
        "nauc_mrr_at_10_diff1": 0.559731,
        "nauc_mrr_at_20_max": 0.421739,
        "nauc_mrr_at_20_std": 0.055535,
        "nauc_mrr_at_20_diff1": 0.558856,
        "nauc_mrr_at_100_max": 0.421662,
        "nauc_mrr_at_100_std": 0.055812,
        "nauc_mrr_at_100_diff1": 0.558958,
        "nauc_mrr_at_1000_max": 0.421805,
        "nauc_mrr_at_1000_std": 0.055851,
        "nauc_mrr_at_1000_diff1": 0.559484,
        "hit_rate_at_1": 0.33258,
        "hit_rate_at_3": 0.44425,
        "hit_rate_at_5": 0.48716,
        "hit_rate_at_10": 0.54713,
        "hit_rate_at_20": 0.61646,
        "hit_rate_at_100": 0.81841,
        "hit_rate_at_1000": 1.0,
        "main_score": 0.43529,
        "hf_subset": "default",
        "languages": [
          "eng-Latn"
        ]
      }
    ]
  },
  "evaluation_time": 252.3818120956421,
  "kg_co2_emissions": null,
  "date": null
}