{
  "dataset_revision": "8b9fec2db9eda4b5742d03732213fbaee8169556",
  "task_name": "R2MEDBiologyRetrieval",
  "mteb_version": "2.12.26",
  "scores": {
    "test": [
      {
        "ndcg_at_1": 0.15534,
        "ndcg_at_3": 0.14295,
        "ndcg_at_5": 0.14118,
        "ndcg_at_10": 0.16323,
        "ndcg_at_20": 0.18755,
        "ndcg_at_100": 0.24266,
        "ndcg_at_1000": 0.30878,
        "map_at_1": 0.04276,
        "map_at_3": 0.08124,
        "map_at_5": 0.08968,
        "map_at_10": 0.10528,
        "map_at_20": 0.11533,
        "map_at_100": 0.12624,
        "map_at_1000": 0.1301,
        "recall_at_1": 0.04276,
        "recall_at_3": 0.10852,
        "recall_at_5": 0.13824,
        "recall_at_10": 0.19722,
        "recall_at_20": 0.26002,
        "recall_at_100": 0.46883,
        "recall_at_1000": 0.84466,
        "accuracy": 0.04276,
        "precision_at_1": 0.15534,
        "precision_at_3": 0.12621,
        "precision_at_5": 0.09515,
        "precision_at_10": 0.07379,
        "precision_at_20": 0.05049,
        "precision_at_100": 0.01777,
        "precision_at_1000": 0.00303,
        "mrr_at_1": 0.15534,
        "mrr_at_3": 0.205502,
        "mrr_at_5": 0.221036,
        "mrr_at_10": 0.228032,
        "mrr_at_20": 0.232935,
        "mrr_at_100": 0.238358,
        "mrr_at_1000": 0.239637,
        "nauc_ndcg_at_1_max": 0.104499,
        "nauc_ndcg_at_1_std": -0.228268,
        "nauc_ndcg_at_1_diff1": 0.286365,
        "nauc_ndcg_at_3_max": 0.077136,
        "nauc_ndcg_at_3_std": -0.177789,
        "nauc_ndcg_at_3_diff1": 0.168684,
        "nauc_ndcg_at_5_max": 0.121254,
        "nauc_ndcg_at_5_std": -0.166238,
        "nauc_ndcg_at_5_diff1": 0.229031,
        "nauc_ndcg_at_10_max": 0.086212,
        "nauc_ndcg_at_10_std": -0.209458,
        "nauc_ndcg_at_10_diff1": 0.210747,
        "nauc_ndcg_at_20_max": 0.06797,
        "nauc_ndcg_at_20_std": -0.21577,
        "nauc_ndcg_at_20_diff1": 0.206564,
        "nauc_ndcg_at_100_max": 0.015583,
        "nauc_ndcg_at_100_std": -0.240858,
        "nauc_ndcg_at_100_diff1": 0.18562,
        "nauc_ndcg_at_1000_max": 0.051591,
        "nauc_ndcg_at_1000_std": -0.184904,
        "nauc_ndcg_at_1000_diff1": 0.178165,
        "nauc_map_at_1_max": 0.137673,
        "nauc_map_at_1_std": -0.256427,
        "nauc_map_at_1_diff1": 0.401277,
        "nauc_map_at_3_max": 0.162735,
        "nauc_map_at_3_std": -0.175026,
        "nauc_map_at_3_diff1": 0.28693,
        "nauc_map_at_5_max": 0.181748,
        "nauc_map_at_5_std": -0.155369,
        "nauc_map_at_5_diff1": 0.304108,
        "nauc_map_at_10_max": 0.143278,
        "nauc_map_at_10_std": -0.19221,
        "nauc_map_at_10_diff1": 0.284022,
        "nauc_map_at_20_max": 0.12128,
        "nauc_map_at_20_std": -0.20311,
        "nauc_map_at_20_diff1": 0.266811,
        "nauc_map_at_100_max": 0.100585,
        "nauc_map_at_100_std": -0.211787,
        "nauc_map_at_100_diff1": 0.253651,
        "nauc_map_at_1000_max": 0.101867,
        "nauc_map_at_1000_std": -0.2083,
        "nauc_map_at_1000_diff1": 0.252955,
        "nauc_recall_at_1_max": 0.137673,
        "nauc_recall_at_1_std": -0.256427,
        "nauc_recall_at_1_diff1": 0.401277,
        "nauc_recall_at_3_max": 0.131085,
        "nauc_recall_at_3_std": -0.139183,
        "nauc_recall_at_3_diff1": 0.198845,
        "nauc_recall_at_5_max": 0.189207,
        "nauc_recall_at_5_std": -0.087395,
        "nauc_recall_at_5_diff1": 0.236953,
        "nauc_recall_at_10_max": 0.090968,
        "nauc_recall_at_10_std": -0.190766,
        "nauc_recall_at_10_diff1": 0.186739,
        "nauc_recall_at_20_max": 0.054317,
        "nauc_recall_at_20_std": -0.190463,
        "nauc_recall_at_20_diff1": 0.171588,
        "nauc_recall_at_100_max": -0.064316,
        "nauc_recall_at_100_std": -0.239982,
        "nauc_recall_at_100_diff1": 0.137076,
        "nauc_recall_at_1000_max": 0.156059,
        "nauc_recall_at_1000_std": 0.172803,
        "nauc_recall_at_1000_diff1": 0.065993,
        "nauc_precision_at_1_max": 0.104499,
        "nauc_precision_at_1_std": -0.228268,
        "nauc_precision_at_1_diff1": 0.286365,
        "nauc_precision_at_3_max": 0.031613,
        "nauc_precision_at_3_std": -0.185518,
        "nauc_precision_at_3_diff1": 0.121506,
        "nauc_precision_at_5_max": 0.050524,
        "nauc_precision_at_5_std": -0.164019,
        "nauc_precision_at_5_diff1": 0.151242,
        "nauc_precision_at_10_max": -0.051394,
        "nauc_precision_at_10_std": -0.260687,
        "nauc_precision_at_10_diff1": 0.082988,
        "nauc_precision_at_20_max": -0.084808,
        "nauc_precision_at_20_std": -0.258882,
        "nauc_precision_at_20_diff1": 0.075203,
        "nauc_precision_at_100_max": -0.196788,
        "nauc_precision_at_100_std": -0.277452,
        "nauc_precision_at_100_diff1": -0.003498,
        "nauc_precision_at_1000_max": -0.17488,
        "nauc_precision_at_1000_std": -0.12926,
        "nauc_precision_at_1000_diff1": -0.094137,
        "nauc_mrr_at_1_max": 0.104499,
        "nauc_mrr_at_1_std": -0.228268,
        "nauc_mrr_at_1_diff1": 0.286365,
        "nauc_mrr_at_3_max": 0.081985,
        "nauc_mrr_at_3_std": -0.179498,
        "nauc_mrr_at_3_diff1": 0.179883,
        "nauc_mrr_at_5_max": 0.073094,
        "nauc_mrr_at_5_std": -0.187017,
        "nauc_mrr_at_5_diff1": 0.159174,
        "nauc_mrr_at_10_max": 0.055413,
        "nauc_mrr_at_10_std": -0.201987,
        "nauc_mrr_at_10_diff1": 0.151435,
        "nauc_mrr_at_20_max": 0.059688,
        "nauc_mrr_at_20_std": -0.201455,
        "nauc_mrr_at_20_diff1": 0.163189,
        "nauc_mrr_at_100_max": 0.054849,
        "nauc_mrr_at_100_std": -0.203144,
        "nauc_mrr_at_100_diff1": 0.162475,
        "nauc_mrr_at_1000_max": 0.056475,
        "nauc_mrr_at_1000_std": -0.201924,
        "nauc_mrr_at_1000_diff1": 0.162268,
        "hit_rate_at_1": 0.15534,
        "hit_rate_at_3": 0.27184,
        "hit_rate_at_5": 0.3301,
        "hit_rate_at_10": 0.38835,
        "hit_rate_at_20": 0.45631,
        "hit_rate_at_100": 0.68932,
        "hit_rate_at_1000": 0.95146,
        "main_score": 0.16323,
        "hf_subset": "default",
        "languages": [
          "eng-Latn"
        ]
      }
    ]
  },
  "evaluation_time": 295.88924288749695,
  "kg_co2_emissions": null,
  "date": null
}