{
  "dataset_revision": "974abbc9bc281c3169180a6aa5d7586cfd2f5877",
  "task_name": "R2MEDIIYiClinicalRetrieval",
  "mteb_version": "2.12.26",
  "scores": {
    "test": [
      {
        "ndcg_at_1": 0.15504,
        "ndcg_at_3": 0.12871,
        "ndcg_at_5": 0.13045,
        "ndcg_at_10": 0.16052,
        "ndcg_at_20": 0.19718,
        "ndcg_at_100": 0.27226,
        "ndcg_at_1000": 0.33442,
        "map_at_1": 0.04664,
        "map_at_3": 0.07011,
        "map_at_5": 0.08104,
        "map_at_10": 0.09468,
        "map_at_20": 0.10811,
        "map_at_100": 0.12312,
        "map_at_1000": 0.12697,
        "recall_at_1": 0.04664,
        "recall_at_3": 0.09987,
        "recall_at_5": 0.12881,
        "recall_at_10": 0.20129,
        "recall_at_20": 0.29367,
        "recall_at_100": 0.57545,
        "recall_at_1000": 0.91331,
        "accuracy": 0.04664,
        "precision_at_1": 0.15504,
        "precision_at_3": 0.10853,
        "precision_at_5": 0.08992,
        "precision_at_10": 0.06822,
        "precision_at_20": 0.05349,
        "precision_at_100": 0.0207,
        "precision_at_1000": 0.00329,
        "mrr_at_1": 0.155039,
        "mrr_at_3": 0.217054,
        "mrr_at_5": 0.227907,
        "mrr_at_10": 0.244946,
        "mrr_at_20": 0.252141,
        "mrr_at_100": 0.258427,
        "mrr_at_1000": 0.259166,
        "nauc_ndcg_at_1_max": 0.262059,
        "nauc_ndcg_at_1_std": 0.284308,
        "nauc_ndcg_at_1_diff1": 0.005409,
        "nauc_ndcg_at_3_max": 0.178366,
        "nauc_ndcg_at_3_std": 0.226769,
        "nauc_ndcg_at_3_diff1": 0.022893,
        "nauc_ndcg_at_5_max": 0.196383,
        "nauc_ndcg_at_5_std": 0.178002,
        "nauc_ndcg_at_5_diff1": 0.056345,
        "nauc_ndcg_at_10_max": 0.210661,
        "nauc_ndcg_at_10_std": 0.1772,
        "nauc_ndcg_at_10_diff1": 0.061175,
        "nauc_ndcg_at_20_max": 0.200213,
        "nauc_ndcg_at_20_std": 0.205345,
        "nauc_ndcg_at_20_diff1": 0.023401,
        "nauc_ndcg_at_100_max": 0.129128,
        "nauc_ndcg_at_100_std": 0.321189,
        "nauc_ndcg_at_100_diff1": -0.04013,
        "nauc_ndcg_at_1000_max": 0.149013,
        "nauc_ndcg_at_1000_std": 0.329085,
        "nauc_ndcg_at_1000_diff1": -0.041127,
        "nauc_map_at_1_max": 0.245143,
        "nauc_map_at_1_std": 0.264588,
        "nauc_map_at_1_diff1": 0.029963,
        "nauc_map_at_3_max": 0.179923,
        "nauc_map_at_3_std": 0.226129,
        "nauc_map_at_3_diff1": 0.055013,
        "nauc_map_at_5_max": 0.190294,
        "nauc_map_at_5_std": 0.201589,
        "nauc_map_at_5_diff1": 0.064909,
        "nauc_map_at_10_max": 0.209632,
        "nauc_map_at_10_std": 0.193607,
        "nauc_map_at_10_diff1": 0.069617,
        "nauc_map_at_20_max": 0.200935,
        "nauc_map_at_20_std": 0.209819,
        "nauc_map_at_20_diff1": 0.054326,
        "nauc_map_at_100_max": 0.179518,
        "nauc_map_at_100_std": 0.247428,
        "nauc_map_at_100_diff1": 0.027463,
        "nauc_map_at_1000_max": 0.181776,
        "nauc_map_at_1000_std": 0.25163,
        "nauc_map_at_1000_diff1": 0.026984,
        "nauc_recall_at_1_max": 0.245143,
        "nauc_recall_at_1_std": 0.264588,
        "nauc_recall_at_1_diff1": 0.029963,
        "nauc_recall_at_3_max": 0.107356,
        "nauc_recall_at_3_std": 0.138677,
        "nauc_recall_at_3_diff1": 0.109098,
        "nauc_recall_at_5_max": 0.132148,
        "nauc_recall_at_5_std": 0.091725,
        "nauc_recall_at_5_diff1": 0.111491,
        "nauc_recall_at_10_max": 0.163258,
        "nauc_recall_at_10_std": 0.093822,
        "nauc_recall_at_10_diff1": 0.096406,
        "nauc_recall_at_20_max": 0.147986,
        "nauc_recall_at_20_std": 0.151256,
        "nauc_recall_at_20_diff1": 0.013527,
        "nauc_recall_at_100_max": -0.058173,
        "nauc_recall_at_100_std": 0.353451,
        "nauc_recall_at_100_diff1": -0.11114,
        "nauc_recall_at_1000_max": -0.241155,
        "nauc_recall_at_1000_std": 0.637905,
        "nauc_recall_at_1000_diff1": -0.13169,
        "nauc_precision_at_1_max": 0.262059,
        "nauc_precision_at_1_std": 0.284308,
        "nauc_precision_at_1_diff1": 0.005409,
        "nauc_precision_at_3_max": 0.189106,
        "nauc_precision_at_3_std": 0.171155,
        "nauc_precision_at_3_diff1": 0.015366,
        "nauc_precision_at_5_max": 0.177854,
        "nauc_precision_at_5_std": 0.10016,
        "nauc_precision_at_5_diff1": 0.014931,
        "nauc_precision_at_10_max": 0.184815,
        "nauc_precision_at_10_std": 0.155512,
        "nauc_precision_at_10_diff1": 0.006266,
        "nauc_precision_at_20_max": 0.132626,
        "nauc_precision_at_20_std": 0.19995,
        "nauc_precision_at_20_diff1": -0.063902,
        "nauc_precision_at_100_max": -0.039696,
        "nauc_precision_at_100_std": 0.436691,
        "nauc_precision_at_100_diff1": -0.206601,
        "nauc_precision_at_1000_max": -0.033655,
        "nauc_precision_at_1000_std": 0.336835,
        "nauc_precision_at_1000_diff1": -0.284329,
        "nauc_mrr_at_1_max": 0.262059,
        "nauc_mrr_at_1_std": 0.284308,
        "nauc_mrr_at_1_diff1": 0.005409,
        "nauc_mrr_at_3_max": 0.246888,
        "nauc_mrr_at_3_std": 0.242503,
        "nauc_mrr_at_3_diff1": 0.025412,
        "nauc_mrr_at_5_max": 0.250389,
        "nauc_mrr_at_5_std": 0.217085,
        "nauc_mrr_at_5_diff1": 0.027083,
        "nauc_mrr_at_10_max": 0.244265,
        "nauc_mrr_at_10_std": 0.228453,
        "nauc_mrr_at_10_diff1": 0.025519,
        "nauc_mrr_at_20_max": 0.244502,
        "nauc_mrr_at_20_std": 0.235987,
        "nauc_mrr_at_20_diff1": 0.01619,
        "nauc_mrr_at_100_max": 0.242026,
        "nauc_mrr_at_100_std": 0.243192,
        "nauc_mrr_at_100_diff1": 0.015969,
        "nauc_mrr_at_1000_max": 0.242026,
        "nauc_mrr_at_1000_std": 0.242726,
        "nauc_mrr_at_1000_diff1": 0.015948,
        "hit_rate_at_1": 0.15504,
        "hit_rate_at_3": 0.30233,
        "hit_rate_at_5": 0.34884,
        "hit_rate_at_10": 0.48062,
        "hit_rate_at_20": 0.5814,
        "hit_rate_at_100": 0.82946,
        "hit_rate_at_1000": 0.97674,
        "main_score": 0.16052,
        "hf_subset": "default",
        "languages": [
          "eng-Latn"
        ]
      }
    ]
  },
  "evaluation_time": 794.2397544384003,
  "kg_co2_emissions": null,
  "date": null
}