{
  "dataset_revision": "6021fce366892cbfd7837fa85a4128ea93315e18",
  "task_name": "R2MEDBioinformaticsRetrieval",
  "mteb_version": "2.12.20",
  "scores": {
    "test": [
      {
        "ndcg_at_1": 0.27273,
        "ndcg_at_3": 0.31555,
        "ndcg_at_5": 0.3361,
        "ndcg_at_10": 0.37618,
        "ndcg_at_20": 0.40957,
        "ndcg_at_100": 0.45863,
        "ndcg_at_1000": 0.48911,
        "map_at_1": 0.1618,
        "map_at_3": 0.23503,
        "map_at_5": 0.26716,
        "map_at_10": 0.29385,
        "map_at_20": 0.30628,
        "map_at_100": 0.3164,
        "map_at_1000": 0.31882,
        "recall_at_1": 0.1618,
        "recall_at_3": 0.30405,
        "recall_at_5": 0.37537,
        "recall_at_10": 0.47995,
        "recall_at_20": 0.57458,
        "recall_at_100": 0.76835,
        "recall_at_1000": 0.95261,
        "accuracy": 0.1618,
        "precision_at_1": 0.27273,
        "precision_at_3": 0.21212,
        "precision_at_5": 0.17143,
        "precision_at_10": 0.12208,
        "precision_at_20": 0.07597,
        "precision_at_100": 0.02208,
        "precision_at_1000": 0.00275,
        "mrr_at_1": 0.272727,
        "mrr_at_3": 0.385281,
        "mrr_at_5": 0.395022,
        "mrr_at_10": 0.408725,
        "mrr_at_20": 0.415718,
        "mrr_at_100": 0.418192,
        "mrr_at_1000": 0.418635,
        "nauc_ndcg_at_1_max": 0.099663,
        "nauc_ndcg_at_1_std": 0.021102,
        "nauc_ndcg_at_1_diff1": 0.440216,
        "nauc_ndcg_at_3_max": 0.135675,
        "nauc_ndcg_at_3_std": 0.037932,
        "nauc_ndcg_at_3_diff1": 0.372973,
        "nauc_ndcg_at_5_max": 0.175024,
        "nauc_ndcg_at_5_std": 0.028726,
        "nauc_ndcg_at_5_diff1": 0.310756,
        "nauc_ndcg_at_10_max": 0.204275,
        "nauc_ndcg_at_10_std": 0.058731,
        "nauc_ndcg_at_10_diff1": 0.299305,
        "nauc_ndcg_at_20_max": 0.219385,
        "nauc_ndcg_at_20_std": 0.042739,
        "nauc_ndcg_at_20_diff1": 0.327301,
        "nauc_ndcg_at_100_max": 0.202783,
        "nauc_ndcg_at_100_std": 0.076723,
        "nauc_ndcg_at_100_diff1": 0.323221,
        "nauc_ndcg_at_1000_max": 0.193974,
        "nauc_ndcg_at_1000_std": 0.072645,
        "nauc_ndcg_at_1000_diff1": 0.323371,
        "nauc_map_at_1_max": 0.082651,
        "nauc_map_at_1_std": 0.015298,
        "nauc_map_at_1_diff1": 0.420666,
        "nauc_map_at_3_max": 0.124375,
        "nauc_map_at_3_std": -0.000959,
        "nauc_map_at_3_diff1": 0.381128,
        "nauc_map_at_5_max": 0.153899,
        "nauc_map_at_5_std": 0.001385,
        "nauc_map_at_5_diff1": 0.333804,
        "nauc_map_at_10_max": 0.172448,
        "nauc_map_at_10_std": 0.016437,
        "nauc_map_at_10_diff1": 0.323548,
        "nauc_map_at_20_max": 0.181644,
        "nauc_map_at_20_std": 0.016106,
        "nauc_map_at_20_diff1": 0.338897,
        "nauc_map_at_100_max": 0.181352,
        "nauc_map_at_100_std": 0.024038,
        "nauc_map_at_100_diff1": 0.338844,
        "nauc_map_at_1000_max": 0.181242,
        "nauc_map_at_1000_std": 0.026037,
        "nauc_map_at_1000_diff1": 0.338055,
        "nauc_recall_at_1_max": 0.082651,
        "nauc_recall_at_1_std": 0.015298,
        "nauc_recall_at_1_diff1": 0.420666,
        "nauc_recall_at_3_max": 0.149057,
        "nauc_recall_at_3_std": 0.033727,
        "nauc_recall_at_3_diff1": 0.271168,
        "nauc_recall_at_5_max": 0.203387,
        "nauc_recall_at_5_std": 0.021683,
        "nauc_recall_at_5_diff1": 0.190367,
        "nauc_recall_at_10_max": 0.266576,
        "nauc_recall_at_10_std": 0.110239,
        "nauc_recall_at_10_diff1": 0.17581,
        "nauc_recall_at_20_max": 0.30931,
        "nauc_recall_at_20_std": 0.060204,
        "nauc_recall_at_20_diff1": 0.233336,
        "nauc_recall_at_100_max": 0.199628,
        "nauc_recall_at_100_std": 0.204574,
        "nauc_recall_at_100_diff1": 0.181221,
        "nauc_recall_at_1000_max": -0.166915,
        "nauc_recall_at_1000_std": 0.035971,
        "nauc_recall_at_1000_diff1": 0.076097,
        "nauc_precision_at_1_max": 0.099663,
        "nauc_precision_at_1_std": 0.021102,
        "nauc_precision_at_1_diff1": 0.440216,
        "nauc_precision_at_3_max": 0.148982,
        "nauc_precision_at_3_std": 0.049572,
        "nauc_precision_at_3_diff1": 0.333185,
        "nauc_precision_at_5_max": 0.190044,
        "nauc_precision_at_5_std": 0.056464,
        "nauc_precision_at_5_diff1": 0.145851,
        "nauc_precision_at_10_max": 0.194105,
        "nauc_precision_at_10_std": 0.100662,
        "nauc_precision_at_10_diff1": 0.089422,
        "nauc_precision_at_20_max": 0.16121,
        "nauc_precision_at_20_std": 0.045345,
        "nauc_precision_at_20_diff1": 0.08655,
        "nauc_precision_at_100_max": 0.056991,
        "nauc_precision_at_100_std": 0.121978,
        "nauc_precision_at_100_diff1": -0.011664,
        "nauc_precision_at_1000_max": 0.027669,
        "nauc_precision_at_1000_std": 0.13813,
        "nauc_precision_at_1000_diff1": -0.084283,
        "nauc_mrr_at_1_max": 0.099663,
        "nauc_mrr_at_1_std": 0.021102,
        "nauc_mrr_at_1_diff1": 0.440216,
        "nauc_mrr_at_3_max": 0.154461,
        "nauc_mrr_at_3_std": 0.088362,
        "nauc_mrr_at_3_diff1": 0.366387,
        "nauc_mrr_at_5_max": 0.15906,
        "nauc_mrr_at_5_std": 0.068408,
        "nauc_mrr_at_5_diff1": 0.358197,
        "nauc_mrr_at_10_max": 0.165351,
        "nauc_mrr_at_10_std": 0.090058,
        "nauc_mrr_at_10_diff1": 0.355067,
        "nauc_mrr_at_20_max": 0.164118,
        "nauc_mrr_at_20_std": 0.080419,
        "nauc_mrr_at_20_diff1": 0.361285,
        "nauc_mrr_at_100_max": 0.162199,
        "nauc_mrr_at_100_std": 0.081015,
        "nauc_mrr_at_100_diff1": 0.360806,
        "nauc_mrr_at_1000_max": 0.162574,
        "nauc_mrr_at_1000_std": 0.080721,
        "nauc_mrr_at_1000_diff1": 0.362036,
        "hit_rate_at_1": 0.27273,
        "hit_rate_at_3": 0.53247,
        "hit_rate_at_5": 0.57143,
        "hit_rate_at_10": 0.67532,
        "hit_rate_at_20": 0.77922,
        "hit_rate_at_100": 0.88312,
        "hit_rate_at_1000": 1.0,
        "main_score": 0.37618,
        "hf_subset": "default",
        "languages": [
          "eng-Latn"
        ]
      }
    ]
  },
  "evaluation_time": 2204.7084698677063,
  "kg_co2_emissions": null,
  "date": null
}