{
  "dataset_revision": "local",
  "task_name": "WikiLV",
  "mteb_version": "2.12.30",
  "scores": {
    "test": [
      {
        "ndcg_at_1": 0.88731,
        "ndcg_at_3": 0.91226,
        "ndcg_at_5": 0.91773,
        "ndcg_at_10": 0.92298,
        "ndcg_at_20": 0.92645,
        "ndcg_at_100": 0.93008,
        "ndcg_at_1000": 0.93109,
        "map_at_1": 0.88731,
        "map_at_3": 0.90623,
        "map_at_5": 0.90923,
        "map_at_10": 0.91138,
        "map_at_20": 0.91232,
        "map_at_100": 0.91285,
        "map_at_1000": 0.91289,
        "recall_at_1": 0.88731,
        "recall_at_3": 0.92967,
        "recall_at_5": 0.94306,
        "recall_at_10": 0.95944,
        "recall_at_20": 0.97323,
        "recall_at_100": 0.99241,
        "recall_at_1000": 1.0,
        "accuracy": 0.88731,
        "precision_at_1": 0.88731,
        "precision_at_3": 0.30989,
        "precision_at_5": 0.18861,
        "precision_at_10": 0.09594,
        "precision_at_20": 0.04866,
        "precision_at_100": 0.00992,
        "precision_at_1000": 0.001,
        "mrr_at_1": 0.887313,
        "mrr_at_3": 0.906227,
        "mrr_at_5": 0.909234,
        "mrr_at_10": 0.911379,
        "mrr_at_20": 0.91232,
        "mrr_at_100": 0.912847,
        "mrr_at_1000": 0.912892,
        "nauc_ndcg_at_1_max": 0.895901,
        "nauc_ndcg_at_1_std": 0.21359,
        "nauc_ndcg_at_1_diff1": 0.943032,
        "nauc_ndcg_at_3_max": 0.90857,
        "nauc_ndcg_at_3_std": 0.21847,
        "nauc_ndcg_at_3_diff1": 0.936871,
        "nauc_ndcg_at_5_max": 0.910215,
        "nauc_ndcg_at_5_std": 0.228363,
        "nauc_ndcg_at_5_diff1": 0.937802,
        "nauc_ndcg_at_10_max": 0.909336,
        "nauc_ndcg_at_10_std": 0.235972,
        "nauc_ndcg_at_10_diff1": 0.937222,
        "nauc_ndcg_at_20_max": 0.907358,
        "nauc_ndcg_at_20_std": 0.236376,
        "nauc_ndcg_at_20_diff1": 0.937053,
        "nauc_ndcg_at_100_max": 0.907128,
        "nauc_ndcg_at_100_std": 0.232549,
        "nauc_ndcg_at_100_diff1": 0.938227,
        "nauc_ndcg_at_1000_max": 0.905995,
        "nauc_ndcg_at_1000_std": 0.228828,
        "nauc_ndcg_at_1000_diff1": 0.937976,
        "nauc_map_at_1_max": 0.895901,
        "nauc_map_at_1_std": 0.21359,
        "nauc_map_at_1_diff1": 0.943032,
        "nauc_map_at_3_max": 0.904572,
        "nauc_map_at_3_std": 0.217137,
        "nauc_map_at_3_diff1": 0.938137,
        "nauc_map_at_5_max": 0.905267,
        "nauc_map_at_5_std": 0.221844,
        "nauc_map_at_5_diff1": 0.938667,
        "nauc_map_at_10_max": 0.904831,
        "nauc_map_at_10_std": 0.224415,
        "nauc_map_at_10_diff1": 0.938486,
        "nauc_map_at_20_max": 0.904341,
        "nauc_map_at_20_std": 0.224448,
        "nauc_map_at_20_diff1": 0.938441,
        "nauc_map_at_100_max": 0.904258,
        "nauc_map_at_100_std": 0.223973,
        "nauc_map_at_100_diff1": 0.938545,
        "nauc_map_at_1000_max": 0.904216,
        "nauc_map_at_1000_std": 0.223852,
        "nauc_map_at_1000_diff1": 0.938536,
        "nauc_recall_at_1_max": 0.895901,
        "nauc_recall_at_1_std": 0.21359,
        "nauc_recall_at_1_diff1": 0.943032,
        "nauc_recall_at_3_max": 0.924003,
        "nauc_recall_at_3_std": 0.223514,
        "nauc_recall_at_3_diff1": 0.932322,
        "nauc_recall_at_5_max": 0.933366,
        "nauc_recall_at_5_std": 0.260671,
        "nauc_recall_at_5_diff1": 0.93437,
        "nauc_recall_at_10_max": 0.937563,
        "nauc_recall_at_10_std": 0.317927,
        "nauc_recall_at_10_diff1": 0.929533,
        "nauc_recall_at_20_max": 0.930408,
        "nauc_recall_at_20_std": 0.362957,
        "nauc_recall_at_20_diff1": 0.924253,
        "nauc_recall_at_100_max": 0.982802,
        "nauc_recall_at_100_std": 0.490057,
        "nauc_recall_at_100_diff1": 0.954855,
        "nauc_recall_at_1000_max": NaN,
        "nauc_recall_at_1000_std": NaN,
        "nauc_recall_at_1000_diff1": NaN,
        "nauc_precision_at_1_max": 0.895901,
        "nauc_precision_at_1_std": 0.21359,
        "nauc_precision_at_1_diff1": 0.943032,
        "nauc_precision_at_3_max": 0.924003,
        "nauc_precision_at_3_std": 0.223514,
        "nauc_precision_at_3_diff1": 0.932322,
        "nauc_precision_at_5_max": 0.933366,
        "nauc_precision_at_5_std": 0.260671,
        "nauc_precision_at_5_diff1": 0.93437,
        "nauc_precision_at_10_max": 0.937563,
        "nauc_precision_at_10_std": 0.317927,
        "nauc_precision_at_10_diff1": 0.929533,
        "nauc_precision_at_20_max": 0.930408,
        "nauc_precision_at_20_std": 0.362957,
        "nauc_precision_at_20_diff1": 0.924253,
        "nauc_precision_at_100_max": 0.982802,
        "nauc_precision_at_100_std": 0.490057,
        "nauc_precision_at_100_diff1": 0.954855,
        "nauc_precision_at_1000_max": 1.0,
        "nauc_precision_at_1000_std": 1.0,
        "nauc_precision_at_1000_diff1": 1.0,
        "nauc_mrr_at_1_max": 0.895901,
        "nauc_mrr_at_1_std": 0.21359,
        "nauc_mrr_at_1_diff1": 0.943032,
        "nauc_mrr_at_3_max": 0.904572,
        "nauc_mrr_at_3_std": 0.217137,
        "nauc_mrr_at_3_diff1": 0.938137,
        "nauc_mrr_at_5_max": 0.905267,
        "nauc_mrr_at_5_std": 0.221844,
        "nauc_mrr_at_5_diff1": 0.938667,
        "nauc_mrr_at_10_max": 0.904831,
        "nauc_mrr_at_10_std": 0.224415,
        "nauc_mrr_at_10_diff1": 0.938486,
        "nauc_mrr_at_20_max": 0.904341,
        "nauc_mrr_at_20_std": 0.224448,
        "nauc_mrr_at_20_diff1": 0.938441,
        "nauc_mrr_at_100_max": 0.904258,
        "nauc_mrr_at_100_std": 0.223973,
        "nauc_mrr_at_100_diff1": 0.938545,
        "nauc_mrr_at_1000_max": 0.904216,
        "nauc_mrr_at_1000_std": 0.223852,
        "nauc_mrr_at_1000_diff1": 0.938536,
        "hit_rate_at_1": 0.88731,
        "hit_rate_at_3": 0.92967,
        "hit_rate_at_5": 0.94306,
        "hit_rate_at_10": 0.95944,
        "hit_rate_at_20": 0.97323,
        "hit_rate_at_100": 0.99241,
        "hit_rate_at_1000": 1.0,
        "main_score": 0.92298,
        "hf_subset": "default",
        "languages": [
          "lav-Latn"
        ]
      }
    ]
  },
  "evaluation_time": 58.558300495147705,
  "kg_co2_emissions": null,
  "date": null
}