{
  "dataset_revision": "49c07b6",
  "task_name": "BarExamQA",
  "mteb_version": "2.12.19",
  "scores": {
    "test": [
      {
        "ndcg_at_1": 0.19658,
        "ndcg_at_3": 0.31054,
        "ndcg_at_5": 0.34953,
        "ndcg_at_10": 0.4015,
        "ndcg_at_20": 0.43647,
        "ndcg_at_100": 0.47211,
        "ndcg_at_1000": 0.47463,
        "map_at_1": 0.19658,
        "map_at_3": 0.28205,
        "map_at_5": 0.30385,
        "map_at_10": 0.32498,
        "map_at_20": 0.33482,
        "map_at_100": 0.33937,
        "map_at_1000": 0.33952,
        "recall_at_1": 0.19658,
        "recall_at_3": 0.39316,
        "recall_at_5": 0.48718,
        "recall_at_10": 0.64957,
        "recall_at_20": 0.78632,
        "recall_at_100": 0.98291,
        "recall_at_1000": 1.0,
        "accuracy": 0.19658,
        "precision_at_1": 0.19658,
        "precision_at_3": 0.13105,
        "precision_at_5": 0.09744,
        "precision_at_10": 0.06496,
        "precision_at_20": 0.03932,
        "precision_at_100": 0.00983,
        "precision_at_1000": 0.001,
        "mrr_at_1": 0.196581,
        "mrr_at_3": 0.282051,
        "mrr_at_5": 0.303846,
        "mrr_at_10": 0.32498,
        "mrr_at_20": 0.334818,
        "mrr_at_100": 0.339367,
        "mrr_at_1000": 0.339524,
        "nauc_ndcg_at_1_max": 0.324973,
        "nauc_ndcg_at_1_std": -0.022312,
        "nauc_ndcg_at_1_diff1": 0.271602,
        "nauc_ndcg_at_3_max": 0.267923,
        "nauc_ndcg_at_3_std": -0.056869,
        "nauc_ndcg_at_3_diff1": 0.115275,
        "nauc_ndcg_at_5_max": 0.264212,
        "nauc_ndcg_at_5_std": -0.073254,
        "nauc_ndcg_at_5_diff1": 0.17296,
        "nauc_ndcg_at_10_max": 0.250092,
        "nauc_ndcg_at_10_std": -0.038575,
        "nauc_ndcg_at_10_diff1": 0.173475,
        "nauc_ndcg_at_20_max": 0.252051,
        "nauc_ndcg_at_20_std": -0.006033,
        "nauc_ndcg_at_20_diff1": 0.176671,
        "nauc_ndcg_at_100_max": 0.273341,
        "nauc_ndcg_at_100_std": -0.0273,
        "nauc_ndcg_at_100_diff1": 0.177127,
        "nauc_ndcg_at_1000_max": 0.269889,
        "nauc_ndcg_at_1000_std": -0.034026,
        "nauc_ndcg_at_1000_diff1": 0.178052,
        "nauc_map_at_1_max": 0.324973,
        "nauc_map_at_1_std": -0.022312,
        "nauc_map_at_1_diff1": 0.271602,
        "nauc_map_at_3_max": 0.281866,
        "nauc_map_at_3_std": -0.051862,
        "nauc_map_at_3_diff1": 0.152059,
        "nauc_map_at_5_max": 0.280514,
        "nauc_map_at_5_std": -0.061948,
        "nauc_map_at_5_diff1": 0.184436,
        "nauc_map_at_10_max": 0.273923,
        "nauc_map_at_10_std": -0.047304,
        "nauc_map_at_10_diff1": 0.18317,
        "nauc_map_at_20_max": 0.274677,
        "nauc_map_at_20_std": -0.040086,
        "nauc_map_at_20_diff1": 0.18488,
        "nauc_map_at_100_max": 0.277896,
        "nauc_map_at_100_std": -0.042049,
        "nauc_map_at_100_diff1": 0.184752,
        "nauc_map_at_1000_max": 0.277716,
        "nauc_map_at_1000_std": -0.042406,
        "nauc_map_at_1000_diff1": 0.184794,
        "nauc_recall_at_1_max": 0.324973,
        "nauc_recall_at_1_std": -0.022312,
        "nauc_recall_at_1_diff1": 0.271602,
        "nauc_recall_at_3_max": 0.231413,
        "nauc_recall_at_3_std": -0.068864,
        "nauc_recall_at_3_diff1": 0.01942,
        "nauc_recall_at_5_max": 0.219519,
        "nauc_recall_at_5_std": -0.103345,
        "nauc_recall_at_5_diff1": 0.15033,
        "nauc_recall_at_10_max": 0.169871,
        "nauc_recall_at_10_std": 0.003685,
        "nauc_recall_at_10_diff1": 0.157147,
        "nauc_recall_at_20_max": 0.147155,
        "nauc_recall_at_20_std": 0.220776,
        "nauc_recall_at_20_diff1": 0.160209,
        "nauc_recall_at_100_max": 0.613441,
        "nauc_recall_at_100_std": 0.638543,
        "nauc_recall_at_100_diff1": 0.080502,
        "nauc_recall_at_1000_max": NaN,
        "nauc_recall_at_1000_std": NaN,
        "nauc_recall_at_1000_diff1": NaN,
        "nauc_precision_at_1_max": 0.324973,
        "nauc_precision_at_1_std": -0.022312,
        "nauc_precision_at_1_diff1": 0.271602,
        "nauc_precision_at_3_max": 0.231413,
        "nauc_precision_at_3_std": -0.068864,
        "nauc_precision_at_3_diff1": 0.01942,
        "nauc_precision_at_5_max": 0.219519,
        "nauc_precision_at_5_std": -0.103345,
        "nauc_precision_at_5_diff1": 0.15033,
        "nauc_precision_at_10_max": 0.169871,
        "nauc_precision_at_10_std": 0.003685,
        "nauc_precision_at_10_diff1": 0.157147,
        "nauc_precision_at_20_max": 0.147155,
        "nauc_precision_at_20_std": 0.220776,
        "nauc_precision_at_20_diff1": 0.160209,
        "nauc_precision_at_100_max": 0.613441,
        "nauc_precision_at_100_std": 0.638543,
        "nauc_precision_at_100_diff1": 0.080502,
        "nauc_precision_at_1000_max": 1.0,
        "nauc_precision_at_1000_std": 1.0,
        "nauc_precision_at_1000_diff1": 1.0,
        "nauc_mrr_at_1_max": 0.324973,
        "nauc_mrr_at_1_std": -0.022312,
        "nauc_mrr_at_1_diff1": 0.271602,
        "nauc_mrr_at_3_max": 0.281866,
        "nauc_mrr_at_3_std": -0.051862,
        "nauc_mrr_at_3_diff1": 0.152059,
        "nauc_mrr_at_5_max": 0.280514,
        "nauc_mrr_at_5_std": -0.061948,
        "nauc_mrr_at_5_diff1": 0.184436,
        "nauc_mrr_at_10_max": 0.273923,
        "nauc_mrr_at_10_std": -0.047304,
        "nauc_mrr_at_10_diff1": 0.18317,
        "nauc_mrr_at_20_max": 0.274677,
        "nauc_mrr_at_20_std": -0.040086,
        "nauc_mrr_at_20_diff1": 0.18488,
        "nauc_mrr_at_100_max": 0.277896,
        "nauc_mrr_at_100_std": -0.042049,
        "nauc_mrr_at_100_diff1": 0.184752,
        "nauc_mrr_at_1000_max": 0.277716,
        "nauc_mrr_at_1000_std": -0.042406,
        "nauc_mrr_at_1000_diff1": 0.184794,
        "hit_rate_at_1": 0.19658,
        "hit_rate_at_3": 0.39316,
        "hit_rate_at_5": 0.48718,
        "hit_rate_at_10": 0.64957,
        "hit_rate_at_20": 0.78632,
        "hit_rate_at_100": 0.98291,
        "hit_rate_at_1000": 1.0,
        "main_score": 0.4015,
        "hf_subset": "default",
        "languages": [
          "eng-Latn"
        ]
      }
    ]
  },
  "evaluation_time": 2.9137978553771973,
  "kg_co2_emissions": null,
  "date": null
}