{
  "dataset_revision": "3d593fde907860102a282b4a6ea7fb1e1f1f83dd",
  "task_name": "BIRCO-Relic",
  "mteb_version": "2.12.20",
  "scores": {
    "test": [
      {
        "ndcg_at_1": 0.06,
        "ndcg_at_3": 0.09524,
        "ndcg_at_5": 0.10728,
        "ndcg_at_10": 0.13603,
        "ndcg_at_20": 0.18656,
        "ndcg_at_100": 0.2309,
        "ndcg_at_1000": 0.25848,
        "map_at_1": 0.06,
        "map_at_3": 0.08667,
        "map_at_5": 0.09317,
        "map_at_10": 0.10483,
        "map_at_20": 0.1187,
        "map_at_100": 0.12402,
        "map_at_1000": 0.12485,
        "recall_at_1": 0.06,
        "recall_at_3": 0.12,
        "recall_at_5": 0.15,
        "recall_at_10": 0.24,
        "recall_at_20": 0.44,
        "recall_at_100": 0.69,
        "recall_at_1000": 0.92,
        "accuracy": 0.06,
        "precision_at_1": 0.06,
        "precision_at_3": 0.04,
        "precision_at_5": 0.03,
        "precision_at_10": 0.024,
        "precision_at_20": 0.022,
        "precision_at_100": 0.0069,
        "precision_at_1000": 0.00092,
        "mrr_at_1": 0.06,
        "mrr_at_3": 0.086667,
        "mrr_at_5": 0.093167,
        "mrr_at_10": 0.104829,
        "mrr_at_20": 0.1187,
        "mrr_at_100": 0.124021,
        "mrr_at_1000": 0.124848,
        "nauc_ndcg_at_1_max": -0.168947,
        "nauc_ndcg_at_1_std": -0.189607,
        "nauc_ndcg_at_1_diff1": 0.21304,
        "nauc_ndcg_at_3_max": -0.131596,
        "nauc_ndcg_at_3_std": -0.126171,
        "nauc_ndcg_at_3_diff1": 0.173083,
        "nauc_ndcg_at_5_max": -0.116657,
        "nauc_ndcg_at_5_std": -0.140923,
        "nauc_ndcg_at_5_diff1": 0.137819,
        "nauc_ndcg_at_10_max": -0.097347,
        "nauc_ndcg_at_10_std": -0.131692,
        "nauc_ndcg_at_10_diff1": 0.151085,
        "nauc_ndcg_at_20_max": -0.099417,
        "nauc_ndcg_at_20_std": -0.131311,
        "nauc_ndcg_at_20_diff1": 0.127662,
        "nauc_ndcg_at_100_max": -0.080664,
        "nauc_ndcg_at_100_std": -0.08052,
        "nauc_ndcg_at_100_diff1": 0.12684,
        "nauc_ndcg_at_1000_max": -0.076548,
        "nauc_ndcg_at_1000_std": -0.08052,
        "nauc_ndcg_at_1000_diff1": 0.123744,
        "nauc_map_at_1_max": -0.168947,
        "nauc_map_at_1_std": -0.189607,
        "nauc_map_at_1_diff1": 0.21304,
        "nauc_map_at_3_max": -0.131588,
        "nauc_map_at_3_std": -0.138612,
        "nauc_map_at_3_diff1": 0.188691,
        "nauc_map_at_5_max": -0.123263,
        "nauc_map_at_5_std": -0.146968,
        "nauc_map_at_5_diff1": 0.165786,
        "nauc_map_at_10_max": -0.11358,
        "nauc_map_at_10_std": -0.143645,
        "nauc_map_at_10_diff1": 0.17025,
        "nauc_map_at_20_max": -0.11157,
        "nauc_map_at_20_std": -0.140814,
        "nauc_map_at_20_diff1": 0.161838,
        "nauc_map_at_100_max": -0.106653,
        "nauc_map_at_100_std": -0.130091,
        "nauc_map_at_100_diff1": 0.161784,
        "nauc_map_at_1000_max": -0.106415,
        "nauc_map_at_1000_std": -0.129948,
        "nauc_map_at_1000_diff1": 0.161477,
        "nauc_recall_at_1_max": -0.168947,
        "nauc_recall_at_1_std": -0.189607,
        "nauc_recall_at_1_diff1": 0.21304,
        "nauc_recall_at_3_max": -0.133589,
        "nauc_recall_at_3_std": -0.098924,
        "nauc_recall_at_3_diff1": 0.136812,
        "nauc_recall_at_5_max": -0.103316,
        "nauc_recall_at_5_std": -0.130551,
        "nauc_recall_at_5_diff1": 0.078359,
        "nauc_recall_at_10_max": -0.067383,
        "nauc_recall_at_10_std": -0.109993,
        "nauc_recall_at_10_diff1": 0.120492,
        "nauc_recall_at_20_max": -0.084434,
        "nauc_recall_at_20_std": -0.120048,
        "nauc_recall_at_20_diff1": 0.069413,
        "nauc_recall_at_100_max": -0.025416,
        "nauc_recall_at_100_std": 0.060885,
        "nauc_recall_at_100_diff1": 0.050126,
        "nauc_recall_at_1000_max": 0.154353,
        "nauc_recall_at_1000_std": 0.335726,
        "nauc_recall_at_1000_diff1": -0.136846,
        "nauc_precision_at_1_max": -0.168947,
        "nauc_precision_at_1_std": -0.189607,
        "nauc_precision_at_1_diff1": 0.21304,
        "nauc_precision_at_3_max": -0.133589,
        "nauc_precision_at_3_std": -0.098924,
        "nauc_precision_at_3_diff1": 0.136812,
        "nauc_precision_at_5_max": -0.103316,
        "nauc_precision_at_5_std": -0.130551,
        "nauc_precision_at_5_diff1": 0.078359,
        "nauc_precision_at_10_max": -0.067383,
        "nauc_precision_at_10_std": -0.109993,
        "nauc_precision_at_10_diff1": 0.120492,
        "nauc_precision_at_20_max": -0.084434,
        "nauc_precision_at_20_std": -0.120048,
        "nauc_precision_at_20_diff1": 0.069413,
        "nauc_precision_at_100_max": -0.025416,
        "nauc_precision_at_100_std": 0.060885,
        "nauc_precision_at_100_diff1": 0.050126,
        "nauc_precision_at_1000_max": 0.154353,
        "nauc_precision_at_1000_std": 0.335726,
        "nauc_precision_at_1000_diff1": -0.136846,
        "nauc_mrr_at_1_max": -0.168947,
        "nauc_mrr_at_1_std": -0.189607,
        "nauc_mrr_at_1_diff1": 0.21304,
        "nauc_mrr_at_3_max": -0.131588,
        "nauc_mrr_at_3_std": -0.138612,
        "nauc_mrr_at_3_diff1": 0.188691,
        "nauc_mrr_at_5_max": -0.123263,
        "nauc_mrr_at_5_std": -0.146968,
        "nauc_mrr_at_5_diff1": 0.165786,
        "nauc_mrr_at_10_max": -0.11358,
        "nauc_mrr_at_10_std": -0.143645,
        "nauc_mrr_at_10_diff1": 0.17025,
        "nauc_mrr_at_20_max": -0.11157,
        "nauc_mrr_at_20_std": -0.140814,
        "nauc_mrr_at_20_diff1": 0.161838,
        "nauc_mrr_at_100_max": -0.106653,
        "nauc_mrr_at_100_std": -0.130091,
        "nauc_mrr_at_100_diff1": 0.161784,
        "nauc_mrr_at_1000_max": -0.106415,
        "nauc_mrr_at_1000_std": -0.129948,
        "nauc_mrr_at_1000_diff1": 0.161477,
        "hit_rate_at_1": 0.06,
        "hit_rate_at_3": 0.12,
        "hit_rate_at_5": 0.15,
        "hit_rate_at_10": 0.24,
        "hit_rate_at_20": 0.44,
        "hit_rate_at_100": 0.69,
        "hit_rate_at_1000": 0.92,
        "main_score": 0.13603,
        "hf_subset": "default",
        "languages": [
          "eng-Latn"
        ]
      }
    ]
  },
  "evaluation_time": 14.447514295578003,
  "kg_co2_emissions": null,
  "date": null
}