{
  "dataset_revision": "ff4a8f2476ae77476c1912f1f3cb5bb5f2d766d4",
  "task_name": "LIMITSmallRetrieval",
  "mteb_version": "2.12.20",
  "scores": {
    "test": [
      {
        "ndcg_at_1": 0.194,
        "ndcg_at_2": 0.18278,
        "ndcg_at_3": 0.2211,
        "ndcg_at_5": 0.26965,
        "ndcg_at_10": 0.33765,
        "ndcg_at_20": 0.40844,
        "ndcg_at_100": 0.47347,
        "ndcg_at_1000": 0.47347,
        "map_at_1": 0.097,
        "map_at_2": 0.1475,
        "map_at_3": 0.17283,
        "map_at_5": 0.20233,
        "map_at_10": 0.23455,
        "map_at_20": 0.25968,
        "map_at_100": 0.27637,
        "map_at_1000": 0.27637,
        "recall_at_1": 0.097,
        "recall_at_2": 0.1795,
        "recall_at_3": 0.242,
        "recall_at_5": 0.338,
        "recall_at_10": 0.5105,
        "recall_at_20": 0.739,
        "recall_at_100": 1.0,
        "recall_at_1000": 1.0,
        "accuracy": 0.097,
        "precision_at_1": 0.194,
        "precision_at_2": 0.1795,
        "precision_at_3": 0.16133,
        "precision_at_5": 0.1352,
        "precision_at_10": 0.1021,
        "precision_at_20": 0.0739,
        "precision_at_100": 0.02,
        "precision_at_1000": 0.002,
        "mrr_at_1": 0.194,
        "mrr_at_2": 0.258,
        "mrr_at_3": 0.290667,
        "mrr_at_5": 0.319667,
        "mrr_at_10": 0.345984,
        "mrr_at_20": 0.359047,
        "mrr_at_100": 0.361697,
        "mrr_at_1000": 0.361697,
        "nauc_ndcg_at_1_max": 0.14271,
        "nauc_ndcg_at_1_std": 0.232397,
        "nauc_ndcg_at_1_diff1": 0.238841,
        "nauc_ndcg_at_2_max": 0.117896,
        "nauc_ndcg_at_2_std": 0.224701,
        "nauc_ndcg_at_2_diff1": 0.182517,
        "nauc_ndcg_at_3_max": 0.129198,
        "nauc_ndcg_at_3_std": 0.214204,
        "nauc_ndcg_at_3_diff1": 0.177798,
        "nauc_ndcg_at_5_max": 0.122676,
        "nauc_ndcg_at_5_std": 0.210568,
        "nauc_ndcg_at_5_diff1": 0.181244,
        "nauc_ndcg_at_10_max": 0.119209,
        "nauc_ndcg_at_10_std": 0.225529,
        "nauc_ndcg_at_10_diff1": 0.181498,
        "nauc_ndcg_at_20_max": 0.116257,
        "nauc_ndcg_at_20_std": 0.23143,
        "nauc_ndcg_at_20_diff1": 0.184416,
        "nauc_ndcg_at_100_max": 0.125518,
        "nauc_ndcg_at_100_std": 0.226731,
        "nauc_ndcg_at_100_diff1": 0.191621,
        "nauc_ndcg_at_1000_max": 0.125518,
        "nauc_ndcg_at_1000_std": 0.226731,
        "nauc_ndcg_at_1000_diff1": 0.191621,
        "nauc_map_at_1_max": 0.14271,
        "nauc_map_at_1_std": 0.232397,
        "nauc_map_at_1_diff1": 0.238841,
        "nauc_map_at_2_max": 0.136842,
        "nauc_map_at_2_std": 0.240684,
        "nauc_map_at_2_diff1": 0.206768,
        "nauc_map_at_3_max": 0.145303,
        "nauc_map_at_3_std": 0.234516,
        "nauc_map_at_3_diff1": 0.20022,
        "nauc_map_at_5_max": 0.140321,
        "nauc_map_at_5_std": 0.234125,
        "nauc_map_at_5_diff1": 0.203888,
        "nauc_map_at_10_max": 0.139145,
        "nauc_map_at_10_std": 0.242655,
        "nauc_map_at_10_diff1": 0.204213,
        "nauc_map_at_20_max": 0.136149,
        "nauc_map_at_20_std": 0.241809,
        "nauc_map_at_20_diff1": 0.202532,
        "nauc_map_at_100_max": 0.138774,
        "nauc_map_at_100_std": 0.241768,
        "nauc_map_at_100_diff1": 0.205446,
        "nauc_map_at_1000_max": 0.138774,
        "nauc_map_at_1000_std": 0.241768,
        "nauc_map_at_1000_diff1": 0.205446,
        "nauc_recall_at_1_max": 0.14271,
        "nauc_recall_at_1_std": 0.232397,
        "nauc_recall_at_1_diff1": 0.238841,
        "nauc_recall_at_2_max": 0.107992,
        "nauc_recall_at_2_std": 0.22163,
        "nauc_recall_at_2_diff1": 0.160035,
        "nauc_recall_at_3_max": 0.125958,
        "nauc_recall_at_3_std": 0.20091,
        "nauc_recall_at_3_diff1": 0.151961,
        "nauc_recall_at_5_max": 0.105289,
        "nauc_recall_at_5_std": 0.184814,
        "nauc_recall_at_5_diff1": 0.152521,
        "nauc_recall_at_10_max": 0.08641,
        "nauc_recall_at_10_std": 0.198089,
        "nauc_recall_at_10_diff1": 0.137293,
        "nauc_recall_at_20_max": 0.059169,
        "nauc_recall_at_20_std": 0.202665,
        "nauc_recall_at_20_diff1": 0.125772,
        "nauc_recall_at_100_max": NaN,
        "nauc_recall_at_100_std": NaN,
        "nauc_recall_at_100_diff1": NaN,
        "nauc_recall_at_1000_max": NaN,
        "nauc_recall_at_1000_std": NaN,
        "nauc_recall_at_1000_diff1": NaN,
        "nauc_precision_at_1_max": 0.14271,
        "nauc_precision_at_1_std": 0.232397,
        "nauc_precision_at_1_diff1": 0.238841,
        "nauc_precision_at_2_max": 0.107992,
        "nauc_precision_at_2_std": 0.22163,
        "nauc_precision_at_2_diff1": 0.160035,
        "nauc_precision_at_3_max": 0.125958,
        "nauc_precision_at_3_std": 0.20091,
        "nauc_precision_at_3_diff1": 0.151961,
        "nauc_precision_at_5_max": 0.105289,
        "nauc_precision_at_5_std": 0.184814,
        "nauc_precision_at_5_diff1": 0.152521,
        "nauc_precision_at_10_max": 0.08641,
        "nauc_precision_at_10_std": 0.198089,
        "nauc_precision_at_10_diff1": 0.137293,
        "nauc_precision_at_20_max": 0.059169,
        "nauc_precision_at_20_std": 0.202665,
        "nauc_precision_at_20_diff1": 0.125772,
        "nauc_precision_at_100_max": 1.0,
        "nauc_precision_at_100_std": 1.0,
        "nauc_precision_at_100_diff1": 1.0,
        "nauc_precision_at_1000_max": NaN,
        "nauc_precision_at_1000_std": NaN,
        "nauc_precision_at_1000_diff1": NaN,
        "nauc_mrr_at_1_max": 0.14271,
        "nauc_mrr_at_1_std": 0.232397,
        "nauc_mrr_at_1_diff1": 0.238841,
        "nauc_mrr_at_2_max": 0.104294,
        "nauc_mrr_at_2_std": 0.208315,
        "nauc_mrr_at_2_diff1": 0.174217,
        "nauc_mrr_at_3_max": 0.110273,
        "nauc_mrr_at_3_std": 0.197893,
        "nauc_mrr_at_3_diff1": 0.172823,
        "nauc_mrr_at_5_max": 0.109002,
        "nauc_mrr_at_5_std": 0.192701,
        "nauc_mrr_at_5_diff1": 0.171893,
        "nauc_mrr_at_10_max": 0.10695,
        "nauc_mrr_at_10_std": 0.197439,
        "nauc_mrr_at_10_diff1": 0.171882,
        "nauc_mrr_at_20_max": 0.11052,
        "nauc_mrr_at_20_std": 0.202528,
        "nauc_mrr_at_20_diff1": 0.177261,
        "nauc_mrr_at_100_max": 0.110674,
        "nauc_mrr_at_100_std": 0.201049,
        "nauc_mrr_at_100_diff1": 0.177122,
        "nauc_mrr_at_1000_max": 0.110674,
        "nauc_mrr_at_1000_std": 0.201049,
        "nauc_mrr_at_1000_diff1": 0.177122,
        "hit_rate_at_1": 0.194,
        "hit_rate_at_2": 0.322,
        "hit_rate_at_3": 0.42,
        "hit_rate_at_5": 0.546,
        "hit_rate_at_10": 0.746,
        "hit_rate_at_20": 0.929,
        "hit_rate_at_100": 1.0,
        "hit_rate_at_1000": 1.0,
        "main_score": 0.1795,
        "hf_subset": "default",
        "languages": [
          "eng-Latn"
        ]
      }
    ]
  },
  "evaluation_time": 2.216972589492798,
  "kg_co2_emissions": null,
  "date": null
}