{
  "dataset_revision": "6021fce366892cbfd7837fa85a4128ea93315e18",
  "task_name": "R2MEDBioinformaticsRetrieval",
  "mteb_version": "2.12.20",
  "scores": {
    "test": [
      {
        "ndcg_at_1": 0.22078,
        "ndcg_at_3": 0.22843,
        "ndcg_at_5": 0.26486,
        "ndcg_at_10": 0.29939,
        "ndcg_at_20": 0.32263,
        "ndcg_at_100": 0.37032,
        "ndcg_at_1000": 0.42029,
        "map_at_1": 0.12273,
        "map_at_3": 0.17221,
        "map_at_5": 0.20348,
        "map_at_10": 0.22592,
        "map_at_20": 0.23551,
        "map_at_100": 0.24496,
        "map_at_1000": 0.24762,
        "recall_at_1": 0.12273,
        "recall_at_3": 0.20932,
        "recall_at_5": 0.30912,
        "recall_at_10": 0.39456,
        "recall_at_20": 0.45993,
        "recall_at_100": 0.64238,
        "recall_at_1000": 0.9564,
        "accuracy": 0.12273,
        "precision_at_1": 0.22078,
        "precision_at_3": 0.15152,
        "precision_at_5": 0.13766,
        "precision_at_10": 0.0987,
        "precision_at_20": 0.06039,
        "precision_at_100": 0.01857,
        "precision_at_1000": 0.00279,
        "mrr_at_1": 0.220779,
        "mrr_at_3": 0.287879,
        "mrr_at_5": 0.315152,
        "mrr_at_10": 0.330262,
        "mrr_at_20": 0.331837,
        "mrr_at_100": 0.336087,
        "mrr_at_1000": 0.336734,
        "nauc_ndcg_at_1_max": 0.193354,
        "nauc_ndcg_at_1_std": 0.172421,
        "nauc_ndcg_at_1_diff1": 0.082907,
        "nauc_ndcg_at_3_max": 0.19432,
        "nauc_ndcg_at_3_std": 0.140149,
        "nauc_ndcg_at_3_diff1": 0.037013,
        "nauc_ndcg_at_5_max": 0.194564,
        "nauc_ndcg_at_5_std": 0.168744,
        "nauc_ndcg_at_5_diff1": -0.012518,
        "nauc_ndcg_at_10_max": 0.203459,
        "nauc_ndcg_at_10_std": 0.170782,
        "nauc_ndcg_at_10_diff1": -0.046989,
        "nauc_ndcg_at_20_max": 0.215432,
        "nauc_ndcg_at_20_std": 0.180439,
        "nauc_ndcg_at_20_diff1": -0.053576,
        "nauc_ndcg_at_100_max": 0.216364,
        "nauc_ndcg_at_100_std": 0.19616,
        "nauc_ndcg_at_100_diff1": -0.045627,
        "nauc_ndcg_at_1000_max": 0.209287,
        "nauc_ndcg_at_1000_std": 0.18026,
        "nauc_ndcg_at_1000_diff1": -0.052931,
        "nauc_map_at_1_max": 0.203268,
        "nauc_map_at_1_std": 0.193355,
        "nauc_map_at_1_diff1": 0.178489,
        "nauc_map_at_3_max": 0.198647,
        "nauc_map_at_3_std": 0.176713,
        "nauc_map_at_3_diff1": 0.092991,
        "nauc_map_at_5_max": 0.217721,
        "nauc_map_at_5_std": 0.203298,
        "nauc_map_at_5_diff1": 0.056277,
        "nauc_map_at_10_max": 0.210977,
        "nauc_map_at_10_std": 0.183338,
        "nauc_map_at_10_diff1": 0.021427,
        "nauc_map_at_20_max": 0.218902,
        "nauc_map_at_20_std": 0.184477,
        "nauc_map_at_20_diff1": 0.022119,
        "nauc_map_at_100_max": 0.22275,
        "nauc_map_at_100_std": 0.187589,
        "nauc_map_at_100_diff1": 0.022512,
        "nauc_map_at_1000_max": 0.222839,
        "nauc_map_at_1000_std": 0.187662,
        "nauc_map_at_1000_diff1": 0.021548,
        "nauc_recall_at_1_max": 0.203268,
        "nauc_recall_at_1_std": 0.193355,
        "nauc_recall_at_1_diff1": 0.178489,
        "nauc_recall_at_3_max": 0.140117,
        "nauc_recall_at_3_std": 0.102161,
        "nauc_recall_at_3_diff1": 0.024939,
        "nauc_recall_at_5_max": 0.157702,
        "nauc_recall_at_5_std": 0.174174,
        "nauc_recall_at_5_diff1": -0.055792,
        "nauc_recall_at_10_max": 0.15972,
        "nauc_recall_at_10_std": 0.161838,
        "nauc_recall_at_10_diff1": -0.134787,
        "nauc_recall_at_20_max": 0.187509,
        "nauc_recall_at_20_std": 0.195235,
        "nauc_recall_at_20_diff1": -0.160747,
        "nauc_recall_at_100_max": 0.172781,
        "nauc_recall_at_100_std": 0.281308,
        "nauc_recall_at_100_diff1": -0.151261,
        "nauc_recall_at_1000_max": -0.166082,
        "nauc_recall_at_1000_std": 0.253793,
        "nauc_recall_at_1000_diff1": -0.518497,
        "nauc_precision_at_1_max": 0.193354,
        "nauc_precision_at_1_std": 0.172421,
        "nauc_precision_at_1_diff1": 0.082907,
        "nauc_precision_at_3_max": 0.233072,
        "nauc_precision_at_3_std": 0.106881,
        "nauc_precision_at_3_diff1": -0.045766,
        "nauc_precision_at_5_max": 0.196665,
        "nauc_precision_at_5_std": 0.083755,
        "nauc_precision_at_5_diff1": -0.178815,
        "nauc_precision_at_10_max": 0.206233,
        "nauc_precision_at_10_std": 0.060952,
        "nauc_precision_at_10_diff1": -0.20627,
        "nauc_precision_at_20_max": 0.211498,
        "nauc_precision_at_20_std": 0.071608,
        "nauc_precision_at_20_diff1": -0.180716,
        "nauc_precision_at_100_max": 0.121395,
        "nauc_precision_at_100_std": 0.040747,
        "nauc_precision_at_100_diff1": -0.140788,
        "nauc_precision_at_1000_max": 0.020246,
        "nauc_precision_at_1000_std": -0.058265,
        "nauc_precision_at_1000_diff1": -0.190225,
        "nauc_mrr_at_1_max": 0.193354,
        "nauc_mrr_at_1_std": 0.172421,
        "nauc_mrr_at_1_diff1": 0.082907,
        "nauc_mrr_at_3_max": 0.165283,
        "nauc_mrr_at_3_std": 0.099453,
        "nauc_mrr_at_3_diff1": -0.003635,
        "nauc_mrr_at_5_max": 0.158856,
        "nauc_mrr_at_5_std": 0.118764,
        "nauc_mrr_at_5_diff1": -0.042431,
        "nauc_mrr_at_10_max": 0.17228,
        "nauc_mrr_at_10_std": 0.144744,
        "nauc_mrr_at_10_diff1": -0.05055,
        "nauc_mrr_at_20_max": 0.172256,
        "nauc_mrr_at_20_std": 0.145717,
        "nauc_mrr_at_20_diff1": -0.054916,
        "nauc_mrr_at_100_max": 0.172526,
        "nauc_mrr_at_100_std": 0.145886,
        "nauc_mrr_at_100_diff1": -0.048615,
        "nauc_mrr_at_1000_max": 0.172322,
        "nauc_mrr_at_1000_std": 0.145482,
        "nauc_mrr_at_1000_diff1": -0.047897,
        "hit_rate_at_1": 0.22078,
        "hit_rate_at_3": 0.37662,
        "hit_rate_at_5": 0.49351,
        "hit_rate_at_10": 0.5974,
        "hit_rate_at_20": 0.62338,
        "hit_rate_at_100": 0.79221,
        "hit_rate_at_1000": 0.98701,
        "main_score": 0.29939,
        "hf_subset": "default",
        "languages": [
          "eng-Latn"
        ]
      }
    ]
  },
  "evaluation_time": 433.2241952419281,
  "kg_co2_emissions": null,
  "date": null
}