{
  "dataset_revision": "974abbc9bc281c3169180a6aa5d7586cfd2f5877",
  "task_name": "R2MEDIIYiClinicalRetrieval",
  "mteb_version": "2.12.20",
  "scores": {
    "test": [
      {
        "ndcg_at_1": 0.10078,
        "ndcg_at_3": 0.10846,
        "ndcg_at_5": 0.11776,
        "ndcg_at_10": 0.13932,
        "ndcg_at_20": 0.16511,
        "ndcg_at_100": 0.2517,
        "ndcg_at_1000": 0.31784,
        "map_at_1": 0.02868,
        "map_at_3": 0.05894,
        "map_at_5": 0.07073,
        "map_at_10": 0.08345,
        "map_at_20": 0.09098,
        "map_at_100": 0.10772,
        "map_at_1000": 0.11195,
        "recall_at_1": 0.02868,
        "recall_at_3": 0.08773,
        "recall_at_5": 0.12158,
        "recall_at_10": 0.17313,
        "recall_at_20": 0.24109,
        "recall_at_100": 0.5593,
        "recall_at_1000": 0.92661,
        "accuracy": 0.02868,
        "precision_at_1": 0.10078,
        "precision_at_3": 0.10594,
        "precision_at_5": 0.09457,
        "precision_at_10": 0.06744,
        "precision_at_20": 0.0469,
        "precision_at_100": 0.02101,
        "precision_at_1000": 0.00333,
        "mrr_at_1": 0.100775,
        "mrr_at_3": 0.170543,
        "mrr_at_5": 0.19031,
        "mrr_at_10": 0.19833,
        "mrr_at_20": 0.206833,
        "mrr_at_100": 0.214692,
        "mrr_at_1000": 0.215524,
        "nauc_ndcg_at_1_max": -0.020106,
        "nauc_ndcg_at_1_std": 0.199212,
        "nauc_ndcg_at_1_diff1": -0.086851,
        "nauc_ndcg_at_3_max": 0.00655,
        "nauc_ndcg_at_3_std": 0.201498,
        "nauc_ndcg_at_3_diff1": 0.023219,
        "nauc_ndcg_at_5_max": 0.060967,
        "nauc_ndcg_at_5_std": 0.280214,
        "nauc_ndcg_at_5_diff1": -0.009384,
        "nauc_ndcg_at_10_max": 0.086112,
        "nauc_ndcg_at_10_std": 0.23711,
        "nauc_ndcg_at_10_diff1": -0.01126,
        "nauc_ndcg_at_20_max": 0.083278,
        "nauc_ndcg_at_20_std": 0.262465,
        "nauc_ndcg_at_20_diff1": -0.013418,
        "nauc_ndcg_at_100_max": 0.12165,
        "nauc_ndcg_at_100_std": 0.383362,
        "nauc_ndcg_at_100_diff1": 0.004157,
        "nauc_ndcg_at_1000_max": 0.121366,
        "nauc_ndcg_at_1000_std": 0.374788,
        "nauc_ndcg_at_1000_diff1": -0.040867,
        "nauc_map_at_1_max": -0.07828,
        "nauc_map_at_1_std": 0.169649,
        "nauc_map_at_1_diff1": -0.065838,
        "nauc_map_at_3_max": -0.051947,
        "nauc_map_at_3_std": 0.159798,
        "nauc_map_at_3_diff1": 0.014565,
        "nauc_map_at_5_max": -7e-06,
        "nauc_map_at_5_std": 0.234328,
        "nauc_map_at_5_diff1": -0.001707,
        "nauc_map_at_10_max": 0.039613,
        "nauc_map_at_10_std": 0.218331,
        "nauc_map_at_10_diff1": -7.7e-05,
        "nauc_map_at_20_max": 0.041062,
        "nauc_map_at_20_std": 0.234692,
        "nauc_map_at_20_diff1": -0.009987,
        "nauc_map_at_100_max": 0.055935,
        "nauc_map_at_100_std": 0.277123,
        "nauc_map_at_100_diff1": -0.004644,
        "nauc_map_at_1000_max": 0.056908,
        "nauc_map_at_1000_std": 0.278754,
        "nauc_map_at_1000_diff1": -0.007746,
        "nauc_recall_at_1_max": -0.07828,
        "nauc_recall_at_1_std": 0.169649,
        "nauc_recall_at_1_diff1": -0.065838,
        "nauc_recall_at_3_max": -0.048543,
        "nauc_recall_at_3_std": 0.163258,
        "nauc_recall_at_3_diff1": 0.052492,
        "nauc_recall_at_5_max": 0.082504,
        "nauc_recall_at_5_std": 0.307135,
        "nauc_recall_at_5_diff1": 0.002719,
        "nauc_recall_at_10_max": 0.103951,
        "nauc_recall_at_10_std": 0.201472,
        "nauc_recall_at_10_diff1": 0.002519,
        "nauc_recall_at_20_max": 0.098674,
        "nauc_recall_at_20_std": 0.222716,
        "nauc_recall_at_20_diff1": 0.001168,
        "nauc_recall_at_100_max": 0.127537,
        "nauc_recall_at_100_std": 0.399245,
        "nauc_recall_at_100_diff1": 0.082474,
        "nauc_recall_at_1000_max": 0.249005,
        "nauc_recall_at_1000_std": 0.76531,
        "nauc_recall_at_1000_diff1": 0.002806,
        "nauc_precision_at_1_max": -0.020106,
        "nauc_precision_at_1_std": 0.199212,
        "nauc_precision_at_1_diff1": -0.086851,
        "nauc_precision_at_3_max": 0.03749,
        "nauc_precision_at_3_std": 0.213145,
        "nauc_precision_at_3_diff1": 0.059749,
        "nauc_precision_at_5_max": 0.165032,
        "nauc_precision_at_5_std": 0.346823,
        "nauc_precision_at_5_diff1": -0.026518,
        "nauc_precision_at_10_max": 0.192761,
        "nauc_precision_at_10_std": 0.261929,
        "nauc_precision_at_10_diff1": -0.052097,
        "nauc_precision_at_20_max": 0.152432,
        "nauc_precision_at_20_std": 0.312816,
        "nauc_precision_at_20_diff1": -0.058146,
        "nauc_precision_at_100_max": 0.231011,
        "nauc_precision_at_100_std": 0.506652,
        "nauc_precision_at_100_diff1": -0.073809,
        "nauc_precision_at_1000_max": 0.206573,
        "nauc_precision_at_1000_std": 0.382805,
        "nauc_precision_at_1000_diff1": -0.24763,
        "nauc_mrr_at_1_max": -0.020106,
        "nauc_mrr_at_1_std": 0.199212,
        "nauc_mrr_at_1_diff1": -0.086851,
        "nauc_mrr_at_3_max": 0.009133,
        "nauc_mrr_at_3_std": 0.21138,
        "nauc_mrr_at_3_diff1": 0.006415,
        "nauc_mrr_at_5_max": 0.071479,
        "nauc_mrr_at_5_std": 0.260243,
        "nauc_mrr_at_5_diff1": -0.023096,
        "nauc_mrr_at_10_max": 0.067272,
        "nauc_mrr_at_10_std": 0.241343,
        "nauc_mrr_at_10_diff1": -0.03086,
        "nauc_mrr_at_20_max": 0.064194,
        "nauc_mrr_at_20_std": 0.246303,
        "nauc_mrr_at_20_diff1": -0.02188,
        "nauc_mrr_at_100_max": 0.060793,
        "nauc_mrr_at_100_std": 0.249038,
        "nauc_mrr_at_100_diff1": -0.022919,
        "nauc_mrr_at_1000_max": 0.060932,
        "nauc_mrr_at_1000_std": 0.248689,
        "nauc_mrr_at_1000_diff1": -0.02328,
        "hit_rate_at_1": 0.10078,
        "hit_rate_at_3": 0.27132,
        "hit_rate_at_5": 0.35659,
        "hit_rate_at_10": 0.4186,
        "hit_rate_at_20": 0.54264,
        "hit_rate_at_100": 0.81395,
        "hit_rate_at_1000": 0.97674,
        "main_score": 0.13932,
        "hf_subset": "default",
        "languages": [
          "eng-Latn"
        ]
      }
    ]
  },
  "evaluation_time": 263.0611786842346,
  "kg_co2_emissions": null,
  "date": null
}