{
  "dataset_revision": "0019de73979daf75f6526a0fc5ef77ebce27b8f9",
  "task_name": "ArguAna-PL",
  "mteb_version": "2.9.0",
  "scores": {
    "test": [
      {
        "ndcg_at_1": 0.08037,
        "ndcg_at_3": 0.12944,
        "ndcg_at_5": 0.15239,
        "ndcg_at_10": 0.18654,
        "ndcg_at_20": 0.21175,
        "ndcg_at_100": 0.24619,
        "ndcg_at_1000": 0.27485,
        "map_at_1": 0.08037,
        "map_at_3": 0.11652,
        "map_at_5": 0.12915,
        "map_at_10": 0.14317,
        "map_at_20": 0.1502,
        "map_at_100": 0.15507,
        "map_at_1000": 0.15603,
        "recall_at_1": 0.08037,
        "recall_at_3": 0.16714,
        "recall_at_5": 0.22333,
        "recall_at_10": 0.3293,
        "recall_at_20": 0.42817,
        "recall_at_100": 0.61238,
        "recall_at_1000": 0.84495,
        "accuracy": 0.08037,
        "precision_at_1": 0.08037,
        "precision_at_3": 0.05571,
        "precision_at_5": 0.04467,
        "precision_at_10": 0.03293,
        "precision_at_20": 0.02141,
        "precision_at_100": 0.00612,
        "precision_at_1000": 0.00084,
        "mrr_at_1": 0.081792,
        "mrr_at_3": 0.116643,
        "mrr_at_5": 0.129694,
        "mrr_at_10": 0.14384,
        "mrr_at_20": 0.15087,
        "mrr_at_100": 0.155742,
        "mrr_at_1000": 0.156703,
        "nauc_ndcg_at_1_max": 0.02966,
        "nauc_ndcg_at_1_std": 0.112318,
        "nauc_ndcg_at_1_diff1": 0.105323,
        "nauc_ndcg_at_3_max": 0.066659,
        "nauc_ndcg_at_3_std": 0.110157,
        "nauc_ndcg_at_3_diff1": 0.085019,
        "nauc_ndcg_at_5_max": 0.096276,
        "nauc_ndcg_at_5_std": 0.154582,
        "nauc_ndcg_at_5_diff1": 0.069171,
        "nauc_ndcg_at_10_max": 0.116429,
        "nauc_ndcg_at_10_std": 0.189741,
        "nauc_ndcg_at_10_diff1": 0.068538,
        "nauc_ndcg_at_20_max": 0.136777,
        "nauc_ndcg_at_20_std": 0.223516,
        "nauc_ndcg_at_20_diff1": 0.074794,
        "nauc_ndcg_at_100_max": 0.139926,
        "nauc_ndcg_at_100_std": 0.247278,
        "nauc_ndcg_at_100_diff1": 0.071991,
        "nauc_ndcg_at_1000_max": 0.123363,
        "nauc_ndcg_at_1000_std": 0.234142,
        "nauc_ndcg_at_1000_diff1": 0.073505,
        "nauc_map_at_1_max": 0.02966,
        "nauc_map_at_1_std": 0.112318,
        "nauc_map_at_1_diff1": 0.105323,
        "nauc_map_at_3_max": 0.057691,
        "nauc_map_at_3_std": 0.109472,
        "nauc_map_at_3_diff1": 0.087923,
        "nauc_map_at_5_max": 0.076732,
        "nauc_map_at_5_std": 0.137316,
        "nauc_map_at_5_diff1": 0.077842,
        "nauc_map_at_10_max": 0.087086,
        "nauc_map_at_10_std": 0.156155,
        "nauc_map_at_10_diff1": 0.076848,
        "nauc_map_at_20_max": 0.093552,
        "nauc_map_at_20_std": 0.16719,
        "nauc_map_at_20_diff1": 0.078596,
        "nauc_map_at_100_max": 0.094146,
        "nauc_map_at_100_std": 0.171434,
        "nauc_map_at_100_diff1": 0.078449,
        "nauc_map_at_1000_max": 0.093361,
        "nauc_map_at_1000_std": 0.170839,
        "nauc_map_at_1000_diff1": 0.078472,
        "nauc_recall_at_1_max": 0.02966,
        "nauc_recall_at_1_std": 0.112318,
        "nauc_recall_at_1_diff1": 0.105323,
        "nauc_recall_at_3_max": 0.086643,
        "nauc_recall_at_3_std": 0.111959,
        "nauc_recall_at_3_diff1": 0.079008,
        "nauc_recall_at_5_max": 0.136866,
        "nauc_recall_at_5_std": 0.191932,
        "nauc_recall_at_5_diff1": 0.051358,
        "nauc_recall_at_10_max": 0.174095,
        "nauc_recall_at_10_std": 0.257418,
        "nauc_recall_at_10_diff1": 0.053759,
        "nauc_recall_at_20_max": 0.228097,
        "nauc_recall_at_20_std": 0.346201,
        "nauc_recall_at_20_diff1": 0.071997,
        "nauc_recall_at_100_max": 0.25304,
        "nauc_recall_at_100_std": 0.455891,
        "nauc_recall_at_100_diff1": 0.057504,
        "nauc_recall_at_1000_max": 0.187631,
        "nauc_recall_at_1000_std": 0.519308,
        "nauc_recall_at_1000_diff1": 0.061856,
        "nauc_precision_at_1_max": 0.02966,
        "nauc_precision_at_1_std": 0.112318,
        "nauc_precision_at_1_diff1": 0.105323,
        "nauc_precision_at_3_max": 0.086643,
        "nauc_precision_at_3_std": 0.111959,
        "nauc_precision_at_3_diff1": 0.079008,
        "nauc_precision_at_5_max": 0.136866,
        "nauc_precision_at_5_std": 0.191932,
        "nauc_precision_at_5_diff1": 0.051358,
        "nauc_precision_at_10_max": 0.174095,
        "nauc_precision_at_10_std": 0.257418,
        "nauc_precision_at_10_diff1": 0.053759,
        "nauc_precision_at_20_max": 0.228097,
        "nauc_precision_at_20_std": 0.346201,
        "nauc_precision_at_20_diff1": 0.071997,
        "nauc_precision_at_100_max": 0.25304,
        "nauc_precision_at_100_std": 0.455891,
        "nauc_precision_at_100_diff1": 0.057504,
        "nauc_precision_at_1000_max": 0.187631,
        "nauc_precision_at_1000_std": 0.519308,
        "nauc_precision_at_1000_diff1": 0.061856,
        "nauc_mrr_at_1_max": 0.040669,
        "nauc_mrr_at_1_std": 0.124822,
        "nauc_mrr_at_1_diff1": 0.093489,
        "nauc_mrr_at_3_max": 0.05349,
        "nauc_mrr_at_3_std": 0.112368,
        "nauc_mrr_at_3_diff1": 0.075299,
        "nauc_mrr_at_5_max": 0.075947,
        "nauc_mrr_at_5_std": 0.138534,
        "nauc_mrr_at_5_diff1": 0.069045,
        "nauc_mrr_at_10_max": 0.087152,
        "nauc_mrr_at_10_std": 0.158159,
        "nauc_mrr_at_10_diff1": 0.069256,
        "nauc_mrr_at_20_max": 0.093534,
        "nauc_mrr_at_20_std": 0.169109,
        "nauc_mrr_at_20_diff1": 0.070947,
        "nauc_mrr_at_100_max": 0.094125,
        "nauc_mrr_at_100_std": 0.173346,
        "nauc_mrr_at_100_diff1": 0.070758,
        "nauc_mrr_at_1000_max": 0.093345,
        "nauc_mrr_at_1000_std": 0.17276,
        "nauc_mrr_at_1000_diff1": 0.070758,
        "cv_recall_at_1": 0.08179,
        "cv_recall_at_3": 0.16501,
        "cv_recall_at_5": 0.22262,
        "cv_recall_at_10": 0.3293,
        "cv_recall_at_20": 0.42817,
        "cv_recall_at_100": 0.61238,
        "cv_recall_at_1000": 0.84495,
        "main_score": 0.18654,
        "hf_subset": "default",
        "languages": [
          "pol-Latn"
        ]
      }
    ]
  },
  "evaluation_time": 217.02204084396362,
  "kg_co2_emissions": null,
  "date": null
}