{
  "dataset_revision": "49c07b6",
  "task_name": "BarExamQA",
  "mteb_version": "2.9.0",
  "scores": {
    "test": [
      {
        "ndcg_at_1": 0.13675,
        "ndcg_at_3": 0.21632,
        "ndcg_at_5": 0.24757,
        "ndcg_at_10": 0.29161,
        "ndcg_at_20": 0.32074,
        "ndcg_at_100": 0.38909,
        "ndcg_at_1000": 0.39287,
        "map_at_1": 0.13675,
        "map_at_3": 0.19658,
        "map_at_5": 0.21368,
        "map_at_10": 0.23176,
        "map_at_20": 0.23918,
        "map_at_100": 0.24877,
        "map_at_1000": 0.24901,
        "recall_at_1": 0.13675,
        "recall_at_3": 0.2735,
        "recall_at_5": 0.35043,
        "recall_at_10": 0.48718,
        "recall_at_20": 0.60684,
        "recall_at_100": 0.97436,
        "recall_at_1000": 1.0,
        "accuracy": 0.13675,
        "precision_at_1": 0.13675,
        "precision_at_3": 0.09117,
        "precision_at_5": 0.07009,
        "precision_at_10": 0.04872,
        "precision_at_20": 0.03034,
        "precision_at_100": 0.00974,
        "precision_at_1000": 0.001,
        "mrr_at_1": 0.136752,
        "mrr_at_3": 0.196581,
        "mrr_at_5": 0.213675,
        "mrr_at_10": 0.231763,
        "mrr_at_20": 0.239185,
        "mrr_at_100": 0.24877,
        "mrr_at_1000": 0.249007,
        "nauc_ndcg_at_1_max": 0.246029,
        "nauc_ndcg_at_1_std": 0.019885,
        "nauc_ndcg_at_1_diff1": 0.314989,
        "nauc_ndcg_at_3_max": 0.208094,
        "nauc_ndcg_at_3_std": 0.067193,
        "nauc_ndcg_at_3_diff1": 0.220161,
        "nauc_ndcg_at_5_max": 0.19239,
        "nauc_ndcg_at_5_std": 0.042299,
        "nauc_ndcg_at_5_diff1": 0.19936,
        "nauc_ndcg_at_10_max": 0.201131,
        "nauc_ndcg_at_10_std": 0.064738,
        "nauc_ndcg_at_10_diff1": 0.173694,
        "nauc_ndcg_at_20_max": 0.222589,
        "nauc_ndcg_at_20_std": 0.06311,
        "nauc_ndcg_at_20_diff1": 0.191053,
        "nauc_ndcg_at_100_max": 0.195385,
        "nauc_ndcg_at_100_std": 0.068966,
        "nauc_ndcg_at_100_diff1": 0.198222,
        "nauc_ndcg_at_1000_max": 0.207474,
        "nauc_ndcg_at_1000_std": 0.062342,
        "nauc_ndcg_at_1000_diff1": 0.202762,
        "nauc_map_at_1_max": 0.246029,
        "nauc_map_at_1_std": 0.019885,
        "nauc_map_at_1_diff1": 0.314989,
        "nauc_map_at_3_max": 0.21884,
        "nauc_map_at_3_std": 0.059945,
        "nauc_map_at_3_diff1": 0.237793,
        "nauc_map_at_5_max": 0.209503,
        "nauc_map_at_5_std": 0.04605,
        "nauc_map_at_5_diff1": 0.223386,
        "nauc_map_at_10_max": 0.210765,
        "nauc_map_at_10_std": 0.050391,
        "nauc_map_at_10_diff1": 0.20971,
        "nauc_map_at_20_max": 0.215694,
        "nauc_map_at_20_std": 0.049957,
        "nauc_map_at_20_diff1": 0.214046,
        "nauc_map_at_100_max": 0.211791,
        "nauc_map_at_100_std": 0.053182,
        "nauc_map_at_100_diff1": 0.216178,
        "nauc_map_at_1000_max": 0.212471,
        "nauc_map_at_1000_std": 0.052826,
        "nauc_map_at_1000_diff1": 0.21642,
        "nauc_recall_at_1_max": 0.246029,
        "nauc_recall_at_1_std": 0.019885,
        "nauc_recall_at_1_diff1": 0.314989,
        "nauc_recall_at_3_max": 0.181699,
        "nauc_recall_at_3_std": 0.083572,
        "nauc_recall_at_3_diff1": 0.178987,
        "nauc_recall_at_5_max": 0.150916,
        "nauc_recall_at_5_std": 0.029604,
        "nauc_recall_at_5_diff1": 0.144972,
        "nauc_recall_at_10_max": 0.183849,
        "nauc_recall_at_10_std": 0.110628,
        "nauc_recall_at_10_diff1": 0.087845,
        "nauc_recall_at_20_max": 0.267851,
        "nauc_recall_at_20_std": 0.109501,
        "nauc_recall_at_20_diff1": 0.146413,
        "nauc_recall_at_100_max": -0.532244,
        "nauc_recall_at_100_std": 0.474397,
        "nauc_recall_at_100_diff1": -0.08245,
        "nauc_recall_at_1000_max": NaN,
        "nauc_recall_at_1000_std": NaN,
        "nauc_recall_at_1000_diff1": NaN,
        "nauc_precision_at_1_max": 0.246029,
        "nauc_precision_at_1_std": 0.019885,
        "nauc_precision_at_1_diff1": 0.314989,
        "nauc_precision_at_3_max": 0.181699,
        "nauc_precision_at_3_std": 0.083572,
        "nauc_precision_at_3_diff1": 0.178987,
        "nauc_precision_at_5_max": 0.150916,
        "nauc_precision_at_5_std": 0.029604,
        "nauc_precision_at_5_diff1": 0.144972,
        "nauc_precision_at_10_max": 0.183849,
        "nauc_precision_at_10_std": 0.110628,
        "nauc_precision_at_10_diff1": 0.087845,
        "nauc_precision_at_20_max": 0.267851,
        "nauc_precision_at_20_std": 0.109501,
        "nauc_precision_at_20_diff1": 0.146413,
        "nauc_precision_at_100_max": -0.532244,
        "nauc_precision_at_100_std": 0.474397,
        "nauc_precision_at_100_diff1": -0.08245,
        "nauc_precision_at_1000_max": 1.0,
        "nauc_precision_at_1000_std": 1.0,
        "nauc_precision_at_1000_diff1": 1.0,
        "nauc_mrr_at_1_max": 0.246029,
        "nauc_mrr_at_1_std": 0.019885,
        "nauc_mrr_at_1_diff1": 0.314989,
        "nauc_mrr_at_3_max": 0.21884,
        "nauc_mrr_at_3_std": 0.059945,
        "nauc_mrr_at_3_diff1": 0.237793,
        "nauc_mrr_at_5_max": 0.209503,
        "nauc_mrr_at_5_std": 0.04605,
        "nauc_mrr_at_5_diff1": 0.223386,
        "nauc_mrr_at_10_max": 0.210765,
        "nauc_mrr_at_10_std": 0.050391,
        "nauc_mrr_at_10_diff1": 0.20971,
        "nauc_mrr_at_20_max": 0.215694,
        "nauc_mrr_at_20_std": 0.049957,
        "nauc_mrr_at_20_diff1": 0.214046,
        "nauc_mrr_at_100_max": 0.211791,
        "nauc_mrr_at_100_std": 0.053182,
        "nauc_mrr_at_100_diff1": 0.216178,
        "nauc_mrr_at_1000_max": 0.212471,
        "nauc_mrr_at_1000_std": 0.052826,
        "nauc_mrr_at_1000_diff1": 0.21642,
        "cv_recall_at_1": 0.13675,
        "cv_recall_at_3": 0.2735,
        "cv_recall_at_5": 0.35043,
        "cv_recall_at_10": 0.48718,
        "cv_recall_at_20": 0.60684,
        "cv_recall_at_100": 0.97436,
        "cv_recall_at_1000": 1.0,
        "main_score": 0.29161,
        "hf_subset": "default",
        "languages": [
          "eng-Latn"
        ]
      }
    ]
  },
  "evaluation_time": 3.2244460582733154,
  "kg_co2_emissions": null,
  "date": null
}