{
  "dataset_revision": "3d593fde907860102a282b4a6ea7fb1e1f1f83dd",
  "task_name": "BIRCO-Relic",
  "mteb_version": "2.9.0",
  "scores": {
    "test": [
      {
        "ndcg_at_1": 0.04,
        "ndcg_at_3": 0.045,
        "ndcg_at_5": 0.04887,
        "ndcg_at_10": 0.07101,
        "ndcg_at_20": 0.08359,
        "ndcg_at_100": 0.11794,
        "ndcg_at_1000": 0.15227,
        "map_at_1": 0.04,
        "map_at_3": 0.04333,
        "map_at_5": 0.04533,
        "map_at_10": 0.05421,
        "map_at_20": 0.05764,
        "map_at_100": 0.06221,
        "map_at_1000": 0.06318,
        "recall_at_1": 0.04,
        "recall_at_3": 0.05,
        "recall_at_5": 0.06,
        "recall_at_10": 0.13,
        "recall_at_20": 0.18,
        "recall_at_100": 0.37,
        "recall_at_1000": 0.66,
        "accuracy": 0.04,
        "precision_at_1": 0.04,
        "precision_at_3": 0.01667,
        "precision_at_5": 0.012,
        "precision_at_10": 0.013,
        "precision_at_20": 0.009,
        "precision_at_100": 0.0037,
        "precision_at_1000": 0.00066,
        "mrr_at_1": 0.04,
        "mrr_at_3": 0.043333,
        "mrr_at_5": 0.045333,
        "mrr_at_10": 0.054206,
        "mrr_at_20": 0.057642,
        "mrr_at_100": 0.06221,
        "mrr_at_1000": 0.063177,
        "nauc_ndcg_at_1_max": -0.161591,
        "nauc_ndcg_at_1_std": -0.291387,
        "nauc_ndcg_at_1_diff1": -0.048028,
        "nauc_ndcg_at_3_max": -0.207495,
        "nauc_ndcg_at_3_std": -0.185463,
        "nauc_ndcg_at_3_diff1": -0.10655,
        "nauc_ndcg_at_5_max": -0.20736,
        "nauc_ndcg_at_5_std": -0.20364,
        "nauc_ndcg_at_5_diff1": -0.018953,
        "nauc_ndcg_at_10_max": 0.009528,
        "nauc_ndcg_at_10_std": -0.081889,
        "nauc_ndcg_at_10_diff1": 0.126206,
        "nauc_ndcg_at_20_max": 0.020132,
        "nauc_ndcg_at_20_std": -0.040054,
        "nauc_ndcg_at_20_diff1": 0.119523,
        "nauc_ndcg_at_100_max": 0.07941,
        "nauc_ndcg_at_100_std": 0.051127,
        "nauc_ndcg_at_100_diff1": 0.024005,
        "nauc_ndcg_at_1000_max": 0.052439,
        "nauc_ndcg_at_1000_std": 0.044733,
        "nauc_ndcg_at_1000_diff1": 0.00817,
        "nauc_map_at_1_max": -0.161591,
        "nauc_map_at_1_std": -0.291387,
        "nauc_map_at_1_diff1": -0.048028,
        "nauc_map_at_3_max": -0.193371,
        "nauc_map_at_3_std": -0.218055,
        "nauc_map_at_3_diff1": -0.088543,
        "nauc_map_at_5_max": -0.193919,
        "nauc_map_at_5_std": -0.226748,
        "nauc_map_at_5_diff1": -0.040519,
        "nauc_map_at_10_max": -0.089355,
        "nauc_map_at_10_std": -0.162011,
        "nauc_map_at_10_diff1": 0.043485,
        "nauc_map_at_20_max": -0.078387,
        "nauc_map_at_20_std": -0.139143,
        "nauc_map_at_20_diff1": 0.04236,
        "nauc_map_at_100_max": -0.067453,
        "nauc_map_at_100_std": -0.12098,
        "nauc_map_at_100_diff1": 0.022832,
        "nauc_map_at_1000_max": -0.067899,
        "nauc_map_at_1000_std": -0.121362,
        "nauc_map_at_1000_diff1": 0.020697,
        "nauc_recall_at_1_max": -0.161591,
        "nauc_recall_at_1_std": -0.291387,
        "nauc_recall_at_1_diff1": -0.048028,
        "nauc_recall_at_3_max": -0.244218,
        "nauc_recall_at_3_std": -0.100724,
        "nauc_recall_at_3_diff1": -0.153367,
        "nauc_recall_at_5_max": -0.237814,
        "nauc_recall_at_5_std": -0.153117,
        "nauc_recall_at_5_diff1": 0.038861,
        "nauc_recall_at_10_max": 0.178214,
        "nauc_recall_at_10_std": 0.042914,
        "nauc_recall_at_10_diff1": 0.255535,
        "nauc_recall_at_20_max": 0.154352,
        "nauc_recall_at_20_std": 0.087868,
        "nauc_recall_at_20_diff1": 0.2201,
        "nauc_recall_at_100_max": 0.270557,
        "nauc_recall_at_100_std": 0.277739,
        "nauc_recall_at_100_diff1": -0.019679,
        "nauc_recall_at_1000_max": 0.185403,
        "nauc_recall_at_1000_std": 0.308722,
        "nauc_recall_at_1000_diff1": -0.068091,
        "nauc_precision_at_1_max": -0.161591,
        "nauc_precision_at_1_std": -0.291387,
        "nauc_precision_at_1_diff1": -0.048028,
        "nauc_precision_at_3_max": -0.244218,
        "nauc_precision_at_3_std": -0.100724,
        "nauc_precision_at_3_diff1": -0.153367,
        "nauc_precision_at_5_max": -0.237814,
        "nauc_precision_at_5_std": -0.153117,
        "nauc_precision_at_5_diff1": 0.038861,
        "nauc_precision_at_10_max": 0.178214,
        "nauc_precision_at_10_std": 0.042914,
        "nauc_precision_at_10_diff1": 0.255535,
        "nauc_precision_at_20_max": 0.154352,
        "nauc_precision_at_20_std": 0.087868,
        "nauc_precision_at_20_diff1": 0.2201,
        "nauc_precision_at_100_max": 0.270557,
        "nauc_precision_at_100_std": 0.277739,
        "nauc_precision_at_100_diff1": -0.019679,
        "nauc_precision_at_1000_max": 0.185403,
        "nauc_precision_at_1000_std": 0.308722,
        "nauc_precision_at_1000_diff1": -0.068091,
        "nauc_mrr_at_1_max": -0.161591,
        "nauc_mrr_at_1_std": -0.291387,
        "nauc_mrr_at_1_diff1": -0.048028,
        "nauc_mrr_at_3_max": -0.193371,
        "nauc_mrr_at_3_std": -0.218055,
        "nauc_mrr_at_3_diff1": -0.088543,
        "nauc_mrr_at_5_max": -0.193919,
        "nauc_mrr_at_5_std": -0.226748,
        "nauc_mrr_at_5_diff1": -0.040519,
        "nauc_mrr_at_10_max": -0.089355,
        "nauc_mrr_at_10_std": -0.162011,
        "nauc_mrr_at_10_diff1": 0.043485,
        "nauc_mrr_at_20_max": -0.078387,
        "nauc_mrr_at_20_std": -0.139143,
        "nauc_mrr_at_20_diff1": 0.04236,
        "nauc_mrr_at_100_max": -0.067453,
        "nauc_mrr_at_100_std": -0.12098,
        "nauc_mrr_at_100_diff1": 0.022832,
        "nauc_mrr_at_1000_max": -0.067899,
        "nauc_mrr_at_1000_std": -0.121362,
        "nauc_mrr_at_1000_diff1": 0.020697,
        "cv_recall_at_1": 0.04,
        "cv_recall_at_3": 0.05,
        "cv_recall_at_5": 0.06,
        "cv_recall_at_10": 0.13,
        "cv_recall_at_20": 0.18,
        "cv_recall_at_100": 0.37,
        "cv_recall_at_1000": 0.66,
        "main_score": 0.07101,
        "hf_subset": "default",
        "languages": [
          "eng-Latn"
        ]
      }
    ]
  },
  "evaluation_time": 29.85877799987793,
  "kg_co2_emissions": null,
  "date": null
}