{
  "dataset_revision": "1f7d469f28e94c23164476fc4115f14fb3b95a6c",
  "task_name": "CQADupstack-Android-PL",
  "mteb_version": "2.9.0",
  "scores": {
    "test": [
      {
        "ndcg_at_1": 0.19599,
        "ndcg_at_3": 0.21963,
        "ndcg_at_5": 0.22561,
        "ndcg_at_10": 0.24543,
        "ndcg_at_20": 0.26175,
        "ndcg_at_100": 0.29213,
        "ndcg_at_1000": 0.32431,
        "map_at_1": 0.14962,
        "map_at_3": 0.19126,
        "map_at_5": 0.19745,
        "map_at_10": 0.20689,
        "map_at_20": 0.21172,
        "map_at_100": 0.21638,
        "map_at_1000": 0.2177,
        "recall_at_1": 0.14962,
        "recall_at_3": 0.23446,
        "recall_at_5": 0.25674,
        "recall_at_10": 0.31882,
        "recall_at_20": 0.38186,
        "recall_at_100": 0.52542,
        "recall_at_1000": 0.75297,
        "accuracy": 0.14962,
        "precision_at_1": 0.19599,
        "precision_at_3": 0.10682,
        "precision_at_5": 0.07268,
        "precision_at_10": 0.04607,
        "precision_at_20": 0.02761,
        "precision_at_100": 0.00841,
        "precision_at_1000": 0.00136,
        "mrr_at_1": 0.195994,
        "mrr_at_3": 0.239151,
        "mrr_at_5": 0.244588,
        "mrr_at_10": 0.253788,
        "mrr_at_20": 0.258678,
        "mrr_at_100": 0.262755,
        "mrr_at_1000": 0.263562,
        "nauc_ndcg_at_1_max": 0.232275,
        "nauc_ndcg_at_1_std": -0.025952,
        "nauc_ndcg_at_1_diff1": 0.456003,
        "nauc_ndcg_at_3_max": 0.228044,
        "nauc_ndcg_at_3_std": 0.001837,
        "nauc_ndcg_at_3_diff1": 0.43572,
        "nauc_ndcg_at_5_max": 0.226857,
        "nauc_ndcg_at_5_std": 0.018628,
        "nauc_ndcg_at_5_diff1": 0.443335,
        "nauc_ndcg_at_10_max": 0.22846,
        "nauc_ndcg_at_10_std": 0.01176,
        "nauc_ndcg_at_10_diff1": 0.417991,
        "nauc_ndcg_at_20_max": 0.218143,
        "nauc_ndcg_at_20_std": 0.015239,
        "nauc_ndcg_at_20_diff1": 0.409718,
        "nauc_ndcg_at_100_max": 0.220675,
        "nauc_ndcg_at_100_std": 0.028564,
        "nauc_ndcg_at_100_diff1": 0.404917,
        "nauc_ndcg_at_1000_max": 0.235539,
        "nauc_ndcg_at_1000_std": 0.043128,
        "nauc_ndcg_at_1000_diff1": 0.402876,
        "nauc_map_at_1_max": 0.215534,
        "nauc_map_at_1_std": -0.009405,
        "nauc_map_at_1_diff1": 0.500258,
        "nauc_map_at_3_max": 0.228864,
        "nauc_map_at_3_std": 0.001291,
        "nauc_map_at_3_diff1": 0.463413,
        "nauc_map_at_5_max": 0.227717,
        "nauc_map_at_5_std": 0.012965,
        "nauc_map_at_5_diff1": 0.464042,
        "nauc_map_at_10_max": 0.228759,
        "nauc_map_at_10_std": 0.009125,
        "nauc_map_at_10_diff1": 0.451318,
        "nauc_map_at_20_max": 0.225733,
        "nauc_map_at_20_std": 0.010221,
        "nauc_map_at_20_diff1": 0.448378,
        "nauc_map_at_100_max": 0.225578,
        "nauc_map_at_100_std": 0.011833,
        "nauc_map_at_100_diff1": 0.447234,
        "nauc_map_at_1000_max": 0.226675,
        "nauc_map_at_1000_std": 0.012758,
        "nauc_map_at_1000_diff1": 0.447091,
        "nauc_recall_at_1_max": 0.215534,
        "nauc_recall_at_1_std": -0.009405,
        "nauc_recall_at_1_diff1": 0.500258,
        "nauc_recall_at_3_max": 0.211815,
        "nauc_recall_at_3_std": 0.01553,
        "nauc_recall_at_3_diff1": 0.40789,
        "nauc_recall_at_5_max": 0.210308,
        "nauc_recall_at_5_std": 0.049301,
        "nauc_recall_at_5_diff1": 0.415353,
        "nauc_recall_at_10_max": 0.203259,
        "nauc_recall_at_10_std": 0.023405,
        "nauc_recall_at_10_diff1": 0.336602,
        "nauc_recall_at_20_max": 0.166008,
        "nauc_recall_at_20_std": 0.028186,
        "nauc_recall_at_20_diff1": 0.301822,
        "nauc_recall_at_100_max": 0.167778,
        "nauc_recall_at_100_std": 0.09107,
        "nauc_recall_at_100_diff1": 0.275692,
        "nauc_recall_at_1000_max": 0.242086,
        "nauc_recall_at_1000_std": 0.25169,
        "nauc_recall_at_1000_diff1": 0.20551,
        "nauc_precision_at_1_max": 0.232275,
        "nauc_precision_at_1_std": -0.025952,
        "nauc_precision_at_1_diff1": 0.456003,
        "nauc_precision_at_3_max": 0.253755,
        "nauc_precision_at_3_std": 0.001893,
        "nauc_precision_at_3_diff1": 0.370074,
        "nauc_precision_at_5_max": 0.239331,
        "nauc_precision_at_5_std": 0.034426,
        "nauc_precision_at_5_diff1": 0.359209,
        "nauc_precision_at_10_max": 0.220768,
        "nauc_precision_at_10_std": 0.022374,
        "nauc_precision_at_10_diff1": 0.272525,
        "nauc_precision_at_20_max": 0.18754,
        "nauc_precision_at_20_std": 0.047348,
        "nauc_precision_at_20_diff1": 0.238154,
        "nauc_precision_at_100_max": 0.139359,
        "nauc_precision_at_100_std": 0.061471,
        "nauc_precision_at_100_diff1": 0.166985,
        "nauc_precision_at_1000_max": 0.090226,
        "nauc_precision_at_1000_std": 0.021715,
        "nauc_precision_at_1000_diff1": 0.110558,
        "nauc_mrr_at_1_max": 0.232275,
        "nauc_mrr_at_1_std": -0.025952,
        "nauc_mrr_at_1_diff1": 0.456003,
        "nauc_mrr_at_3_max": 0.239191,
        "nauc_mrr_at_3_std": -0.009565,
        "nauc_mrr_at_3_diff1": 0.424222,
        "nauc_mrr_at_5_max": 0.239274,
        "nauc_mrr_at_5_std": -0.002677,
        "nauc_mrr_at_5_diff1": 0.422558,
        "nauc_mrr_at_10_max": 0.237583,
        "nauc_mrr_at_10_std": -0.005234,
        "nauc_mrr_at_10_diff1": 0.411286,
        "nauc_mrr_at_20_max": 0.233138,
        "nauc_mrr_at_20_std": -0.004888,
        "nauc_mrr_at_20_diff1": 0.410049,
        "nauc_mrr_at_100_max": 0.234233,
        "nauc_mrr_at_100_std": -0.004041,
        "nauc_mrr_at_100_diff1": 0.409881,
        "nauc_mrr_at_1000_max": 0.234616,
        "nauc_mrr_at_1000_std": -0.003603,
        "nauc_mrr_at_1000_diff1": 0.410006,
        "cv_recall_at_1": 0.19599,
        "cv_recall_at_3": 0.29471,
        "cv_recall_at_5": 0.31903,
        "cv_recall_at_10": 0.3877,
        "cv_recall_at_20": 0.4578,
        "cv_recall_at_100": 0.61087,
        "cv_recall_at_1000": 0.81974,
        "main_score": 0.24543,
        "hf_subset": "default",
        "languages": [
          "pol-Latn"
        ]
      }
    ]
  },
  "evaluation_time": 311.529301404953,
  "kg_co2_emissions": null,
  "date": null
}