{
  "dataset_revision": "2230f80e1baf42aa005731ca86577621c566fcd7",
  "task_name": "CQADupstackWordpress-VN",
  "mteb_version": "2.9.0",
  "scores": {
    "test": [
      {
        "ndcg_at_1": 0.09686,
        "ndcg_at_3": 0.12073,
        "ndcg_at_5": 0.13,
        "ndcg_at_10": 0.14725,
        "ndcg_at_20": 0.1548,
        "ndcg_at_100": 0.17241,
        "ndcg_at_1000": 0.20133,
        "map_at_1": 0.08298,
        "map_at_3": 0.10816,
        "map_at_5": 0.11372,
        "map_at_10": 0.12121,
        "map_at_20": 0.12339,
        "map_at_100": 0.12574,
        "map_at_1000": 0.1267,
        "recall_at_1": 0.08298,
        "recall_at_3": 0.13935,
        "recall_at_5": 0.16291,
        "recall_at_10": 0.21405,
        "recall_at_20": 0.24223,
        "recall_at_100": 0.33551,
        "recall_at_1000": 0.55825,
        "accuracy": 0.08298,
        "precision_at_1": 0.09686,
        "precision_at_3": 0.0541,
        "precision_at_5": 0.0377,
        "precision_at_10": 0.02513,
        "precision_at_20": 0.01427,
        "precision_at_100": 0.00398,
        "precision_at_1000": 0.00073,
        "mrr_at_1": 0.096859,
        "mrr_at_3": 0.124782,
        "mrr_at_5": 0.130017,
        "mrr_at_10": 0.136682,
        "mrr_at_20": 0.139035,
        "mrr_at_100": 0.141464,
        "mrr_at_1000": 0.142345,
        "nauc_ndcg_at_1_max": 0.245732,
        "nauc_ndcg_at_1_std": 0.095958,
        "nauc_ndcg_at_1_diff1": 0.528913,
        "nauc_ndcg_at_3_max": 0.236534,
        "nauc_ndcg_at_3_std": 0.030311,
        "nauc_ndcg_at_3_diff1": 0.40492,
        "nauc_ndcg_at_5_max": 0.218597,
        "nauc_ndcg_at_5_std": 0.011086,
        "nauc_ndcg_at_5_diff1": 0.380805,
        "nauc_ndcg_at_10_max": 0.214199,
        "nauc_ndcg_at_10_std": 0.022826,
        "nauc_ndcg_at_10_diff1": 0.363642,
        "nauc_ndcg_at_20_max": 0.204365,
        "nauc_ndcg_at_20_std": 0.042893,
        "nauc_ndcg_at_20_diff1": 0.350204,
        "nauc_ndcg_at_100_max": 0.197043,
        "nauc_ndcg_at_100_std": 0.065916,
        "nauc_ndcg_at_100_diff1": 0.326578,
        "nauc_ndcg_at_1000_max": 0.198132,
        "nauc_ndcg_at_1000_std": 0.074941,
        "nauc_ndcg_at_1000_diff1": 0.318963,
        "nauc_map_at_1_max": 0.19968,
        "nauc_map_at_1_std": 0.012005,
        "nauc_map_at_1_diff1": 0.548624,
        "nauc_map_at_3_max": 0.22127,
        "nauc_map_at_3_std": 0.009207,
        "nauc_map_at_3_diff1": 0.432397,
        "nauc_map_at_5_max": 0.214269,
        "nauc_map_at_5_std": -0.001496,
        "nauc_map_at_5_diff1": 0.417761,
        "nauc_map_at_10_max": 0.212645,
        "nauc_map_at_10_std": 0.005839,
        "nauc_map_at_10_diff1": 0.408063,
        "nauc_map_at_20_max": 0.20921,
        "nauc_map_at_20_std": 0.012602,
        "nauc_map_at_20_diff1": 0.403207,
        "nauc_map_at_100_max": 0.207951,
        "nauc_map_at_100_std": 0.016,
        "nauc_map_at_100_diff1": 0.398675,
        "nauc_map_at_1000_max": 0.207703,
        "nauc_map_at_1000_std": 0.016981,
        "nauc_map_at_1000_diff1": 0.398418,
        "nauc_recall_at_1_max": 0.19968,
        "nauc_recall_at_1_std": 0.012005,
        "nauc_recall_at_1_diff1": 0.548624,
        "nauc_recall_at_3_max": 0.231359,
        "nauc_recall_at_3_std": 0.008561,
        "nauc_recall_at_3_diff1": 0.327361,
        "nauc_recall_at_5_max": 0.197741,
        "nauc_recall_at_5_std": -0.022832,
        "nauc_recall_at_5_diff1": 0.29873,
        "nauc_recall_at_10_max": 0.18115,
        "nauc_recall_at_10_std": 0.003878,
        "nauc_recall_at_10_diff1": 0.265451,
        "nauc_recall_at_20_max": 0.155793,
        "nauc_recall_at_20_std": 0.059278,
        "nauc_recall_at_20_diff1": 0.234021,
        "nauc_recall_at_100_max": 0.13782,
        "nauc_recall_at_100_std": 0.139783,
        "nauc_recall_at_100_diff1": 0.161341,
        "nauc_recall_at_1000_max": 0.151102,
        "nauc_recall_at_1000_std": 0.182454,
        "nauc_recall_at_1000_diff1": 0.109501,
        "nauc_precision_at_1_max": 0.245732,
        "nauc_precision_at_1_std": 0.095958,
        "nauc_precision_at_1_diff1": 0.528913,
        "nauc_precision_at_3_max": 0.27097,
        "nauc_precision_at_3_std": 0.086539,
        "nauc_precision_at_3_diff1": 0.344896,
        "nauc_precision_at_5_max": 0.243799,
        "nauc_precision_at_5_std": 0.055386,
        "nauc_precision_at_5_diff1": 0.308374,
        "nauc_precision_at_10_max": 0.247367,
        "nauc_precision_at_10_std": 0.087417,
        "nauc_precision_at_10_diff1": 0.277847,
        "nauc_precision_at_20_max": 0.221759,
        "nauc_precision_at_20_std": 0.13878,
        "nauc_precision_at_20_diff1": 0.246354,
        "nauc_precision_at_100_max": 0.182844,
        "nauc_precision_at_100_std": 0.207831,
        "nauc_precision_at_100_diff1": 0.180666,
        "nauc_precision_at_1000_max": 0.124725,
        "nauc_precision_at_1000_std": 0.172471,
        "nauc_precision_at_1000_diff1": 0.059227,
        "nauc_mrr_at_1_max": 0.245732,
        "nauc_mrr_at_1_std": 0.095958,
        "nauc_mrr_at_1_diff1": 0.528913,
        "nauc_mrr_at_3_max": 0.253765,
        "nauc_mrr_at_3_std": 0.082631,
        "nauc_mrr_at_3_diff1": 0.418687,
        "nauc_mrr_at_5_max": 0.242909,
        "nauc_mrr_at_5_std": 0.075664,
        "nauc_mrr_at_5_diff1": 0.405766,
        "nauc_mrr_at_10_max": 0.240203,
        "nauc_mrr_at_10_std": 0.078139,
        "nauc_mrr_at_10_diff1": 0.397587,
        "nauc_mrr_at_20_max": 0.237683,
        "nauc_mrr_at_20_std": 0.083032,
        "nauc_mrr_at_20_diff1": 0.393831,
        "nauc_mrr_at_100_max": 0.235838,
        "nauc_mrr_at_100_std": 0.085234,
        "nauc_mrr_at_100_diff1": 0.390381,
        "nauc_mrr_at_1000_max": 0.235556,
        "nauc_mrr_at_1000_std": 0.08517,
        "nauc_mrr_at_1000_diff1": 0.390091,
        "cv_recall_at_1": 0.09686,
        "cv_recall_at_3": 0.15969,
        "cv_recall_at_5": 0.18325,
        "cv_recall_at_10": 0.23298,
        "cv_recall_at_20": 0.2644,
        "cv_recall_at_100": 0.36649,
        "cv_recall_at_1000": 0.59948,
        "main_score": 0.14725,
        "hf_subset": "default",
        "languages": [
          "vie-Latn"
        ]
      }
    ]
  },
  "evaluation_time": 820.004998922348,
  "kg_co2_emissions": null,
  "date": null
}