{
  "dataset_revision": "6c3cdf6f102151dbbbbc1d2cf999b305eba44dae",
  "task_name": "FiQA2018-VN",
  "mteb_version": "2.9.0",
  "scores": {
    "test": [
      {
        "ndcg_at_1": 0.05541,
        "ndcg_at_3": 0.05101,
        "ndcg_at_5": 0.0562,
        "ndcg_at_10": 0.06104,
        "ndcg_at_20": 0.06675,
        "ndcg_at_100": 0.08505,
        "ndcg_at_1000": 0.11255,
        "map_at_1": 0.02272,
        "map_at_3": 0.03528,
        "map_at_5": 0.03946,
        "map_at_10": 0.04217,
        "map_at_20": 0.0439,
        "map_at_100": 0.04633,
        "map_at_1000": 0.04723,
        "recall_at_1": 0.02272,
        "recall_at_3": 0.04768,
        "recall_at_5": 0.06553,
        "recall_at_10": 0.08216,
        "recall_at_20": 0.10098,
        "recall_at_100": 0.1781,
        "recall_at_1000": 0.35732,
        "accuracy": 0.02272,
        "precision_at_1": 0.05541,
        "precision_at_3": 0.03518,
        "precision_at_5": 0.02744,
        "precision_at_10": 0.01768,
        "precision_at_20": 0.01082,
        "precision_at_100": 0.00417,
        "precision_at_1000": 0.00088,
        "mrr_at_1": 0.055409,
        "mrr_at_3": 0.072559,
        "mrr_at_5": 0.079815,
        "mrr_at_10": 0.082951,
        "mrr_at_20": 0.085035,
        "mrr_at_100": 0.088188,
        "mrr_at_1000": 0.089052,
        "nauc_ndcg_at_1_max": 0.030881,
        "nauc_ndcg_at_1_std": 0.074933,
        "nauc_ndcg_at_1_diff1": 0.61842,
        "nauc_ndcg_at_3_max": 0.015035,
        "nauc_ndcg_at_3_std": 0.071192,
        "nauc_ndcg_at_3_diff1": 0.483962,
        "nauc_ndcg_at_5_max": -3.8e-05,
        "nauc_ndcg_at_5_std": 0.076967,
        "nauc_ndcg_at_5_diff1": 0.420047,
        "nauc_ndcg_at_10_max": -0.019667,
        "nauc_ndcg_at_10_std": 0.082965,
        "nauc_ndcg_at_10_diff1": 0.399099,
        "nauc_ndcg_at_20_max": -0.018247,
        "nauc_ndcg_at_20_std": 0.095359,
        "nauc_ndcg_at_20_diff1": 0.393007,
        "nauc_ndcg_at_100_max": 0.005893,
        "nauc_ndcg_at_100_std": 0.096835,
        "nauc_ndcg_at_100_diff1": 0.368205,
        "nauc_ndcg_at_1000_max": 0.032396,
        "nauc_ndcg_at_1000_std": 0.154484,
        "nauc_ndcg_at_1000_diff1": 0.334768,
        "nauc_map_at_1_max": -0.000666,
        "nauc_map_at_1_std": 0.080603,
        "nauc_map_at_1_diff1": 0.636102,
        "nauc_map_at_3_max": 0.017729,
        "nauc_map_at_3_std": 0.05019,
        "nauc_map_at_3_diff1": 0.538541,
        "nauc_map_at_5_max": 0.010807,
        "nauc_map_at_5_std": 0.061391,
        "nauc_map_at_5_diff1": 0.48637,
        "nauc_map_at_10_max": 0.002425,
        "nauc_map_at_10_std": 0.070116,
        "nauc_map_at_10_diff1": 0.476644,
        "nauc_map_at_20_max": -0.0007,
        "nauc_map_at_20_std": 0.075569,
        "nauc_map_at_20_diff1": 0.473534,
        "nauc_map_at_100_max": 0.002751,
        "nauc_map_at_100_std": 0.074238,
        "nauc_map_at_100_diff1": 0.466146,
        "nauc_map_at_1000_max": 0.005609,
        "nauc_map_at_1000_std": 0.079467,
        "nauc_map_at_1000_diff1": 0.463436,
        "nauc_recall_at_1_max": -0.000666,
        "nauc_recall_at_1_std": 0.080603,
        "nauc_recall_at_1_diff1": 0.636102,
        "nauc_recall_at_3_max": -0.014835,
        "nauc_recall_at_3_std": 0.070934,
        "nauc_recall_at_3_diff1": 0.406466,
        "nauc_recall_at_5_max": -0.026663,
        "nauc_recall_at_5_std": 0.090769,
        "nauc_recall_at_5_diff1": 0.2999,
        "nauc_recall_at_10_max": -0.066374,
        "nauc_recall_at_10_std": 0.103538,
        "nauc_recall_at_10_diff1": 0.281905,
        "nauc_recall_at_20_max": -0.04945,
        "nauc_recall_at_20_std": 0.126545,
        "nauc_recall_at_20_diff1": 0.281493,
        "nauc_recall_at_100_max": 0.012922,
        "nauc_recall_at_100_std": 0.104388,
        "nauc_recall_at_100_diff1": 0.224024,
        "nauc_recall_at_1000_max": 0.068909,
        "nauc_recall_at_1000_std": 0.243691,
        "nauc_recall_at_1000_diff1": 0.124178,
        "nauc_precision_at_1_max": 0.030881,
        "nauc_precision_at_1_std": 0.074933,
        "nauc_precision_at_1_diff1": 0.61842,
        "nauc_precision_at_3_max": 0.021324,
        "nauc_precision_at_3_std": 0.016894,
        "nauc_precision_at_3_diff1": 0.389881,
        "nauc_precision_at_5_max": -0.001494,
        "nauc_precision_at_5_std": 0.046198,
        "nauc_precision_at_5_diff1": 0.338017,
        "nauc_precision_at_10_max": -0.00347,
        "nauc_precision_at_10_std": 0.094642,
        "nauc_precision_at_10_diff1": 0.336451,
        "nauc_precision_at_20_max": -0.004686,
        "nauc_precision_at_20_std": 0.122645,
        "nauc_precision_at_20_diff1": 0.333849,
        "nauc_precision_at_100_max": 0.05619,
        "nauc_precision_at_100_std": 0.160944,
        "nauc_precision_at_100_diff1": 0.309224,
        "nauc_precision_at_1000_max": 0.114752,
        "nauc_precision_at_1000_std": 0.249597,
        "nauc_precision_at_1000_diff1": 0.21168,
        "nauc_mrr_at_1_max": 0.030881,
        "nauc_mrr_at_1_std": 0.074933,
        "nauc_mrr_at_1_diff1": 0.61842,
        "nauc_mrr_at_3_max": 0.013986,
        "nauc_mrr_at_3_std": 0.066431,
        "nauc_mrr_at_3_diff1": 0.483849,
        "nauc_mrr_at_5_max": 0.005192,
        "nauc_mrr_at_5_std": 0.075944,
        "nauc_mrr_at_5_diff1": 0.45677,
        "nauc_mrr_at_10_max": -0.000109,
        "nauc_mrr_at_10_std": 0.081244,
        "nauc_mrr_at_10_diff1": 0.447156,
        "nauc_mrr_at_20_max": 0.003011,
        "nauc_mrr_at_20_std": 0.083822,
        "nauc_mrr_at_20_diff1": 0.442491,
        "nauc_mrr_at_100_max": 0.007854,
        "nauc_mrr_at_100_std": 0.084335,
        "nauc_mrr_at_100_diff1": 0.439342,
        "nauc_mrr_at_1000_max": 0.007956,
        "nauc_mrr_at_1000_std": 0.085472,
        "nauc_mrr_at_1000_diff1": 0.438124,
        "cv_recall_at_1": 0.05541,
        "cv_recall_at_3": 0.09763,
        "cv_recall_at_5": 0.12929,
        "cv_recall_at_10": 0.15303,
        "cv_recall_at_20": 0.18206,
        "cv_recall_at_100": 0.30871,
        "cv_recall_at_1000": 0.54617,
        "main_score": 0.06104,
        "hf_subset": "default",
        "languages": [
          "vie-Latn"
        ]
      }
    ]
  },
  "evaluation_time": 789.5466899871826,
  "kg_co2_emissions": null,
  "date": null
}