{
  "dataset_revision": "4482db2a053706c0aef0ab7bf1878d29bb0295f8",
  "task_name": "GovReport",
  "mteb_version": "2.9.0",
  "scores": {
    "test": [
      {
        "ndcg_at_1": 0.84124,
        "ndcg_at_3": 0.91581,
        "ndcg_at_5": 0.92437,
        "ndcg_at_10": 0.92856,
        "ndcg_at_20": 0.92909,
        "ndcg_at_100": 0.9293,
        "ndcg_at_1000": 0.9293,
        "map_at_1": 0.83969,
        "map_at_3": 0.89897,
        "map_at_5": 0.90376,
        "map_at_10": 0.9056,
        "map_at_20": 0.90575,
        "map_at_100": 0.90579,
        "map_at_1000": 0.90579,
        "recall_at_1": 0.83969,
        "recall_at_3": 0.96392,
        "recall_at_5": 0.98454,
        "recall_at_10": 0.99691,
        "recall_at_20": 0.99897,
        "recall_at_100": 1.0,
        "recall_at_1000": 1.0,
        "accuracy": 0.83969,
        "precision_at_1": 0.84124,
        "precision_at_3": 0.32234,
        "precision_at_5": 0.19753,
        "precision_at_10": 0.1,
        "precision_at_20": 0.0501,
        "precision_at_100": 0.01003,
        "precision_at_1000": 0.001,
        "mrr_at_1": 0.841237,
        "mrr_at_3": 0.898969,
        "mrr_at_5": 0.903763,
        "mrr_at_10": 0.905602,
        "mrr_at_20": 0.905749,
        "mrr_at_100": 0.905786,
        "mrr_at_1000": 0.905786,
        "nauc_ndcg_at_1_max": 0.436688,
        "nauc_ndcg_at_1_std": -0.280464,
        "nauc_ndcg_at_1_diff1": 0.854684,
        "nauc_ndcg_at_3_max": 0.489854,
        "nauc_ndcg_at_3_std": -0.351267,
        "nauc_ndcg_at_3_diff1": 0.83663,
        "nauc_ndcg_at_5_max": 0.473662,
        "nauc_ndcg_at_5_std": -0.331625,
        "nauc_ndcg_at_5_diff1": 0.841165,
        "nauc_ndcg_at_10_max": 0.469637,
        "nauc_ndcg_at_10_std": -0.324013,
        "nauc_ndcg_at_10_diff1": 0.844988,
        "nauc_ndcg_at_20_max": 0.468014,
        "nauc_ndcg_at_20_std": -0.323657,
        "nauc_ndcg_at_20_diff1": 0.845514,
        "nauc_ndcg_at_100_max": 0.466759,
        "nauc_ndcg_at_100_std": -0.319228,
        "nauc_ndcg_at_100_diff1": 0.845031,
        "nauc_ndcg_at_1000_max": 0.466759,
        "nauc_ndcg_at_1000_std": -0.319228,
        "nauc_ndcg_at_1000_diff1": 0.845031,
        "nauc_map_at_1_max": 0.43943,
        "nauc_map_at_1_std": -0.288349,
        "nauc_map_at_1_diff1": 0.857291,
        "nauc_map_at_3_max": 0.473598,
        "nauc_map_at_3_std": -0.326799,
        "nauc_map_at_3_diff1": 0.84196,
        "nauc_map_at_5_max": 0.46591,
        "nauc_map_at_5_std": -0.3174,
        "nauc_map_at_5_diff1": 0.844364,
        "nauc_map_at_10_max": 0.464547,
        "nauc_map_at_10_std": -0.315387,
        "nauc_map_at_10_diff1": 0.845665,
        "nauc_map_at_20_max": 0.464198,
        "nauc_map_at_20_std": -0.315298,
        "nauc_map_at_20_diff1": 0.845777,
        "nauc_map_at_100_max": 0.464033,
        "nauc_map_at_100_std": -0.314717,
        "nauc_map_at_100_diff1": 0.845714,
        "nauc_map_at_1000_max": 0.464033,
        "nauc_map_at_1000_std": -0.314717,
        "nauc_map_at_1000_diff1": 0.845714,
        "nauc_recall_at_1_max": 0.43943,
        "nauc_recall_at_1_std": -0.288349,
        "nauc_recall_at_1_diff1": 0.857291,
        "nauc_recall_at_3_max": 0.612125,
        "nauc_recall_at_3_std": -0.539149,
        "nauc_recall_at_3_diff1": 0.796799,
        "nauc_recall_at_5_max": 0.584283,
        "nauc_recall_at_5_std": -0.553844,
        "nauc_recall_at_5_diff1": 0.791939,
        "nauc_recall_at_10_max": 0.742453,
        "nauc_recall_at_10_std": -0.826642,
        "nauc_recall_at_10_diff1": 0.851385,
        "nauc_recall_at_20_max": 0.869281,
        "nauc_recall_at_20_std": -1.739963,
        "nauc_recall_at_20_diff1": 1.0,
        "nauc_recall_at_100_max": NaN,
        "nauc_recall_at_100_std": NaN,
        "nauc_recall_at_100_diff1": NaN,
        "nauc_recall_at_1000_max": NaN,
        "nauc_recall_at_1000_std": NaN,
        "nauc_recall_at_1000_diff1": NaN,
        "nauc_precision_at_1_max": 0.436688,
        "nauc_precision_at_1_std": -0.280464,
        "nauc_precision_at_1_diff1": 0.854684,
        "nauc_precision_at_3_max": 0.484208,
        "nauc_precision_at_3_std": -0.393019,
        "nauc_precision_at_3_diff1": 0.618797,
        "nauc_precision_at_5_max": 0.337028,
        "nauc_precision_at_5_std": -0.25938,
        "nauc_precision_at_5_diff1": 0.439126,
        "nauc_precision_at_10_max": 0.033793,
        "nauc_precision_at_10_std": 0.070938,
        "nauc_precision_at_10_diff1": -0.05424,
        "nauc_precision_at_20_max": -0.173685,
        "nauc_precision_at_20_std": 0.212715,
        "nauc_precision_at_20_diff1": -0.321549,
        "nauc_precision_at_100_max": -0.373491,
        "nauc_precision_at_100_std": 0.586799,
        "nauc_precision_at_100_diff1": -0.574725,
        "nauc_precision_at_1000_max": -0.373491,
        "nauc_precision_at_1000_std": 0.586799,
        "nauc_precision_at_1000_diff1": -0.574725,
        "nauc_mrr_at_1_max": 0.436688,
        "nauc_mrr_at_1_std": -0.280464,
        "nauc_mrr_at_1_diff1": 0.854684,
        "nauc_mrr_at_3_max": 0.473598,
        "nauc_mrr_at_3_std": -0.326799,
        "nauc_mrr_at_3_diff1": 0.84196,
        "nauc_mrr_at_5_max": 0.46591,
        "nauc_mrr_at_5_std": -0.3174,
        "nauc_mrr_at_5_diff1": 0.844364,
        "nauc_mrr_at_10_max": 0.464547,
        "nauc_mrr_at_10_std": -0.315387,
        "nauc_mrr_at_10_diff1": 0.845665,
        "nauc_mrr_at_20_max": 0.464198,
        "nauc_mrr_at_20_std": -0.315298,
        "nauc_mrr_at_20_diff1": 0.845777,
        "nauc_mrr_at_100_max": 0.464033,
        "nauc_mrr_at_100_std": -0.314717,
        "nauc_mrr_at_100_diff1": 0.845714,
        "nauc_mrr_at_1000_max": 0.464033,
        "nauc_mrr_at_1000_std": -0.314717,
        "nauc_mrr_at_1000_diff1": 0.845714,
        "cv_recall_at_1": 0.84124,
        "cv_recall_at_3": 0.96392,
        "cv_recall_at_5": 0.98454,
        "cv_recall_at_10": 0.99691,
        "cv_recall_at_20": 0.99897,
        "cv_recall_at_100": 1.0,
        "cv_recall_at_1000": 1.0,
        "main_score": 0.92856,
        "hf_subset": "default",
        "languages": [
          "eng-Latn"
        ]
      }
    ]
  },
  "evaluation_time": 67.7279622554779,
  "kg_co2_emissions": null,
  "date": null
}