{
  "dataset_revision": "ff4a8f2476ae77476c1912f1f3cb5bb5f2d766d4",
  "task_name": "LIMITSmallRetrieval",
  "mteb_version": "2.9.0",
  "scores": {
    "test": [
      {
        "ndcg_at_1": 0.095,
        "ndcg_at_2": 0.09539,
        "ndcg_at_3": 0.12666,
        "ndcg_at_5": 0.16777,
        "ndcg_at_10": 0.2267,
        "ndcg_at_20": 0.30208,
        "ndcg_at_100": 0.395,
        "ndcg_at_1000": 0.395,
        "map_at_1": 0.0475,
        "map_at_2": 0.0735,
        "map_at_3": 0.09317,
        "map_at_5": 0.11507,
        "map_at_10": 0.14082,
        "map_at_20": 0.16571,
        "map_at_100": 0.18798,
        "map_at_1000": 0.18798,
        "recall_at_1": 0.0475,
        "recall_at_2": 0.0955,
        "recall_at_3": 0.1465,
        "recall_at_5": 0.228,
        "recall_at_10": 0.379,
        "recall_at_20": 0.624,
        "recall_at_100": 1.0,
        "recall_at_1000": 1.0,
        "accuracy": 0.0475,
        "precision_at_1": 0.095,
        "precision_at_2": 0.0955,
        "precision_at_3": 0.09767,
        "precision_at_5": 0.0912,
        "precision_at_10": 0.0758,
        "precision_at_20": 0.0624,
        "precision_at_100": 0.02,
        "precision_at_1000": 0.002,
        "mrr_at_1": 0.095,
        "mrr_at_2": 0.139,
        "mrr_at_3": 0.167667,
        "mrr_at_5": 0.198167,
        "mrr_at_10": 0.224188,
        "mrr_at_20": 0.240913,
        "mrr_at_100": 0.246867,
        "mrr_at_1000": 0.246867,
        "nauc_ndcg_at_1_max": 0.121365,
        "nauc_ndcg_at_1_std": 0.111773,
        "nauc_ndcg_at_1_diff1": 0.007388,
        "nauc_ndcg_at_2_max": 0.072746,
        "nauc_ndcg_at_2_std": 0.139635,
        "nauc_ndcg_at_2_diff1": -0.001986,
        "nauc_ndcg_at_3_max": 0.072372,
        "nauc_ndcg_at_3_std": 0.153912,
        "nauc_ndcg_at_3_diff1": -0.028041,
        "nauc_ndcg_at_5_max": 0.03383,
        "nauc_ndcg_at_5_std": 0.150309,
        "nauc_ndcg_at_5_diff1": -0.014823,
        "nauc_ndcg_at_10_max": 0.030418,
        "nauc_ndcg_at_10_std": 0.165464,
        "nauc_ndcg_at_10_diff1": -0.023464,
        "nauc_ndcg_at_20_max": -7.6e-05,
        "nauc_ndcg_at_20_std": 0.139837,
        "nauc_ndcg_at_20_diff1": -0.030569,
        "nauc_ndcg_at_100_max": 0.040929,
        "nauc_ndcg_at_100_std": 0.153284,
        "nauc_ndcg_at_100_diff1": -0.020447,
        "nauc_ndcg_at_1000_max": 0.040929,
        "nauc_ndcg_at_1000_std": 0.153284,
        "nauc_ndcg_at_1000_diff1": -0.020447,
        "nauc_map_at_1_max": 0.121365,
        "nauc_map_at_1_std": 0.111773,
        "nauc_map_at_1_diff1": 0.007388,
        "nauc_map_at_2_max": 0.070467,
        "nauc_map_at_2_std": 0.138098,
        "nauc_map_at_2_diff1": 0.002507,
        "nauc_map_at_3_max": 0.074422,
        "nauc_map_at_3_std": 0.152556,
        "nauc_map_at_3_diff1": -0.012658,
        "nauc_map_at_5_max": 0.043951,
        "nauc_map_at_5_std": 0.153984,
        "nauc_map_at_5_diff1": -0.008703,
        "nauc_map_at_10_max": 0.041165,
        "nauc_map_at_10_std": 0.16401,
        "nauc_map_at_10_diff1": -0.012625,
        "nauc_map_at_20_max": 0.026842,
        "nauc_map_at_20_std": 0.15488,
        "nauc_map_at_20_diff1": -0.015573,
        "nauc_map_at_100_max": 0.038444,
        "nauc_map_at_100_std": 0.158215,
        "nauc_map_at_100_diff1": -0.013576,
        "nauc_map_at_1000_max": 0.038444,
        "nauc_map_at_1000_std": 0.158215,
        "nauc_map_at_1000_diff1": -0.013576,
        "nauc_recall_at_1_max": 0.121365,
        "nauc_recall_at_1_std": 0.111773,
        "nauc_recall_at_1_diff1": 0.007388,
        "nauc_recall_at_2_max": 0.056164,
        "nauc_recall_at_2_std": 0.149138,
        "nauc_recall_at_2_diff1": -0.005184,
        "nauc_recall_at_3_max": 0.059377,
        "nauc_recall_at_3_std": 0.168592,
        "nauc_recall_at_3_diff1": -0.044286,
        "nauc_recall_at_5_max": -0.007596,
        "nauc_recall_at_5_std": 0.154465,
        "nauc_recall_at_5_diff1": -0.016867,
        "nauc_recall_at_10_max": -0.011053,
        "nauc_recall_at_10_std": 0.168466,
        "nauc_recall_at_10_diff1": -0.032852,
        "nauc_recall_at_20_max": -0.085864,
        "nauc_recall_at_20_std": 0.084573,
        "nauc_recall_at_20_diff1": -0.047356,
        "nauc_recall_at_100_max": NaN,
        "nauc_recall_at_100_std": NaN,
        "nauc_recall_at_100_diff1": NaN,
        "nauc_recall_at_1000_max": NaN,
        "nauc_recall_at_1000_std": NaN,
        "nauc_recall_at_1000_diff1": NaN,
        "nauc_precision_at_1_max": 0.121365,
        "nauc_precision_at_1_std": 0.111773,
        "nauc_precision_at_1_diff1": 0.007388,
        "nauc_precision_at_2_max": 0.056164,
        "nauc_precision_at_2_std": 0.149138,
        "nauc_precision_at_2_diff1": -0.005184,
        "nauc_precision_at_3_max": 0.059377,
        "nauc_precision_at_3_std": 0.168592,
        "nauc_precision_at_3_diff1": -0.044286,
        "nauc_precision_at_5_max": -0.007596,
        "nauc_precision_at_5_std": 0.154465,
        "nauc_precision_at_5_diff1": -0.016867,
        "nauc_precision_at_10_max": -0.011053,
        "nauc_precision_at_10_std": 0.168466,
        "nauc_precision_at_10_diff1": -0.032852,
        "nauc_precision_at_20_max": -0.085864,
        "nauc_precision_at_20_std": 0.084573,
        "nauc_precision_at_20_diff1": -0.047356,
        "nauc_precision_at_100_max": 1.0,
        "nauc_precision_at_100_std": 1.0,
        "nauc_precision_at_100_diff1": 1.0,
        "nauc_precision_at_1000_max": NaN,
        "nauc_precision_at_1000_std": NaN,
        "nauc_precision_at_1000_diff1": NaN,
        "nauc_mrr_at_1_max": 0.121365,
        "nauc_mrr_at_1_std": 0.111773,
        "nauc_mrr_at_1_diff1": 0.007388,
        "nauc_mrr_at_2_max": 0.09051,
        "nauc_mrr_at_2_std": 0.13248,
        "nauc_mrr_at_2_diff1": -0.00381,
        "nauc_mrr_at_3_max": 0.084326,
        "nauc_mrr_at_3_std": 0.139616,
        "nauc_mrr_at_3_diff1": -0.028618,
        "nauc_mrr_at_5_max": 0.06856,
        "nauc_mrr_at_5_std": 0.134266,
        "nauc_mrr_at_5_diff1": -0.017567,
        "nauc_mrr_at_10_max": 0.069868,
        "nauc_mrr_at_10_std": 0.139446,
        "nauc_mrr_at_10_diff1": -0.021381,
        "nauc_mrr_at_20_max": 0.066826,
        "nauc_mrr_at_20_std": 0.136706,
        "nauc_mrr_at_20_diff1": -0.022984,
        "nauc_mrr_at_100_max": 0.070799,
        "nauc_mrr_at_100_std": 0.137452,
        "nauc_mrr_at_100_diff1": -0.020718,
        "nauc_mrr_at_1000_max": 0.070799,
        "nauc_mrr_at_1000_std": 0.137452,
        "nauc_mrr_at_1000_diff1": -0.020718,
        "cv_recall_at_1": 0.095,
        "cv_recall_at_2": 0.183,
        "cv_recall_at_3": 0.269,
        "cv_recall_at_5": 0.402,
        "cv_recall_at_10": 0.605,
        "cv_recall_at_20": 0.846,
        "cv_recall_at_100": 1.0,
        "cv_recall_at_1000": 1.0,
        "main_score": 0.0955,
        "hf_subset": "default",
        "languages": [
          "eng-Latn"
        ]
      }
    ]
  },
  "evaluation_time": 2.023397207260132,
  "kg_co2_emissions": null,
  "date": null
}