{
  "dataset_revision": "local",
  "task_name": "MultiEupV2LV",
  "mteb_version": "2.12.30",
  "scores": {
    "test": [
      {
        "ndcg_at_1": 0.38961,
        "ndcg_at_3": 0.4689,
        "ndcg_at_5": 0.48126,
        "ndcg_at_10": 0.50498,
        "ndcg_at_20": 0.53119,
        "ndcg_at_100": 0.57746,
        "ndcg_at_1000": 0.58233,
        "map_at_1": 0.37229,
        "map_at_3": 0.44426,
        "map_at_5": 0.45119,
        "map_at_10": 0.46096,
        "map_at_20": 0.46836,
        "map_at_100": 0.4747,
        "map_at_1000": 0.47509,
        "recall_at_1": 0.37229,
        "recall_at_3": 0.52489,
        "recall_at_5": 0.55303,
        "recall_at_10": 0.62468,
        "recall_at_20": 0.72446,
        "recall_at_100": 0.97035,
        "recall_at_1000": 1.0,
        "accuracy": 0.37229,
        "precision_at_1": 0.38961,
        "precision_at_3": 0.18615,
        "precision_at_5": 0.11818,
        "precision_at_10": 0.06753,
        "precision_at_20": 0.04026,
        "precision_at_100": 0.01091,
        "precision_at_1000": 0.00114,
        "mrr_at_1": 0.38961,
        "mrr_at_3": 0.459957,
        "mrr_at_5": 0.467749,
        "mrr_at_10": 0.477783,
        "mrr_at_20": 0.484181,
        "mrr_at_100": 0.489606,
        "mrr_at_1000": 0.489767,
        "nauc_ndcg_at_1_max": 0.502233,
        "nauc_ndcg_at_1_std": -0.142348,
        "nauc_ndcg_at_1_diff1": 0.698075,
        "nauc_ndcg_at_3_max": 0.43549,
        "nauc_ndcg_at_3_std": -0.224067,
        "nauc_ndcg_at_3_diff1": 0.665377,
        "nauc_ndcg_at_5_max": 0.451008,
        "nauc_ndcg_at_5_std": -0.201216,
        "nauc_ndcg_at_5_diff1": 0.663387,
        "nauc_ndcg_at_10_max": 0.460877,
        "nauc_ndcg_at_10_std": -0.169163,
        "nauc_ndcg_at_10_diff1": 0.657793,
        "nauc_ndcg_at_20_max": 0.456819,
        "nauc_ndcg_at_20_std": -0.121901,
        "nauc_ndcg_at_20_diff1": 0.655427,
        "nauc_ndcg_at_100_max": 0.466991,
        "nauc_ndcg_at_100_std": -0.156448,
        "nauc_ndcg_at_100_diff1": 0.667937,
        "nauc_ndcg_at_1000_max": 0.463776,
        "nauc_ndcg_at_1000_std": -0.159498,
        "nauc_ndcg_at_1000_diff1": 0.665339,
        "nauc_map_at_1_max": 0.507468,
        "nauc_map_at_1_std": -0.145338,
        "nauc_map_at_1_diff1": 0.705398,
        "nauc_map_at_3_max": 0.459828,
        "nauc_map_at_3_std": -0.207863,
        "nauc_map_at_3_diff1": 0.682945,
        "nauc_map_at_5_max": 0.467931,
        "nauc_map_at_5_std": -0.195031,
        "nauc_map_at_5_diff1": 0.682484,
        "nauc_map_at_10_max": 0.471256,
        "nauc_map_at_10_std": -0.182059,
        "nauc_map_at_10_diff1": 0.680556,
        "nauc_map_at_20_max": 0.470712,
        "nauc_map_at_20_std": -0.169512,
        "nauc_map_at_20_diff1": 0.680696,
        "nauc_map_at_100_max": 0.471946,
        "nauc_map_at_100_std": -0.17385,
        "nauc_map_at_100_diff1": 0.681652,
        "nauc_map_at_1000_max": 0.471886,
        "nauc_map_at_1000_std": -0.173917,
        "nauc_map_at_1000_diff1": 0.68143,
        "nauc_recall_at_1_max": 0.507468,
        "nauc_recall_at_1_std": -0.145338,
        "nauc_recall_at_1_diff1": 0.705398,
        "nauc_recall_at_3_max": 0.37508,
        "nauc_recall_at_3_std": -0.276204,
        "nauc_recall_at_3_diff1": 0.621069,
        "nauc_recall_at_5_max": 0.40813,
        "nauc_recall_at_5_std": -0.223938,
        "nauc_recall_at_5_diff1": 0.616277,
        "nauc_recall_at_10_max": 0.435787,
        "nauc_recall_at_10_std": -0.121837,
        "nauc_recall_at_10_diff1": 0.587661,
        "nauc_recall_at_20_max": 0.398988,
        "nauc_recall_at_20_std": 0.123828,
        "nauc_recall_at_20_diff1": 0.546989,
        "nauc_recall_at_100_max": 0.628182,
        "nauc_recall_at_100_std": 0.097312,
        "nauc_recall_at_100_diff1": 0.696414,
        "nauc_recall_at_1000_max": NaN,
        "nauc_recall_at_1000_std": NaN,
        "nauc_recall_at_1000_diff1": NaN,
        "nauc_precision_at_1_max": 0.502233,
        "nauc_precision_at_1_std": -0.142348,
        "nauc_precision_at_1_diff1": 0.698075,
        "nauc_precision_at_3_max": 0.372456,
        "nauc_precision_at_3_std": -0.246288,
        "nauc_precision_at_3_diff1": 0.601002,
        "nauc_precision_at_5_max": 0.420161,
        "nauc_precision_at_5_std": -0.189286,
        "nauc_precision_at_5_diff1": 0.58598,
        "nauc_precision_at_10_max": 0.43864,
        "nauc_precision_at_10_std": -0.041247,
        "nauc_precision_at_10_diff1": 0.527905,
        "nauc_precision_at_20_max": 0.321273,
        "nauc_precision_at_20_std": 0.272103,
        "nauc_precision_at_20_diff1": 0.357127,
        "nauc_precision_at_100_max": 0.044457,
        "nauc_precision_at_100_std": 0.282359,
        "nauc_precision_at_100_diff1": -0.12473,
        "nauc_precision_at_1000_max": -0.047298,
        "nauc_precision_at_1000_std": 0.267079,
        "nauc_precision_at_1000_diff1": -0.254159,
        "nauc_mrr_at_1_max": 0.502233,
        "nauc_mrr_at_1_std": -0.142348,
        "nauc_mrr_at_1_diff1": 0.698075,
        "nauc_mrr_at_3_max": 0.439093,
        "nauc_mrr_at_3_std": -0.202066,
        "nauc_mrr_at_3_diff1": 0.662687,
        "nauc_mrr_at_5_max": 0.450296,
        "nauc_mrr_at_5_std": -0.187977,
        "nauc_mrr_at_5_diff1": 0.66018,
        "nauc_mrr_at_10_max": 0.453857,
        "nauc_mrr_at_10_std": -0.174244,
        "nauc_mrr_at_10_diff1": 0.656781,
        "nauc_mrr_at_20_max": 0.452554,
        "nauc_mrr_at_20_std": -0.165604,
        "nauc_mrr_at_20_diff1": 0.6566,
        "nauc_mrr_at_100_max": 0.453972,
        "nauc_mrr_at_100_std": -0.170276,
        "nauc_mrr_at_100_diff1": 0.658445,
        "nauc_mrr_at_1000_max": 0.453791,
        "nauc_mrr_at_1000_std": -0.170436,
        "nauc_mrr_at_1000_diff1": 0.658412,
        "hit_rate_at_1": 0.38961,
        "hit_rate_at_3": 0.54545,
        "hit_rate_at_5": 0.57792,
        "hit_rate_at_10": 0.65584,
        "hit_rate_at_20": 0.75325,
        "hit_rate_at_100": 0.98052,
        "hit_rate_at_1000": 1.0,
        "main_score": 0.50498,
        "hf_subset": "default",
        "languages": [
          "lav-Latn"
        ]
      }
    ]
  },
  "evaluation_time": 1.8322257995605469,
  "kg_co2_emissions": null,
  "date": null
}