{
  "dataset_revision": "309f1d1ae3ae2e092444a8a0c25bed59b82318bc",
  "task_name": "NanoSciFactRetrieval",
  "mteb_version": "2.9.0",
  "scores": {
    "train": [
      {
        "ndcg_at_1": 0.68,
        "ndcg_at_3": 0.74335,
        "ndcg_at_5": 0.75021,
        "ndcg_at_10": 0.76232,
        "ndcg_at_20": 0.76703,
        "ndcg_at_100": 0.78446,
        "ndcg_at_1000": 0.79198,
        "map_at_1": 0.66,
        "map_at_3": 0.7225,
        "map_at_5": 0.73125,
        "map_at_10": 0.73758,
        "map_at_20": 0.73869,
        "map_at_100": 0.74135,
        "map_at_1000": 0.74163,
        "recall_at_1": 0.66,
        "recall_at_3": 0.78,
        "recall_at_5": 0.795,
        "recall_at_10": 0.83,
        "recall_at_20": 0.85,
        "recall_at_100": 0.94,
        "recall_at_1000": 1.0,
        "accuracy": 0.66,
        "precision_at_1": 0.68,
        "precision_at_3": 0.28,
        "precision_at_5": 0.176,
        "precision_at_10": 0.094,
        "precision_at_20": 0.048,
        "precision_at_100": 0.0106,
        "precision_at_1000": 0.00112,
        "mrr_at_1": 0.68,
        "mrr_at_3": 0.736667,
        "mrr_at_5": 0.736667,
        "mrr_at_10": 0.740667,
        "mrr_at_20": 0.741778,
        "mrr_at_100": 0.743946,
        "mrr_at_1000": 0.744227,
        "nauc_ndcg_at_1_max": 0.354468,
        "nauc_ndcg_at_1_std": 0.110359,
        "nauc_ndcg_at_1_diff1": 0.851669,
        "nauc_ndcg_at_3_max": 0.448223,
        "nauc_ndcg_at_3_std": 0.252683,
        "nauc_ndcg_at_3_diff1": 0.767053,
        "nauc_ndcg_at_5_max": 0.482445,
        "nauc_ndcg_at_5_std": 0.297301,
        "nauc_ndcg_at_5_diff1": 0.80172,
        "nauc_ndcg_at_10_max": 0.527009,
        "nauc_ndcg_at_10_std": 0.328138,
        "nauc_ndcg_at_10_diff1": 0.807489,
        "nauc_ndcg_at_20_max": 0.514709,
        "nauc_ndcg_at_20_std": 0.318219,
        "nauc_ndcg_at_20_diff1": 0.800723,
        "nauc_ndcg_at_100_max": 0.494762,
        "nauc_ndcg_at_100_std": 0.308059,
        "nauc_ndcg_at_100_diff1": 0.794761,
        "nauc_ndcg_at_1000_max": 0.489327,
        "nauc_ndcg_at_1000_std": 0.297533,
        "nauc_ndcg_at_1000_diff1": 0.795645,
        "nauc_map_at_1_max": 0.279531,
        "nauc_map_at_1_std": 0.003219,
        "nauc_map_at_1_diff1": 0.781539,
        "nauc_map_at_3_max": 0.386378,
        "nauc_map_at_3_std": 0.17394,
        "nauc_map_at_3_diff1": 0.767233,
        "nauc_map_at_5_max": 0.435337,
        "nauc_map_at_5_std": 0.230492,
        "nauc_map_at_5_diff1": 0.793775,
        "nauc_map_at_10_max": 0.468863,
        "nauc_map_at_10_std": 0.257931,
        "nauc_map_at_10_diff1": 0.790045,
        "nauc_map_at_20_max": 0.465984,
        "nauc_map_at_20_std": 0.25551,
        "nauc_map_at_20_diff1": 0.788522,
        "nauc_map_at_100_max": 0.463416,
        "nauc_map_at_100_std": 0.254373,
        "nauc_map_at_100_diff1": 0.787302,
        "nauc_map_at_1000_max": 0.462972,
        "nauc_map_at_1000_std": 0.254111,
        "nauc_map_at_1000_diff1": 0.787204,
        "nauc_recall_at_1_max": 0.279531,
        "nauc_recall_at_1_std": 0.003219,
        "nauc_recall_at_1_diff1": 0.781539,
        "nauc_recall_at_3_max": 0.475773,
        "nauc_recall_at_3_std": 0.327167,
        "nauc_recall_at_3_diff1": 0.723953,
        "nauc_recall_at_5_max": 0.578056,
        "nauc_recall_at_5_std": 0.451873,
        "nauc_recall_at_5_diff1": 0.799319,
        "nauc_recall_at_10_max": 0.734225,
        "nauc_recall_at_10_std": 0.555494,
        "nauc_recall_at_10_diff1": 0.846462,
        "nauc_recall_at_20_max": 0.683794,
        "nauc_recall_at_20_std": 0.522128,
        "nauc_recall_at_20_diff1": 0.809632,
        "nauc_recall_at_100_max": 0.565982,
        "nauc_recall_at_100_std": 0.593838,
        "nauc_recall_at_100_diff1": 0.742453,
        "nauc_recall_at_1000_max": NaN,
        "nauc_recall_at_1000_std": NaN,
        "nauc_recall_at_1000_diff1": NaN,
        "nauc_precision_at_1_max": 0.354468,
        "nauc_precision_at_1_std": 0.110359,
        "nauc_precision_at_1_diff1": 0.851669,
        "nauc_precision_at_3_max": 0.688724,
        "nauc_precision_at_3_std": 0.64086,
        "nauc_precision_at_3_diff1": 0.486678,
        "nauc_precision_at_5_max": 0.683005,
        "nauc_precision_at_5_std": 0.68143,
        "nauc_precision_at_5_diff1": 0.392121,
        "nauc_precision_at_10_max": 0.79262,
        "nauc_precision_at_10_std": 0.78864,
        "nauc_precision_at_10_diff1": 0.269932,
        "nauc_precision_at_20_max": 0.772476,
        "nauc_precision_at_20_std": 0.786265,
        "nauc_precision_at_20_diff1": 0.220357,
        "nauc_precision_at_100_max": 0.655099,
        "nauc_precision_at_100_std": 0.778033,
        "nauc_precision_at_100_diff1": -0.045609,
        "nauc_precision_at_1000_max": 0.680708,
        "nauc_precision_at_1000_std": 0.830963,
        "nauc_precision_at_1000_diff1": -0.272069,
        "nauc_mrr_at_1_max": 0.354468,
        "nauc_mrr_at_1_std": 0.110359,
        "nauc_mrr_at_1_diff1": 0.851669,
        "nauc_mrr_at_3_max": 0.456462,
        "nauc_mrr_at_3_std": 0.261626,
        "nauc_mrr_at_3_diff1": 0.827458,
        "nauc_mrr_at_5_max": 0.456462,
        "nauc_mrr_at_5_std": 0.261626,
        "nauc_mrr_at_5_diff1": 0.827458,
        "nauc_mrr_at_10_max": 0.463865,
        "nauc_mrr_at_10_std": 0.265707,
        "nauc_mrr_at_10_diff1": 0.831383,
        "nauc_mrr_at_20_max": 0.460938,
        "nauc_mrr_at_20_std": 0.263298,
        "nauc_mrr_at_20_diff1": 0.830023,
        "nauc_mrr_at_100_max": 0.457056,
        "nauc_mrr_at_100_std": 0.260515,
        "nauc_mrr_at_100_diff1": 0.829562,
        "nauc_mrr_at_1000_max": 0.4566,
        "nauc_mrr_at_1000_std": 0.260259,
        "nauc_mrr_at_1000_diff1": 0.829517,
        "cv_recall_at_1": 0.68,
        "cv_recall_at_3": 0.8,
        "cv_recall_at_5": 0.8,
        "cv_recall_at_10": 0.84,
        "cv_recall_at_20": 0.86,
        "cv_recall_at_100": 0.94,
        "cv_recall_at_1000": 1.0,
        "main_score": 0.76232,
        "hf_subset": "default",
        "languages": [
          "eng-Latn"
        ]
      }
    ]
  },
  "evaluation_time": 60.98504996299744,
  "kg_co2_emissions": null,
  "date": null
}