{
  "dataset_revision": "3f30ff532ac2f61a585673ee7634301ef52b1ad3",
  "task_name": "NFCorpus-PL",
  "mteb_version": "2.9.0",
  "scores": {
    "test": [
      {
        "ndcg_at_1": 0.24303,
        "ndcg_at_3": 0.21371,
        "ndcg_at_5": 0.19265,
        "ndcg_at_10": 0.1703,
        "ndcg_at_20": 0.15077,
        "ndcg_at_100": 0.14676,
        "ndcg_at_1000": 0.22902,
        "map_at_1": 0.03026,
        "map_at_3": 0.04601,
        "map_at_5": 0.05096,
        "map_at_10": 0.0579,
        "map_at_20": 0.06199,
        "map_at_100": 0.06738,
        "map_at_1000": 0.0736,
        "recall_at_1": 0.03026,
        "recall_at_3": 0.05469,
        "recall_at_5": 0.06261,
        "recall_at_10": 0.07648,
        "recall_at_20": 0.09363,
        "recall_at_100": 0.15103,
        "recall_at_1000": 0.43632,
        "accuracy": 0.03026,
        "precision_at_1": 0.25387,
        "precision_at_3": 0.19814,
        "precision_at_5": 0.15975,
        "precision_at_10": 0.12074,
        "precision_at_20": 0.08282,
        "precision_at_100": 0.03458,
        "precision_at_1000": 0.01395,
        "mrr_at_1": 0.25387,
        "mrr_at_3": 0.303406,
        "mrr_at_5": 0.311765,
        "mrr_at_10": 0.31928,
        "mrr_at_20": 0.323664,
        "mrr_at_100": 0.327184,
        "mrr_at_1000": 0.328308,
        "nauc_ndcg_at_1_max": 0.24001,
        "nauc_ndcg_at_1_std": 0.08954,
        "nauc_ndcg_at_1_diff1": 0.304729,
        "nauc_ndcg_at_3_max": 0.179843,
        "nauc_ndcg_at_3_std": 0.076922,
        "nauc_ndcg_at_3_diff1": 0.219575,
        "nauc_ndcg_at_5_max": 0.225142,
        "nauc_ndcg_at_5_std": 0.113903,
        "nauc_ndcg_at_5_diff1": 0.219769,
        "nauc_ndcg_at_10_max": 0.246072,
        "nauc_ndcg_at_10_std": 0.138259,
        "nauc_ndcg_at_10_diff1": 0.23098,
        "nauc_ndcg_at_20_max": 0.248844,
        "nauc_ndcg_at_20_std": 0.12817,
        "nauc_ndcg_at_20_diff1": 0.219657,
        "nauc_ndcg_at_100_max": 0.273175,
        "nauc_ndcg_at_100_std": 0.127708,
        "nauc_ndcg_at_100_diff1": 0.212796,
        "nauc_ndcg_at_1000_max": 0.321288,
        "nauc_ndcg_at_1000_std": 0.183578,
        "nauc_ndcg_at_1000_diff1": 0.224172,
        "nauc_map_at_1_max": 0.052877,
        "nauc_map_at_1_std": -0.143401,
        "nauc_map_at_1_diff1": 0.374729,
        "nauc_map_at_3_max": 0.094182,
        "nauc_map_at_3_std": -0.099535,
        "nauc_map_at_3_diff1": 0.259057,
        "nauc_map_at_5_max": 0.131958,
        "nauc_map_at_5_std": -0.068259,
        "nauc_map_at_5_diff1": 0.24991,
        "nauc_map_at_10_max": 0.178993,
        "nauc_map_at_10_std": -0.006515,
        "nauc_map_at_10_diff1": 0.242277,
        "nauc_map_at_20_max": 0.203481,
        "nauc_map_at_20_std": 0.021232,
        "nauc_map_at_20_diff1": 0.23741,
        "nauc_map_at_100_max": 0.226401,
        "nauc_map_at_100_std": 0.053821,
        "nauc_map_at_100_diff1": 0.234851,
        "nauc_map_at_1000_max": 0.230899,
        "nauc_map_at_1000_std": 0.069793,
        "nauc_map_at_1000_diff1": 0.234066,
        "nauc_recall_at_1_max": 0.052877,
        "nauc_recall_at_1_std": -0.143401,
        "nauc_recall_at_1_diff1": 0.374729,
        "nauc_recall_at_3_max": 0.07784,
        "nauc_recall_at_3_std": -0.081632,
        "nauc_recall_at_3_diff1": 0.178765,
        "nauc_recall_at_5_max": 0.1261,
        "nauc_recall_at_5_std": -0.053488,
        "nauc_recall_at_5_diff1": 0.170647,
        "nauc_recall_at_10_max": 0.149678,
        "nauc_recall_at_10_std": -0.016681,
        "nauc_recall_at_10_diff1": 0.153157,
        "nauc_recall_at_20_max": 0.199473,
        "nauc_recall_at_20_std": 0.019879,
        "nauc_recall_at_20_diff1": 0.119754,
        "nauc_recall_at_100_max": 0.219053,
        "nauc_recall_at_100_std": 0.092756,
        "nauc_recall_at_100_diff1": 0.094831,
        "nauc_recall_at_1000_max": 0.261883,
        "nauc_recall_at_1000_std": 0.155012,
        "nauc_recall_at_1000_diff1": 0.079055,
        "nauc_precision_at_1_max": 0.2591,
        "nauc_precision_at_1_std": 0.105451,
        "nauc_precision_at_1_diff1": 0.303086,
        "nauc_precision_at_3_max": 0.201159,
        "nauc_precision_at_3_std": 0.118196,
        "nauc_precision_at_3_diff1": 0.176484,
        "nauc_precision_at_5_max": 0.272457,
        "nauc_precision_at_5_std": 0.185282,
        "nauc_precision_at_5_diff1": 0.168186,
        "nauc_precision_at_10_max": 0.305994,
        "nauc_precision_at_10_std": 0.257627,
        "nauc_precision_at_10_diff1": 0.166947,
        "nauc_precision_at_20_max": 0.310814,
        "nauc_precision_at_20_std": 0.287127,
        "nauc_precision_at_20_diff1": 0.152657,
        "nauc_precision_at_100_max": 0.244779,
        "nauc_precision_at_100_std": 0.314761,
        "nauc_precision_at_100_diff1": 0.114247,
        "nauc_precision_at_1000_max": -0.007433,
        "nauc_precision_at_1000_std": 0.160674,
        "nauc_precision_at_1000_diff1": 0.05138,
        "nauc_mrr_at_1_max": 0.2591,
        "nauc_mrr_at_1_std": 0.105451,
        "nauc_mrr_at_1_diff1": 0.303086,
        "nauc_mrr_at_3_max": 0.245859,
        "nauc_mrr_at_3_std": 0.099174,
        "nauc_mrr_at_3_diff1": 0.260204,
        "nauc_mrr_at_5_max": 0.245548,
        "nauc_mrr_at_5_std": 0.104267,
        "nauc_mrr_at_5_diff1": 0.253575,
        "nauc_mrr_at_10_max": 0.246401,
        "nauc_mrr_at_10_std": 0.104177,
        "nauc_mrr_at_10_diff1": 0.248543,
        "nauc_mrr_at_20_max": 0.250536,
        "nauc_mrr_at_20_std": 0.107277,
        "nauc_mrr_at_20_diff1": 0.249043,
        "nauc_mrr_at_100_max": 0.251779,
        "nauc_mrr_at_100_std": 0.109636,
        "nauc_mrr_at_100_diff1": 0.250393,
        "nauc_mrr_at_1000_max": 0.25147,
        "nauc_mrr_at_1000_std": 0.109262,
        "nauc_mrr_at_1000_diff1": 0.250243,
        "cv_recall_at_1": 0.25387,
        "cv_recall_at_3": 0.36533,
        "cv_recall_at_5": 0.40248,
        "cv_recall_at_10": 0.4582,
        "cv_recall_at_20": 0.52012,
        "cv_recall_at_100": 0.67802,
        "cv_recall_at_1000": 0.92879,
        "main_score": 0.1703,
        "hf_subset": "default",
        "languages": [
          "pol-Latn"
        ]
      }
    ]
  },
  "evaluation_time": 97.67148160934448,
  "kg_co2_emissions": null,
  "date": null
}