{
  "dataset_revision": "local",
  "task_name": "WikiLV",
  "mteb_version": "2.12.27",
  "scores": {
    "test": [
      {
        "ndcg_at_1": 0.57822,
        "ndcg_at_3": 0.64322,
        "ndcg_at_5": 0.66062,
        "ndcg_at_10": 0.67612,
        "ndcg_at_20": 0.68848,
        "ndcg_at_100": 0.70597,
        "ndcg_at_1000": 0.71584,
        "map_at_1": 0.57822,
        "map_at_3": 0.62747,
        "map_at_5": 0.63714,
        "map_at_10": 0.6435,
        "map_at_20": 0.64697,
        "map_at_100": 0.6493,
        "map_at_1000": 0.64968,
        "recall_at_1": 0.57822,
        "recall_at_3": 0.68871,
        "recall_at_5": 0.73087,
        "recall_at_10": 0.77902,
        "recall_at_20": 0.82737,
        "recall_at_100": 0.92288,
        "recall_at_1000": 1.0,
        "accuracy": 0.57822,
        "precision_at_1": 0.57822,
        "precision_at_3": 0.22957,
        "precision_at_5": 0.14617,
        "precision_at_10": 0.0779,
        "precision_at_20": 0.04137,
        "precision_at_100": 0.00923,
        "precision_at_1000": 0.001,
        "mrr_at_1": 0.578222,
        "mrr_at_3": 0.627473,
        "mrr_at_5": 0.637143,
        "mrr_at_10": 0.643496,
        "mrr_at_20": 0.646966,
        "mrr_at_100": 0.649305,
        "mrr_at_1000": 0.649678,
        "nauc_ndcg_at_1_max": 0.60573,
        "nauc_ndcg_at_1_std": 0.128413,
        "nauc_ndcg_at_1_diff1": 0.791646,
        "nauc_ndcg_at_3_max": 0.610997,
        "nauc_ndcg_at_3_std": 0.143298,
        "nauc_ndcg_at_3_diff1": 0.74442,
        "nauc_ndcg_at_5_max": 0.609098,
        "nauc_ndcg_at_5_std": 0.147509,
        "nauc_ndcg_at_5_diff1": 0.736747,
        "nauc_ndcg_at_10_max": 0.61244,
        "nauc_ndcg_at_10_std": 0.149672,
        "nauc_ndcg_at_10_diff1": 0.734582,
        "nauc_ndcg_at_20_max": 0.609518,
        "nauc_ndcg_at_20_std": 0.15236,
        "nauc_ndcg_at_20_diff1": 0.733568,
        "nauc_ndcg_at_100_max": 0.609892,
        "nauc_ndcg_at_100_std": 0.150851,
        "nauc_ndcg_at_100_diff1": 0.737641,
        "nauc_ndcg_at_1000_max": 0.610215,
        "nauc_ndcg_at_1000_std": 0.147088,
        "nauc_ndcg_at_1000_diff1": 0.743346,
        "nauc_map_at_1_max": 0.60573,
        "nauc_map_at_1_std": 0.128413,
        "nauc_map_at_1_diff1": 0.791646,
        "nauc_map_at_3_max": 0.610137,
        "nauc_map_at_3_std": 0.139158,
        "nauc_map_at_3_diff1": 0.756391,
        "nauc_map_at_5_max": 0.60897,
        "nauc_map_at_5_std": 0.141187,
        "nauc_map_at_5_diff1": 0.752493,
        "nauc_map_at_10_max": 0.610304,
        "nauc_map_at_10_std": 0.142064,
        "nauc_map_at_10_diff1": 0.751955,
        "nauc_map_at_20_max": 0.609497,
        "nauc_map_at_20_std": 0.142619,
        "nauc_map_at_20_diff1": 0.751814,
        "nauc_map_at_100_max": 0.609661,
        "nauc_map_at_100_std": 0.142505,
        "nauc_map_at_100_diff1": 0.752371,
        "nauc_map_at_1000_max": 0.609686,
        "nauc_map_at_1000_std": 0.142363,
        "nauc_map_at_1000_diff1": 0.752561,
        "nauc_recall_at_1_max": 0.60573,
        "nauc_recall_at_1_std": 0.128413,
        "nauc_recall_at_1_diff1": 0.791646,
        "nauc_recall_at_3_max": 0.613537,
        "nauc_recall_at_3_std": 0.156794,
        "nauc_recall_at_3_diff1": 0.705914,
        "nauc_recall_at_5_max": 0.609172,
        "nauc_recall_at_5_std": 0.170931,
        "nauc_recall_at_5_diff1": 0.679993,
        "nauc_recall_at_10_max": 0.62241,
        "nauc_recall_at_10_std": 0.182622,
        "nauc_recall_at_10_diff1": 0.66111,
        "nauc_recall_at_20_max": 0.607425,
        "nauc_recall_at_20_std": 0.207659,
        "nauc_recall_at_20_diff1": 0.638019,
        "nauc_recall_at_100_max": 0.605204,
        "nauc_recall_at_100_std": 0.236658,
        "nauc_recall_at_100_diff1": 0.603423,
        "nauc_recall_at_1000_max": NaN,
        "nauc_recall_at_1000_std": NaN,
        "nauc_recall_at_1000_diff1": NaN,
        "nauc_precision_at_1_max": 0.60573,
        "nauc_precision_at_1_std": 0.128413,
        "nauc_precision_at_1_diff1": 0.791646,
        "nauc_precision_at_3_max": 0.613537,
        "nauc_precision_at_3_std": 0.156794,
        "nauc_precision_at_3_diff1": 0.705914,
        "nauc_precision_at_5_max": 0.609172,
        "nauc_precision_at_5_std": 0.170931,
        "nauc_precision_at_5_diff1": 0.679993,
        "nauc_precision_at_10_max": 0.62241,
        "nauc_precision_at_10_std": 0.182622,
        "nauc_precision_at_10_diff1": 0.66111,
        "nauc_precision_at_20_max": 0.607425,
        "nauc_precision_at_20_std": 0.207659,
        "nauc_precision_at_20_diff1": 0.638019,
        "nauc_precision_at_100_max": 0.605204,
        "nauc_precision_at_100_std": 0.236658,
        "nauc_precision_at_100_diff1": 0.603423,
        "nauc_precision_at_1000_max": 1.0,
        "nauc_precision_at_1000_std": 1.0,
        "nauc_precision_at_1000_diff1": 1.0,
        "nauc_mrr_at_1_max": 0.60573,
        "nauc_mrr_at_1_std": 0.128413,
        "nauc_mrr_at_1_diff1": 0.791646,
        "nauc_mrr_at_3_max": 0.610137,
        "nauc_mrr_at_3_std": 0.139158,
        "nauc_mrr_at_3_diff1": 0.756391,
        "nauc_mrr_at_5_max": 0.60897,
        "nauc_mrr_at_5_std": 0.141187,
        "nauc_mrr_at_5_diff1": 0.752493,
        "nauc_mrr_at_10_max": 0.610304,
        "nauc_mrr_at_10_std": 0.142064,
        "nauc_mrr_at_10_diff1": 0.751955,
        "nauc_mrr_at_20_max": 0.609497,
        "nauc_mrr_at_20_std": 0.142619,
        "nauc_mrr_at_20_diff1": 0.751814,
        "nauc_mrr_at_100_max": 0.609661,
        "nauc_mrr_at_100_std": 0.142505,
        "nauc_mrr_at_100_diff1": 0.752371,
        "nauc_mrr_at_1000_max": 0.609686,
        "nauc_mrr_at_1000_std": 0.142363,
        "nauc_mrr_at_1000_diff1": 0.752561,
        "hit_rate_at_1": 0.57822,
        "hit_rate_at_3": 0.68871,
        "hit_rate_at_5": 0.73087,
        "hit_rate_at_10": 0.77902,
        "hit_rate_at_20": 0.82737,
        "hit_rate_at_100": 0.92288,
        "hit_rate_at_1000": 1.0,
        "main_score": 0.67612,
        "hf_subset": "default",
        "languages": [
          "lav-Latn"
        ]
      }
    ]
  },
  "evaluation_time": 19.881839275360107,
  "kg_co2_emissions": null,
  "date": null
}