{
  "dataset_revision": "910766554633e8da014e88f54988705dde7ecaac",
  "task_name": "ZacLegalTextRetrieval",
  "mteb_version": "2.9.0",
  "scores": {
    "test": [
      {
        "ndcg_at_1": 0.18782,
        "ndcg_at_3": 0.23248,
        "ndcg_at_5": 0.24608,
        "ndcg_at_10": 0.2633,
        "ndcg_at_20": 0.27109,
        "ndcg_at_100": 0.28884,
        "ndcg_at_1000": 0.30849,
        "map_at_1": 0.18718,
        "map_at_3": 0.22081,
        "map_at_5": 0.22836,
        "map_at_10": 0.23546,
        "map_at_20": 0.23759,
        "map_at_100": 0.23981,
        "map_at_1000": 0.24043,
        "recall_at_1": 0.18718,
        "recall_at_3": 0.26586,
        "recall_at_5": 0.29886,
        "recall_at_10": 0.35216,
        "recall_at_20": 0.38261,
        "recall_at_100": 0.4816,
        "recall_at_1000": 0.6434,
        "accuracy": 0.18718,
        "precision_at_1": 0.18782,
        "precision_at_3": 0.08883,
        "precision_at_5": 0.0599,
        "precision_at_10": 0.03528,
        "precision_at_20": 0.01923,
        "precision_at_100": 0.00486,
        "precision_at_1000": 0.00065,
        "mrr_at_1": 0.189086,
        "mrr_at_3": 0.221235,
        "mrr_at_5": 0.22942,
        "mrr_at_10": 0.236473,
        "mrr_at_20": 0.238699,
        "mrr_at_100": 0.240912,
        "mrr_at_1000": 0.241522,
        "nauc_ndcg_at_1_max": 0.549974,
        "nauc_ndcg_at_1_std": 0.246769,
        "nauc_ndcg_at_1_diff1": 0.616902,
        "nauc_ndcg_at_3_max": 0.54157,
        "nauc_ndcg_at_3_std": 0.279927,
        "nauc_ndcg_at_3_diff1": 0.54612,
        "nauc_ndcg_at_5_max": 0.536632,
        "nauc_ndcg_at_5_std": 0.281071,
        "nauc_ndcg_at_5_diff1": 0.520903,
        "nauc_ndcg_at_10_max": 0.536421,
        "nauc_ndcg_at_10_std": 0.307608,
        "nauc_ndcg_at_10_diff1": 0.5049,
        "nauc_ndcg_at_20_max": 0.528675,
        "nauc_ndcg_at_20_std": 0.312027,
        "nauc_ndcg_at_20_diff1": 0.5022,
        "nauc_ndcg_at_100_max": 0.518089,
        "nauc_ndcg_at_100_std": 0.31779,
        "nauc_ndcg_at_100_diff1": 0.494133,
        "nauc_ndcg_at_1000_max": 0.52294,
        "nauc_ndcg_at_1000_std": 0.323937,
        "nauc_ndcg_at_1000_diff1": 0.496748,
        "nauc_map_at_1_max": 0.547418,
        "nauc_map_at_1_std": 0.247029,
        "nauc_map_at_1_diff1": 0.614524,
        "nauc_map_at_3_max": 0.543875,
        "nauc_map_at_3_std": 0.271168,
        "nauc_map_at_3_diff1": 0.561044,
        "nauc_map_at_5_max": 0.540865,
        "nauc_map_at_5_std": 0.271913,
        "nauc_map_at_5_diff1": 0.546222,
        "nauc_map_at_10_max": 0.541125,
        "nauc_map_at_10_std": 0.283523,
        "nauc_map_at_10_diff1": 0.53987,
        "nauc_map_at_20_max": 0.538732,
        "nauc_map_at_20_std": 0.284561,
        "nauc_map_at_20_diff1": 0.539055,
        "nauc_map_at_100_max": 0.537135,
        "nauc_map_at_100_std": 0.285256,
        "nauc_map_at_100_diff1": 0.538115,
        "nauc_map_at_1000_max": 0.537292,
        "nauc_map_at_1000_std": 0.285568,
        "nauc_map_at_1000_diff1": 0.538136,
        "nauc_recall_at_1_max": 0.547418,
        "nauc_recall_at_1_std": 0.247029,
        "nauc_recall_at_1_diff1": 0.614524,
        "nauc_recall_at_3_max": 0.532559,
        "nauc_recall_at_3_std": 0.303464,
        "nauc_recall_at_3_diff1": 0.504487,
        "nauc_recall_at_5_max": 0.522692,
        "nauc_recall_at_5_std": 0.304841,
        "nauc_recall_at_5_diff1": 0.451701,
        "nauc_recall_at_10_max": 0.52048,
        "nauc_recall_at_10_std": 0.376237,
        "nauc_recall_at_10_diff1": 0.406303,
        "nauc_recall_at_20_max": 0.494677,
        "nauc_recall_at_20_std": 0.392749,
        "nauc_recall_at_20_diff1": 0.397931,
        "nauc_recall_at_100_max": 0.44534,
        "nauc_recall_at_100_std": 0.424662,
        "nauc_recall_at_100_diff1": 0.355429,
        "nauc_recall_at_1000_max": 0.469498,
        "nauc_recall_at_1000_std": 0.491716,
        "nauc_recall_at_1000_diff1": 0.353855,
        "nauc_precision_at_1_max": 0.549974,
        "nauc_precision_at_1_std": 0.246769,
        "nauc_precision_at_1_diff1": 0.616902,
        "nauc_precision_at_3_max": 0.535349,
        "nauc_precision_at_3_std": 0.303465,
        "nauc_precision_at_3_diff1": 0.507308,
        "nauc_precision_at_5_max": 0.525342,
        "nauc_precision_at_5_std": 0.30484,
        "nauc_precision_at_5_diff1": 0.454425,
        "nauc_precision_at_10_max": 0.52343,
        "nauc_precision_at_10_std": 0.376428,
        "nauc_precision_at_10_diff1": 0.409288,
        "nauc_precision_at_20_max": 0.497895,
        "nauc_precision_at_20_std": 0.391235,
        "nauc_precision_at_20_diff1": 0.40203,
        "nauc_precision_at_100_max": 0.445719,
        "nauc_precision_at_100_std": 0.417211,
        "nauc_precision_at_100_diff1": 0.358491,
        "nauc_precision_at_1000_max": 0.466602,
        "nauc_precision_at_1000_std": 0.478156,
        "nauc_precision_at_1000_diff1": 0.357954,
        "nauc_mrr_at_1_max": 0.555045,
        "nauc_mrr_at_1_std": 0.250748,
        "nauc_mrr_at_1_diff1": 0.609052,
        "nauc_mrr_at_3_max": 0.549467,
        "nauc_mrr_at_3_std": 0.272045,
        "nauc_mrr_at_3_diff1": 0.561028,
        "nauc_mrr_at_5_max": 0.545752,
        "nauc_mrr_at_5_std": 0.273224,
        "nauc_mrr_at_5_diff1": 0.545413,
        "nauc_mrr_at_10_max": 0.545935,
        "nauc_mrr_at_10_std": 0.284585,
        "nauc_mrr_at_10_diff1": 0.539183,
        "nauc_mrr_at_20_max": 0.543572,
        "nauc_mrr_at_20_std": 0.285495,
        "nauc_mrr_at_20_diff1": 0.538435,
        "nauc_mrr_at_100_max": 0.541909,
        "nauc_mrr_at_100_std": 0.286158,
        "nauc_mrr_at_100_diff1": 0.537495,
        "nauc_mrr_at_1000_max": 0.542071,
        "nauc_mrr_at_1000_std": 0.286479,
        "nauc_mrr_at_1000_diff1": 0.537481,
        "cv_recall_at_1": 0.18909,
        "cv_recall_at_3": 0.26396,
        "cv_recall_at_5": 0.29949,
        "cv_recall_at_10": 0.35279,
        "cv_recall_at_20": 0.38452,
        "cv_recall_at_100": 0.4835,
        "cv_recall_at_1000": 0.64467,
        "main_score": 0.2633,
        "hf_subset": "default",
        "languages": [
          "vie-Latn"
        ]
      }
    ]
  },
  "evaluation_time": 1100.2208065986633,
  "kg_co2_emissions": null,
  "date": null
}