{
  "dataset_revision": "5014f29d7fdde6f9073a75b72be53ed73eed60c6",
  "task_name": "BillSumCA",
  "mteb_version": "2.12.19",
  "scores": {
    "test": [
      {
        "ndcg_at_1": 0.796,
        "ndcg_at_3": 0.88266,
        "ndcg_at_5": 0.89256,
        "ndcg_at_10": 0.89774,
        "ndcg_at_20": 0.89871,
        "ndcg_at_100": 0.90099,
        "ndcg_at_1000": 0.90152,
        "map_at_1": 0.796,
        "map_at_3": 0.86267,
        "map_at_5": 0.86817,
        "map_at_10": 0.8703,
        "map_at_20": 0.87054,
        "map_at_100": 0.87087,
        "map_at_1000": 0.8709,
        "recall_at_1": 0.796,
        "recall_at_3": 0.94,
        "recall_at_5": 0.964,
        "recall_at_10": 0.98,
        "recall_at_20": 0.984,
        "recall_at_100": 0.996,
        "recall_at_1000": 1.0,
        "accuracy": 0.796,
        "precision_at_1": 0.796,
        "precision_at_3": 0.31333,
        "precision_at_5": 0.1928,
        "precision_at_10": 0.098,
        "precision_at_20": 0.0492,
        "precision_at_100": 0.00996,
        "precision_at_1000": 0.001,
        "mrr_at_1": 0.796,
        "mrr_at_3": 0.862333,
        "mrr_at_5": 0.867833,
        "mrr_at_10": 0.869968,
        "mrr_at_20": 0.870204,
        "mrr_at_100": 0.870537,
        "mrr_at_1000": 0.870561,
        "nauc_ndcg_at_1_max": 0.633477,
        "nauc_ndcg_at_1_std": 0.000802,
        "nauc_ndcg_at_1_diff1": 0.838839,
        "nauc_ndcg_at_3_max": 0.663466,
        "nauc_ndcg_at_3_std": 0.028645,
        "nauc_ndcg_at_3_diff1": 0.818149,
        "nauc_ndcg_at_5_max": 0.670719,
        "nauc_ndcg_at_5_std": 0.02012,
        "nauc_ndcg_at_5_diff1": 0.827084,
        "nauc_ndcg_at_10_max": 0.667866,
        "nauc_ndcg_at_10_std": 0.025196,
        "nauc_ndcg_at_10_diff1": 0.826298,
        "nauc_ndcg_at_20_max": 0.66744,
        "nauc_ndcg_at_20_std": 0.024714,
        "nauc_ndcg_at_20_diff1": 0.827348,
        "nauc_ndcg_at_100_max": 0.663069,
        "nauc_ndcg_at_100_std": 0.026693,
        "nauc_ndcg_at_100_diff1": 0.828492,
        "nauc_ndcg_at_1000_max": 0.661878,
        "nauc_ndcg_at_1000_std": 0.021473,
        "nauc_ndcg_at_1000_diff1": 0.828256,
        "nauc_map_at_1_max": 0.633477,
        "nauc_map_at_1_std": 0.000802,
        "nauc_map_at_1_diff1": 0.838839,
        "nauc_map_at_3_max": 0.655816,
        "nauc_map_at_3_std": 0.018668,
        "nauc_map_at_3_diff1": 0.824426,
        "nauc_map_at_5_max": 0.659163,
        "nauc_map_at_5_std": 0.015373,
        "nauc_map_at_5_diff1": 0.828988,
        "nauc_map_at_10_max": 0.658043,
        "nauc_map_at_10_std": 0.017355,
        "nauc_map_at_10_diff1": 0.828669,
        "nauc_map_at_20_max": 0.657946,
        "nauc_map_at_20_std": 0.017271,
        "nauc_map_at_20_diff1": 0.82888,
        "nauc_map_at_100_max": 0.657517,
        "nauc_map_at_100_std": 0.017339,
        "nauc_map_at_100_diff1": 0.829075,
        "nauc_map_at_1000_max": 0.657476,
        "nauc_map_at_1000_std": 0.017162,
        "nauc_map_at_1000_diff1": 0.829067,
        "nauc_recall_at_1_max": 0.633477,
        "nauc_recall_at_1_std": 0.000802,
        "nauc_recall_at_1_diff1": 0.838839,
        "nauc_recall_at_3_max": 0.708792,
        "nauc_recall_at_3_std": 0.091317,
        "nauc_recall_at_3_diff1": 0.779723,
        "nauc_recall_at_5_max": 0.783458,
        "nauc_recall_at_5_std": 0.059679,
        "nauc_recall_at_5_diff1": 0.812481,
        "nauc_recall_at_10_max": 0.830766,
        "nauc_recall_at_10_std": 0.154528,
        "nauc_recall_at_10_diff1": 0.792017,
        "nauc_recall_at_20_max": 0.860528,
        "nauc_recall_at_20_std": 0.173319,
        "nauc_recall_at_20_diff1": 0.809465,
        "nauc_recall_at_100_max": 0.869281,
        "nauc_recall_at_100_std": 0.934641,
        "nauc_recall_at_100_diff1": 0.869281,
        "nauc_recall_at_1000_max": NaN,
        "nauc_recall_at_1000_std": NaN,
        "nauc_recall_at_1000_diff1": NaN,
        "nauc_precision_at_1_max": 0.633477,
        "nauc_precision_at_1_std": 0.000802,
        "nauc_precision_at_1_diff1": 0.838839,
        "nauc_precision_at_3_max": 0.708792,
        "nauc_precision_at_3_std": 0.091317,
        "nauc_precision_at_3_diff1": 0.779723,
        "nauc_precision_at_5_max": 0.783458,
        "nauc_precision_at_5_std": 0.059679,
        "nauc_precision_at_5_diff1": 0.812481,
        "nauc_precision_at_10_max": 0.830766,
        "nauc_precision_at_10_std": 0.154528,
        "nauc_precision_at_10_diff1": 0.792017,
        "nauc_precision_at_20_max": 0.860528,
        "nauc_precision_at_20_std": 0.173319,
        "nauc_precision_at_20_diff1": 0.809465,
        "nauc_precision_at_100_max": 0.869281,
        "nauc_precision_at_100_std": 0.934641,
        "nauc_precision_at_100_diff1": 0.869281,
        "nauc_precision_at_1000_max": 1.0,
        "nauc_precision_at_1000_std": 1.0,
        "nauc_precision_at_1000_diff1": 1.0,
        "nauc_mrr_at_1_max": 0.633477,
        "nauc_mrr_at_1_std": 0.000802,
        "nauc_mrr_at_1_diff1": 0.838839,
        "nauc_mrr_at_3_max": 0.655056,
        "nauc_mrr_at_3_std": 0.014179,
        "nauc_mrr_at_3_diff1": 0.823235,
        "nauc_mrr_at_5_max": 0.65836,
        "nauc_mrr_at_5_std": 0.010694,
        "nauc_mrr_at_5_diff1": 0.827733,
        "nauc_mrr_at_10_max": 0.65723,
        "nauc_mrr_at_10_std": 0.01259,
        "nauc_mrr_at_10_diff1": 0.827393,
        "nauc_mrr_at_20_max": 0.657126,
        "nauc_mrr_at_20_std": 0.012462,
        "nauc_mrr_at_20_diff1": 0.827595,
        "nauc_mrr_at_100_max": 0.656699,
        "nauc_mrr_at_100_std": 0.012518,
        "nauc_mrr_at_100_diff1": 0.827789,
        "nauc_mrr_at_1000_max": 0.656657,
        "nauc_mrr_at_1000_std": 0.012341,
        "nauc_mrr_at_1000_diff1": 0.827781,
        "hit_rate_at_1": 0.796,
        "hit_rate_at_3": 0.94,
        "hit_rate_at_5": 0.964,
        "hit_rate_at_10": 0.98,
        "hit_rate_at_20": 0.984,
        "hit_rate_at_100": 0.996,
        "hit_rate_at_1000": 1.0,
        "main_score": 0.89774,
        "hf_subset": "default",
        "languages": [
          "eng-Latn"
        ]
      }
    ]
  },
  "evaluation_time": 32.03014922142029,
  "kg_co2_emissions": null,
  "date": null
}