{
  "dataset_revision": "0c063eb9b2f3085bbbc48f8d51f21a179254187e",
  "task_name": "BillSumUS",
  "mteb_version": "2.12.19",
  "scores": {
    "test": [
      {
        "ndcg_at_1": 0.978,
        "ndcg_at_3": 0.98731,
        "ndcg_at_5": 0.98731,
        "ndcg_at_10": 0.98861,
        "ndcg_at_20": 0.98861,
        "ndcg_at_100": 0.98895,
        "ndcg_at_1000": 0.98895,
        "map_at_1": 0.978,
        "map_at_3": 0.985,
        "map_at_5": 0.985,
        "map_at_10": 0.98554,
        "map_at_20": 0.98554,
        "map_at_100": 0.98557,
        "map_at_1000": 0.98557,
        "recall_at_1": 0.978,
        "recall_at_3": 0.994,
        "recall_at_5": 0.994,
        "recall_at_10": 0.998,
        "recall_at_20": 0.998,
        "recall_at_100": 1.0,
        "recall_at_1000": 1.0,
        "accuracy": 0.978,
        "precision_at_1": 0.978,
        "precision_at_3": 0.33133,
        "precision_at_5": 0.1988,
        "precision_at_10": 0.0998,
        "precision_at_20": 0.0499,
        "precision_at_100": 0.01,
        "precision_at_1000": 0.001,
        "mrr_at_1": 0.978,
        "mrr_at_3": 0.985,
        "mrr_at_5": 0.985,
        "mrr_at_10": 0.985536,
        "mrr_at_20": 0.985536,
        "mrr_at_100": 0.985573,
        "mrr_at_1000": 0.985573,
        "nauc_ndcg_at_1_max": 0.988116,
        "nauc_ndcg_at_1_std": 0.318182,
        "nauc_ndcg_at_1_diff1": 0.974747,
        "nauc_ndcg_at_3_max": 0.992397,
        "nauc_ndcg_at_3_std": 0.391075,
        "nauc_ndcg_at_3_diff1": 0.956223,
        "nauc_ndcg_at_5_max": 0.992397,
        "nauc_ndcg_at_5_std": 0.391075,
        "nauc_ndcg_at_5_diff1": 0.956223,
        "nauc_ndcg_at_10_max": 0.991531,
        "nauc_ndcg_at_10_std": 0.346413,
        "nauc_ndcg_at_10_diff1": 0.951238,
        "nauc_ndcg_at_20_max": 0.991531,
        "nauc_ndcg_at_20_std": 0.346413,
        "nauc_ndcg_at_20_diff1": 0.951238,
        "nauc_ndcg_at_100_max": 0.991266,
        "nauc_ndcg_at_100_std": 0.362626,
        "nauc_ndcg_at_100_diff1": 0.958409,
        "nauc_ndcg_at_1000_max": 0.991266,
        "nauc_ndcg_at_1000_std": 0.362626,
        "nauc_ndcg_at_1000_diff1": 0.958409,
        "nauc_map_at_1_max": 0.988116,
        "nauc_map_at_1_std": 0.318182,
        "nauc_map_at_1_diff1": 0.974747,
        "nauc_map_at_3_max": 0.991285,
        "nauc_map_at_3_std": 0.379375,
        "nauc_map_at_3_diff1": 0.962963,
        "nauc_map_at_5_max": 0.991285,
        "nauc_map_at_5_std": 0.379375,
        "nauc_map_at_5_diff1": 0.962963,
        "nauc_map_at_10_max": 0.990963,
        "nauc_map_at_10_std": 0.364095,
        "nauc_map_at_10_diff1": 0.961591,
        "nauc_map_at_20_max": 0.990963,
        "nauc_map_at_20_std": 0.364095,
        "nauc_map_at_20_diff1": 0.961591,
        "nauc_map_at_100_max": 0.990939,
        "nauc_map_at_100_std": 0.36547,
        "nauc_map_at_100_diff1": 0.962206,
        "nauc_map_at_1000_max": 0.990939,
        "nauc_map_at_1000_std": 0.36547,
        "nauc_map_at_1000_diff1": 0.962206,
        "nauc_recall_at_1_max": 0.988116,
        "nauc_recall_at_1_std": 0.318182,
        "nauc_recall_at_1_diff1": 0.974747,
        "nauc_recall_at_3_max": 1.0,
        "nauc_recall_at_3_std": 0.46094,
        "nauc_recall_at_3_diff1": 0.907407,
        "nauc_recall_at_5_max": 1.0,
        "nauc_recall_at_5_std": 0.46094,
        "nauc_recall_at_5_diff1": 0.907407,
        "nauc_recall_at_10_max": 1.0,
        "nauc_recall_at_10_std": -0.171335,
        "nauc_recall_at_10_diff1": 0.722222,
        "nauc_recall_at_20_max": 1.0,
        "nauc_recall_at_20_std": -0.171335,
        "nauc_recall_at_20_diff1": 0.722222,
        "nauc_recall_at_100_max": NaN,
        "nauc_recall_at_100_std": NaN,
        "nauc_recall_at_100_diff1": NaN,
        "nauc_recall_at_1000_max": NaN,
        "nauc_recall_at_1000_std": NaN,
        "nauc_recall_at_1000_diff1": NaN,
        "nauc_precision_at_1_max": 0.988116,
        "nauc_precision_at_1_std": 0.318182,
        "nauc_precision_at_1_diff1": 0.974747,
        "nauc_precision_at_3_max": 1.0,
        "nauc_precision_at_3_std": 0.46094,
        "nauc_precision_at_3_diff1": 0.907407,
        "nauc_precision_at_5_max": 1.0,
        "nauc_precision_at_5_std": 0.46094,
        "nauc_precision_at_5_diff1": 0.907407,
        "nauc_precision_at_10_max": 1.0,
        "nauc_precision_at_10_std": -0.171335,
        "nauc_precision_at_10_diff1": 0.722222,
        "nauc_precision_at_20_max": 1.0,
        "nauc_precision_at_20_std": -0.171335,
        "nauc_precision_at_20_diff1": 0.722222,
        "nauc_precision_at_100_max": 1.0,
        "nauc_precision_at_100_std": 1.0,
        "nauc_precision_at_100_diff1": 1.0,
        "nauc_precision_at_1000_max": 1.0,
        "nauc_precision_at_1000_std": 1.0,
        "nauc_precision_at_1000_diff1": 1.0,
        "nauc_mrr_at_1_max": 0.988116,
        "nauc_mrr_at_1_std": 0.318182,
        "nauc_mrr_at_1_diff1": 0.974747,
        "nauc_mrr_at_3_max": 0.991285,
        "nauc_mrr_at_3_std": 0.379375,
        "nauc_mrr_at_3_diff1": 0.962963,
        "nauc_mrr_at_5_max": 0.991285,
        "nauc_mrr_at_5_std": 0.379375,
        "nauc_mrr_at_5_diff1": 0.962963,
        "nauc_mrr_at_10_max": 0.990963,
        "nauc_mrr_at_10_std": 0.364095,
        "nauc_mrr_at_10_diff1": 0.961591,
        "nauc_mrr_at_20_max": 0.990963,
        "nauc_mrr_at_20_std": 0.364095,
        "nauc_mrr_at_20_diff1": 0.961591,
        "nauc_mrr_at_100_max": 0.990939,
        "nauc_mrr_at_100_std": 0.36547,
        "nauc_mrr_at_100_diff1": 0.962206,
        "nauc_mrr_at_1000_max": 0.990939,
        "nauc_mrr_at_1000_std": 0.36547,
        "nauc_mrr_at_1000_diff1": 0.962206,
        "hit_rate_at_1": 0.978,
        "hit_rate_at_3": 0.994,
        "hit_rate_at_5": 0.994,
        "hit_rate_at_10": 0.998,
        "hit_rate_at_20": 0.998,
        "hit_rate_at_100": 1.0,
        "hit_rate_at_1000": 1.0,
        "main_score": 0.98861,
        "hf_subset": "default",
        "languages": [
          "eng-Latn"
        ]
      }
    ]
  },
  "evaluation_time": 28.258910655975342,
  "kg_co2_emissions": null,
  "date": null
}