{
  "dataset_revision": "local",
  "task_name": "MultiEupV2LV",
  "mteb_version": "2.12.30",
  "scores": {
    "test": [
      {
        "ndcg_at_1": 0.25974,
        "ndcg_at_3": 0.26822,
        "ndcg_at_5": 0.28278,
        "ndcg_at_10": 0.29381,
        "ndcg_at_20": 0.306,
        "ndcg_at_100": 0.38418,
        "ndcg_at_1000": 0.4086,
        "map_at_1": 0.24481,
        "map_at_3": 0.25851,
        "map_at_5": 0.26674,
        "map_at_10": 0.27179,
        "map_at_20": 0.27527,
        "map_at_100": 0.28449,
        "map_at_1000": 0.28587,
        "recall_at_1": 0.24481,
        "recall_at_3": 0.27944,
        "recall_at_5": 0.31732,
        "recall_at_10": 0.3487,
        "recall_at_20": 0.39416,
        "recall_at_100": 0.83074,
        "recall_at_1000": 1.0,
        "accuracy": 0.24481,
        "precision_at_1": 0.25974,
        "precision_at_3": 0.09957,
        "precision_at_5": 0.06883,
        "precision_at_10": 0.03896,
        "precision_at_20": 0.0224,
        "precision_at_100": 0.00948,
        "precision_at_1000": 0.00114,
        "mrr_at_1": 0.25974,
        "mrr_at_3": 0.274892,
        "mrr_at_5": 0.282684,
        "mrr_at_10": 0.286833,
        "mrr_at_20": 0.290094,
        "mrr_at_100": 0.298818,
        "mrr_at_1000": 0.29994,
        "nauc_ndcg_at_1_max": 0.675945,
        "nauc_ndcg_at_1_std": -0.228732,
        "nauc_ndcg_at_1_diff1": 0.689598,
        "nauc_ndcg_at_3_max": 0.61185,
        "nauc_ndcg_at_3_std": -0.17759,
        "nauc_ndcg_at_3_diff1": 0.624657,
        "nauc_ndcg_at_5_max": 0.577046,
        "nauc_ndcg_at_5_std": -0.182256,
        "nauc_ndcg_at_5_diff1": 0.592044,
        "nauc_ndcg_at_10_max": 0.572927,
        "nauc_ndcg_at_10_std": -0.207874,
        "nauc_ndcg_at_10_diff1": 0.573727,
        "nauc_ndcg_at_20_max": 0.582682,
        "nauc_ndcg_at_20_std": -0.220876,
        "nauc_ndcg_at_20_diff1": 0.561552,
        "nauc_ndcg_at_100_max": 0.558586,
        "nauc_ndcg_at_100_std": -0.214382,
        "nauc_ndcg_at_100_diff1": 0.562231,
        "nauc_ndcg_at_1000_max": 0.582961,
        "nauc_ndcg_at_1000_std": -0.213227,
        "nauc_ndcg_at_1000_diff1": 0.581002,
        "nauc_map_at_1_max": 0.663126,
        "nauc_map_at_1_std": -0.221357,
        "nauc_map_at_1_diff1": 0.657396,
        "nauc_map_at_3_max": 0.623383,
        "nauc_map_at_3_std": -0.185076,
        "nauc_map_at_3_diff1": 0.628147,
        "nauc_map_at_5_max": 0.60484,
        "nauc_map_at_5_std": -0.188946,
        "nauc_map_at_5_diff1": 0.610742,
        "nauc_map_at_10_max": 0.603179,
        "nauc_map_at_10_std": -0.201188,
        "nauc_map_at_10_diff1": 0.601065,
        "nauc_map_at_20_max": 0.605876,
        "nauc_map_at_20_std": -0.204788,
        "nauc_map_at_20_diff1": 0.597798,
        "nauc_map_at_100_max": 0.602076,
        "nauc_map_at_100_std": -0.204676,
        "nauc_map_at_100_diff1": 0.59689,
        "nauc_map_at_1000_max": 0.603255,
        "nauc_map_at_1000_std": -0.204869,
        "nauc_map_at_1000_diff1": 0.597814,
        "nauc_recall_at_1_max": 0.663126,
        "nauc_recall_at_1_std": -0.221357,
        "nauc_recall_at_1_diff1": 0.657396,
        "nauc_recall_at_3_max": 0.566158,
        "nauc_recall_at_3_std": -0.141294,
        "nauc_recall_at_3_diff1": 0.588022,
        "nauc_recall_at_5_max": 0.478529,
        "nauc_recall_at_5_std": -0.150352,
        "nauc_recall_at_5_diff1": 0.50909,
        "nauc_recall_at_10_max": 0.47261,
        "nauc_recall_at_10_std": -0.220083,
        "nauc_recall_at_10_diff1": 0.467329,
        "nauc_recall_at_20_max": 0.51198,
        "nauc_recall_at_20_std": -0.265419,
        "nauc_recall_at_20_diff1": 0.425423,
        "nauc_recall_at_100_max": 0.210679,
        "nauc_recall_at_100_std": -0.234314,
        "nauc_recall_at_100_diff1": 0.285847,
        "nauc_recall_at_1000_max": NaN,
        "nauc_recall_at_1000_std": NaN,
        "nauc_recall_at_1000_diff1": NaN,
        "nauc_precision_at_1_max": 0.675945,
        "nauc_precision_at_1_std": -0.228732,
        "nauc_precision_at_1_diff1": 0.689598,
        "nauc_precision_at_3_max": 0.569559,
        "nauc_precision_at_3_std": -0.160071,
        "nauc_precision_at_3_diff1": 0.603152,
        "nauc_precision_at_5_max": 0.477571,
        "nauc_precision_at_5_std": -0.184438,
        "nauc_precision_at_5_diff1": 0.503363,
        "nauc_precision_at_10_max": 0.429553,
        "nauc_precision_at_10_std": -0.263599,
        "nauc_precision_at_10_diff1": 0.406222,
        "nauc_precision_at_20_max": 0.456626,
        "nauc_precision_at_20_std": -0.299256,
        "nauc_precision_at_20_diff1": 0.357665,
        "nauc_precision_at_100_max": 0.055834,
        "nauc_precision_at_100_std": -0.164801,
        "nauc_precision_at_100_diff1": 0.146727,
        "nauc_precision_at_1000_max": -0.045602,
        "nauc_precision_at_1000_std": -0.120416,
        "nauc_precision_at_1000_diff1": 0.026852,
        "nauc_mrr_at_1_max": 0.675945,
        "nauc_mrr_at_1_std": -0.228732,
        "nauc_mrr_at_1_diff1": 0.689598,
        "nauc_mrr_at_3_max": 0.632936,
        "nauc_mrr_at_3_std": -0.196514,
        "nauc_mrr_at_3_diff1": 0.654366,
        "nauc_mrr_at_5_max": 0.618682,
        "nauc_mrr_at_5_std": -0.199384,
        "nauc_mrr_at_5_diff1": 0.640427,
        "nauc_mrr_at_10_max": 0.616261,
        "nauc_mrr_at_10_std": -0.208755,
        "nauc_mrr_at_10_diff1": 0.63383,
        "nauc_mrr_at_20_max": 0.617263,
        "nauc_mrr_at_20_std": -0.212703,
        "nauc_mrr_at_20_diff1": 0.629491,
        "nauc_mrr_at_100_max": 0.613534,
        "nauc_mrr_at_100_std": -0.211681,
        "nauc_mrr_at_100_diff1": 0.628402,
        "nauc_mrr_at_1000_max": 0.614783,
        "nauc_mrr_at_1000_std": -0.211517,
        "nauc_mrr_at_1000_diff1": 0.629435,
        "hit_rate_at_1": 0.25974,
        "hit_rate_at_3": 0.2987,
        "hit_rate_at_5": 0.33766,
        "hit_rate_at_10": 0.37013,
        "hit_rate_at_20": 0.41558,
        "hit_rate_at_100": 0.84416,
        "hit_rate_at_1000": 1.0,
        "main_score": 0.29381,
        "hf_subset": "default",
        "languages": [
          "lav-Latn"
        ]
      }
    ]
  },
  "evaluation_time": 10.568767309188843,
  "kg_co2_emissions": null,
  "date": null
}