{
  "dataset_revision": "0c063eb9b2f3085bbbc48f8d51f21a179254187e",
  "task_name": "BillSumUS",
  "mteb_version": "2.12.19",
  "scores": {
    "test": [
      {
        "ndcg_at_1": 0.98,
        "ndcg_at_3": 0.98731,
        "ndcg_at_5": 0.98817,
        "ndcg_at_10": 0.98877,
        "ndcg_at_20": 0.98877,
        "ndcg_at_100": 0.98913,
        "ndcg_at_1000": 0.98942,
        "map_at_1": 0.98,
        "map_at_3": 0.98567,
        "map_at_5": 0.98617,
        "map_at_10": 0.98639,
        "map_at_20": 0.98639,
        "map_at_100": 0.98643,
        "map_at_1000": 0.98645,
        "recall_at_1": 0.98,
        "recall_at_3": 0.992,
        "recall_at_5": 0.994,
        "recall_at_10": 0.996,
        "recall_at_20": 0.996,
        "recall_at_100": 0.998,
        "recall_at_1000": 1.0,
        "accuracy": 0.98,
        "precision_at_1": 0.98,
        "precision_at_3": 0.33067,
        "precision_at_5": 0.1988,
        "precision_at_10": 0.0996,
        "precision_at_20": 0.0498,
        "precision_at_100": 0.00998,
        "precision_at_1000": 0.001,
        "mrr_at_1": 0.98,
        "mrr_at_3": 0.985667,
        "mrr_at_5": 0.986167,
        "mrr_at_10": 0.986389,
        "mrr_at_20": 0.986389,
        "mrr_at_100": 0.98643,
        "mrr_at_1000": 0.986446,
        "nauc_ndcg_at_1_max": 0.922736,
        "nauc_ndcg_at_1_std": 0.405696,
        "nauc_ndcg_at_1_diff1": 0.973856,
        "nauc_ndcg_at_3_max": 0.95506,
        "nauc_ndcg_at_3_std": 0.524864,
        "nauc_ndcg_at_3_diff1": 0.958799,
        "nauc_ndcg_at_5_max": 0.951788,
        "nauc_ndcg_at_5_std": 0.490267,
        "nauc_ndcg_at_5_diff1": 0.965317,
        "nauc_ndcg_at_10_max": 0.949202,
        "nauc_ndcg_at_10_std": 0.462933,
        "nauc_ndcg_at_10_diff1": 0.963457,
        "nauc_ndcg_at_20_max": 0.949202,
        "nauc_ndcg_at_20_std": 0.462933,
        "nauc_ndcg_at_20_diff1": 0.963457,
        "nauc_ndcg_at_100_max": 0.947547,
        "nauc_ndcg_at_100_std": 0.483605,
        "nauc_ndcg_at_100_diff1": 0.966526,
        "nauc_ndcg_at_1000_max": 0.946114,
        "nauc_ndcg_at_1000_std": 0.473071,
        "nauc_ndcg_at_1000_diff1": 0.965612,
        "nauc_map_at_1_max": 0.922736,
        "nauc_map_at_1_std": 0.405696,
        "nauc_map_at_1_diff1": 0.973856,
        "nauc_map_at_3_max": 0.946095,
        "nauc_map_at_3_std": 0.494528,
        "nauc_map_at_3_diff1": 0.96352,
        "nauc_map_at_5_max": 0.944146,
        "nauc_map_at_5_std": 0.476258,
        "nauc_map_at_5_diff1": 0.966927,
        "nauc_map_at_10_max": 0.943234,
        "nauc_map_at_10_std": 0.467707,
        "nauc_map_at_10_diff1": 0.966387,
        "nauc_map_at_20_max": 0.943234,
        "nauc_map_at_20_std": 0.467707,
        "nauc_map_at_20_diff1": 0.966387,
        "nauc_map_at_100_max": 0.943064,
        "nauc_map_at_100_std": 0.469629,
        "nauc_map_at_100_diff1": 0.966679,
        "nauc_map_at_1000_max": 0.942994,
        "nauc_map_at_1000_std": 0.469138,
        "nauc_map_at_1000_diff1": 0.966638,
        "nauc_recall_at_1_max": 0.922736,
        "nauc_recall_at_1_std": 0.405696,
        "nauc_recall_at_1_diff1": 0.973856,
        "nauc_recall_at_3_max": 1.0,
        "nauc_recall_at_3_std": 0.674486,
        "nauc_recall_at_3_diff1": 0.934641,
        "nauc_recall_at_5_max": 1.0,
        "nauc_recall_at_5_std": 0.565982,
        "nauc_recall_at_5_diff1": 0.956427,
        "nauc_recall_at_10_max": 1.0,
        "nauc_recall_at_10_std": 0.348973,
        "nauc_recall_at_10_diff1": 0.934641,
        "nauc_recall_at_20_max": 1.0,
        "nauc_recall_at_20_std": 0.348973,
        "nauc_recall_at_20_diff1": 0.934641,
        "nauc_recall_at_100_max": 1.0,
        "nauc_recall_at_100_std": 0.869281,
        "nauc_recall_at_100_diff1": 1.0,
        "nauc_recall_at_1000_max": NaN,
        "nauc_recall_at_1000_std": NaN,
        "nauc_recall_at_1000_diff1": NaN,
        "nauc_precision_at_1_max": 0.922736,
        "nauc_precision_at_1_std": 0.405696,
        "nauc_precision_at_1_diff1": 0.973856,
        "nauc_precision_at_3_max": 1.0,
        "nauc_precision_at_3_std": 0.674486,
        "nauc_precision_at_3_diff1": 0.934641,
        "nauc_precision_at_5_max": 1.0,
        "nauc_precision_at_5_std": 0.565982,
        "nauc_precision_at_5_diff1": 0.956427,
        "nauc_precision_at_10_max": 1.0,
        "nauc_precision_at_10_std": 0.348973,
        "nauc_precision_at_10_diff1": 0.934641,
        "nauc_precision_at_20_max": 1.0,
        "nauc_precision_at_20_std": 0.348973,
        "nauc_precision_at_20_diff1": 0.934641,
        "nauc_precision_at_100_max": 1.0,
        "nauc_precision_at_100_std": 0.869281,
        "nauc_precision_at_100_diff1": 1.0,
        "nauc_precision_at_1000_max": 1.0,
        "nauc_precision_at_1000_std": 1.0,
        "nauc_precision_at_1000_diff1": 1.0,
        "nauc_mrr_at_1_max": 0.922736,
        "nauc_mrr_at_1_std": 0.405696,
        "nauc_mrr_at_1_diff1": 0.973856,
        "nauc_mrr_at_3_max": 0.946095,
        "nauc_mrr_at_3_std": 0.494528,
        "nauc_mrr_at_3_diff1": 0.96352,
        "nauc_mrr_at_5_max": 0.944146,
        "nauc_mrr_at_5_std": 0.476258,
        "nauc_mrr_at_5_diff1": 0.966927,
        "nauc_mrr_at_10_max": 0.943234,
        "nauc_mrr_at_10_std": 0.467707,
        "nauc_mrr_at_10_diff1": 0.966387,
        "nauc_mrr_at_20_max": 0.943234,
        "nauc_mrr_at_20_std": 0.467707,
        "nauc_mrr_at_20_diff1": 0.966387,
        "nauc_mrr_at_100_max": 0.943064,
        "nauc_mrr_at_100_std": 0.469629,
        "nauc_mrr_at_100_diff1": 0.966679,
        "nauc_mrr_at_1000_max": 0.942994,
        "nauc_mrr_at_1000_std": 0.469138,
        "nauc_mrr_at_1000_diff1": 0.966638,
        "hit_rate_at_1": 0.98,
        "hit_rate_at_3": 0.992,
        "hit_rate_at_5": 0.994,
        "hit_rate_at_10": 0.996,
        "hit_rate_at_20": 0.996,
        "hit_rate_at_100": 0.998,
        "hit_rate_at_1000": 1.0,
        "main_score": 0.98877,
        "hf_subset": "default",
        "languages": [
          "eng-Latn"
        ]
      }
    ]
  },
  "evaluation_time": 71.85556101799011,
  "kg_co2_emissions": null,
  "date": null
}