{
  "dataset_revision": "ea824f8065fa62e2e770a8a201c20b03abf87540",
  "task_name": "BIRCO-WTB",
  "mteb_version": "2.12.20",
  "scores": {
    "test": [
      {
        "ndcg_at_1": 0.23,
        "ndcg_at_3": 0.28286,
        "ndcg_at_5": 0.30395,
        "ndcg_at_10": 0.3308,
        "ndcg_at_20": 0.35877,
        "ndcg_at_100": 0.38658,
        "ndcg_at_1000": 0.42155,
        "map_at_1": 0.23,
        "map_at_3": 0.27,
        "map_at_5": 0.282,
        "map_at_10": 0.29365,
        "map_at_20": 0.30139,
        "map_at_100": 0.30518,
        "map_at_1000": 0.30624,
        "recall_at_1": 0.23,
        "recall_at_3": 0.32,
        "recall_at_5": 0.37,
        "recall_at_10": 0.45,
        "recall_at_20": 0.56,
        "recall_at_100": 0.71,
        "recall_at_1000": 1.0,
        "accuracy": 0.23,
        "precision_at_1": 0.23,
        "precision_at_3": 0.10667,
        "precision_at_5": 0.074,
        "precision_at_10": 0.045,
        "precision_at_20": 0.028,
        "precision_at_100": 0.0071,
        "precision_at_1000": 0.001,
        "mrr_at_1": 0.23,
        "mrr_at_3": 0.27,
        "mrr_at_5": 0.282,
        "mrr_at_10": 0.293647,
        "mrr_at_20": 0.301387,
        "mrr_at_100": 0.305175,
        "mrr_at_1000": 0.30624,
        "nauc_ndcg_at_1_max": 0.55324,
        "nauc_ndcg_at_1_std": 0.209683,
        "nauc_ndcg_at_1_diff1": 0.639496,
        "nauc_ndcg_at_3_max": 0.415342,
        "nauc_ndcg_at_3_std": 0.132049,
        "nauc_ndcg_at_3_diff1": 0.591933,
        "nauc_ndcg_at_5_max": 0.403401,
        "nauc_ndcg_at_5_std": 0.120155,
        "nauc_ndcg_at_5_diff1": 0.581058,
        "nauc_ndcg_at_10_max": 0.387861,
        "nauc_ndcg_at_10_std": 0.141549,
        "nauc_ndcg_at_10_diff1": 0.543383,
        "nauc_ndcg_at_20_max": 0.384203,
        "nauc_ndcg_at_20_std": 0.138035,
        "nauc_ndcg_at_20_diff1": 0.528379,
        "nauc_ndcg_at_100_max": 0.389642,
        "nauc_ndcg_at_100_std": 0.164504,
        "nauc_ndcg_at_100_diff1": 0.520893,
        "nauc_ndcg_at_1000_max": 0.404949,
        "nauc_ndcg_at_1000_std": 0.15908,
        "nauc_ndcg_at_1000_diff1": 0.54516,
        "nauc_map_at_1_max": 0.55324,
        "nauc_map_at_1_std": 0.209683,
        "nauc_map_at_1_diff1": 0.639496,
        "nauc_map_at_3_max": 0.44609,
        "nauc_map_at_3_std": 0.150398,
        "nauc_map_at_3_diff1": 0.604935,
        "nauc_map_at_5_max": 0.438952,
        "nauc_map_at_5_std": 0.143889,
        "nauc_map_at_5_diff1": 0.598051,
        "nauc_map_at_10_max": 0.432253,
        "nauc_map_at_10_std": 0.153098,
        "nauc_map_at_10_diff1": 0.581284,
        "nauc_map_at_20_max": 0.431145,
        "nauc_map_at_20_std": 0.151407,
        "nauc_map_at_20_diff1": 0.577163,
        "nauc_map_at_100_max": 0.432254,
        "nauc_map_at_100_std": 0.156674,
        "nauc_map_at_100_diff1": 0.576296,
        "nauc_map_at_1000_max": 0.432513,
        "nauc_map_at_1000_std": 0.156835,
        "nauc_map_at_1000_diff1": 0.576731,
        "nauc_recall_at_1_max": 0.55324,
        "nauc_recall_at_1_std": 0.209683,
        "nauc_recall_at_1_diff1": 0.639496,
        "nauc_recall_at_3_max": 0.332629,
        "nauc_recall_at_3_std": 0.082281,
        "nauc_recall_at_3_diff1": 0.556018,
        "nauc_recall_at_5_max": 0.308035,
        "nauc_recall_at_5_std": 0.055015,
        "nauc_recall_at_5_diff1": 0.534494,
        "nauc_recall_at_10_max": 0.263341,
        "nauc_recall_at_10_std": 0.116166,
        "nauc_recall_at_10_diff1": 0.429032,
        "nauc_recall_at_20_max": 0.240702,
        "nauc_recall_at_20_std": 0.105794,
        "nauc_recall_at_20_diff1": 0.361288,
        "nauc_recall_at_100_max": 0.230806,
        "nauc_recall_at_100_std": 0.243278,
        "nauc_recall_at_100_diff1": 0.263699,
        "nauc_recall_at_1000_max": NaN,
        "nauc_recall_at_1000_std": NaN,
        "nauc_recall_at_1000_diff1": NaN,
        "nauc_precision_at_1_max": 0.55324,
        "nauc_precision_at_1_std": 0.209683,
        "nauc_precision_at_1_diff1": 0.639496,
        "nauc_precision_at_3_max": 0.332629,
        "nauc_precision_at_3_std": 0.082281,
        "nauc_precision_at_3_diff1": 0.556018,
        "nauc_precision_at_5_max": 0.308035,
        "nauc_precision_at_5_std": 0.055015,
        "nauc_precision_at_5_diff1": 0.534494,
        "nauc_precision_at_10_max": 0.263341,
        "nauc_precision_at_10_std": 0.116166,
        "nauc_precision_at_10_diff1": 0.429032,
        "nauc_precision_at_20_max": 0.240702,
        "nauc_precision_at_20_std": 0.105794,
        "nauc_precision_at_20_diff1": 0.361288,
        "nauc_precision_at_100_max": 0.230806,
        "nauc_precision_at_100_std": 0.243278,
        "nauc_precision_at_100_diff1": 0.263699,
        "nauc_precision_at_1000_max": NaN,
        "nauc_precision_at_1000_std": NaN,
        "nauc_precision_at_1000_diff1": NaN,
        "nauc_mrr_at_1_max": 0.55324,
        "nauc_mrr_at_1_std": 0.209683,
        "nauc_mrr_at_1_diff1": 0.639496,
        "nauc_mrr_at_3_max": 0.44609,
        "nauc_mrr_at_3_std": 0.150398,
        "nauc_mrr_at_3_diff1": 0.604935,
        "nauc_mrr_at_5_max": 0.438952,
        "nauc_mrr_at_5_std": 0.143889,
        "nauc_mrr_at_5_diff1": 0.598051,
        "nauc_mrr_at_10_max": 0.432253,
        "nauc_mrr_at_10_std": 0.153098,
        "nauc_mrr_at_10_diff1": 0.581284,
        "nauc_mrr_at_20_max": 0.431145,
        "nauc_mrr_at_20_std": 0.151407,
        "nauc_mrr_at_20_diff1": 0.577163,
        "nauc_mrr_at_100_max": 0.432254,
        "nauc_mrr_at_100_std": 0.156674,
        "nauc_mrr_at_100_diff1": 0.576296,
        "nauc_mrr_at_1000_max": 0.432513,
        "nauc_mrr_at_1000_std": 0.156835,
        "nauc_mrr_at_1000_diff1": 0.576731,
        "hit_rate_at_1": 0.23,
        "hit_rate_at_3": 0.32,
        "hit_rate_at_5": 0.37,
        "hit_rate_at_10": 0.45,
        "hit_rate_at_20": 0.56,
        "hit_rate_at_100": 0.71,
        "hit_rate_at_1000": 1.0,
        "main_score": 0.3308,
        "hf_subset": "default",
        "languages": [
          "eng-Latn"
        ]
      }
    ]
  },
  "evaluation_time": 49.07483625411987,
  "kg_co2_emissions": null,
  "date": null
}