{
  "dataset_revision": "ef7b3a7f08dd2f0f7bdf0cf23391f8a1a26ad477",
  "task_name": "BIRCO-ClinicalTrial",
  "mteb_version": "2.12.20",
  "scores": {
    "test": [
      {
        "ndcg_at_1": 0.24,
        "ndcg_at_3": 0.19622,
        "ndcg_at_5": 0.19709,
        "ndcg_at_10": 0.20061,
        "ndcg_at_20": 0.22485,
        "ndcg_at_100": 0.33465,
        "ndcg_at_1000": 0.46212,
        "map_at_1": 0.01951,
        "map_at_3": 0.0427,
        "map_at_5": 0.05469,
        "map_at_10": 0.07383,
        "map_at_20": 0.09926,
        "map_at_100": 0.15085,
        "map_at_1000": 0.17459,
        "recall_at_1": 0.01951,
        "recall_at_3": 0.05287,
        "recall_at_5": 0.07676,
        "recall_at_10": 0.13057,
        "recall_at_20": 0.21224,
        "recall_at_100": 0.49641,
        "recall_at_1000": 0.91178,
        "accuracy": 0.01951,
        "precision_at_1": 0.28,
        "precision_at_3": 0.23333,
        "precision_at_5": 0.232,
        "precision_at_10": 0.202,
        "precision_at_20": 0.176,
        "precision_at_100": 0.0928,
        "precision_at_1000": 0.01878,
        "mrr_at_1": 0.28,
        "mrr_at_3": 0.363333,
        "mrr_at_5": 0.391333,
        "mrr_at_10": 0.418714,
        "mrr_at_20": 0.422305,
        "mrr_at_100": 0.4265,
        "mrr_at_1000": 0.4265,
        "nauc_ndcg_at_1_max": 0.101111,
        "nauc_ndcg_at_1_std": -0.006695,
        "nauc_ndcg_at_1_diff1": -0.12184,
        "nauc_ndcg_at_3_max": 0.23683,
        "nauc_ndcg_at_3_std": 0.134307,
        "nauc_ndcg_at_3_diff1": -0.060575,
        "nauc_ndcg_at_5_max": 0.267695,
        "nauc_ndcg_at_5_std": 0.220424,
        "nauc_ndcg_at_5_diff1": -0.033729,
        "nauc_ndcg_at_10_max": 0.248953,
        "nauc_ndcg_at_10_std": 0.216992,
        "nauc_ndcg_at_10_diff1": -0.020808,
        "nauc_ndcg_at_20_max": 0.348735,
        "nauc_ndcg_at_20_std": 0.315305,
        "nauc_ndcg_at_20_diff1": 0.033785,
        "nauc_ndcg_at_100_max": 0.410301,
        "nauc_ndcg_at_100_std": 0.477723,
        "nauc_ndcg_at_100_diff1": 0.060411,
        "nauc_ndcg_at_1000_max": 0.416638,
        "nauc_ndcg_at_1000_std": 0.433408,
        "nauc_ndcg_at_1000_diff1": 0.050005,
        "nauc_map_at_1_max": 0.087576,
        "nauc_map_at_1_std": 0.00794,
        "nauc_map_at_1_diff1": -0.153653,
        "nauc_map_at_3_max": 0.25522,
        "nauc_map_at_3_std": 0.137205,
        "nauc_map_at_3_diff1": -0.104804,
        "nauc_map_at_5_max": 0.276747,
        "nauc_map_at_5_std": 0.169419,
        "nauc_map_at_5_diff1": -0.073449,
        "nauc_map_at_10_max": 0.271043,
        "nauc_map_at_10_std": 0.197467,
        "nauc_map_at_10_diff1": -0.071001,
        "nauc_map_at_20_max": 0.347085,
        "nauc_map_at_20_std": 0.283974,
        "nauc_map_at_20_diff1": -0.015472,
        "nauc_map_at_100_max": 0.402982,
        "nauc_map_at_100_std": 0.424637,
        "nauc_map_at_100_diff1": 0.030584,
        "nauc_map_at_1000_max": 0.405397,
        "nauc_map_at_1000_std": 0.427494,
        "nauc_map_at_1000_diff1": 0.034728,
        "nauc_recall_at_1_max": 0.087576,
        "nauc_recall_at_1_std": 0.00794,
        "nauc_recall_at_1_diff1": -0.153653,
        "nauc_recall_at_3_max": 0.310249,
        "nauc_recall_at_3_std": 0.210608,
        "nauc_recall_at_3_diff1": -0.039105,
        "nauc_recall_at_5_max": 0.331998,
        "nauc_recall_at_5_std": 0.260553,
        "nauc_recall_at_5_diff1": 0.016325,
        "nauc_recall_at_10_max": 0.28826,
        "nauc_recall_at_10_std": 0.244254,
        "nauc_recall_at_10_diff1": 0.046236,
        "nauc_recall_at_20_max": 0.40763,
        "nauc_recall_at_20_std": 0.390096,
        "nauc_recall_at_20_diff1": 0.105634,
        "nauc_recall_at_100_max": 0.376766,
        "nauc_recall_at_100_std": 0.5307,
        "nauc_recall_at_100_diff1": 0.071213,
        "nauc_recall_at_1000_max": 0.367362,
        "nauc_recall_at_1000_std": 0.626811,
        "nauc_recall_at_1000_diff1": 0.154908,
        "nauc_precision_at_1_max": 0.03313,
        "nauc_precision_at_1_std": -0.063216,
        "nauc_precision_at_1_diff1": -0.109922,
        "nauc_precision_at_3_max": 0.304615,
        "nauc_precision_at_3_std": 0.244326,
        "nauc_precision_at_3_diff1": -0.014417,
        "nauc_precision_at_5_max": 0.330865,
        "nauc_precision_at_5_std": 0.35976,
        "nauc_precision_at_5_diff1": 0.025617,
        "nauc_precision_at_10_max": 0.257157,
        "nauc_precision_at_10_std": 0.368937,
        "nauc_precision_at_10_diff1": 0.042685,
        "nauc_precision_at_20_max": 0.363721,
        "nauc_precision_at_20_std": 0.455845,
        "nauc_precision_at_20_diff1": 0.087738,
        "nauc_precision_at_100_max": 0.252159,
        "nauc_precision_at_100_std": 0.435371,
        "nauc_precision_at_100_diff1": 0.073336,
        "nauc_precision_at_1000_max": 0.076582,
        "nauc_precision_at_1000_std": 0.091912,
        "nauc_precision_at_1000_diff1": 0.003145,
        "nauc_mrr_at_1_max": 0.03313,
        "nauc_mrr_at_1_std": -0.063216,
        "nauc_mrr_at_1_diff1": -0.109922,
        "nauc_mrr_at_3_max": 0.150978,
        "nauc_mrr_at_3_std": 0.05149,
        "nauc_mrr_at_3_diff1": -0.057112,
        "nauc_mrr_at_5_max": 0.158567,
        "nauc_mrr_at_5_std": 0.090571,
        "nauc_mrr_at_5_diff1": -0.0337,
        "nauc_mrr_at_10_max": 0.150743,
        "nauc_mrr_at_10_std": 0.063769,
        "nauc_mrr_at_10_diff1": -0.025289,
        "nauc_mrr_at_20_max": 0.14678,
        "nauc_mrr_at_20_std": 0.064804,
        "nauc_mrr_at_20_diff1": -0.033172,
        "nauc_mrr_at_100_max": 0.142569,
        "nauc_mrr_at_100_std": 0.059539,
        "nauc_mrr_at_100_diff1": -0.037219,
        "nauc_mrr_at_1000_max": 0.142569,
        "nauc_mrr_at_1000_std": 0.059539,
        "nauc_mrr_at_1000_diff1": -0.037219,
        "hit_rate_at_1": 0.28,
        "hit_rate_at_3": 0.48,
        "hit_rate_at_5": 0.6,
        "hit_rate_at_10": 0.78,
        "hit_rate_at_20": 0.84,
        "hit_rate_at_100": 1.0,
        "hit_rate_at_1000": 1.0,
        "main_score": 0.20061,
        "hf_subset": "default",
        "languages": [
          "eng-Latn"
        ]
      }
    ]
  },
  "evaluation_time": 90.1047854423523,
  "kg_co2_emissions": null,
  "date": null
}