{
  "dataset_revision": "5d958fb6b31055495347724d46431ba41309b03a",
  "task_name": "ChemNQRetrieval",
  "mteb_version": "2.12.20",
  "scores": {
    "test": [
      {
        "ndcg_at_1": 0.37037,
        "ndcg_at_3": 0.49091,
        "ndcg_at_5": 0.54337,
        "ndcg_at_10": 0.55451,
        "ndcg_at_20": 0.59548,
        "ndcg_at_100": 0.61535,
        "ndcg_at_1000": 0.61535,
        "map_at_1": 0.2963,
        "map_at_3": 0.42593,
        "map_at_5": 0.46852,
        "map_at_10": 0.47263,
        "map_at_20": 0.48726,
        "map_at_100": 0.48962,
        "map_at_1000": 0.48962,
        "recall_at_1": 0.2963,
        "recall_at_3": 0.60494,
        "recall_at_5": 0.71605,
        "recall_at_10": 0.75309,
        "recall_at_20": 0.88889,
        "recall_at_100": 1.0,
        "recall_at_1000": 1.0,
        "accuracy": 0.2963,
        "precision_at_1": 0.37037,
        "precision_at_3": 0.24691,
        "precision_at_5": 0.18519,
        "precision_at_10": 0.0963,
        "precision_at_20": 0.05926,
        "precision_at_100": 0.01296,
        "precision_at_1000": 0.0013,
        "mrr_at_1": 0.37037,
        "mrr_at_3": 0.506173,
        "mrr_at_5": 0.51358,
        "mrr_at_10": 0.517695,
        "mrr_at_20": 0.527235,
        "mrr_at_100": 0.529589,
        "mrr_at_1000": 0.529589,
        "nauc_ndcg_at_1_max": 0.238841,
        "nauc_ndcg_at_1_std": 0.04441,
        "nauc_ndcg_at_1_diff1": 0.230776,
        "nauc_ndcg_at_3_max": 0.139734,
        "nauc_ndcg_at_3_std": -0.002424,
        "nauc_ndcg_at_3_diff1": -0.032491,
        "nauc_ndcg_at_5_max": 0.226014,
        "nauc_ndcg_at_5_std": 0.016056,
        "nauc_ndcg_at_5_diff1": 0.107122,
        "nauc_ndcg_at_10_max": 0.193462,
        "nauc_ndcg_at_10_std": -0.022405,
        "nauc_ndcg_at_10_diff1": 0.157141,
        "nauc_ndcg_at_20_max": 0.290872,
        "nauc_ndcg_at_20_std": 0.062111,
        "nauc_ndcg_at_20_diff1": 0.117479,
        "nauc_ndcg_at_100_max": 0.247026,
        "nauc_ndcg_at_100_std": 0.056421,
        "nauc_ndcg_at_100_diff1": 0.087387,
        "nauc_ndcg_at_1000_max": 0.247026,
        "nauc_ndcg_at_1000_std": 0.056421,
        "nauc_ndcg_at_1000_diff1": 0.087387,
        "nauc_map_at_1_max": 0.124849,
        "nauc_map_at_1_std": 0.074776,
        "nauc_map_at_1_diff1": -0.043561,
        "nauc_map_at_3_max": 0.121744,
        "nauc_map_at_3_std": 0.03334,
        "nauc_map_at_3_diff1": -0.092837,
        "nauc_map_at_5_max": 0.196077,
        "nauc_map_at_5_std": 0.053525,
        "nauc_map_at_5_diff1": 0.030471,
        "nauc_map_at_10_max": 0.184541,
        "nauc_map_at_10_std": 0.040603,
        "nauc_map_at_10_diff1": 0.047004,
        "nauc_map_at_20_max": 0.210996,
        "nauc_map_at_20_std": 0.066143,
        "nauc_map_at_20_diff1": 0.029643,
        "nauc_map_at_100_max": 0.206125,
        "nauc_map_at_100_std": 0.065502,
        "nauc_map_at_100_diff1": 0.026021,
        "nauc_map_at_1000_max": 0.206125,
        "nauc_map_at_1000_std": 0.065502,
        "nauc_map_at_1000_diff1": 0.026021,
        "nauc_recall_at_1_max": 0.124849,
        "nauc_recall_at_1_std": 0.074776,
        "nauc_recall_at_1_diff1": -0.043561,
        "nauc_recall_at_3_max": 0.051517,
        "nauc_recall_at_3_std": -0.099749,
        "nauc_recall_at_3_diff1": -0.090632,
        "nauc_recall_at_5_max": 0.256001,
        "nauc_recall_at_5_std": -0.087972,
        "nauc_recall_at_5_diff1": 0.214474,
        "nauc_recall_at_10_max": 0.118839,
        "nauc_recall_at_10_std": -0.267012,
        "nauc_recall_at_10_diff1": 0.443913,
        "nauc_recall_at_20_max": 0.807909,
        "nauc_recall_at_20_std": 0.124045,
        "nauc_recall_at_20_diff1": 0.471782,
        "nauc_recall_at_100_max": NaN,
        "nauc_recall_at_100_std": NaN,
        "nauc_recall_at_100_diff1": NaN,
        "nauc_recall_at_1000_max": NaN,
        "nauc_recall_at_1000_std": NaN,
        "nauc_recall_at_1000_diff1": NaN,
        "nauc_precision_at_1_max": 0.238841,
        "nauc_precision_at_1_std": 0.04441,
        "nauc_precision_at_1_diff1": 0.230776,
        "nauc_precision_at_3_max": 0.20323,
        "nauc_precision_at_3_std": -0.016058,
        "nauc_precision_at_3_diff1": 0.217152,
        "nauc_precision_at_5_max": 0.321355,
        "nauc_precision_at_5_std": 0.031551,
        "nauc_precision_at_5_diff1": 0.458584,
        "nauc_precision_at_10_max": 0.2627,
        "nauc_precision_at_10_std": -0.043121,
        "nauc_precision_at_10_diff1": 0.576232,
        "nauc_precision_at_20_max": 0.435717,
        "nauc_precision_at_20_std": 0.196492,
        "nauc_precision_at_20_diff1": 0.358408,
        "nauc_precision_at_100_max": 0.329482,
        "nauc_precision_at_100_std": 0.21717,
        "nauc_precision_at_100_diff1": 0.326048,
        "nauc_precision_at_1000_max": 0.329482,
        "nauc_precision_at_1000_std": 0.21717,
        "nauc_precision_at_1000_diff1": 0.326048,
        "nauc_mrr_at_1_max": 0.238841,
        "nauc_mrr_at_1_std": 0.04441,
        "nauc_mrr_at_1_diff1": 0.230776,
        "nauc_mrr_at_3_max": 0.245733,
        "nauc_mrr_at_3_std": 0.002365,
        "nauc_mrr_at_3_diff1": 0.174768,
        "nauc_mrr_at_5_max": 0.247242,
        "nauc_mrr_at_5_std": -0.000242,
        "nauc_mrr_at_5_diff1": 0.175077,
        "nauc_mrr_at_10_max": 0.236474,
        "nauc_mrr_at_10_std": -0.013358,
        "nauc_mrr_at_10_diff1": 0.192577,
        "nauc_mrr_at_20_max": 0.263329,
        "nauc_mrr_at_20_std": 0.01005,
        "nauc_mrr_at_20_diff1": 0.186644,
        "nauc_mrr_at_100_max": 0.259038,
        "nauc_mrr_at_100_std": 0.008998,
        "nauc_mrr_at_100_diff1": 0.184368,
        "nauc_mrr_at_1000_max": 0.259038,
        "nauc_mrr_at_1000_std": 0.008998,
        "nauc_mrr_at_1000_diff1": 0.184368,
        "hit_rate_at_1": 0.37037,
        "hit_rate_at_3": 0.7037,
        "hit_rate_at_5": 0.74074,
        "hit_rate_at_10": 0.77778,
        "hit_rate_at_20": 0.88889,
        "hit_rate_at_100": 1.0,
        "hit_rate_at_1000": 1.0,
        "main_score": 0.55451,
        "hf_subset": "default",
        "languages": [
          "eng-Latn"
        ]
      }
    ]
  },
  "evaluation_time": 689.301705121994,
  "kg_co2_emissions": null,
  "date": null
}