{
  "dataset_revision": "1b48911514c80bf9182222d99752ad75e23b4b47",
  "task_name": "R2MEDMedicalSciencesRetrieval",
  "mteb_version": "2.12.20",
  "scores": {
    "test": [
      {
        "ndcg_at_1": 0.11364,
        "ndcg_at_3": 0.21079,
        "ndcg_at_5": 0.24635,
        "ndcg_at_10": 0.31299,
        "ndcg_at_20": 0.3577,
        "ndcg_at_100": 0.41004,
        "ndcg_at_1000": 0.43531,
        "map_at_1": 0.06886,
        "map_at_3": 0.15839,
        "map_at_5": 0.18377,
        "map_at_10": 0.22049,
        "map_at_20": 0.23664,
        "map_at_100": 0.24866,
        "map_at_1000": 0.25062,
        "recall_at_1": 0.06886,
        "recall_at_3": 0.24682,
        "recall_at_5": 0.32374,
        "recall_at_10": 0.48858,
        "recall_at_20": 0.62381,
        "recall_at_100": 0.82719,
        "recall_at_1000": 0.95758,
        "accuracy": 0.06886,
        "precision_at_1": 0.11364,
        "precision_at_3": 0.1553,
        "precision_at_5": 0.13636,
        "precision_at_10": 0.11136,
        "precision_at_20": 0.07443,
        "precision_at_100": 0.02136,
        "precision_at_1000": 0.00266,
        "mrr_at_1": 0.113636,
        "mrr_at_3": 0.232955,
        "mrr_at_5": 0.259659,
        "mrr_at_10": 0.284244,
        "mrr_at_20": 0.293059,
        "mrr_at_100": 0.296115,
        "mrr_at_1000": 0.296294,
        "nauc_ndcg_at_1_max": 0.433668,
        "nauc_ndcg_at_1_std": -0.012299,
        "nauc_ndcg_at_1_diff1": 0.040937,
        "nauc_ndcg_at_3_max": 0.366559,
        "nauc_ndcg_at_3_std": 0.002375,
        "nauc_ndcg_at_3_diff1": -0.035242,
        "nauc_ndcg_at_5_max": 0.343848,
        "nauc_ndcg_at_5_std": -0.043093,
        "nauc_ndcg_at_5_diff1": 0.021124,
        "nauc_ndcg_at_10_max": 0.379549,
        "nauc_ndcg_at_10_std": -0.052851,
        "nauc_ndcg_at_10_diff1": 0.042902,
        "nauc_ndcg_at_20_max": 0.384354,
        "nauc_ndcg_at_20_std": -0.025074,
        "nauc_ndcg_at_20_diff1": 0.050612,
        "nauc_ndcg_at_100_max": 0.375201,
        "nauc_ndcg_at_100_std": 0.006608,
        "nauc_ndcg_at_100_diff1": 0.03795,
        "nauc_ndcg_at_1000_max": 0.381562,
        "nauc_ndcg_at_1000_std": 0.007525,
        "nauc_ndcg_at_1000_diff1": 0.028572,
        "nauc_map_at_1_max": 0.280111,
        "nauc_map_at_1_std": -0.09515,
        "nauc_map_at_1_diff1": 0.107595,
        "nauc_map_at_3_max": 0.332301,
        "nauc_map_at_3_std": -0.02833,
        "nauc_map_at_3_diff1": -0.003291,
        "nauc_map_at_5_max": 0.320516,
        "nauc_map_at_5_std": -0.056545,
        "nauc_map_at_5_diff1": 0.012581,
        "nauc_map_at_10_max": 0.348655,
        "nauc_map_at_10_std": -0.049007,
        "nauc_map_at_10_diff1": 0.023888,
        "nauc_map_at_20_max": 0.355361,
        "nauc_map_at_20_std": -0.039838,
        "nauc_map_at_20_diff1": 0.022198,
        "nauc_map_at_100_max": 0.359744,
        "nauc_map_at_100_std": -0.029767,
        "nauc_map_at_100_diff1": 0.022558,
        "nauc_map_at_1000_max": 0.360094,
        "nauc_map_at_1000_std": -0.028781,
        "nauc_map_at_1000_diff1": 0.022376,
        "nauc_recall_at_1_max": 0.280111,
        "nauc_recall_at_1_std": -0.09515,
        "nauc_recall_at_1_diff1": 0.107595,
        "nauc_recall_at_3_max": 0.310019,
        "nauc_recall_at_3_std": -0.0071,
        "nauc_recall_at_3_diff1": -0.042214,
        "nauc_recall_at_5_max": 0.281543,
        "nauc_recall_at_5_std": -0.071447,
        "nauc_recall_at_5_diff1": 0.042862,
        "nauc_recall_at_10_max": 0.354271,
        "nauc_recall_at_10_std": -0.12318,
        "nauc_recall_at_10_diff1": 0.106299,
        "nauc_recall_at_20_max": 0.324531,
        "nauc_recall_at_20_std": -0.067924,
        "nauc_recall_at_20_diff1": 0.139942,
        "nauc_recall_at_100_max": 0.17393,
        "nauc_recall_at_100_std": 0.014739,
        "nauc_recall_at_100_diff1": 0.083065,
        "nauc_recall_at_1000_max": -0.059362,
        "nauc_recall_at_1000_std": -0.084134,
        "nauc_recall_at_1000_diff1": 0.000412,
        "nauc_precision_at_1_max": 0.433668,
        "nauc_precision_at_1_std": -0.012299,
        "nauc_precision_at_1_diff1": 0.040937,
        "nauc_precision_at_3_max": 0.455882,
        "nauc_precision_at_3_std": 0.104821,
        "nauc_precision_at_3_diff1": -0.057946,
        "nauc_precision_at_5_max": 0.372587,
        "nauc_precision_at_5_std": 0.024357,
        "nauc_precision_at_5_diff1": 0.010568,
        "nauc_precision_at_10_max": 0.343556,
        "nauc_precision_at_10_std": 0.061101,
        "nauc_precision_at_10_diff1": -0.017995,
        "nauc_precision_at_20_max": 0.316486,
        "nauc_precision_at_20_std": 0.118281,
        "nauc_precision_at_20_diff1": -0.008597,
        "nauc_precision_at_100_max": 0.192926,
        "nauc_precision_at_100_std": 0.191915,
        "nauc_precision_at_100_diff1": -0.015325,
        "nauc_precision_at_1000_max": 0.096376,
        "nauc_precision_at_1000_std": 0.16267,
        "nauc_precision_at_1000_diff1": -0.051827,
        "nauc_mrr_at_1_max": 0.433668,
        "nauc_mrr_at_1_std": -0.012299,
        "nauc_mrr_at_1_diff1": 0.040937,
        "nauc_mrr_at_3_max": 0.41868,
        "nauc_mrr_at_3_std": 0.02216,
        "nauc_mrr_at_3_diff1": -0.029832,
        "nauc_mrr_at_5_max": 0.414205,
        "nauc_mrr_at_5_std": -0.004655,
        "nauc_mrr_at_5_diff1": 0.037593,
        "nauc_mrr_at_10_max": 0.422869,
        "nauc_mrr_at_10_std": -0.011001,
        "nauc_mrr_at_10_diff1": 0.024627,
        "nauc_mrr_at_20_max": 0.420876,
        "nauc_mrr_at_20_std": -0.003094,
        "nauc_mrr_at_20_diff1": 0.027415,
        "nauc_mrr_at_100_max": 0.417706,
        "nauc_mrr_at_100_std": -0.004087,
        "nauc_mrr_at_100_diff1": 0.023754,
        "nauc_mrr_at_1000_max": 0.417974,
        "nauc_mrr_at_1000_std": -0.004238,
        "nauc_mrr_at_1000_diff1": 0.024048,
        "hit_rate_at_1": 0.11364,
        "hit_rate_at_3": 0.38636,
        "hit_rate_at_5": 0.5,
        "hit_rate_at_10": 0.67045,
        "hit_rate_at_20": 0.80682,
        "hit_rate_at_100": 0.93182,
        "hit_rate_at_1000": 0.97727,
        "main_score": 0.31299,
        "hf_subset": "default",
        "languages": [
          "eng-Latn"
        ]
      }
    ]
  },
  "evaluation_time": 1259.6126124858856,
  "kg_co2_emissions": null,
  "date": null
}