{
  "dataset_revision": "6021fce366892cbfd7837fa85a4128ea93315e18",
  "task_name": "R2MEDBioinformaticsRetrieval",
  "mteb_version": "2.12.20",
  "scores": {
    "test": [
      {
        "ndcg_at_1": 0.15584,
        "ndcg_at_3": 0.19614,
        "ndcg_at_5": 0.23093,
        "ndcg_at_10": 0.26505,
        "ndcg_at_20": 0.29968,
        "ndcg_at_100": 0.35332,
        "ndcg_at_1000": 0.40178,
        "map_at_1": 0.08279,
        "map_at_3": 0.13277,
        "map_at_5": 0.16395,
        "map_at_10": 0.1839,
        "map_at_20": 0.19708,
        "map_at_100": 0.20919,
        "map_at_1000": 0.21277,
        "recall_at_1": 0.08279,
        "recall_at_3": 0.19593,
        "recall_at_5": 0.28457,
        "recall_at_10": 0.38092,
        "recall_at_20": 0.47195,
        "recall_at_100": 0.67871,
        "recall_at_1000": 0.95516,
        "accuracy": 0.08279,
        "precision_at_1": 0.15584,
        "precision_at_3": 0.14286,
        "precision_at_5": 0.13247,
        "precision_at_10": 0.09221,
        "precision_at_20": 0.06299,
        "precision_at_100": 0.01961,
        "precision_at_1000": 0.00284,
        "mrr_at_1": 0.155844,
        "mrr_at_3": 0.25974,
        "mrr_at_5": 0.283117,
        "mrr_at_10": 0.29062,
        "mrr_at_20": 0.298563,
        "mrr_at_100": 0.301795,
        "mrr_at_1000": 0.302642,
        "nauc_ndcg_at_1_max": 0.035832,
        "nauc_ndcg_at_1_std": -0.031374,
        "nauc_ndcg_at_1_diff1": 0.2364,
        "nauc_ndcg_at_3_max": 0.067893,
        "nauc_ndcg_at_3_std": -0.039818,
        "nauc_ndcg_at_3_diff1": 0.192821,
        "nauc_ndcg_at_5_max": 0.197408,
        "nauc_ndcg_at_5_std": -0.028685,
        "nauc_ndcg_at_5_diff1": 0.209053,
        "nauc_ndcg_at_10_max": 0.259459,
        "nauc_ndcg_at_10_std": 0.048361,
        "nauc_ndcg_at_10_diff1": 0.229338,
        "nauc_ndcg_at_20_max": 0.278038,
        "nauc_ndcg_at_20_std": 0.065188,
        "nauc_ndcg_at_20_diff1": 0.217903,
        "nauc_ndcg_at_100_max": 0.283733,
        "nauc_ndcg_at_100_std": 0.083798,
        "nauc_ndcg_at_100_diff1": 0.220161,
        "nauc_ndcg_at_1000_max": 0.252085,
        "nauc_ndcg_at_1000_std": 0.092841,
        "nauc_ndcg_at_1000_diff1": 0.20571,
        "nauc_map_at_1_max": 0.147411,
        "nauc_map_at_1_std": 0.162525,
        "nauc_map_at_1_diff1": 0.326101,
        "nauc_map_at_3_max": 0.096498,
        "nauc_map_at_3_std": 0.006862,
        "nauc_map_at_3_diff1": 0.257066,
        "nauc_map_at_5_max": 0.194138,
        "nauc_map_at_5_std": -0.004437,
        "nauc_map_at_5_diff1": 0.260303,
        "nauc_map_at_10_max": 0.235802,
        "nauc_map_at_10_std": 0.047858,
        "nauc_map_at_10_diff1": 0.256388,
        "nauc_map_at_20_max": 0.243571,
        "nauc_map_at_20_std": 0.057404,
        "nauc_map_at_20_diff1": 0.244565,
        "nauc_map_at_100_max": 0.249555,
        "nauc_map_at_100_std": 0.064306,
        "nauc_map_at_100_diff1": 0.244676,
        "nauc_map_at_1000_max": 0.246878,
        "nauc_map_at_1000_std": 0.066691,
        "nauc_map_at_1000_diff1": 0.242753,
        "nauc_recall_at_1_max": 0.147411,
        "nauc_recall_at_1_std": 0.162525,
        "nauc_recall_at_1_diff1": 0.326101,
        "nauc_recall_at_3_max": 0.060794,
        "nauc_recall_at_3_std": -0.091196,
        "nauc_recall_at_3_diff1": 0.19113,
        "nauc_recall_at_5_max": 0.256609,
        "nauc_recall_at_5_std": -0.079921,
        "nauc_recall_at_5_diff1": 0.188402,
        "nauc_recall_at_10_max": 0.349058,
        "nauc_recall_at_10_std": 0.05907,
        "nauc_recall_at_10_diff1": 0.241356,
        "nauc_recall_at_20_max": 0.381573,
        "nauc_recall_at_20_std": 0.079232,
        "nauc_recall_at_20_diff1": 0.218975,
        "nauc_recall_at_100_max": 0.388249,
        "nauc_recall_at_100_std": 0.111954,
        "nauc_recall_at_100_diff1": 0.259795,
        "nauc_recall_at_1000_max": 0.227753,
        "nauc_recall_at_1000_std": 0.192004,
        "nauc_recall_at_1000_diff1": 0.157422,
        "nauc_precision_at_1_max": 0.035832,
        "nauc_precision_at_1_std": -0.031374,
        "nauc_precision_at_1_diff1": 0.2364,
        "nauc_precision_at_3_max": 0.050667,
        "nauc_precision_at_3_std": -0.081282,
        "nauc_precision_at_3_diff1": 0.077669,
        "nauc_precision_at_5_max": 0.21389,
        "nauc_precision_at_5_std": -0.037363,
        "nauc_precision_at_5_diff1": 0.049129,
        "nauc_precision_at_10_max": 0.270904,
        "nauc_precision_at_10_std": 0.130157,
        "nauc_precision_at_10_diff1": 0.046939,
        "nauc_precision_at_20_max": 0.281057,
        "nauc_precision_at_20_std": 0.16058,
        "nauc_precision_at_20_diff1": 0.027251,
        "nauc_precision_at_100_max": 0.181307,
        "nauc_precision_at_100_std": 0.19156,
        "nauc_precision_at_100_diff1": -0.058216,
        "nauc_precision_at_1000_max": 0.043211,
        "nauc_precision_at_1000_std": 0.184279,
        "nauc_precision_at_1000_diff1": -0.076504,
        "nauc_mrr_at_1_max": 0.035832,
        "nauc_mrr_at_1_std": -0.031374,
        "nauc_mrr_at_1_diff1": 0.2364,
        "nauc_mrr_at_3_max": 0.060934,
        "nauc_mrr_at_3_std": -0.0409,
        "nauc_mrr_at_3_diff1": 0.17729,
        "nauc_mrr_at_5_max": 0.106592,
        "nauc_mrr_at_5_std": -0.014682,
        "nauc_mrr_at_5_diff1": 0.148018,
        "nauc_mrr_at_10_max": 0.112379,
        "nauc_mrr_at_10_std": -0.000129,
        "nauc_mrr_at_10_diff1": 0.159679,
        "nauc_mrr_at_20_max": 0.119232,
        "nauc_mrr_at_20_std": 0.005735,
        "nauc_mrr_at_20_diff1": 0.162802,
        "nauc_mrr_at_100_max": 0.115645,
        "nauc_mrr_at_100_std": 0.001786,
        "nauc_mrr_at_100_diff1": 0.162538,
        "nauc_mrr_at_1000_max": 0.114697,
        "nauc_mrr_at_1000_std": 0.00121,
        "nauc_mrr_at_1000_diff1": 0.162648,
        "hit_rate_at_1": 0.15584,
        "hit_rate_at_3": 0.4026,
        "hit_rate_at_5": 0.50649,
        "hit_rate_at_10": 0.57143,
        "hit_rate_at_20": 0.67532,
        "hit_rate_at_100": 0.81818,
        "hit_rate_at_1000": 0.98701,
        "main_score": 0.26505,
        "hf_subset": "default",
        "languages": [
          "eng-Latn"
        ]
      }
    ]
  },
  "evaluation_time": 2119.916047811508,
  "kg_co2_emissions": null,
  "date": null
}