{
  "dataset_revision": "local",
  "task_name": "MultiEupV2LV",
  "mteb_version": "2.12.30",
  "scores": {
    "test": [
      {
        "ndcg_at_1": 0.61039,
        "ndcg_at_3": 0.68543,
        "ndcg_at_5": 0.69546,
        "ndcg_at_10": 0.71478,
        "ndcg_at_20": 0.73134,
        "ndcg_at_100": 0.74854,
        "ndcg_at_1000": 0.75179,
        "map_at_1": 0.57056,
        "map_at_3": 0.65808,
        "map_at_5": 0.66539,
        "map_at_10": 0.67325,
        "map_at_20": 0.67842,
        "map_at_100": 0.68084,
        "map_at_1000": 0.68106,
        "recall_at_1": 0.57056,
        "recall_at_3": 0.74177,
        "recall_at_5": 0.76667,
        "recall_at_10": 0.82727,
        "recall_at_20": 0.88896,
        "recall_at_100": 0.97944,
        "recall_at_1000": 1.0,
        "accuracy": 0.57056,
        "precision_at_1": 0.61039,
        "precision_at_3": 0.27706,
        "precision_at_5": 0.17273,
        "precision_at_10": 0.09286,
        "precision_at_20": 0.04968,
        "precision_at_100": 0.0111,
        "precision_at_1000": 0.00114,
        "mrr_at_1": 0.61039,
        "mrr_at_3": 0.675325,
        "mrr_at_5": 0.681818,
        "mrr_at_10": 0.688958,
        "mrr_at_20": 0.693545,
        "mrr_at_100": 0.695581,
        "mrr_at_1000": 0.695679,
        "nauc_ndcg_at_1_max": 0.3724,
        "nauc_ndcg_at_1_std": -0.176414,
        "nauc_ndcg_at_1_diff1": 0.758704,
        "nauc_ndcg_at_3_max": 0.421334,
        "nauc_ndcg_at_3_std": -0.108355,
        "nauc_ndcg_at_3_diff1": 0.702815,
        "nauc_ndcg_at_5_max": 0.435289,
        "nauc_ndcg_at_5_std": -0.087584,
        "nauc_ndcg_at_5_diff1": 0.694975,
        "nauc_ndcg_at_10_max": 0.4072,
        "nauc_ndcg_at_10_std": -0.136021,
        "nauc_ndcg_at_10_diff1": 0.686227,
        "nauc_ndcg_at_20_max": 0.410187,
        "nauc_ndcg_at_20_std": -0.109991,
        "nauc_ndcg_at_20_diff1": 0.695207,
        "nauc_ndcg_at_100_max": 0.417511,
        "nauc_ndcg_at_100_std": -0.111126,
        "nauc_ndcg_at_100_diff1": 0.705815,
        "nauc_ndcg_at_1000_max": 0.411075,
        "nauc_ndcg_at_1000_std": -0.115824,
        "nauc_ndcg_at_1000_diff1": 0.70568,
        "nauc_map_at_1_max": 0.25575,
        "nauc_map_at_1_std": -0.243951,
        "nauc_map_at_1_diff1": 0.713529,
        "nauc_map_at_3_max": 0.381489,
        "nauc_map_at_3_std": -0.131527,
        "nauc_map_at_3_diff1": 0.706013,
        "nauc_map_at_5_max": 0.398302,
        "nauc_map_at_5_std": -0.116561,
        "nauc_map_at_5_diff1": 0.703461,
        "nauc_map_at_10_max": 0.387918,
        "nauc_map_at_10_std": -0.133211,
        "nauc_map_at_10_diff1": 0.70026,
        "nauc_map_at_20_max": 0.388502,
        "nauc_map_at_20_std": -0.125376,
        "nauc_map_at_20_diff1": 0.702253,
        "nauc_map_at_100_max": 0.390069,
        "nauc_map_at_100_std": -0.125129,
        "nauc_map_at_100_diff1": 0.704229,
        "nauc_map_at_1000_max": 0.389652,
        "nauc_map_at_1000_std": -0.125517,
        "nauc_map_at_1000_diff1": 0.704169,
        "nauc_recall_at_1_max": 0.25575,
        "nauc_recall_at_1_std": -0.243951,
        "nauc_recall_at_1_diff1": 0.713529,
        "nauc_recall_at_3_max": 0.458202,
        "nauc_recall_at_3_std": -0.066742,
        "nauc_recall_at_3_diff1": 0.644831,
        "nauc_recall_at_5_max": 0.526947,
        "nauc_recall_at_5_std": 0.005255,
        "nauc_recall_at_5_diff1": 0.638674,
        "nauc_recall_at_10_max": 0.414707,
        "nauc_recall_at_10_std": -0.200022,
        "nauc_recall_at_10_diff1": 0.574492,
        "nauc_recall_at_20_max": 0.439617,
        "nauc_recall_at_20_std": -0.040997,
        "nauc_recall_at_20_diff1": 0.596264,
        "nauc_recall_at_100_max": 0.747862,
        "nauc_recall_at_100_std": 0.116195,
        "nauc_recall_at_100_diff1": 0.60566,
        "nauc_recall_at_1000_max": NaN,
        "nauc_recall_at_1000_std": NaN,
        "nauc_recall_at_1000_diff1": NaN,
        "nauc_precision_at_1_max": 0.3724,
        "nauc_precision_at_1_std": -0.176414,
        "nauc_precision_at_1_diff1": 0.758704,
        "nauc_precision_at_3_max": 0.501278,
        "nauc_precision_at_3_std": 0.140531,
        "nauc_precision_at_3_diff1": 0.423448,
        "nauc_precision_at_5_max": 0.542549,
        "nauc_precision_at_5_std": 0.211231,
        "nauc_precision_at_5_diff1": 0.375077,
        "nauc_precision_at_10_max": 0.472419,
        "nauc_precision_at_10_std": 0.149837,
        "nauc_precision_at_10_diff1": 0.273252,
        "nauc_precision_at_20_max": 0.464424,
        "nauc_precision_at_20_std": 0.296885,
        "nauc_precision_at_20_diff1": 0.191793,
        "nauc_precision_at_100_max": 0.482878,
        "nauc_precision_at_100_std": 0.449067,
        "nauc_precision_at_100_diff1": -0.015074,
        "nauc_precision_at_1000_max": 0.33886,
        "nauc_precision_at_1000_std": 0.355713,
        "nauc_precision_at_1000_diff1": -0.095228,
        "nauc_mrr_at_1_max": 0.3724,
        "nauc_mrr_at_1_std": -0.176414,
        "nauc_mrr_at_1_diff1": 0.758704,
        "nauc_mrr_at_3_max": 0.421671,
        "nauc_mrr_at_3_std": -0.124173,
        "nauc_mrr_at_3_diff1": 0.722072,
        "nauc_mrr_at_5_max": 0.431616,
        "nauc_mrr_at_5_std": -0.108523,
        "nauc_mrr_at_5_diff1": 0.7211,
        "nauc_mrr_at_10_max": 0.419315,
        "nauc_mrr_at_10_std": -0.130178,
        "nauc_mrr_at_10_diff1": 0.718846,
        "nauc_mrr_at_20_max": 0.420562,
        "nauc_mrr_at_20_std": -0.124486,
        "nauc_mrr_at_20_diff1": 0.722289,
        "nauc_mrr_at_100_max": 0.420182,
        "nauc_mrr_at_100_std": -0.126083,
        "nauc_mrr_at_100_diff1": 0.723726,
        "nauc_mrr_at_1000_max": 0.420056,
        "nauc_mrr_at_1000_std": -0.125974,
        "nauc_mrr_at_1000_diff1": 0.723753,
        "hit_rate_at_1": 0.61039,
        "hit_rate_at_3": 0.75974,
        "hit_rate_at_5": 0.78571,
        "hit_rate_at_10": 0.84416,
        "hit_rate_at_20": 0.9026,
        "hit_rate_at_100": 0.98701,
        "hit_rate_at_1000": 1.0,
        "main_score": 0.71478,
        "hf_subset": "default",
        "languages": [
          "lav-Latn"
        ]
      }
    ]
  },
  "evaluation_time": 13.606645345687866,
  "kg_co2_emissions": null,
  "date": null
}