{
  "dataset_revision": "fd7df84ac089bbec763b1c6bb1b56e985df5cc5c",
  "task_name": "AutoRAGRetrieval",
  "mteb_version": "2.9.0",
  "scores": {
    "test": [
      {
        "ndcg_at_1": 0.08772,
        "ndcg_at_3": 0.13179,
        "ndcg_at_5": 0.13896,
        "ndcg_at_10": 0.16087,
        "ndcg_at_20": 0.18535,
        "ndcg_at_100": 0.22627,
        "ndcg_at_1000": 0.27978,
        "map_at_1": 0.08772,
        "map_at_3": 0.11988,
        "map_at_5": 0.12383,
        "map_at_10": 0.13242,
        "map_at_20": 0.13918,
        "map_at_100": 0.14433,
        "map_at_1000": 0.14627,
        "recall_at_1": 0.08772,
        "recall_at_3": 0.16667,
        "recall_at_5": 0.18421,
        "recall_at_10": 0.25439,
        "recall_at_20": 0.35088,
        "recall_at_100": 0.57895,
        "recall_at_1000": 1.0,
        "accuracy": 0.08772,
        "precision_at_1": 0.08772,
        "precision_at_3": 0.05556,
        "precision_at_5": 0.03684,
        "precision_at_10": 0.02544,
        "precision_at_20": 0.01754,
        "precision_at_100": 0.00579,
        "precision_at_1000": 0.001,
        "mrr_at_1": 0.070175,
        "mrr_at_3": 0.108187,
        "mrr_at_5": 0.112573,
        "mrr_at_10": 0.122623,
        "mrr_at_20": 0.130311,
        "mrr_at_100": 0.134702,
        "mrr_at_1000": 0.136647,
        "nauc_ndcg_at_1_max": -0.112122,
        "nauc_ndcg_at_1_std": -0.167461,
        "nauc_ndcg_at_1_diff1": 0.206527,
        "nauc_ndcg_at_3_max": -0.14032,
        "nauc_ndcg_at_3_std": -0.222815,
        "nauc_ndcg_at_3_diff1": 0.199895,
        "nauc_ndcg_at_5_max": -0.112998,
        "nauc_ndcg_at_5_std": -0.194986,
        "nauc_ndcg_at_5_diff1": 0.171483,
        "nauc_ndcg_at_10_max": -0.092917,
        "nauc_ndcg_at_10_std": -0.167892,
        "nauc_ndcg_at_10_diff1": 0.166472,
        "nauc_ndcg_at_20_max": -0.078055,
        "nauc_ndcg_at_20_std": -0.132227,
        "nauc_ndcg_at_20_diff1": 0.173433,
        "nauc_ndcg_at_100_max": -0.069029,
        "nauc_ndcg_at_100_std": -0.111325,
        "nauc_ndcg_at_100_diff1": 0.173164,
        "nauc_ndcg_at_1000_max": -0.081809,
        "nauc_ndcg_at_1000_std": -0.142025,
        "nauc_ndcg_at_1000_diff1": 0.170424,
        "nauc_map_at_1_max": -0.112122,
        "nauc_map_at_1_std": -0.167461,
        "nauc_map_at_1_diff1": 0.206527,
        "nauc_map_at_3_max": -0.133616,
        "nauc_map_at_3_std": -0.21426,
        "nauc_map_at_3_diff1": 0.206137,
        "nauc_map_at_5_max": -0.116037,
        "nauc_map_at_5_std": -0.196322,
        "nauc_map_at_5_diff1": 0.188638,
        "nauc_map_at_10_max": -0.109075,
        "nauc_map_at_10_std": -0.185465,
        "nauc_map_at_10_diff1": 0.185629,
        "nauc_map_at_20_max": -0.104256,
        "nauc_map_at_20_std": -0.175039,
        "nauc_map_at_20_diff1": 0.18653,
        "nauc_map_at_100_max": -0.101972,
        "nauc_map_at_100_std": -0.171243,
        "nauc_map_at_100_diff1": 0.18614,
        "nauc_map_at_1000_max": -0.101925,
        "nauc_map_at_1000_std": -0.172086,
        "nauc_map_at_1000_diff1": 0.185277,
        "nauc_recall_at_1_max": -0.112122,
        "nauc_recall_at_1_std": -0.167461,
        "nauc_recall_at_1_diff1": 0.206527,
        "nauc_recall_at_3_max": -0.155719,
        "nauc_recall_at_3_std": -0.241278,
        "nauc_recall_at_3_diff1": 0.18435,
        "nauc_recall_at_5_max": -0.105088,
        "nauc_recall_at_5_std": -0.189718,
        "nauc_recall_at_5_diff1": 0.130757,
        "nauc_recall_at_10_max": -0.052539,
        "nauc_recall_at_10_std": -0.123267,
        "nauc_recall_at_10_diff1": 0.126483,
        "nauc_recall_at_20_max": -0.016206,
        "nauc_recall_at_20_std": -0.026724,
        "nauc_recall_at_20_diff1": 0.153806,
        "nauc_recall_at_100_max": 0.013091,
        "nauc_recall_at_100_std": 0.05638,
        "nauc_recall_at_100_diff1": 0.155728,
        "nauc_recall_at_1000_max": NaN,
        "nauc_recall_at_1000_std": NaN,
        "nauc_recall_at_1000_diff1": NaN,
        "nauc_precision_at_1_max": -0.112122,
        "nauc_precision_at_1_std": -0.167461,
        "nauc_precision_at_1_diff1": 0.206527,
        "nauc_precision_at_3_max": -0.155719,
        "nauc_precision_at_3_std": -0.241278,
        "nauc_precision_at_3_diff1": 0.18435,
        "nauc_precision_at_5_max": -0.105088,
        "nauc_precision_at_5_std": -0.189718,
        "nauc_precision_at_5_diff1": 0.130757,
        "nauc_precision_at_10_max": -0.052539,
        "nauc_precision_at_10_std": -0.123267,
        "nauc_precision_at_10_diff1": 0.126483,
        "nauc_precision_at_20_max": -0.016206,
        "nauc_precision_at_20_std": -0.026724,
        "nauc_precision_at_20_diff1": 0.153806,
        "nauc_precision_at_100_max": 0.013091,
        "nauc_precision_at_100_std": 0.05638,
        "nauc_precision_at_100_diff1": 0.155728,
        "nauc_precision_at_1000_max": 1.0,
        "nauc_precision_at_1000_std": 1.0,
        "nauc_precision_at_1000_diff1": 1.0,
        "nauc_mrr_at_1_max": -0.075232,
        "nauc_mrr_at_1_std": -0.308883,
        "nauc_mrr_at_1_diff1": 0.400484,
        "nauc_mrr_at_3_max": -0.110529,
        "nauc_mrr_at_3_std": -0.266354,
        "nauc_mrr_at_3_diff1": 0.292954,
        "nauc_mrr_at_5_max": -0.09663,
        "nauc_mrr_at_5_std": -0.241855,
        "nauc_mrr_at_5_diff1": 0.263559,
        "nauc_mrr_at_10_max": -0.103812,
        "nauc_mrr_at_10_std": -0.243821,
        "nauc_mrr_at_10_diff1": 0.24123,
        "nauc_mrr_at_20_max": -0.091779,
        "nauc_mrr_at_20_std": -0.221901,
        "nauc_mrr_at_20_diff1": 0.248716,
        "nauc_mrr_at_100_max": -0.088122,
        "nauc_mrr_at_100_std": -0.217858,
        "nauc_mrr_at_100_diff1": 0.250714,
        "nauc_mrr_at_1000_max": -0.088014,
        "nauc_mrr_at_1000_std": -0.219145,
        "nauc_mrr_at_1000_diff1": 0.250245,
        "cv_recall_at_1": 0.07018,
        "cv_recall_at_3": 0.15789,
        "cv_recall_at_5": 0.17544,
        "cv_recall_at_10": 0.25439,
        "cv_recall_at_20": 0.36842,
        "cv_recall_at_100": 0.57895,
        "cv_recall_at_1000": 1.0,
        "main_score": 0.16087,
        "hf_subset": "default",
        "languages": [
          "kor-Hang"
        ]
      }
    ]
  },
  "evaluation_time": 194.89075088500977,
  "kg_co2_emissions": null,
  "date": null
}