{
  "dataset_revision": "5014f29d7fdde6f9073a75b72be53ed73eed60c6",
  "task_name": "BillSumCA",
  "mteb_version": "2.9.0",
  "scores": {
    "test": [
      {
        "ndcg_at_1": 0.812,
        "ndcg_at_3": 0.89788,
        "ndcg_at_5": 0.9076,
        "ndcg_at_10": 0.91018,
        "ndcg_at_20": 0.91119,
        "ndcg_at_100": 0.91267,
        "ndcg_at_1000": 0.91267,
        "map_at_1": 0.812,
        "map_at_3": 0.87767,
        "map_at_5": 0.88297,
        "map_at_10": 0.88403,
        "map_at_20": 0.8843,
        "map_at_100": 0.8845,
        "map_at_1000": 0.8845,
        "recall_at_1": 0.812,
        "recall_at_3": 0.956,
        "recall_at_5": 0.98,
        "recall_at_10": 0.988,
        "recall_at_20": 0.992,
        "recall_at_100": 1.0,
        "recall_at_1000": 1.0,
        "accuracy": 0.812,
        "precision_at_1": 0.812,
        "precision_at_3": 0.31867,
        "precision_at_5": 0.196,
        "precision_at_10": 0.0988,
        "precision_at_20": 0.0496,
        "precision_at_100": 0.01,
        "precision_at_1000": 0.001,
        "mrr_at_1": 0.812,
        "mrr_at_3": 0.876333,
        "mrr_at_5": 0.882233,
        "mrr_at_10": 0.883633,
        "mrr_at_20": 0.883918,
        "mrr_at_100": 0.884115,
        "mrr_at_1000": 0.884115,
        "nauc_ndcg_at_1_max": 0.462736,
        "nauc_ndcg_at_1_std": -0.036635,
        "nauc_ndcg_at_1_diff1": 0.832295,
        "nauc_ndcg_at_3_max": 0.534728,
        "nauc_ndcg_at_3_std": -0.044852,
        "nauc_ndcg_at_3_diff1": 0.795529,
        "nauc_ndcg_at_5_max": 0.525323,
        "nauc_ndcg_at_5_std": -0.010079,
        "nauc_ndcg_at_5_diff1": 0.807214,
        "nauc_ndcg_at_10_max": 0.521775,
        "nauc_ndcg_at_10_std": -0.010739,
        "nauc_ndcg_at_10_diff1": 0.806988,
        "nauc_ndcg_at_20_max": 0.517668,
        "nauc_ndcg_at_20_std": -0.018021,
        "nauc_ndcg_at_20_diff1": 0.809669,
        "nauc_ndcg_at_100_max": 0.512151,
        "nauc_ndcg_at_100_std": -0.022838,
        "nauc_ndcg_at_100_diff1": 0.811665,
        "nauc_ndcg_at_1000_max": 0.512151,
        "nauc_ndcg_at_1000_std": -0.022838,
        "nauc_ndcg_at_1000_diff1": 0.811665,
        "nauc_map_at_1_max": 0.462736,
        "nauc_map_at_1_std": -0.036635,
        "nauc_map_at_1_diff1": 0.832295,
        "nauc_map_at_3_max": 0.514703,
        "nauc_map_at_3_std": -0.037891,
        "nauc_map_at_3_diff1": 0.807464,
        "nauc_map_at_5_max": 0.509343,
        "nauc_map_at_5_std": -0.023024,
        "nauc_map_at_5_diff1": 0.813187,
        "nauc_map_at_10_max": 0.508096,
        "nauc_map_at_10_std": -0.023181,
        "nauc_map_at_10_diff1": 0.813232,
        "nauc_map_at_20_max": 0.507179,
        "nauc_map_at_20_std": -0.024669,
        "nauc_map_at_20_diff1": 0.813709,
        "nauc_map_at_100_max": 0.506609,
        "nauc_map_at_100_std": -0.025378,
        "nauc_map_at_100_diff1": 0.813969,
        "nauc_map_at_1000_max": 0.506609,
        "nauc_map_at_1000_std": -0.025378,
        "nauc_map_at_1000_diff1": 0.813969,
        "nauc_recall_at_1_max": 0.462736,
        "nauc_recall_at_1_std": -0.036635,
        "nauc_recall_at_1_diff1": 0.832295,
        "nauc_recall_at_3_max": 0.680991,
        "nauc_recall_at_3_std": -0.102411,
        "nauc_recall_at_3_diff1": 0.705904,
        "nauc_recall_at_5_max": 0.762138,
        "nauc_recall_at_5_std": 0.217927,
        "nauc_recall_at_5_diff1": 0.722969,
        "nauc_recall_at_10_max": 0.839325,
        "nauc_recall_at_10_std": 0.346483,
        "nauc_recall_at_10_diff1": 0.658886,
        "nauc_recall_at_20_max": 0.828431,
        "nauc_recall_at_20_std": 0.212885,
        "nauc_recall_at_20_diff1": 0.707633,
        "nauc_recall_at_100_max": NaN,
        "nauc_recall_at_100_std": NaN,
        "nauc_recall_at_100_diff1": NaN,
        "nauc_recall_at_1000_max": NaN,
        "nauc_recall_at_1000_std": NaN,
        "nauc_recall_at_1000_diff1": NaN,
        "nauc_precision_at_1_max": 0.462736,
        "nauc_precision_at_1_std": -0.036635,
        "nauc_precision_at_1_diff1": 0.832295,
        "nauc_precision_at_3_max": 0.680991,
        "nauc_precision_at_3_std": -0.102411,
        "nauc_precision_at_3_diff1": 0.705904,
        "nauc_precision_at_5_max": 0.762138,
        "nauc_precision_at_5_std": 0.217927,
        "nauc_precision_at_5_diff1": 0.722969,
        "nauc_precision_at_10_max": 0.839325,
        "nauc_precision_at_10_std": 0.346483,
        "nauc_precision_at_10_diff1": 0.658886,
        "nauc_precision_at_20_max": 0.828431,
        "nauc_precision_at_20_std": 0.212885,
        "nauc_precision_at_20_diff1": 0.707633,
        "nauc_precision_at_100_max": 1.0,
        "nauc_precision_at_100_std": 1.0,
        "nauc_precision_at_100_diff1": 1.0,
        "nauc_precision_at_1000_max": 1.0,
        "nauc_precision_at_1000_std": 1.0,
        "nauc_precision_at_1000_diff1": 1.0,
        "nauc_mrr_at_1_max": 0.462736,
        "nauc_mrr_at_1_std": -0.036635,
        "nauc_mrr_at_1_diff1": 0.832295,
        "nauc_mrr_at_3_max": 0.519603,
        "nauc_mrr_at_3_std": -0.052426,
        "nauc_mrr_at_3_diff1": 0.809193,
        "nauc_mrr_at_5_max": 0.508921,
        "nauc_mrr_at_5_std": -0.02969,
        "nauc_mrr_at_5_diff1": 0.812813,
        "nauc_mrr_at_10_max": 0.509725,
        "nauc_mrr_at_10_std": -0.031079,
        "nauc_mrr_at_10_diff1": 0.814224,
        "nauc_mrr_at_20_max": 0.508757,
        "nauc_mrr_at_20_std": -0.032627,
        "nauc_mrr_at_20_diff1": 0.81468,
        "nauc_mrr_at_100_max": 0.508188,
        "nauc_mrr_at_100_std": -0.033344,
        "nauc_mrr_at_100_diff1": 0.814936,
        "nauc_mrr_at_1000_max": 0.508188,
        "nauc_mrr_at_1000_std": -0.033344,
        "nauc_mrr_at_1000_diff1": 0.814936,
        "cv_recall_at_1": 0.812,
        "cv_recall_at_3": 0.952,
        "cv_recall_at_5": 0.978,
        "cv_recall_at_10": 0.988,
        "cv_recall_at_20": 0.992,
        "cv_recall_at_100": 1.0,
        "cv_recall_at_1000": 1.0,
        "main_score": 0.91018,
        "hf_subset": "default",
        "languages": [
          "eng-Latn"
        ]
      }
    ]
  },
  "evaluation_time": 227.2174370288849,
  "kg_co2_emissions": null,
  "date": null
}