{
  "dataset_revision": "3d593fde907860102a282b4a6ea7fb1e1f1f83dd",
  "task_name": "BIRCO-Relic",
  "mteb_version": "2.9.0",
  "scores": {
    "test": [
      {
        "ndcg_at_1": 0.02,
        "ndcg_at_3": 0.04393,
        "ndcg_at_5": 0.05984,
        "ndcg_at_10": 0.08218,
        "ndcg_at_20": 0.10309,
        "ndcg_at_100": 0.16495,
        "ndcg_at_1000": 0.20375,
        "map_at_1": 0.02,
        "map_at_3": 0.03833,
        "map_at_5": 0.04683,
        "map_at_10": 0.05589,
        "map_at_20": 0.06199,
        "map_at_100": 0.07064,
        "map_at_1000": 0.07202,
        "recall_at_1": 0.02,
        "recall_at_3": 0.06,
        "recall_at_5": 0.1,
        "recall_at_10": 0.17,
        "recall_at_20": 0.25,
        "recall_at_100": 0.58,
        "recall_at_1000": 0.89,
        "accuracy": 0.02,
        "precision_at_1": 0.02,
        "precision_at_3": 0.02,
        "precision_at_5": 0.02,
        "precision_at_10": 0.017,
        "precision_at_20": 0.0125,
        "precision_at_100": 0.0058,
        "precision_at_1000": 0.00089,
        "mrr_at_1": 0.02,
        "mrr_at_3": 0.038333,
        "mrr_at_5": 0.047333,
        "mrr_at_10": 0.056389,
        "mrr_at_20": 0.062432,
        "mrr_at_100": 0.071166,
        "mrr_at_1000": 0.072543,
        "nauc_ndcg_at_1_max": 0.29246,
        "nauc_ndcg_at_1_std": -0.352697,
        "nauc_ndcg_at_1_diff1": 0.250201,
        "nauc_ndcg_at_3_max": -0.017448,
        "nauc_ndcg_at_3_std": -0.134458,
        "nauc_ndcg_at_3_diff1": 0.140088,
        "nauc_ndcg_at_5_max": -0.015513,
        "nauc_ndcg_at_5_std": -0.180401,
        "nauc_ndcg_at_5_diff1": 0.109154,
        "nauc_ndcg_at_10_max": 0.041429,
        "nauc_ndcg_at_10_std": -0.140171,
        "nauc_ndcg_at_10_diff1": 0.138768,
        "nauc_ndcg_at_20_max": 0.04136,
        "nauc_ndcg_at_20_std": -0.116291,
        "nauc_ndcg_at_20_diff1": 0.112852,
        "nauc_ndcg_at_100_max": 0.103687,
        "nauc_ndcg_at_100_std": -0.05012,
        "nauc_ndcg_at_100_diff1": 0.115573,
        "nauc_ndcg_at_1000_max": 0.073855,
        "nauc_ndcg_at_1000_std": -0.053396,
        "nauc_ndcg_at_1000_diff1": 0.133956,
        "nauc_map_at_1_max": 0.29246,
        "nauc_map_at_1_std": -0.352697,
        "nauc_map_at_1_diff1": 0.250201,
        "nauc_map_at_3_max": 0.022632,
        "nauc_map_at_3_std": -0.161909,
        "nauc_map_at_3_diff1": 0.157686,
        "nauc_map_at_5_max": 0.01382,
        "nauc_map_at_5_std": -0.189407,
        "nauc_map_at_5_diff1": 0.132828,
        "nauc_map_at_10_max": 0.044284,
        "nauc_map_at_10_std": -0.164546,
        "nauc_map_at_10_diff1": 0.147732,
        "nauc_map_at_20_max": 0.04466,
        "nauc_map_at_20_std": -0.151545,
        "nauc_map_at_20_diff1": 0.129027,
        "nauc_map_at_100_max": 0.054272,
        "nauc_map_at_100_std": -0.141206,
        "nauc_map_at_100_diff1": 0.125754,
        "nauc_map_at_1000_max": 0.053449,
        "nauc_map_at_1000_std": -0.140004,
        "nauc_map_at_1000_diff1": 0.126238,
        "nauc_recall_at_1_max": 0.29246,
        "nauc_recall_at_1_std": -0.352697,
        "nauc_recall_at_1_diff1": 0.250201,
        "nauc_recall_at_3_max": -0.091629,
        "nauc_recall_at_3_std": -0.083848,
        "nauc_recall_at_3_diff1": 0.106654,
        "nauc_recall_at_5_max": -0.053501,
        "nauc_recall_at_5_std": -0.171022,
        "nauc_recall_at_5_diff1": 0.074564,
        "nauc_recall_at_10_max": 0.047067,
        "nauc_recall_at_10_std": -0.111407,
        "nauc_recall_at_10_diff1": 0.131942,
        "nauc_recall_at_20_max": 0.044678,
        "nauc_recall_at_20_std": -0.077543,
        "nauc_recall_at_20_diff1": 0.102641,
        "nauc_recall_at_100_max": 0.216719,
        "nauc_recall_at_100_std": 0.103941,
        "nauc_recall_at_100_diff1": 0.124445,
        "nauc_recall_at_1000_max": 0.123314,
        "nauc_recall_at_1000_std": 0.26441,
        "nauc_recall_at_1000_diff1": 0.335366,
        "nauc_precision_at_1_max": 0.29246,
        "nauc_precision_at_1_std": -0.352697,
        "nauc_precision_at_1_diff1": 0.250201,
        "nauc_precision_at_3_max": -0.091629,
        "nauc_precision_at_3_std": -0.083848,
        "nauc_precision_at_3_diff1": 0.106654,
        "nauc_precision_at_5_max": -0.053501,
        "nauc_precision_at_5_std": -0.171022,
        "nauc_precision_at_5_diff1": 0.074564,
        "nauc_precision_at_10_max": 0.047067,
        "nauc_precision_at_10_std": -0.111407,
        "nauc_precision_at_10_diff1": 0.131942,
        "nauc_precision_at_20_max": 0.044678,
        "nauc_precision_at_20_std": -0.077543,
        "nauc_precision_at_20_diff1": 0.102641,
        "nauc_precision_at_100_max": 0.216719,
        "nauc_precision_at_100_std": 0.103941,
        "nauc_precision_at_100_diff1": 0.124445,
        "nauc_precision_at_1000_max": 0.123314,
        "nauc_precision_at_1000_std": 0.26441,
        "nauc_precision_at_1000_diff1": 0.335366,
        "nauc_mrr_at_1_max": 0.29246,
        "nauc_mrr_at_1_std": -0.352697,
        "nauc_mrr_at_1_diff1": 0.250201,
        "nauc_mrr_at_3_max": 0.022632,
        "nauc_mrr_at_3_std": -0.161909,
        "nauc_mrr_at_3_diff1": 0.157686,
        "nauc_mrr_at_5_max": 0.00929,
        "nauc_mrr_at_5_std": -0.190771,
        "nauc_mrr_at_5_diff1": 0.130679,
        "nauc_mrr_at_10_max": 0.039977,
        "nauc_mrr_at_10_std": -0.165989,
        "nauc_mrr_at_10_diff1": 0.145685,
        "nauc_mrr_at_20_max": 0.040873,
        "nauc_mrr_at_20_std": -0.153222,
        "nauc_mrr_at_20_diff1": 0.12847,
        "nauc_mrr_at_100_max": 0.050067,
        "nauc_mrr_at_100_std": -0.143864,
        "nauc_mrr_at_100_diff1": 0.125152,
        "nauc_mrr_at_1000_max": 0.0493,
        "nauc_mrr_at_1000_std": -0.142583,
        "nauc_mrr_at_1000_diff1": 0.12574,
        "cv_recall_at_1": 0.02,
        "cv_recall_at_3": 0.06,
        "cv_recall_at_5": 0.1,
        "cv_recall_at_10": 0.17,
        "cv_recall_at_20": 0.25,
        "cv_recall_at_100": 0.58,
        "cv_recall_at_1000": 0.89,
        "main_score": 0.08218,
        "hf_subset": "default",
        "languages": [
          "eng-Latn"
        ]
      }
    ]
  },
  "evaluation_time": 189.21033906936646,
  "kg_co2_emissions": null,
  "date": null
}