{
  "dataset_revision": "5377aa18f309ec440ff6325a4c2cd3362c2cb8d7",
  "task_name": "ChemRxivRetrieval",
  "mteb_version": "2.9.0",
  "scores": {
    "test": [
      {
        "ndcg_at_1": 0.5944,
        "ndcg_at_3": 0.70459,
        "ndcg_at_5": 0.72799,
        "ndcg_at_10": 0.74785,
        "ndcg_at_20": 0.75647,
        "ndcg_at_100": 0.76372,
        "ndcg_at_1000": 0.76653,
        "map_at_1": 0.5944,
        "map_at_3": 0.67803,
        "map_at_5": 0.69107,
        "map_at_10": 0.69943,
        "map_at_20": 0.70183,
        "map_at_100": 0.70287,
        "map_at_1000": 0.70298,
        "recall_at_1": 0.5944,
        "recall_at_3": 0.7812,
        "recall_at_5": 0.8378,
        "recall_at_10": 0.8984,
        "recall_at_20": 0.9322,
        "recall_at_100": 0.9708,
        "recall_at_1000": 0.9928,
        "accuracy": 0.5944,
        "precision_at_1": 0.5944,
        "precision_at_3": 0.2604,
        "precision_at_5": 0.16756,
        "precision_at_10": 0.08984,
        "precision_at_20": 0.04661,
        "precision_at_100": 0.00971,
        "precision_at_1000": 0.00099,
        "mrr_at_1": 0.5948,
        "mrr_at_3": 0.6783,
        "mrr_at_5": 0.69152,
        "mrr_at_10": 0.699803,
        "mrr_at_20": 0.702282,
        "mrr_at_100": 0.703318,
        "mrr_at_1000": 0.703426,
        "nauc_ndcg_at_1_max": 0.368624,
        "nauc_ndcg_at_1_std": -0.110951,
        "nauc_ndcg_at_1_diff1": 0.695924,
        "nauc_ndcg_at_3_max": 0.411296,
        "nauc_ndcg_at_3_std": -0.085932,
        "nauc_ndcg_at_3_diff1": 0.653111,
        "nauc_ndcg_at_5_max": 0.416904,
        "nauc_ndcg_at_5_std": -0.07407,
        "nauc_ndcg_at_5_diff1": 0.647967,
        "nauc_ndcg_at_10_max": 0.427699,
        "nauc_ndcg_at_10_std": -0.06034,
        "nauc_ndcg_at_10_diff1": 0.654376,
        "nauc_ndcg_at_20_max": 0.428715,
        "nauc_ndcg_at_20_std": -0.052666,
        "nauc_ndcg_at_20_diff1": 0.657444,
        "nauc_ndcg_at_100_max": 0.420884,
        "nauc_ndcg_at_100_std": -0.056731,
        "nauc_ndcg_at_100_diff1": 0.660583,
        "nauc_ndcg_at_1000_max": 0.416577,
        "nauc_ndcg_at_1000_std": -0.065256,
        "nauc_ndcg_at_1000_diff1": 0.661131,
        "nauc_map_at_1_max": 0.368624,
        "nauc_map_at_1_std": -0.110951,
        "nauc_map_at_1_diff1": 0.695924,
        "nauc_map_at_3_max": 0.399225,
        "nauc_map_at_3_std": -0.093489,
        "nauc_map_at_3_diff1": 0.664358,
        "nauc_map_at_5_max": 0.401572,
        "nauc_map_at_5_std": -0.087905,
        "nauc_map_at_5_diff1": 0.662198,
        "nauc_map_at_10_max": 0.40512,
        "nauc_map_at_10_std": -0.083058,
        "nauc_map_at_10_diff1": 0.664875,
        "nauc_map_at_20_max": 0.405182,
        "nauc_map_at_20_std": -0.081459,
        "nauc_map_at_20_diff1": 0.665637,
        "nauc_map_at_100_max": 0.404219,
        "nauc_map_at_100_std": -0.081811,
        "nauc_map_at_100_diff1": 0.666046,
        "nauc_map_at_1000_max": 0.404075,
        "nauc_map_at_1000_std": -0.082081,
        "nauc_map_at_1000_diff1": 0.66606,
        "nauc_recall_at_1_max": 0.368624,
        "nauc_recall_at_1_std": -0.110951,
        "nauc_recall_at_1_diff1": 0.695924,
        "nauc_recall_at_3_max": 0.457331,
        "nauc_recall_at_3_std": -0.056846,
        "nauc_recall_at_3_diff1": 0.610698,
        "nauc_recall_at_5_max": 0.491183,
        "nauc_recall_at_5_std": -0.004919,
        "nauc_recall_at_5_diff1": 0.579685,
        "nauc_recall_at_10_max": 0.597432,
        "nauc_recall_at_10_std": 0.114834,
        "nauc_recall_at_10_diff1": 0.585865,
        "nauc_recall_at_20_max": 0.692229,
        "nauc_recall_at_20_std": 0.291073,
        "nauc_recall_at_20_diff1": 0.589433,
        "nauc_recall_at_100_max": 0.754883,
        "nauc_recall_at_100_std": 0.571595,
        "nauc_recall_at_100_diff1": 0.610577,
        "nauc_recall_at_1000_max": 0.868257,
        "nauc_recall_at_1000_std": 0.682553,
        "nauc_recall_at_1000_diff1": 0.576486,
        "nauc_precision_at_1_max": 0.368624,
        "nauc_precision_at_1_std": -0.110951,
        "nauc_precision_at_1_diff1": 0.695924,
        "nauc_precision_at_3_max": 0.457331,
        "nauc_precision_at_3_std": -0.056846,
        "nauc_precision_at_3_diff1": 0.610698,
        "nauc_precision_at_5_max": 0.491183,
        "nauc_precision_at_5_std": -0.004919,
        "nauc_precision_at_5_diff1": 0.579685,
        "nauc_precision_at_10_max": 0.597432,
        "nauc_precision_at_10_std": 0.114834,
        "nauc_precision_at_10_diff1": 0.585865,
        "nauc_precision_at_20_max": 0.692229,
        "nauc_precision_at_20_std": 0.291073,
        "nauc_precision_at_20_diff1": 0.589433,
        "nauc_precision_at_100_max": 0.754883,
        "nauc_precision_at_100_std": 0.571595,
        "nauc_precision_at_100_diff1": 0.610577,
        "nauc_precision_at_1000_max": 0.868257,
        "nauc_precision_at_1000_std": 0.682553,
        "nauc_precision_at_1000_diff1": 0.576486,
        "nauc_mrr_at_1_max": 0.370546,
        "nauc_mrr_at_1_std": -0.110607,
        "nauc_mrr_at_1_diff1": 0.694975,
        "nauc_mrr_at_3_max": 0.401292,
        "nauc_mrr_at_3_std": -0.092831,
        "nauc_mrr_at_3_diff1": 0.66354,
        "nauc_mrr_at_5_max": 0.403499,
        "nauc_mrr_at_5_std": -0.087703,
        "nauc_mrr_at_5_diff1": 0.661834,
        "nauc_mrr_at_10_max": 0.407199,
        "nauc_mrr_at_10_std": -0.082729,
        "nauc_mrr_at_10_diff1": 0.664192,
        "nauc_mrr_at_20_max": 0.407087,
        "nauc_mrr_at_20_std": -0.081442,
        "nauc_mrr_at_20_diff1": 0.664966,
        "nauc_mrr_at_100_max": 0.406166,
        "nauc_mrr_at_100_std": -0.081715,
        "nauc_mrr_at_100_diff1": 0.665396,
        "nauc_mrr_at_1000_max": 0.406026,
        "nauc_mrr_at_1000_std": -0.081979,
        "nauc_mrr_at_1000_diff1": 0.665411,
        "cv_recall_at_1": 0.5948,
        "cv_recall_at_3": 0.7804,
        "cv_recall_at_5": 0.8376,
        "cv_recall_at_10": 0.8976,
        "cv_recall_at_20": 0.9322,
        "cv_recall_at_100": 0.971,
        "cv_recall_at_1000": 0.9928,
        "main_score": 0.74785,
        "hf_subset": "default",
        "languages": [
          "eng-Latn"
        ]
      }
    ]
  },
  "evaluation_time": 8290.976211547852,
  "kg_co2_emissions": null,
  "date": null
}