{
  "dataset_revision": "7a20df1abe4dafc46f93f9a7965bf9c6968bdf04",
  "task_name": "FreshStackRetrieval",
  "mteb_version": "2.9.0",
  "scores": {
    "test": [
      {
        "ndcg_at_1": 0.31845,
        "ndcg_at_3": 0.2778,
        "ndcg_at_5": 0.26221,
        "ndcg_at_10": 0.25714,
        "ndcg_at_20": 0.28811,
        "ndcg_at_100": 0.39041,
        "ndcg_at_1000": 0.47075,
        "map_at_1": 0.05505,
        "map_at_3": 0.09666,
        "map_at_5": 0.11869,
        "map_at_10": 0.14353,
        "map_at_20": 0.16712,
        "map_at_100": 0.19693,
        "map_at_1000": 0.2056,
        "recall_at_1": 0.05505,
        "recall_at_3": 0.11948,
        "recall_at_5": 0.16476,
        "recall_at_10": 0.23423,
        "recall_at_20": 0.33289,
        "recall_at_100": 0.62791,
        "recall_at_1000": 0.95654,
        "accuracy": 0.05505,
        "precision_at_1": 0.31845,
        "precision_at_3": 0.25595,
        "precision_at_5": 0.22054,
        "precision_at_10": 0.16592,
        "precision_at_20": 0.12396,
        "precision_at_100": 0.04914,
        "precision_at_1000": 0.00775,
        "mrr_at_1": 0.318452,
        "mrr_at_3": 0.407242,
        "mrr_at_5": 0.425174,
        "mrr_at_10": 0.438485,
        "mrr_at_20": 0.443659,
        "mrr_at_100": 0.447738,
        "mrr_at_1000": 0.448124,
        "nauc_ndcg_at_1_max": 0.217939,
        "nauc_ndcg_at_1_std": 0.106872,
        "nauc_ndcg_at_1_diff1": 0.217128,
        "nauc_ndcg_at_3_max": 0.194615,
        "nauc_ndcg_at_3_std": 0.097371,
        "nauc_ndcg_at_3_diff1": 0.118057,
        "nauc_ndcg_at_5_max": 0.201176,
        "nauc_ndcg_at_5_std": 0.089203,
        "nauc_ndcg_at_5_diff1": 0.120799,
        "nauc_ndcg_at_10_max": 0.190543,
        "nauc_ndcg_at_10_std": 0.084886,
        "nauc_ndcg_at_10_diff1": 0.161836,
        "nauc_ndcg_at_20_max": 0.181732,
        "nauc_ndcg_at_20_std": 0.098266,
        "nauc_ndcg_at_20_diff1": 0.187316,
        "nauc_ndcg_at_100_max": 0.190145,
        "nauc_ndcg_at_100_std": 0.1362,
        "nauc_ndcg_at_100_diff1": 0.167577,
        "nauc_ndcg_at_1000_max": 0.233817,
        "nauc_ndcg_at_1000_std": 0.128928,
        "nauc_ndcg_at_1000_diff1": 0.131596,
        "nauc_map_at_1_max": 0.120584,
        "nauc_map_at_1_std": 0.026176,
        "nauc_map_at_1_diff1": 0.248067,
        "nauc_map_at_3_max": 0.117269,
        "nauc_map_at_3_std": 0.040382,
        "nauc_map_at_3_diff1": 0.206178,
        "nauc_map_at_5_max": 0.130658,
        "nauc_map_at_5_std": 0.047154,
        "nauc_map_at_5_diff1": 0.207821,
        "nauc_map_at_10_max": 0.144459,
        "nauc_map_at_10_std": 0.053371,
        "nauc_map_at_10_diff1": 0.204214,
        "nauc_map_at_20_max": 0.161138,
        "nauc_map_at_20_std": 0.072738,
        "nauc_map_at_20_diff1": 0.190818,
        "nauc_map_at_100_max": 0.176454,
        "nauc_map_at_100_std": 0.090081,
        "nauc_map_at_100_diff1": 0.172663,
        "nauc_map_at_1000_max": 0.184194,
        "nauc_map_at_1000_std": 0.091692,
        "nauc_map_at_1000_diff1": 0.165461,
        "nauc_recall_at_1_max": 0.120584,
        "nauc_recall_at_1_std": 0.026176,
        "nauc_recall_at_1_diff1": 0.248067,
        "nauc_recall_at_3_max": 0.072588,
        "nauc_recall_at_3_std": 0.037442,
        "nauc_recall_at_3_diff1": 0.166917,
        "nauc_recall_at_5_max": 0.091486,
        "nauc_recall_at_5_std": 0.043318,
        "nauc_recall_at_5_diff1": 0.179636,
        "nauc_recall_at_10_max": 0.097579,
        "nauc_recall_at_10_std": 0.0509,
        "nauc_recall_at_10_diff1": 0.179709,
        "nauc_recall_at_20_max": 0.117024,
        "nauc_recall_at_20_std": 0.097639,
        "nauc_recall_at_20_diff1": 0.173104,
        "nauc_recall_at_100_max": 0.057467,
        "nauc_recall_at_100_std": 0.171151,
        "nauc_recall_at_100_diff1": 0.167793,
        "nauc_recall_at_1000_max": 0.116791,
        "nauc_recall_at_1000_std": 0.360032,
        "nauc_recall_at_1000_diff1": 0.057977,
        "nauc_precision_at_1_max": 0.217939,
        "nauc_precision_at_1_std": 0.106872,
        "nauc_precision_at_1_diff1": 0.217128,
        "nauc_precision_at_3_max": 0.192843,
        "nauc_precision_at_3_std": 0.105066,
        "nauc_precision_at_3_diff1": 0.081151,
        "nauc_precision_at_5_max": 0.202488,
        "nauc_precision_at_5_std": 0.097101,
        "nauc_precision_at_5_diff1": 0.070959,
        "nauc_precision_at_10_max": 0.218267,
        "nauc_precision_at_10_std": 0.093005,
        "nauc_precision_at_10_diff1": 0.043915,
        "nauc_precision_at_20_max": 0.23862,
        "nauc_precision_at_20_std": 0.113238,
        "nauc_precision_at_20_diff1": 0.014176,
        "nauc_precision_at_100_max": 0.229898,
        "nauc_precision_at_100_std": 0.127567,
        "nauc_precision_at_100_diff1": -0.068729,
        "nauc_precision_at_1000_max": 0.243762,
        "nauc_precision_at_1000_std": 0.037995,
        "nauc_precision_at_1000_diff1": -0.162523,
        "nauc_mrr_at_1_max": 0.217939,
        "nauc_mrr_at_1_std": 0.106872,
        "nauc_mrr_at_1_diff1": 0.217128,
        "nauc_mrr_at_3_max": 0.199327,
        "nauc_mrr_at_3_std": 0.10916,
        "nauc_mrr_at_3_diff1": 0.174032,
        "nauc_mrr_at_5_max": 0.203413,
        "nauc_mrr_at_5_std": 0.104491,
        "nauc_mrr_at_5_diff1": 0.178326,
        "nauc_mrr_at_10_max": 0.207993,
        "nauc_mrr_at_10_std": 0.10495,
        "nauc_mrr_at_10_diff1": 0.174142,
        "nauc_mrr_at_20_max": 0.210562,
        "nauc_mrr_at_20_std": 0.106868,
        "nauc_mrr_at_20_diff1": 0.175922,
        "nauc_mrr_at_100_max": 0.209339,
        "nauc_mrr_at_100_std": 0.107343,
        "nauc_mrr_at_100_diff1": 0.176788,
        "nauc_mrr_at_1000_max": 0.209417,
        "nauc_mrr_at_1000_std": 0.107235,
        "nauc_mrr_at_1000_diff1": 0.17683,
        "cv_recall_at_1": 0.31845,
        "cv_recall_at_3": 0.51935,
        "cv_recall_at_5": 0.59821,
        "cv_recall_at_10": 0.69643,
        "cv_recall_at_20": 0.77083,
        "cv_recall_at_100": 0.92708,
        "cv_recall_at_1000": 0.99702,
        "main_score": 0.25714,
        "hf_subset": "default",
        "languages": [
          "eng-Latn",
          "python-Code",
          "javascript-Code",
          "go-Code"
        ]
      }
    ]
  },
  "evaluation_time": 1063.6811709403992,
  "kg_co2_emissions": null,
  "date": null
}