{
  "dataset_revision": "4482db2a053706c0aef0ab7bf1878d29bb0295f8",
  "task_name": "GovReport",
  "mteb_version": "2.9.0",
  "scores": {
    "test": [
      {
        "ndcg_at_1": 0.85258,
        "ndcg_at_3": 0.9263,
        "ndcg_at_5": 0.93211,
        "ndcg_at_10": 0.93594,
        "ndcg_at_20": 0.93622,
        "ndcg_at_100": 0.93622,
        "ndcg_at_1000": 0.93622,
        "map_at_1": 0.85155,
        "map_at_3": 0.90962,
        "map_at_5": 0.91297,
        "map_at_10": 0.91465,
        "map_at_20": 0.91473,
        "map_at_100": 0.91473,
        "map_at_1000": 0.91473,
        "recall_at_1": 0.85155,
        "recall_at_3": 0.97371,
        "recall_at_5": 0.98763,
        "recall_at_10": 0.99897,
        "recall_at_20": 1.0,
        "recall_at_100": 1.0,
        "recall_at_1000": 1.0,
        "accuracy": 0.85155,
        "precision_at_1": 0.85258,
        "precision_at_3": 0.32543,
        "precision_at_5": 0.19814,
        "precision_at_10": 0.10021,
        "precision_at_20": 0.05015,
        "precision_at_100": 0.01003,
        "precision_at_1000": 0.001,
        "mrr_at_1": 0.852577,
        "mrr_at_3": 0.910309,
        "mrr_at_5": 0.913402,
        "mrr_at_10": 0.91509,
        "mrr_at_20": 0.915176,
        "mrr_at_100": 0.915176,
        "mrr_at_1000": 0.915176,
        "nauc_ndcg_at_1_max": 0.391925,
        "nauc_ndcg_at_1_std": -0.374445,
        "nauc_ndcg_at_1_diff1": 0.826958,
        "nauc_ndcg_at_3_max": 0.430159,
        "nauc_ndcg_at_3_std": -0.448523,
        "nauc_ndcg_at_3_diff1": 0.824127,
        "nauc_ndcg_at_5_max": 0.423737,
        "nauc_ndcg_at_5_std": -0.41794,
        "nauc_ndcg_at_5_diff1": 0.822957,
        "nauc_ndcg_at_10_max": 0.415485,
        "nauc_ndcg_at_10_std": -0.402732,
        "nauc_ndcg_at_10_diff1": 0.822254,
        "nauc_ndcg_at_20_max": 0.412837,
        "nauc_ndcg_at_20_std": -0.408495,
        "nauc_ndcg_at_20_diff1": 0.822707,
        "nauc_ndcg_at_100_max": 0.412837,
        "nauc_ndcg_at_100_std": -0.408495,
        "nauc_ndcg_at_100_diff1": 0.822707,
        "nauc_ndcg_at_1000_max": 0.412837,
        "nauc_ndcg_at_1000_std": -0.408495,
        "nauc_ndcg_at_1000_diff1": 0.822707,
        "nauc_map_at_1_max": 0.393905,
        "nauc_map_at_1_std": -0.379016,
        "nauc_map_at_1_diff1": 0.828997,
        "nauc_map_at_3_max": 0.418176,
        "nauc_map_at_3_std": -0.423517,
        "nauc_map_at_3_diff1": 0.823944,
        "nauc_map_at_5_max": 0.414207,
        "nauc_map_at_5_std": -0.409578,
        "nauc_map_at_5_diff1": 0.82307,
        "nauc_map_at_10_max": 0.411515,
        "nauc_map_at_10_std": -0.404546,
        "nauc_map_at_10_diff1": 0.82287,
        "nauc_map_at_20_max": 0.4109,
        "nauc_map_at_20_std": -0.405878,
        "nauc_map_at_20_diff1": 0.822975,
        "nauc_map_at_100_max": 0.4109,
        "nauc_map_at_100_std": -0.405878,
        "nauc_map_at_100_diff1": 0.822975,
        "nauc_map_at_1000_max": 0.4109,
        "nauc_map_at_1000_std": -0.405878,
        "nauc_map_at_1000_diff1": 0.822975,
        "nauc_recall_at_1_max": 0.393905,
        "nauc_recall_at_1_std": -0.379016,
        "nauc_recall_at_1_diff1": 0.828997,
        "nauc_recall_at_3_max": 0.545028,
        "nauc_recall_at_3_std": -0.689304,
        "nauc_recall_at_3_diff1": 0.829278,
        "nauc_recall_at_5_max": 0.600879,
        "nauc_recall_at_5_std": -0.5405,
        "nauc_recall_at_5_diff1": 0.825903,
        "nauc_recall_at_10_max": 1.0,
        "nauc_recall_at_10_std": 0.869281,
        "nauc_recall_at_10_diff1": 0.722222,
        "nauc_recall_at_20_max": NaN,
        "nauc_recall_at_20_std": NaN,
        "nauc_recall_at_20_diff1": NaN,
        "nauc_recall_at_100_max": NaN,
        "nauc_recall_at_100_std": NaN,
        "nauc_recall_at_100_diff1": NaN,
        "nauc_recall_at_1000_max": NaN,
        "nauc_recall_at_1000_std": NaN,
        "nauc_recall_at_1000_diff1": NaN,
        "nauc_precision_at_1_max": 0.391925,
        "nauc_precision_at_1_std": -0.374445,
        "nauc_precision_at_1_diff1": 0.826958,
        "nauc_precision_at_3_max": 0.429644,
        "nauc_precision_at_3_std": -0.529851,
        "nauc_precision_at_3_diff1": 0.654728,
        "nauc_precision_at_5_max": 0.296977,
        "nauc_precision_at_5_std": -0.19878,
        "nauc_precision_at_5_diff1": 0.401328,
        "nauc_precision_at_10_max": -0.176312,
        "nauc_precision_at_10_std": 0.632215,
        "nauc_precision_at_10_diff1": -0.366209,
        "nauc_precision_at_20_max": -0.401664,
        "nauc_precision_at_20_std": 0.586799,
        "nauc_precision_at_20_diff1": -0.574725,
        "nauc_precision_at_100_max": -0.401664,
        "nauc_precision_at_100_std": 0.586799,
        "nauc_precision_at_100_diff1": -0.574725,
        "nauc_precision_at_1000_max": -0.401664,
        "nauc_precision_at_1000_std": 0.586799,
        "nauc_precision_at_1000_diff1": -0.574725,
        "nauc_mrr_at_1_max": 0.391925,
        "nauc_mrr_at_1_std": -0.374445,
        "nauc_mrr_at_1_diff1": 0.826958,
        "nauc_mrr_at_3_max": 0.414253,
        "nauc_mrr_at_3_std": -0.430167,
        "nauc_mrr_at_3_diff1": 0.816601,
        "nauc_mrr_at_5_max": 0.412029,
        "nauc_mrr_at_5_std": -0.417526,
        "nauc_mrr_at_5_diff1": 0.82082,
        "nauc_mrr_at_10_max": 0.409254,
        "nauc_mrr_at_10_std": -0.412397,
        "nauc_mrr_at_10_diff1": 0.82059,
        "nauc_mrr_at_20_max": 0.408633,
        "nauc_mrr_at_20_std": -0.413745,
        "nauc_mrr_at_20_diff1": 0.820694,
        "nauc_mrr_at_100_max": 0.408633,
        "nauc_mrr_at_100_std": -0.413745,
        "nauc_mrr_at_100_diff1": 0.820694,
        "nauc_mrr_at_1000_max": 0.408633,
        "nauc_mrr_at_1000_std": -0.413745,
        "nauc_mrr_at_1000_diff1": 0.820694,
        "cv_recall_at_1": 0.85258,
        "cv_recall_at_3": 0.97423,
        "cv_recall_at_5": 0.98763,
        "cv_recall_at_10": 0.99897,
        "cv_recall_at_20": 1.0,
        "cv_recall_at_100": 1.0,
        "cv_recall_at_1000": 1.0,
        "main_score": 0.93594,
        "hf_subset": "default",
        "languages": [
          "eng-Latn"
        ]
      }
    ]
  },
  "evaluation_time": 531.9234087467194,
  "kg_co2_emissions": null,
  "date": null
}