{
  "dataset_revision": "48142cc741b04d0b4af370ade7e8b42430382670",
  "task_name": "LIMITRetrieval",
  "mteb_version": "2.9.0",
  "scores": {
    "test": [
      {
        "ndcg_at_1": 0.002,
        "ndcg_at_2": 0.00277,
        "ndcg_at_3": 0.00308,
        "ndcg_at_5": 0.00408,
        "ndcg_at_10": 0.0064,
        "ndcg_at_20": 0.00845,
        "ndcg_at_100": 0.01387,
        "ndcg_at_1000": 0.02966,
        "map_at_1": 0.001,
        "map_at_2": 0.002,
        "map_at_3": 0.00217,
        "map_at_5": 0.00272,
        "map_at_10": 0.00359,
        "map_at_20": 0.00406,
        "map_at_100": 0.00465,
        "map_at_1000": 0.00503,
        "recall_at_1": 0.001,
        "recall_at_2": 0.003,
        "recall_at_3": 0.0035,
        "recall_at_5": 0.0055,
        "recall_at_10": 0.0115,
        "recall_at_20": 0.018,
        "recall_at_100": 0.043,
        "recall_at_1000": 0.154,
        "accuracy": 0.001,
        "precision_at_1": 0.002,
        "precision_at_2": 0.003,
        "precision_at_3": 0.00233,
        "precision_at_5": 0.0022,
        "precision_at_10": 0.0023,
        "precision_at_20": 0.0018,
        "precision_at_100": 0.00086,
        "precision_at_1000": 0.00031,
        "mrr_at_1": 0.002,
        "mrr_at_2": 0.0035,
        "mrr_at_3": 0.003833,
        "mrr_at_5": 0.004583,
        "mrr_at_10": 0.006121,
        "mrr_at_20": 0.006973,
        "mrr_at_100": 0.007902,
        "mrr_at_1000": 0.008447,
        "nauc_ndcg_at_1_max": -0.366783,
        "nauc_ndcg_at_1_std": -0.087872,
        "nauc_ndcg_at_1_diff1": 0.228065,
        "nauc_ndcg_at_2_max": -0.299835,
        "nauc_ndcg_at_2_std": -0.152201,
        "nauc_ndcg_at_2_diff1": 0.164037,
        "nauc_ndcg_at_3_max": -0.301691,
        "nauc_ndcg_at_3_std": -0.10482,
        "nauc_ndcg_at_3_diff1": 0.097986,
        "nauc_ndcg_at_5_max": -0.155424,
        "nauc_ndcg_at_5_std": -0.014334,
        "nauc_ndcg_at_5_diff1": 0.11916,
        "nauc_ndcg_at_10_max": -0.109268,
        "nauc_ndcg_at_10_std": -0.011723,
        "nauc_ndcg_at_10_diff1": 0.103123,
        "nauc_ndcg_at_20_max": -0.126986,
        "nauc_ndcg_at_20_std": -0.066923,
        "nauc_ndcg_at_20_diff1": 0.050076,
        "nauc_ndcg_at_100_max": -0.110361,
        "nauc_ndcg_at_100_std": -0.042341,
        "nauc_ndcg_at_100_diff1": 0.006807,
        "nauc_ndcg_at_1000_max": -0.067701,
        "nauc_ndcg_at_1000_std": -0.030133,
        "nauc_ndcg_at_1000_diff1": -0.011315,
        "nauc_map_at_1_max": -0.366783,
        "nauc_map_at_1_std": -0.087872,
        "nauc_map_at_1_diff1": 0.228065,
        "nauc_map_at_2_max": -0.306782,
        "nauc_map_at_2_std": -0.145526,
        "nauc_map_at_2_diff1": 0.17068,
        "nauc_map_at_3_max": -0.307682,
        "nauc_map_at_3_std": -0.10942,
        "nauc_map_at_3_diff1": 0.11912,
        "nauc_map_at_5_max": -0.172344,
        "nauc_map_at_5_std": -0.050843,
        "nauc_map_at_5_diff1": 0.160912,
        "nauc_map_at_10_max": -0.140644,
        "nauc_map_at_10_std": -0.02882,
        "nauc_map_at_10_diff1": 0.129911,
        "nauc_map_at_20_max": -0.144775,
        "nauc_map_at_20_std": -0.052512,
        "nauc_map_at_20_diff1": 0.102597,
        "nauc_map_at_100_max": -0.135596,
        "nauc_map_at_100_std": -0.049266,
        "nauc_map_at_100_diff1": 0.076033,
        "nauc_map_at_1000_max": -0.13042,
        "nauc_map_at_1000_std": -0.050377,
        "nauc_map_at_1000_diff1": 0.070912,
        "nauc_recall_at_1_max": -0.366783,
        "nauc_recall_at_1_std": -0.087872,
        "nauc_recall_at_1_diff1": 0.228065,
        "nauc_recall_at_2_max": -0.286781,
        "nauc_recall_at_2_std": -0.164744,
        "nauc_recall_at_2_diff1": 0.151552,
        "nauc_recall_at_3_max": -0.291311,
        "nauc_recall_at_3_std": -0.094944,
        "nauc_recall_at_3_diff1": 0.05853,
        "nauc_recall_at_5_max": -0.078445,
        "nauc_recall_at_5_std": 0.034807,
        "nauc_recall_at_5_diff1": 0.10713,
        "nauc_recall_at_10_max": -0.052391,
        "nauc_recall_at_10_std": 0.008271,
        "nauc_recall_at_10_diff1": 0.088496,
        "nauc_recall_at_20_max": -0.10049,
        "nauc_recall_at_20_std": -0.082543,
        "nauc_recall_at_20_diff1": 0.012581,
        "nauc_recall_at_100_max": -0.098293,
        "nauc_recall_at_100_std": -0.036232,
        "nauc_recall_at_100_diff1": -0.030734,
        "nauc_recall_at_1000_max": -0.04009,
        "nauc_recall_at_1000_std": -0.013956,
        "nauc_recall_at_1000_diff1": -0.035246,
        "nauc_precision_at_1_max": -0.366783,
        "nauc_precision_at_1_std": -0.087872,
        "nauc_precision_at_1_diff1": 0.228065,
        "nauc_precision_at_2_max": -0.286781,
        "nauc_precision_at_2_std": -0.164744,
        "nauc_precision_at_2_diff1": 0.151552,
        "nauc_precision_at_3_max": -0.291311,
        "nauc_precision_at_3_std": -0.094944,
        "nauc_precision_at_3_diff1": 0.05853,
        "nauc_precision_at_5_max": -0.078445,
        "nauc_precision_at_5_std": 0.034807,
        "nauc_precision_at_5_diff1": 0.10713,
        "nauc_precision_at_10_max": -0.052391,
        "nauc_precision_at_10_std": 0.008271,
        "nauc_precision_at_10_diff1": 0.088496,
        "nauc_precision_at_20_max": -0.10049,
        "nauc_precision_at_20_std": -0.082543,
        "nauc_precision_at_20_diff1": 0.012581,
        "nauc_precision_at_100_max": -0.098293,
        "nauc_precision_at_100_std": -0.036232,
        "nauc_precision_at_100_diff1": -0.030734,
        "nauc_precision_at_1000_max": -0.04009,
        "nauc_precision_at_1000_std": -0.013956,
        "nauc_precision_at_1000_diff1": -0.035246,
        "nauc_mrr_at_1_max": -0.366783,
        "nauc_mrr_at_1_std": -0.087872,
        "nauc_mrr_at_1_diff1": 0.228065,
        "nauc_mrr_at_2_max": -0.268504,
        "nauc_mrr_at_2_std": -0.180383,
        "nauc_mrr_at_2_diff1": 0.180996,
        "nauc_mrr_at_3_max": -0.295132,
        "nauc_mrr_at_3_std": -0.156134,
        "nauc_mrr_at_3_diff1": 0.17382,
        "nauc_mrr_at_5_max": -0.232305,
        "nauc_mrr_at_5_std": -0.080664,
        "nauc_mrr_at_5_diff1": 0.122882,
        "nauc_mrr_at_10_max": -0.173027,
        "nauc_mrr_at_10_std": -0.060115,
        "nauc_mrr_at_10_diff1": 0.117522,
        "nauc_mrr_at_20_max": -0.183642,
        "nauc_mrr_at_20_std": -0.076069,
        "nauc_mrr_at_20_diff1": 0.088864,
        "nauc_mrr_at_100_max": -0.16111,
        "nauc_mrr_at_100_std": -0.065906,
        "nauc_mrr_at_100_diff1": 0.076718,
        "nauc_mrr_at_1000_max": -0.15524,
        "nauc_mrr_at_1000_std": -0.067965,
        "nauc_mrr_at_1000_diff1": 0.071224,
        "cv_recall_at_1": 0.002,
        "cv_recall_at_2": 0.005,
        "cv_recall_at_3": 0.006,
        "cv_recall_at_5": 0.009,
        "cv_recall_at_10": 0.021,
        "cv_recall_at_20": 0.033,
        "cv_recall_at_100": 0.076,
        "cv_recall_at_1000": 0.264,
        "main_score": 0.003,
        "hf_subset": "default",
        "languages": [
          "eng-Latn"
        ]
      }
    ]
  },
  "evaluation_time": 2320.713933467865,
  "kg_co2_emissions": null,
  "date": null
}