{
  "dataset_revision": "6021fce366892cbfd7837fa85a4128ea93315e18",
  "task_name": "R2MEDBioinformaticsRetrieval",
  "mteb_version": "2.9.0",
  "scores": {
    "test": [
      {
        "ndcg_at_1": 0.20779,
        "ndcg_at_3": 0.23006,
        "ndcg_at_5": 0.26234,
        "ndcg_at_10": 0.31041,
        "ndcg_at_20": 0.33923,
        "ndcg_at_100": 0.40357,
        "ndcg_at_1000": 0.43959,
        "map_at_1": 0.12415,
        "map_at_3": 0.16923,
        "map_at_5": 0.19829,
        "map_at_10": 0.22813,
        "map_at_20": 0.2387,
        "map_at_100": 0.25172,
        "map_at_1000": 0.25469,
        "recall_at_1": 0.12415,
        "recall_at_3": 0.22008,
        "recall_at_5": 0.30617,
        "recall_at_10": 0.43378,
        "recall_at_20": 0.51183,
        "recall_at_100": 0.76942,
        "recall_at_1000": 0.9663,
        "accuracy": 0.12415,
        "precision_at_1": 0.20779,
        "precision_at_3": 0.15152,
        "precision_at_5": 0.14026,
        "precision_at_10": 0.10519,
        "precision_at_20": 0.06623,
        "precision_at_100": 0.02169,
        "precision_at_1000": 0.00286,
        "mrr_at_1": 0.207792,
        "mrr_at_3": 0.28355,
        "mrr_at_5": 0.311472,
        "mrr_at_10": 0.32366,
        "mrr_at_20": 0.331956,
        "mrr_at_100": 0.336362,
        "mrr_at_1000": 0.336855,
        "nauc_ndcg_at_1_max": 0.061635,
        "nauc_ndcg_at_1_std": -0.0782,
        "nauc_ndcg_at_1_diff1": 0.395595,
        "nauc_ndcg_at_3_max": 0.020326,
        "nauc_ndcg_at_3_std": -0.134289,
        "nauc_ndcg_at_3_diff1": 0.210656,
        "nauc_ndcg_at_5_max": 0.068941,
        "nauc_ndcg_at_5_std": -0.132139,
        "nauc_ndcg_at_5_diff1": 0.196346,
        "nauc_ndcg_at_10_max": 0.117618,
        "nauc_ndcg_at_10_std": -0.09752,
        "nauc_ndcg_at_10_diff1": 0.152727,
        "nauc_ndcg_at_20_max": 0.164556,
        "nauc_ndcg_at_20_std": -0.062934,
        "nauc_ndcg_at_20_diff1": 0.174091,
        "nauc_ndcg_at_100_max": 0.130409,
        "nauc_ndcg_at_100_std": -0.072254,
        "nauc_ndcg_at_100_diff1": 0.223114,
        "nauc_ndcg_at_1000_max": 0.137669,
        "nauc_ndcg_at_1000_std": -0.057229,
        "nauc_ndcg_at_1000_diff1": 0.208468,
        "nauc_map_at_1_max": 0.072709,
        "nauc_map_at_1_std": 0.033127,
        "nauc_map_at_1_diff1": 0.268293,
        "nauc_map_at_3_max": 0.041634,
        "nauc_map_at_3_std": -0.074781,
        "nauc_map_at_3_diff1": 0.207958,
        "nauc_map_at_5_max": 0.072127,
        "nauc_map_at_5_std": -0.085007,
        "nauc_map_at_5_diff1": 0.207551,
        "nauc_map_at_10_max": 0.093544,
        "nauc_map_at_10_std": -0.067768,
        "nauc_map_at_10_diff1": 0.190021,
        "nauc_map_at_20_max": 0.112082,
        "nauc_map_at_20_std": -0.056922,
        "nauc_map_at_20_diff1": 0.197669,
        "nauc_map_at_100_max": 0.100308,
        "nauc_map_at_100_std": -0.061438,
        "nauc_map_at_100_diff1": 0.199898,
        "nauc_map_at_1000_max": 0.102916,
        "nauc_map_at_1000_std": -0.057728,
        "nauc_map_at_1000_diff1": 0.199596,
        "nauc_recall_at_1_max": 0.072709,
        "nauc_recall_at_1_std": 0.033127,
        "nauc_recall_at_1_diff1": 0.268293,
        "nauc_recall_at_3_max": 0.037661,
        "nauc_recall_at_3_std": -0.149331,
        "nauc_recall_at_3_diff1": 0.137811,
        "nauc_recall_at_5_max": 0.087757,
        "nauc_recall_at_5_std": -0.179549,
        "nauc_recall_at_5_diff1": 0.131444,
        "nauc_recall_at_10_max": 0.145458,
        "nauc_recall_at_10_std": -0.121119,
        "nauc_recall_at_10_diff1": 0.025585,
        "nauc_recall_at_20_max": 0.258129,
        "nauc_recall_at_20_std": -0.033547,
        "nauc_recall_at_20_diff1": 0.087269,
        "nauc_recall_at_100_max": 0.14718,
        "nauc_recall_at_100_std": -0.078191,
        "nauc_recall_at_100_diff1": 0.32197,
        "nauc_recall_at_1000_max": -0.093513,
        "nauc_recall_at_1000_std": -0.559835,
        "nauc_recall_at_1000_diff1": 0.177972,
        "nauc_precision_at_1_max": 0.061635,
        "nauc_precision_at_1_std": -0.0782,
        "nauc_precision_at_1_diff1": 0.395595,
        "nauc_precision_at_3_max": -0.019717,
        "nauc_precision_at_3_std": -0.226745,
        "nauc_precision_at_3_diff1": 0.169135,
        "nauc_precision_at_5_max": 0.043217,
        "nauc_precision_at_5_std": -0.174421,
        "nauc_precision_at_5_diff1": 0.125083,
        "nauc_precision_at_10_max": 0.127836,
        "nauc_precision_at_10_std": -0.056604,
        "nauc_precision_at_10_diff1": 0.00074,
        "nauc_precision_at_20_max": 0.207047,
        "nauc_precision_at_20_std": 0.022424,
        "nauc_precision_at_20_diff1": -0.006174,
        "nauc_precision_at_100_max": 0.062755,
        "nauc_precision_at_100_std": 0.019223,
        "nauc_precision_at_100_diff1": 0.064103,
        "nauc_precision_at_1000_max": 0.10395,
        "nauc_precision_at_1000_std": 0.1176,
        "nauc_precision_at_1000_diff1": 0.02755,
        "nauc_mrr_at_1_max": 0.061635,
        "nauc_mrr_at_1_std": -0.0782,
        "nauc_mrr_at_1_diff1": 0.395595,
        "nauc_mrr_at_3_max": 0.059929,
        "nauc_mrr_at_3_std": -0.131576,
        "nauc_mrr_at_3_diff1": 0.298409,
        "nauc_mrr_at_5_max": 0.075352,
        "nauc_mrr_at_5_std": -0.131136,
        "nauc_mrr_at_5_diff1": 0.283678,
        "nauc_mrr_at_10_max": 0.087653,
        "nauc_mrr_at_10_std": -0.123001,
        "nauc_mrr_at_10_diff1": 0.26081,
        "nauc_mrr_at_20_max": 0.098094,
        "nauc_mrr_at_20_std": -0.108667,
        "nauc_mrr_at_20_diff1": 0.268924,
        "nauc_mrr_at_100_max": 0.094556,
        "nauc_mrr_at_100_std": -0.109089,
        "nauc_mrr_at_100_diff1": 0.274153,
        "nauc_mrr_at_1000_max": 0.094095,
        "nauc_mrr_at_1000_std": -0.109229,
        "nauc_mrr_at_1000_diff1": 0.273964,
        "cv_recall_at_1": 0.20779,
        "cv_recall_at_3": 0.38961,
        "cv_recall_at_5": 0.51948,
        "cv_recall_at_10": 0.61039,
        "cv_recall_at_20": 0.71429,
        "cv_recall_at_100": 0.88312,
        "cv_recall_at_1000": 0.98701,
        "main_score": 0.31041,
        "hf_subset": "default",
        "languages": [
          "eng-Latn"
        ]
      }
    ]
  },
  "evaluation_time": 3592.4297964572906,
  "kg_co2_emissions": null,
  "date": null
}