{
  "dataset_revision": "78b585990279cc01a493f876c1b0cf09557fba57",
  "task_name": "R2MEDMedQADiagRetrieval",
  "mteb_version": "2.9.0",
  "scores": {
    "test": [
      {
        "ndcg_at_1": 0.10169,
        "ndcg_at_3": 0.08564,
        "ndcg_at_5": 0.08886,
        "ndcg_at_10": 0.10756,
        "ndcg_at_20": 0.12295,
        "ndcg_at_100": 0.16853,
        "ndcg_at_1000": 0.23382,
        "map_at_1": 0.03151,
        "map_at_3": 0.05155,
        "map_at_5": 0.05971,
        "map_at_10": 0.07053,
        "map_at_20": 0.07537,
        "map_at_100": 0.08282,
        "map_at_1000": 0.08629,
        "recall_at_1": 0.03151,
        "recall_at_3": 0.06859,
        "recall_at_5": 0.09057,
        "recall_at_10": 0.13487,
        "recall_at_20": 0.17543,
        "recall_at_100": 0.33534,
        "recall_at_1000": 0.67907,
        "accuracy": 0.03151,
        "precision_at_1": 0.10169,
        "precision_at_3": 0.07627,
        "precision_at_5": 0.06102,
        "precision_at_10": 0.04576,
        "precision_at_20": 0.03093,
        "precision_at_100": 0.01314,
        "precision_at_1000": 0.00283,
        "mrr_at_1": 0.101695,
        "mrr_at_3": 0.132768,
        "mrr_at_5": 0.139972,
        "mrr_at_10": 0.15115,
        "mrr_at_20": 0.156164,
        "mrr_at_100": 0.161565,
        "mrr_at_1000": 0.162725,
        "nauc_ndcg_at_1_max": 0.144417,
        "nauc_ndcg_at_1_std": 0.232207,
        "nauc_ndcg_at_1_diff1": 0.072603,
        "nauc_ndcg_at_3_max": 0.173355,
        "nauc_ndcg_at_3_std": 0.25503,
        "nauc_ndcg_at_3_diff1": 0.066279,
        "nauc_ndcg_at_5_max": 0.180135,
        "nauc_ndcg_at_5_std": 0.296976,
        "nauc_ndcg_at_5_diff1": 0.043506,
        "nauc_ndcg_at_10_max": 0.215978,
        "nauc_ndcg_at_10_std": 0.315044,
        "nauc_ndcg_at_10_diff1": 0.049361,
        "nauc_ndcg_at_20_max": 0.1919,
        "nauc_ndcg_at_20_std": 0.310329,
        "nauc_ndcg_at_20_diff1": 0.046623,
        "nauc_ndcg_at_100_max": 0.167834,
        "nauc_ndcg_at_100_std": 0.324972,
        "nauc_ndcg_at_100_diff1": 0.033727,
        "nauc_ndcg_at_1000_max": 0.166546,
        "nauc_ndcg_at_1000_std": 0.346139,
        "nauc_ndcg_at_1000_diff1": 0.030393,
        "nauc_map_at_1_max": 0.164902,
        "nauc_map_at_1_std": 0.238442,
        "nauc_map_at_1_diff1": 0.148757,
        "nauc_map_at_3_max": 0.217476,
        "nauc_map_at_3_std": 0.265965,
        "nauc_map_at_3_diff1": 0.130724,
        "nauc_map_at_5_max": 0.231924,
        "nauc_map_at_5_std": 0.302175,
        "nauc_map_at_5_diff1": 0.108565,
        "nauc_map_at_10_max": 0.263184,
        "nauc_map_at_10_std": 0.323238,
        "nauc_map_at_10_diff1": 0.105279,
        "nauc_map_at_20_max": 0.252958,
        "nauc_map_at_20_std": 0.319582,
        "nauc_map_at_20_diff1": 0.103769,
        "nauc_map_at_100_max": 0.242256,
        "nauc_map_at_100_std": 0.322991,
        "nauc_map_at_100_diff1": 0.090696,
        "nauc_map_at_1000_max": 0.241067,
        "nauc_map_at_1000_std": 0.328141,
        "nauc_map_at_1000_diff1": 0.089708,
        "nauc_recall_at_1_max": 0.164902,
        "nauc_recall_at_1_std": 0.238442,
        "nauc_recall_at_1_diff1": 0.148757,
        "nauc_recall_at_3_max": 0.178951,
        "nauc_recall_at_3_std": 0.261214,
        "nauc_recall_at_3_diff1": 0.069741,
        "nauc_recall_at_5_max": 0.17247,
        "nauc_recall_at_5_std": 0.299587,
        "nauc_recall_at_5_diff1": 0.012884,
        "nauc_recall_at_10_max": 0.221621,
        "nauc_recall_at_10_std": 0.308772,
        "nauc_recall_at_10_diff1": 0.034659,
        "nauc_recall_at_20_max": 0.162945,
        "nauc_recall_at_20_std": 0.281264,
        "nauc_recall_at_20_diff1": 0.041182,
        "nauc_recall_at_100_max": 0.114527,
        "nauc_recall_at_100_std": 0.305219,
        "nauc_recall_at_100_diff1": 0.017362,
        "nauc_recall_at_1000_max": 0.159386,
        "nauc_recall_at_1000_std": 0.372804,
        "nauc_recall_at_1000_diff1": -0.010208,
        "nauc_precision_at_1_max": 0.144417,
        "nauc_precision_at_1_std": 0.232207,
        "nauc_precision_at_1_diff1": 0.072603,
        "nauc_precision_at_3_max": 0.190887,
        "nauc_precision_at_3_std": 0.279004,
        "nauc_precision_at_3_diff1": 0.043633,
        "nauc_precision_at_5_max": 0.205189,
        "nauc_precision_at_5_std": 0.34091,
        "nauc_precision_at_5_diff1": -0.00194,
        "nauc_precision_at_10_max": 0.222258,
        "nauc_precision_at_10_std": 0.338766,
        "nauc_precision_at_10_diff1": -0.031012,
        "nauc_precision_at_20_max": 0.155825,
        "nauc_precision_at_20_std": 0.321841,
        "nauc_precision_at_20_diff1": -0.048489,
        "nauc_precision_at_100_max": 0.09227,
        "nauc_precision_at_100_std": 0.342,
        "nauc_precision_at_100_diff1": -0.049261,
        "nauc_precision_at_1000_max": 0.006169,
        "nauc_precision_at_1000_std": 0.244193,
        "nauc_precision_at_1000_diff1": -0.028875,
        "nauc_mrr_at_1_max": 0.144417,
        "nauc_mrr_at_1_std": 0.232207,
        "nauc_mrr_at_1_diff1": 0.072603,
        "nauc_mrr_at_3_max": 0.114882,
        "nauc_mrr_at_3_std": 0.241946,
        "nauc_mrr_at_3_diff1": 0.033593,
        "nauc_mrr_at_5_max": 0.110579,
        "nauc_mrr_at_5_std": 0.257189,
        "nauc_mrr_at_5_diff1": 0.011363,
        "nauc_mrr_at_10_max": 0.112679,
        "nauc_mrr_at_10_std": 0.256937,
        "nauc_mrr_at_10_diff1": 0.004748,
        "nauc_mrr_at_20_max": 0.110787,
        "nauc_mrr_at_20_std": 0.262604,
        "nauc_mrr_at_20_diff1": 0.005493,
        "nauc_mrr_at_100_max": 0.111049,
        "nauc_mrr_at_100_std": 0.259649,
        "nauc_mrr_at_100_diff1": 0.012656,
        "nauc_mrr_at_1000_max": 0.110591,
        "nauc_mrr_at_1000_std": 0.259145,
        "nauc_mrr_at_1000_diff1": 0.011761,
        "cv_recall_at_1": 0.10169,
        "cv_recall_at_3": 0.17797,
        "cv_recall_at_5": 0.21186,
        "cv_recall_at_10": 0.28814,
        "cv_recall_at_20": 0.35593,
        "cv_recall_at_100": 0.5678,
        "cv_recall_at_1000": 0.86441,
        "main_score": 0.10756,
        "hf_subset": "default",
        "languages": [
          "eng-Latn"
        ]
      }
    ]
  },
  "evaluation_time": 5882.744203329086,
  "kg_co2_emissions": null,
  "date": null
}