{
  "dataset_revision": "fd7df84ac089bbec763b1c6bb1b56e985df5cc5c",
  "task_name": "AutoRAGRetrieval",
  "mteb_version": "2.9.0",
  "scores": {
    "test": [
      {
        "ndcg_at_1": 0.14912,
        "ndcg_at_3": 0.17565,
        "ndcg_at_5": 0.18621,
        "ndcg_at_10": 0.19167,
        "ndcg_at_20": 0.20719,
        "ndcg_at_100": 0.25363,
        "ndcg_at_1000": 0.31015,
        "map_at_1": 0.14912,
        "map_at_3": 0.16959,
        "map_at_5": 0.17529,
        "map_at_10": 0.17742,
        "map_at_20": 0.18167,
        "map_at_100": 0.18783,
        "map_at_1000": 0.18982,
        "recall_at_1": 0.14912,
        "recall_at_3": 0.19298,
        "recall_at_5": 0.2193,
        "recall_at_10": 0.23684,
        "recall_at_20": 0.29825,
        "recall_at_100": 0.55263,
        "recall_at_1000": 1.0,
        "accuracy": 0.14912,
        "precision_at_1": 0.14912,
        "precision_at_3": 0.06433,
        "precision_at_5": 0.04386,
        "precision_at_10": 0.02368,
        "precision_at_20": 0.01491,
        "precision_at_100": 0.00553,
        "precision_at_1000": 0.001,
        "mrr_at_1": 0.131579,
        "mrr_at_3": 0.163743,
        "mrr_at_5": 0.167251,
        "mrr_at_10": 0.169382,
        "mrr_at_20": 0.17368,
        "mrr_at_100": 0.179807,
        "mrr_at_1000": 0.181793,
        "nauc_ndcg_at_1_max": -0.307164,
        "nauc_ndcg_at_1_std": -0.427861,
        "nauc_ndcg_at_1_diff1": 0.303404,
        "nauc_ndcg_at_3_max": -0.335562,
        "nauc_ndcg_at_3_std": -0.428256,
        "nauc_ndcg_at_3_diff1": 0.294293,
        "nauc_ndcg_at_5_max": -0.302319,
        "nauc_ndcg_at_5_std": -0.413225,
        "nauc_ndcg_at_5_diff1": 0.326708,
        "nauc_ndcg_at_10_max": -0.303547,
        "nauc_ndcg_at_10_std": -0.416326,
        "nauc_ndcg_at_10_diff1": 0.316704,
        "nauc_ndcg_at_20_max": -0.292767,
        "nauc_ndcg_at_20_std": -0.396244,
        "nauc_ndcg_at_20_diff1": 0.291138,
        "nauc_ndcg_at_100_max": -0.267536,
        "nauc_ndcg_at_100_std": -0.398641,
        "nauc_ndcg_at_100_diff1": 0.267233,
        "nauc_ndcg_at_1000_max": -0.280284,
        "nauc_ndcg_at_1000_std": -0.406372,
        "nauc_ndcg_at_1000_diff1": 0.285153,
        "nauc_map_at_1_max": -0.307164,
        "nauc_map_at_1_std": -0.427861,
        "nauc_map_at_1_diff1": 0.303404,
        "nauc_map_at_3_max": -0.329845,
        "nauc_map_at_3_std": -0.42962,
        "nauc_map_at_3_diff1": 0.297522,
        "nauc_map_at_5_max": -0.311535,
        "nauc_map_at_5_std": -0.421858,
        "nauc_map_at_5_diff1": 0.316234,
        "nauc_map_at_10_max": -0.311893,
        "nauc_map_at_10_std": -0.423536,
        "nauc_map_at_10_diff1": 0.312641,
        "nauc_map_at_20_max": -0.308048,
        "nauc_map_at_20_std": -0.41804,
        "nauc_map_at_20_diff1": 0.305019,
        "nauc_map_at_100_max": -0.301069,
        "nauc_map_at_100_std": -0.417278,
        "nauc_map_at_100_diff1": 0.299899,
        "nauc_map_at_1000_max": -0.301057,
        "nauc_map_at_1000_std": -0.417522,
        "nauc_map_at_1000_diff1": 0.300299,
        "nauc_recall_at_1_max": -0.307164,
        "nauc_recall_at_1_std": -0.427861,
        "nauc_recall_at_1_diff1": 0.303404,
        "nauc_recall_at_3_max": -0.350295,
        "nauc_recall_at_3_std": -0.424153,
        "nauc_recall_at_3_diff1": 0.285403,
        "nauc_recall_at_5_max": -0.274289,
        "nauc_recall_at_5_std": -0.38842,
        "nauc_recall_at_5_diff1": 0.356244,
        "nauc_recall_at_10_max": -0.279113,
        "nauc_recall_at_10_std": -0.395847,
        "nauc_recall_at_10_diff1": 0.325057,
        "nauc_recall_at_20_max": -0.250127,
        "nauc_recall_at_20_std": -0.330307,
        "nauc_recall_at_20_diff1": 0.242911,
        "nauc_recall_at_100_max": -0.169096,
        "nauc_recall_at_100_std": -0.352314,
        "nauc_recall_at_100_diff1": 0.152979,
        "nauc_recall_at_1000_max": NaN,
        "nauc_recall_at_1000_std": NaN,
        "nauc_recall_at_1000_diff1": NaN,
        "nauc_precision_at_1_max": -0.307164,
        "nauc_precision_at_1_std": -0.427861,
        "nauc_precision_at_1_diff1": 0.303404,
        "nauc_precision_at_3_max": -0.350295,
        "nauc_precision_at_3_std": -0.424153,
        "nauc_precision_at_3_diff1": 0.285403,
        "nauc_precision_at_5_max": -0.274289,
        "nauc_precision_at_5_std": -0.38842,
        "nauc_precision_at_5_diff1": 0.356244,
        "nauc_precision_at_10_max": -0.279113,
        "nauc_precision_at_10_std": -0.395847,
        "nauc_precision_at_10_diff1": 0.325057,
        "nauc_precision_at_20_max": -0.250127,
        "nauc_precision_at_20_std": -0.330307,
        "nauc_precision_at_20_diff1": 0.242911,
        "nauc_precision_at_100_max": -0.169096,
        "nauc_precision_at_100_std": -0.352314,
        "nauc_precision_at_100_diff1": 0.152979,
        "nauc_precision_at_1000_max": 1.0,
        "nauc_precision_at_1000_std": 1.0,
        "nauc_precision_at_1000_diff1": 1.0,
        "nauc_mrr_at_1_max": -0.264594,
        "nauc_mrr_at_1_std": -0.427419,
        "nauc_mrr_at_1_diff1": 0.416161,
        "nauc_mrr_at_3_max": -0.306176,
        "nauc_mrr_at_3_std": -0.433974,
        "nauc_mrr_at_3_diff1": 0.362008,
        "nauc_mrr_at_5_max": -0.292207,
        "nauc_mrr_at_5_std": -0.422563,
        "nauc_mrr_at_5_diff1": 0.368416,
        "nauc_mrr_at_10_max": -0.29267,
        "nauc_mrr_at_10_std": -0.4243,
        "nauc_mrr_at_10_diff1": 0.36444,
        "nauc_mrr_at_20_max": -0.289376,
        "nauc_mrr_at_20_std": -0.417996,
        "nauc_mrr_at_20_diff1": 0.355468,
        "nauc_mrr_at_100_max": -0.282245,
        "nauc_mrr_at_100_std": -0.417213,
        "nauc_mrr_at_100_diff1": 0.350177,
        "nauc_mrr_at_1000_max": -0.282142,
        "nauc_mrr_at_1000_std": -0.417467,
        "nauc_mrr_at_1000_diff1": 0.350867,
        "cv_recall_at_1": 0.13158,
        "cv_recall_at_3": 0.20175,
        "cv_recall_at_5": 0.2193,
        "cv_recall_at_10": 0.23684,
        "cv_recall_at_20": 0.29825,
        "cv_recall_at_100": 0.55263,
        "cv_recall_at_1000": 1.0,
        "main_score": 0.19167,
        "hf_subset": "default",
        "languages": [
          "kor-Hang"
        ]
      }
    ]
  },
  "evaluation_time": 110.12074422836304,
  "kg_co2_emissions": null,
  "date": null
}