{
  "dataset_revision": "49c07b6",
  "task_name": "BarExamQA",
  "mteb_version": "2.9.0",
  "scores": {
    "test": [
      {
        "ndcg_at_1": 0.17949,
        "ndcg_at_3": 0.26668,
        "ndcg_at_5": 0.30418,
        "ndcg_at_10": 0.34793,
        "ndcg_at_20": 0.38327,
        "ndcg_at_100": 0.43516,
        "ndcg_at_1000": 0.44023,
        "map_at_1": 0.17949,
        "map_at_3": 0.24644,
        "map_at_5": 0.26652,
        "map_at_10": 0.2843,
        "map_at_20": 0.2944,
        "map_at_100": 0.30195,
        "map_at_1000": 0.30227,
        "recall_at_1": 0.17949,
        "recall_at_3": 0.32479,
        "recall_at_5": 0.4188,
        "recall_at_10": 0.55556,
        "recall_at_20": 0.69231,
        "recall_at_100": 0.96581,
        "recall_at_1000": 1.0,
        "accuracy": 0.17949,
        "precision_at_1": 0.17949,
        "precision_at_3": 0.10826,
        "precision_at_5": 0.08376,
        "precision_at_10": 0.05556,
        "precision_at_20": 0.03462,
        "precision_at_100": 0.00966,
        "precision_at_1000": 0.001,
        "mrr_at_1": 0.179487,
        "mrr_at_3": 0.250712,
        "mrr_at_5": 0.268661,
        "mrr_at_10": 0.286674,
        "mrr_at_20": 0.297248,
        "mrr_at_100": 0.304401,
        "mrr_at_1000": 0.304721,
        "nauc_ndcg_at_1_max": 0.136656,
        "nauc_ndcg_at_1_std": -0.104527,
        "nauc_ndcg_at_1_diff1": 0.066514,
        "nauc_ndcg_at_3_max": 0.0965,
        "nauc_ndcg_at_3_std": -0.097641,
        "nauc_ndcg_at_3_diff1": -0.019976,
        "nauc_ndcg_at_5_max": 0.105599,
        "nauc_ndcg_at_5_std": -0.128917,
        "nauc_ndcg_at_5_diff1": -0.027307,
        "nauc_ndcg_at_10_max": 0.11828,
        "nauc_ndcg_at_10_std": -0.116012,
        "nauc_ndcg_at_10_diff1": -0.028882,
        "nauc_ndcg_at_20_max": 0.118341,
        "nauc_ndcg_at_20_std": -0.070167,
        "nauc_ndcg_at_20_diff1": -0.025886,
        "nauc_ndcg_at_100_max": 0.11009,
        "nauc_ndcg_at_100_std": -0.076976,
        "nauc_ndcg_at_100_diff1": -0.023463,
        "nauc_ndcg_at_1000_max": 0.111998,
        "nauc_ndcg_at_1000_std": -0.092408,
        "nauc_ndcg_at_1000_diff1": -0.014724,
        "nauc_map_at_1_max": 0.136656,
        "nauc_map_at_1_std": -0.104527,
        "nauc_map_at_1_diff1": 0.066514,
        "nauc_map_at_3_max": 0.10379,
        "nauc_map_at_3_std": -0.096069,
        "nauc_map_at_3_diff1": -0.006698,
        "nauc_map_at_5_max": 0.107611,
        "nauc_map_at_5_std": -0.114857,
        "nauc_map_at_5_diff1": -0.010944,
        "nauc_map_at_10_max": 0.111921,
        "nauc_map_at_10_std": -0.111322,
        "nauc_map_at_10_diff1": -0.01106,
        "nauc_map_at_20_max": 0.111522,
        "nauc_map_at_20_std": -0.097891,
        "nauc_map_at_20_diff1": -0.009721,
        "nauc_map_at_100_max": 0.110885,
        "nauc_map_at_100_std": -0.098798,
        "nauc_map_at_100_diff1": -0.008037,
        "nauc_map_at_1000_max": 0.110968,
        "nauc_map_at_1000_std": -0.099653,
        "nauc_map_at_1000_diff1": -0.007565,
        "nauc_recall_at_1_max": 0.136656,
        "nauc_recall_at_1_std": -0.104527,
        "nauc_recall_at_1_diff1": 0.066514,
        "nauc_recall_at_3_max": 0.078434,
        "nauc_recall_at_3_std": -0.102722,
        "nauc_recall_at_3_diff1": -0.051859,
        "nauc_recall_at_5_max": 0.103678,
        "nauc_recall_at_5_std": -0.168074,
        "nauc_recall_at_5_diff1": -0.067168,
        "nauc_recall_at_10_max": 0.146048,
        "nauc_recall_at_10_std": -0.12358,
        "nauc_recall_at_10_diff1": -0.077345,
        "nauc_recall_at_20_max": 0.156198,
        "nauc_recall_at_20_std": 0.069728,
        "nauc_recall_at_20_diff1": -0.078753,
        "nauc_recall_at_100_max": 0.012007,
        "nauc_recall_at_100_std": 0.675179,
        "nauc_recall_at_100_diff1": -0.453238,
        "nauc_recall_at_1000_max": NaN,
        "nauc_recall_at_1000_std": NaN,
        "nauc_recall_at_1000_diff1": NaN,
        "nauc_precision_at_1_max": 0.136656,
        "nauc_precision_at_1_std": -0.104527,
        "nauc_precision_at_1_diff1": 0.066514,
        "nauc_precision_at_3_max": 0.078434,
        "nauc_precision_at_3_std": -0.102722,
        "nauc_precision_at_3_diff1": -0.051859,
        "nauc_precision_at_5_max": 0.103678,
        "nauc_precision_at_5_std": -0.168074,
        "nauc_precision_at_5_diff1": -0.067168,
        "nauc_precision_at_10_max": 0.146048,
        "nauc_precision_at_10_std": -0.12358,
        "nauc_precision_at_10_diff1": -0.077345,
        "nauc_precision_at_20_max": 0.156198,
        "nauc_precision_at_20_std": 0.069728,
        "nauc_precision_at_20_diff1": -0.078753,
        "nauc_precision_at_100_max": 0.012007,
        "nauc_precision_at_100_std": 0.675179,
        "nauc_precision_at_100_diff1": -0.453238,
        "nauc_precision_at_1000_max": 1.0,
        "nauc_precision_at_1000_std": 1.0,
        "nauc_precision_at_1000_diff1": 1.0,
        "nauc_mrr_at_1_max": 0.136656,
        "nauc_mrr_at_1_std": -0.104527,
        "nauc_mrr_at_1_diff1": 0.066514,
        "nauc_mrr_at_3_max": 0.093521,
        "nauc_mrr_at_3_std": -0.106588,
        "nauc_mrr_at_3_diff1": -0.019954,
        "nauc_mrr_at_5_max": 0.102246,
        "nauc_mrr_at_5_std": -0.122571,
        "nauc_mrr_at_5_diff1": -0.017932,
        "nauc_mrr_at_10_max": 0.108512,
        "nauc_mrr_at_10_std": -0.115171,
        "nauc_mrr_at_10_diff1": -0.017238,
        "nauc_mrr_at_20_max": 0.108383,
        "nauc_mrr_at_20_std": -0.101244,
        "nauc_mrr_at_20_diff1": -0.01351,
        "nauc_mrr_at_100_max": 0.107299,
        "nauc_mrr_at_100_std": -0.102391,
        "nauc_mrr_at_100_diff1": -0.014407,
        "nauc_mrr_at_1000_max": 0.107378,
        "nauc_mrr_at_1000_std": -0.103246,
        "nauc_mrr_at_1000_diff1": -0.013947,
        "cv_recall_at_1": 0.17949,
        "cv_recall_at_3": 0.33333,
        "cv_recall_at_5": 0.4188,
        "cv_recall_at_10": 0.55556,
        "cv_recall_at_20": 0.70085,
        "cv_recall_at_100": 0.96581,
        "cv_recall_at_1000": 1.0,
        "main_score": 0.34793,
        "hf_subset": "default",
        "languages": [
          "eng-Latn"
        ]
      }
    ]
  },
  "evaluation_time": 15.342800378799438,
  "kg_co2_emissions": null,
  "date": null
}