{
  "dataset_revision": "ea824f8065fa62e2e770a8a201c20b03abf87540",
  "task_name": "BIRCO-WTB",
  "mteb_version": "2.9.0",
  "scores": {
    "test": [
      {
        "ndcg_at_1": 0.23,
        "ndcg_at_3": 0.29047,
        "ndcg_at_5": 0.31931,
        "ndcg_at_10": 0.34653,
        "ndcg_at_20": 0.36412,
        "ndcg_at_100": 0.39168,
        "ndcg_at_1000": 0.4257,
        "map_at_1": 0.23,
        "map_at_3": 0.27667,
        "map_at_5": 0.29267,
        "map_at_10": 0.30469,
        "map_at_20": 0.30946,
        "map_at_100": 0.31311,
        "map_at_1000": 0.31434,
        "recall_at_1": 0.23,
        "recall_at_3": 0.33,
        "recall_at_5": 0.4,
        "recall_at_10": 0.48,
        "recall_at_20": 0.55,
        "recall_at_100": 0.7,
        "recall_at_1000": 0.97,
        "accuracy": 0.23,
        "precision_at_1": 0.23,
        "precision_at_3": 0.11,
        "precision_at_5": 0.08,
        "precision_at_10": 0.048,
        "precision_at_20": 0.0275,
        "precision_at_100": 0.007,
        "precision_at_1000": 0.00097,
        "mrr_at_1": 0.23,
        "mrr_at_3": 0.28,
        "mrr_at_5": 0.2915,
        "mrr_at_10": 0.304873,
        "mrr_at_20": 0.309676,
        "mrr_at_100": 0.313339,
        "mrr_at_1000": 0.314566,
        "nauc_ndcg_at_1_max": 0.402114,
        "nauc_ndcg_at_1_std": 0.025274,
        "nauc_ndcg_at_1_diff1": 0.684767,
        "nauc_ndcg_at_3_max": 0.327568,
        "nauc_ndcg_at_3_std": -0.047971,
        "nauc_ndcg_at_3_diff1": 0.542503,
        "nauc_ndcg_at_5_max": 0.317157,
        "nauc_ndcg_at_5_std": -0.039341,
        "nauc_ndcg_at_5_diff1": 0.483461,
        "nauc_ndcg_at_10_max": 0.316289,
        "nauc_ndcg_at_10_std": -0.006363,
        "nauc_ndcg_at_10_diff1": 0.469204,
        "nauc_ndcg_at_20_max": 0.319325,
        "nauc_ndcg_at_20_std": 0.004321,
        "nauc_ndcg_at_20_diff1": 0.460361,
        "nauc_ndcg_at_100_max": 0.293577,
        "nauc_ndcg_at_100_std": 0.04079,
        "nauc_ndcg_at_100_diff1": 0.441544,
        "nauc_ndcg_at_1000_max": 0.320958,
        "nauc_ndcg_at_1000_std": 0.022864,
        "nauc_ndcg_at_1000_diff1": 0.485037,
        "nauc_map_at_1_max": 0.402114,
        "nauc_map_at_1_std": 0.025274,
        "nauc_map_at_1_diff1": 0.684767,
        "nauc_map_at_3_max": 0.340705,
        "nauc_map_at_3_std": -0.033075,
        "nauc_map_at_3_diff1": 0.569016,
        "nauc_map_at_5_max": 0.334082,
        "nauc_map_at_5_std": -0.029486,
        "nauc_map_at_5_diff1": 0.535099,
        "nauc_map_at_10_max": 0.334624,
        "nauc_map_at_10_std": -0.012987,
        "nauc_map_at_10_diff1": 0.528903,
        "nauc_map_at_20_max": 0.335905,
        "nauc_map_at_20_std": -0.008423,
        "nauc_map_at_20_diff1": 0.526522,
        "nauc_map_at_100_max": 0.332911,
        "nauc_map_at_100_std": -0.002578,
        "nauc_map_at_100_diff1": 0.524412,
        "nauc_map_at_1000_max": 0.333989,
        "nauc_map_at_1000_std": -0.003464,
        "nauc_map_at_1000_diff1": 0.525753,
        "nauc_recall_at_1_max": 0.402114,
        "nauc_recall_at_1_std": 0.025274,
        "nauc_recall_at_1_diff1": 0.684767,
        "nauc_recall_at_3_max": 0.293539,
        "nauc_recall_at_3_std": -0.087537,
        "nauc_recall_at_3_diff1": 0.473113,
        "nauc_recall_at_5_max": 0.273301,
        "nauc_recall_at_5_std": -0.062152,
        "nauc_recall_at_5_diff1": 0.342006,
        "nauc_recall_at_10_max": 0.265547,
        "nauc_recall_at_10_std": 0.021846,
        "nauc_recall_at_10_diff1": 0.298283,
        "nauc_recall_at_20_max": 0.271502,
        "nauc_recall_at_20_std": 0.053472,
        "nauc_recall_at_20_diff1": 0.2543,
        "nauc_recall_at_100_max": 0.082544,
        "nauc_recall_at_100_std": 0.290056,
        "nauc_recall_at_100_diff1": 0.070005,
        "nauc_recall_at_1000_max": 0.466387,
        "nauc_recall_at_1000_std": 0.956427,
        "nauc_recall_at_1000_diff1": 0.637411,
        "nauc_precision_at_1_max": 0.402114,
        "nauc_precision_at_1_std": 0.025274,
        "nauc_precision_at_1_diff1": 0.684767,
        "nauc_precision_at_3_max": 0.293539,
        "nauc_precision_at_3_std": -0.087537,
        "nauc_precision_at_3_diff1": 0.473113,
        "nauc_precision_at_5_max": 0.273301,
        "nauc_precision_at_5_std": -0.062152,
        "nauc_precision_at_5_diff1": 0.342006,
        "nauc_precision_at_10_max": 0.265547,
        "nauc_precision_at_10_std": 0.021846,
        "nauc_precision_at_10_diff1": 0.298283,
        "nauc_precision_at_20_max": 0.271502,
        "nauc_precision_at_20_std": 0.053472,
        "nauc_precision_at_20_diff1": 0.2543,
        "nauc_precision_at_100_max": 0.082544,
        "nauc_precision_at_100_std": 0.290056,
        "nauc_precision_at_100_diff1": 0.070005,
        "nauc_precision_at_1000_max": 0.466387,
        "nauc_precision_at_1000_std": 0.956427,
        "nauc_precision_at_1000_diff1": 0.637411,
        "nauc_mrr_at_1_max": 0.402114,
        "nauc_mrr_at_1_std": 0.025274,
        "nauc_mrr_at_1_diff1": 0.684767,
        "nauc_mrr_at_3_max": 0.338866,
        "nauc_mrr_at_3_std": -0.027298,
        "nauc_mrr_at_3_diff1": 0.560694,
        "nauc_mrr_at_5_max": 0.332937,
        "nauc_mrr_at_5_std": -0.035055,
        "nauc_mrr_at_5_diff1": 0.537973,
        "nauc_mrr_at_10_max": 0.335051,
        "nauc_mrr_at_10_std": -0.014819,
        "nauc_mrr_at_10_diff1": 0.527819,
        "nauc_mrr_at_20_max": 0.336359,
        "nauc_mrr_at_20_std": -0.010341,
        "nauc_mrr_at_20_diff1": 0.525466,
        "nauc_mrr_at_100_max": 0.333321,
        "nauc_mrr_at_100_std": -0.004333,
        "nauc_mrr_at_100_diff1": 0.523258,
        "nauc_mrr_at_1000_max": 0.334391,
        "nauc_mrr_at_1000_std": -0.005232,
        "nauc_mrr_at_1000_diff1": 0.524609,
        "cv_recall_at_1": 0.23,
        "cv_recall_at_3": 0.34,
        "cv_recall_at_5": 0.39,
        "cv_recall_at_10": 0.48,
        "cv_recall_at_20": 0.55,
        "cv_recall_at_100": 0.7,
        "cv_recall_at_1000": 0.97,
        "main_score": 0.34653,
        "hf_subset": "default",
        "languages": [
          "eng-Latn"
        ]
      }
    ]
  },
  "evaluation_time": 115.08391690254211,
  "kg_co2_emissions": null,
  "date": null
}