{
  "dataset_revision": "5377aa18f309ec440ff6325a4c2cd3362c2cb8d7",
  "task_name": "ChemRxivRetrieval",
  "mteb_version": "2.9.0",
  "scores": {
    "test": [
      {
        "ndcg_at_1": 0.5818,
        "ndcg_at_3": 0.69322,
        "ndcg_at_5": 0.71559,
        "ndcg_at_10": 0.73416,
        "ndcg_at_20": 0.74474,
        "ndcg_at_100": 0.75282,
        "ndcg_at_1000": 0.75595,
        "map_at_1": 0.5818,
        "map_at_3": 0.6661,
        "map_at_5": 0.67854,
        "map_at_10": 0.68631,
        "map_at_20": 0.68925,
        "map_at_100": 0.69039,
        "map_at_1000": 0.6905,
        "recall_at_1": 0.5818,
        "recall_at_3": 0.7716,
        "recall_at_5": 0.8258,
        "recall_at_10": 0.8826,
        "recall_at_20": 0.9242,
        "recall_at_100": 0.9674,
        "recall_at_1000": 0.9922,
        "accuracy": 0.5818,
        "precision_at_1": 0.5818,
        "precision_at_3": 0.2572,
        "precision_at_5": 0.16516,
        "precision_at_10": 0.08826,
        "precision_at_20": 0.04621,
        "precision_at_100": 0.00967,
        "precision_at_1000": 0.00099,
        "mrr_at_1": 0.5832,
        "mrr_at_3": 0.6667,
        "mrr_at_5": 0.67938,
        "mrr_at_10": 0.68704,
        "mrr_at_20": 0.689955,
        "mrr_at_100": 0.69111,
        "mrr_at_1000": 0.691224,
        "nauc_ndcg_at_1_max": 0.380744,
        "nauc_ndcg_at_1_std": -0.083551,
        "nauc_ndcg_at_1_diff1": 0.697155,
        "nauc_ndcg_at_3_max": 0.414868,
        "nauc_ndcg_at_3_std": -0.063194,
        "nauc_ndcg_at_3_diff1": 0.646972,
        "nauc_ndcg_at_5_max": 0.426042,
        "nauc_ndcg_at_5_std": -0.047155,
        "nauc_ndcg_at_5_diff1": 0.649853,
        "nauc_ndcg_at_10_max": 0.437768,
        "nauc_ndcg_at_10_std": -0.033242,
        "nauc_ndcg_at_10_diff1": 0.652587,
        "nauc_ndcg_at_20_max": 0.434265,
        "nauc_ndcg_at_20_std": -0.028238,
        "nauc_ndcg_at_20_diff1": 0.654342,
        "nauc_ndcg_at_100_max": 0.427881,
        "nauc_ndcg_at_100_std": -0.034956,
        "nauc_ndcg_at_100_diff1": 0.658102,
        "nauc_ndcg_at_1000_max": 0.423478,
        "nauc_ndcg_at_1000_std": -0.041913,
        "nauc_ndcg_at_1000_diff1": 0.659131,
        "nauc_map_at_1_max": 0.380744,
        "nauc_map_at_1_std": -0.083551,
        "nauc_map_at_1_diff1": 0.697155,
        "nauc_map_at_3_max": 0.404217,
        "nauc_map_at_3_std": -0.0707,
        "nauc_map_at_3_diff1": 0.660226,
        "nauc_map_at_5_max": 0.409293,
        "nauc_map_at_5_std": -0.06291,
        "nauc_map_at_5_diff1": 0.662175,
        "nauc_map_at_10_max": 0.413138,
        "nauc_map_at_10_std": -0.058484,
        "nauc_map_at_10_diff1": 0.66353,
        "nauc_map_at_20_max": 0.412069,
        "nauc_map_at_20_std": -0.057552,
        "nauc_map_at_20_diff1": 0.664018,
        "nauc_map_at_100_max": 0.411288,
        "nauc_map_at_100_std": -0.058272,
        "nauc_map_at_100_diff1": 0.66453,
        "nauc_map_at_1000_max": 0.411172,
        "nauc_map_at_1000_std": -0.05848,
        "nauc_map_at_1000_diff1": 0.664571,
        "nauc_recall_at_1_max": 0.380744,
        "nauc_recall_at_1_std": -0.083551,
        "nauc_recall_at_1_diff1": 0.697155,
        "nauc_recall_at_3_max": 0.455664,
        "nauc_recall_at_3_std": -0.033877,
        "nauc_recall_at_3_diff1": 0.597399,
        "nauc_recall_at_5_max": 0.506514,
        "nauc_recall_at_5_std": 0.030073,
        "nauc_recall_at_5_diff1": 0.594526,
        "nauc_recall_at_10_max": 0.609688,
        "nauc_recall_at_10_std": 0.147538,
        "nauc_recall_at_10_diff1": 0.586519,
        "nauc_recall_at_20_max": 0.66012,
        "nauc_recall_at_20_std": 0.295253,
        "nauc_recall_at_20_diff1": 0.57245,
        "nauc_recall_at_100_max": 0.740037,
        "nauc_recall_at_100_std": 0.47843,
        "nauc_recall_at_100_diff1": 0.584781,
        "nauc_recall_at_1000_max": 0.805729,
        "nauc_recall_at_1000_std": 0.693337,
        "nauc_recall_at_1000_diff1": 0.544854,
        "nauc_precision_at_1_max": 0.380744,
        "nauc_precision_at_1_std": -0.083551,
        "nauc_precision_at_1_diff1": 0.697155,
        "nauc_precision_at_3_max": 0.455664,
        "nauc_precision_at_3_std": -0.033877,
        "nauc_precision_at_3_diff1": 0.597399,
        "nauc_precision_at_5_max": 0.506514,
        "nauc_precision_at_5_std": 0.030073,
        "nauc_precision_at_5_diff1": 0.594526,
        "nauc_precision_at_10_max": 0.609688,
        "nauc_precision_at_10_std": 0.147538,
        "nauc_precision_at_10_diff1": 0.586519,
        "nauc_precision_at_20_max": 0.66012,
        "nauc_precision_at_20_std": 0.295253,
        "nauc_precision_at_20_diff1": 0.57245,
        "nauc_precision_at_100_max": 0.740037,
        "nauc_precision_at_100_std": 0.47843,
        "nauc_precision_at_100_diff1": 0.584781,
        "nauc_precision_at_1000_max": 0.805729,
        "nauc_precision_at_1000_std": 0.693337,
        "nauc_precision_at_1000_diff1": 0.544854,
        "nauc_mrr_at_1_max": 0.378561,
        "nauc_mrr_at_1_std": -0.084447,
        "nauc_mrr_at_1_diff1": 0.693879,
        "nauc_mrr_at_3_max": 0.401822,
        "nauc_mrr_at_3_std": -0.072607,
        "nauc_mrr_at_3_diff1": 0.659142,
        "nauc_mrr_at_5_max": 0.407184,
        "nauc_mrr_at_5_std": -0.065367,
        "nauc_mrr_at_5_diff1": 0.660557,
        "nauc_mrr_at_10_max": 0.411332,
        "nauc_mrr_at_10_std": -0.0598,
        "nauc_mrr_at_10_diff1": 0.661829,
        "nauc_mrr_at_20_max": 0.410242,
        "nauc_mrr_at_20_std": -0.058981,
        "nauc_mrr_at_20_diff1": 0.662337,
        "nauc_mrr_at_100_max": 0.409408,
        "nauc_mrr_at_100_std": -0.059782,
        "nauc_mrr_at_100_diff1": 0.66282,
        "nauc_mrr_at_1000_max": 0.409292,
        "nauc_mrr_at_1000_std": -0.059991,
        "nauc_mrr_at_1000_diff1": 0.662862,
        "cv_recall_at_1": 0.5832,
        "cv_recall_at_3": 0.7714,
        "cv_recall_at_5": 0.8264,
        "cv_recall_at_10": 0.8826,
        "cv_recall_at_20": 0.9238,
        "cv_recall_at_100": 0.9674,
        "cv_recall_at_1000": 0.9922,
        "main_score": 0.73416,
        "hf_subset": "default",
        "languages": [
          "eng-Latn"
        ]
      }
    ]
  },
  "evaluation_time": 4728.115559339523,
  "kg_co2_emissions": null,
  "date": null
}