{
  "dataset_revision": "1840e8a5ac6ec752bbdd97d543ead0189bc7c25b",
  "task_name": "ChemHotpotQARetrieval",
  "mteb_version": "2.9.0",
  "scores": {
    "train": [
      {
        "ndcg_at_1": 0.76667,
        "ndcg_at_3": 0.80306,
        "ndcg_at_5": 0.81214,
        "ndcg_at_10": 0.82339,
        "ndcg_at_20": 0.82691,
        "ndcg_at_100": 0.83814,
        "ndcg_at_1000": 0.8427,
        "map_at_1": 0.74722,
        "map_at_3": 0.78889,
        "map_at_5": 0.79389,
        "map_at_10": 0.79881,
        "map_at_20": 0.7999,
        "map_at_100": 0.8016,
        "map_at_1000": 0.80182,
        "recall_at_1": 0.74722,
        "recall_at_3": 0.83333,
        "recall_at_5": 0.85556,
        "recall_at_10": 0.88889,
        "recall_at_20": 0.90278,
        "recall_at_100": 0.96111,
        "recall_at_1000": 0.99444,
        "accuracy": 0.74722,
        "precision_at_1": 0.76667,
        "precision_at_3": 0.28704,
        "precision_at_5": 0.17667,
        "precision_at_10": 0.09167,
        "precision_at_20": 0.04667,
        "precision_at_100": 0.00994,
        "precision_at_1000": 0.00103,
        "mrr_at_1": 0.766667,
        "mrr_at_3": 0.799074,
        "mrr_at_5": 0.808796,
        "mrr_at_10": 0.810939,
        "mrr_at_20": 0.811558,
        "mrr_at_100": 0.813191,
        "mrr_at_1000": 0.813343,
        "nauc_ndcg_at_1_max": 0.702055,
        "nauc_ndcg_at_1_std": -0.301657,
        "nauc_ndcg_at_1_diff1": 0.864235,
        "nauc_ndcg_at_3_max": 0.614143,
        "nauc_ndcg_at_3_std": -0.31686,
        "nauc_ndcg_at_3_diff1": 0.753582,
        "nauc_ndcg_at_5_max": 0.605852,
        "nauc_ndcg_at_5_std": -0.348381,
        "nauc_ndcg_at_5_diff1": 0.750116,
        "nauc_ndcg_at_10_max": 0.588169,
        "nauc_ndcg_at_10_std": -0.28841,
        "nauc_ndcg_at_10_diff1": 0.733592,
        "nauc_ndcg_at_20_max": 0.585591,
        "nauc_ndcg_at_20_std": -0.293497,
        "nauc_ndcg_at_20_diff1": 0.73612,
        "nauc_ndcg_at_100_max": 0.590332,
        "nauc_ndcg_at_100_std": -0.284709,
        "nauc_ndcg_at_100_diff1": 0.747554,
        "nauc_ndcg_at_1000_max": 0.601479,
        "nauc_ndcg_at_1000_std": -0.305033,
        "nauc_ndcg_at_1000_diff1": 0.756762,
        "nauc_map_at_1_max": 0.567689,
        "nauc_map_at_1_std": -0.306171,
        "nauc_map_at_1_diff1": 0.773132,
        "nauc_map_at_3_max": 0.604351,
        "nauc_map_at_3_std": -0.318435,
        "nauc_map_at_3_diff1": 0.749242,
        "nauc_map_at_5_max": 0.600164,
        "nauc_map_at_5_std": -0.334618,
        "nauc_map_at_5_diff1": 0.747263,
        "nauc_map_at_10_max": 0.593123,
        "nauc_map_at_10_std": -0.310463,
        "nauc_map_at_10_diff1": 0.740721,
        "nauc_map_at_20_max": 0.592765,
        "nauc_map_at_20_std": -0.311993,
        "nauc_map_at_20_diff1": 0.741524,
        "nauc_map_at_100_max": 0.593176,
        "nauc_map_at_100_std": -0.31064,
        "nauc_map_at_100_diff1": 0.743015,
        "nauc_map_at_1000_max": 0.593839,
        "nauc_map_at_1000_std": -0.311345,
        "nauc_map_at_1000_diff1": 0.743464,
        "nauc_recall_at_1_max": 0.567689,
        "nauc_recall_at_1_std": -0.306171,
        "nauc_recall_at_1_diff1": 0.773132,
        "nauc_recall_at_3_max": 0.554138,
        "nauc_recall_at_3_std": -0.31931,
        "nauc_recall_at_3_diff1": 0.677898,
        "nauc_recall_at_5_max": 0.519045,
        "nauc_recall_at_5_std": -0.415158,
        "nauc_recall_at_5_diff1": 0.657431,
        "nauc_recall_at_10_max": 0.418094,
        "nauc_recall_at_10_std": -0.171783,
        "nauc_recall_at_10_diff1": 0.560289,
        "nauc_recall_at_20_max": 0.373932,
        "nauc_recall_at_20_std": -0.189302,
        "nauc_recall_at_20_diff1": 0.55085,
        "nauc_recall_at_100_max": 0.161198,
        "nauc_recall_at_100_std": 0.098173,
        "nauc_recall_at_100_diff1": 0.497532,
        "nauc_recall_at_1000_max": -0.563492,
        "nauc_recall_at_1000_std": -1.739963,
        "nauc_recall_at_1000_diff1": 0.722222,
        "nauc_precision_at_1_max": 0.702055,
        "nauc_precision_at_1_std": -0.301657,
        "nauc_precision_at_1_diff1": 0.864235,
        "nauc_precision_at_3_max": 0.665843,
        "nauc_precision_at_3_std": -0.259008,
        "nauc_precision_at_3_diff1": 0.651331,
        "nauc_precision_at_5_max": 0.648705,
        "nauc_precision_at_5_std": -0.335747,
        "nauc_precision_at_5_diff1": 0.63012,
        "nauc_precision_at_10_max": 0.592014,
        "nauc_precision_at_10_std": -0.111024,
        "nauc_precision_at_10_diff1": 0.541408,
        "nauc_precision_at_20_max": 0.515433,
        "nauc_precision_at_20_std": -0.111021,
        "nauc_precision_at_20_diff1": 0.476352,
        "nauc_precision_at_100_max": 0.497507,
        "nauc_precision_at_100_std": 0.137041,
        "nauc_precision_at_100_diff1": 0.386795,
        "nauc_precision_at_1000_max": 0.513903,
        "nauc_precision_at_1000_std": 0.011441,
        "nauc_precision_at_1000_diff1": 0.283306,
        "nauc_mrr_at_1_max": 0.702055,
        "nauc_mrr_at_1_std": -0.301657,
        "nauc_mrr_at_1_diff1": 0.864235,
        "nauc_mrr_at_3_max": 0.689103,
        "nauc_mrr_at_3_std": -0.308916,
        "nauc_mrr_at_3_diff1": 0.830924,
        "nauc_mrr_at_5_max": 0.682329,
        "nauc_mrr_at_5_std": -0.299532,
        "nauc_mrr_at_5_diff1": 0.827236,
        "nauc_mrr_at_10_max": 0.681044,
        "nauc_mrr_at_10_std": -0.293685,
        "nauc_mrr_at_10_diff1": 0.825397,
        "nauc_mrr_at_20_max": 0.680747,
        "nauc_mrr_at_20_std": -0.294246,
        "nauc_mrr_at_20_diff1": 0.826045,
        "nauc_mrr_at_100_max": 0.681031,
        "nauc_mrr_at_100_std": -0.292991,
        "nauc_mrr_at_100_diff1": 0.827388,
        "nauc_mrr_at_1000_max": 0.681218,
        "nauc_mrr_at_1000_std": -0.293853,
        "nauc_mrr_at_1000_diff1": 0.827441,
        "cv_recall_at_1": 0.76667,
        "cv_recall_at_3": 0.83889,
        "cv_recall_at_5": 0.88333,
        "cv_recall_at_10": 0.9,
        "cv_recall_at_20": 0.91111,
        "cv_recall_at_100": 0.96667,
        "cv_recall_at_1000": 0.99444,
        "main_score": 0.82339,
        "hf_subset": "default",
        "languages": [
          "eng-Latn"
        ]
      }
    ],
    "dev": [
      {
        "ndcg_at_1": 0.875,
        "ndcg_at_3": 0.875,
        "ndcg_at_5": 0.875,
        "ndcg_at_10": 0.91263,
        "ndcg_at_20": 0.91263,
        "ndcg_at_100": 0.91263,
        "ndcg_at_1000": 0.91263,
        "map_at_1": 0.875,
        "map_at_3": 0.875,
        "map_at_5": 0.875,
        "map_at_10": 0.88889,
        "map_at_20": 0.88889,
        "map_at_100": 0.88889,
        "map_at_1000": 0.88889,
        "recall_at_1": 0.875,
        "recall_at_3": 0.875,
        "recall_at_5": 0.875,
        "recall_at_10": 1.0,
        "recall_at_20": 1.0,
        "recall_at_100": 1.0,
        "recall_at_1000": 1.0,
        "accuracy": 0.875,
        "precision_at_1": 0.875,
        "precision_at_3": 0.29167,
        "precision_at_5": 0.175,
        "precision_at_10": 0.1,
        "precision_at_20": 0.05,
        "precision_at_100": 0.01,
        "precision_at_1000": 0.001,
        "mrr_at_1": 0.875,
        "mrr_at_3": 0.875,
        "mrr_at_5": 0.875,
        "mrr_at_10": 0.890625,
        "mrr_at_20": 0.890625,
        "mrr_at_100": 0.890625,
        "mrr_at_1000": 0.890625,
        "nauc_ndcg_at_1_max": 1.0,
        "nauc_ndcg_at_1_std": 0.551821,
        "nauc_ndcg_at_1_diff1": 0.865546,
        "nauc_ndcg_at_3_max": 1.0,
        "nauc_ndcg_at_3_std": 0.551821,
        "nauc_ndcg_at_3_diff1": 0.865546,
        "nauc_ndcg_at_5_max": 1.0,
        "nauc_ndcg_at_5_std": 0.551821,
        "nauc_ndcg_at_5_diff1": 0.865546,
        "nauc_ndcg_at_10_max": 1.0,
        "nauc_ndcg_at_10_std": 0.551821,
        "nauc_ndcg_at_10_diff1": 0.865546,
        "nauc_ndcg_at_20_max": 1.0,
        "nauc_ndcg_at_20_std": 0.551821,
        "nauc_ndcg_at_20_diff1": 0.865546,
        "nauc_ndcg_at_100_max": 1.0,
        "nauc_ndcg_at_100_std": 0.551821,