{
  "dataset_revision": "f8b884697871cb38901139f2435c273135f83a3f",
  "task_name": "CQADupstackUnix-VN",
  "mteb_version": "2.9.0",
  "scores": {
    "test": [
      {
        "ndcg_at_1": 0.12817,
        "ndcg_at_3": 0.14537,
        "ndcg_at_5": 0.15431,
        "ndcg_at_10": 0.16649,
        "ndcg_at_20": 0.17716,
        "ndcg_at_100": 0.20162,
        "ndcg_at_1000": 0.22879,
        "map_at_1": 0.11113,
        "map_at_3": 0.13273,
        "map_at_5": 0.1383,
        "map_at_10": 0.14324,
        "map_at_20": 0.14634,
        "map_at_100": 0.14956,
        "map_at_1000": 0.1505,
        "recall_at_1": 0.11113,
        "recall_at_3": 0.15935,
        "recall_at_5": 0.18172,
        "recall_at_10": 0.21881,
        "recall_at_20": 0.25849,
        "recall_at_100": 0.38402,
        "recall_at_1000": 0.58325,
        "accuracy": 0.11113,
        "precision_at_1": 0.12817,
        "precision_at_3": 0.06288,
        "precision_at_5": 0.04401,
        "precision_at_10": 0.02672,
        "precision_at_20": 0.01596,
        "precision_at_100": 0.00496,
        "precision_at_1000": 0.00083,
        "mrr_at_1": 0.128174,
        "mrr_at_3": 0.150343,
        "mrr_at_5": 0.157356,
        "mrr_at_10": 0.163464,
        "mrr_at_20": 0.166573,
        "mrr_at_100": 0.169846,
        "mrr_at_1000": 0.170678,
        "nauc_ndcg_at_1_max": 0.157828,
        "nauc_ndcg_at_1_std": 0.179682,
        "nauc_ndcg_at_1_diff1": 0.452762,
        "nauc_ndcg_at_3_max": 0.117652,
        "nauc_ndcg_at_3_std": 0.202417,
        "nauc_ndcg_at_3_diff1": 0.360358,
        "nauc_ndcg_at_5_max": 0.108311,
        "nauc_ndcg_at_5_std": 0.189055,
        "nauc_ndcg_at_5_diff1": 0.341583,
        "nauc_ndcg_at_10_max": 0.106908,
        "nauc_ndcg_at_10_std": 0.194133,
        "nauc_ndcg_at_10_diff1": 0.331858,
        "nauc_ndcg_at_20_max": 0.104352,
        "nauc_ndcg_at_20_std": 0.186054,
        "nauc_ndcg_at_20_diff1": 0.320954,
        "nauc_ndcg_at_100_max": 0.100628,
        "nauc_ndcg_at_100_std": 0.192365,
        "nauc_ndcg_at_100_diff1": 0.305209,
        "nauc_ndcg_at_1000_max": 0.109112,
        "nauc_ndcg_at_1000_std": 0.203721,
        "nauc_ndcg_at_1000_diff1": 0.296495,
        "nauc_map_at_1_max": 0.138478,
        "nauc_map_at_1_std": 0.195331,
        "nauc_map_at_1_diff1": 0.44195,
        "nauc_map_at_3_max": 0.119821,
        "nauc_map_at_3_std": 0.206698,
        "nauc_map_at_3_diff1": 0.379369,
        "nauc_map_at_5_max": 0.115913,
        "nauc_map_at_5_std": 0.198727,
        "nauc_map_at_5_diff1": 0.368685,
        "nauc_map_at_10_max": 0.114899,
        "nauc_map_at_10_std": 0.200846,
        "nauc_map_at_10_diff1": 0.364123,
        "nauc_map_at_20_max": 0.114717,
        "nauc_map_at_20_std": 0.1985,
        "nauc_map_at_20_diff1": 0.3609,
        "nauc_map_at_100_max": 0.113857,
        "nauc_map_at_100_std": 0.199075,
        "nauc_map_at_100_diff1": 0.358271,
        "nauc_map_at_1000_max": 0.114263,
        "nauc_map_at_1000_std": 0.199615,
        "nauc_map_at_1000_diff1": 0.357987,
        "nauc_recall_at_1_max": 0.138478,
        "nauc_recall_at_1_std": 0.195331,
        "nauc_recall_at_1_diff1": 0.44195,
        "nauc_recall_at_3_max": 0.09787,
        "nauc_recall_at_3_std": 0.208347,
        "nauc_recall_at_3_diff1": 0.310761,
        "nauc_recall_at_5_max": 0.080364,
        "nauc_recall_at_5_std": 0.176904,
        "nauc_recall_at_5_diff1": 0.278011,
        "nauc_recall_at_10_max": 0.073172,
        "nauc_recall_at_10_std": 0.180477,
        "nauc_recall_at_10_diff1": 0.249187,
        "nauc_recall_at_20_max": 0.065413,
        "nauc_recall_at_20_std": 0.157787,
        "nauc_recall_at_20_diff1": 0.223037,
        "nauc_recall_at_100_max": 0.051222,
        "nauc_recall_at_100_std": 0.175993,
        "nauc_recall_at_100_diff1": 0.16671,
        "nauc_recall_at_1000_max": 0.09115,
        "nauc_recall_at_1000_std": 0.232028,
        "nauc_recall_at_1000_diff1": 0.09005,
        "nauc_precision_at_1_max": 0.157828,
        "nauc_precision_at_1_std": 0.179682,
        "nauc_precision_at_1_diff1": 0.452762,
        "nauc_precision_at_3_max": 0.099665,
        "nauc_precision_at_3_std": 0.202436,
        "nauc_precision_at_3_diff1": 0.301124,
        "nauc_precision_at_5_max": 0.102721,
        "nauc_precision_at_5_std": 0.182179,
        "nauc_precision_at_5_diff1": 0.263369,
        "nauc_precision_at_10_max": 0.10874,
        "nauc_precision_at_10_std": 0.197834,
        "nauc_precision_at_10_diff1": 0.239691,
        "nauc_precision_at_20_max": 0.103771,
        "nauc_precision_at_20_std": 0.16841,
        "nauc_precision_at_20_diff1": 0.220268,
        "nauc_precision_at_100_max": 0.092935,
        "nauc_precision_at_100_std": 0.208617,
        "nauc_precision_at_100_diff1": 0.14658,
        "nauc_precision_at_1000_max": 0.115683,
        "nauc_precision_at_1000_std": 0.202454,
        "nauc_precision_at_1000_diff1": 0.030478,
        "nauc_mrr_at_1_max": 0.157828,
        "nauc_mrr_at_1_std": 0.179682,
        "nauc_mrr_at_1_diff1": 0.452762,
        "nauc_mrr_at_3_max": 0.136043,
        "nauc_mrr_at_3_std": 0.189778,
        "nauc_mrr_at_3_diff1": 0.39589,
        "nauc_mrr_at_5_max": 0.130158,
        "nauc_mrr_at_5_std": 0.181204,
        "nauc_mrr_at_5_diff1": 0.376734,
        "nauc_mrr_at_10_max": 0.128114,
        "nauc_mrr_at_10_std": 0.183614,
        "nauc_mrr_at_10_diff1": 0.36969,
        "nauc_mrr_at_20_max": 0.126442,
        "nauc_mrr_at_20_std": 0.180639,
        "nauc_mrr_at_20_diff1": 0.364499,
        "nauc_mrr_at_100_max": 0.126284,
        "nauc_mrr_at_100_std": 0.181348,
        "nauc_mrr_at_100_diff1": 0.362113,
        "nauc_mrr_at_1000_max": 0.126538,
        "nauc_mrr_at_1000_std": 0.181814,
        "nauc_mrr_at_1000_diff1": 0.362237,
        "cv_recall_at_1": 0.12817,
        "cv_recall_at_3": 0.17896,
        "cv_recall_at_5": 0.20798,
        "cv_recall_at_10": 0.25514,
        "cv_recall_at_20": 0.29988,
        "cv_recall_at_100": 0.44377,
        "cv_recall_at_1000": 0.65417,
        "main_score": 0.16649,
        "hf_subset": "default",
        "languages": [
          "vie-Latn"
        ]
      }
    ]
  },
  "evaluation_time": 3817.7607741355896,
  "kg_co2_emissions": null,
  "date": null
}