{
  "dataset_revision": "25cd4dc8172e799235d83c66439b6b7b8e6583ec",
  "task_name": "DS1000Retrieval",
  "mteb_version": "2.9.0",
  "scores": {
    "test": [
      {
        "ndcg_at_1": 0.15265,
        "ndcg_at_3": 0.2841,
        "ndcg_at_5": 0.32578,
        "ndcg_at_10": 0.36032,
        "ndcg_at_20": 0.38427,
        "ndcg_at_100": 0.42015,
        "ndcg_at_1000": 0.43592,
        "map_at_1": 0.15265,
        "map_at_3": 0.25292,
        "map_at_5": 0.27619,
        "map_at_10": 0.29077,
        "map_at_20": 0.29731,
        "map_at_100": 0.3022,
        "map_at_1000": 0.30277,
        "recall_at_1": 0.15265,
        "recall_at_3": 0.37387,
        "recall_at_5": 0.47447,
        "recall_at_10": 0.57958,
        "recall_at_20": 0.67467,
        "recall_at_100": 0.86937,
        "recall_at_1000": 0.99399,
        "accuracy": 0.15265,
        "precision_at_1": 0.15265,
        "precision_at_3": 0.12462,
        "precision_at_5": 0.09489,
        "precision_at_10": 0.05796,
        "precision_at_20": 0.03373,
        "precision_at_100": 0.00869,
        "precision_at_1000": 0.00099,
        "mrr_at_1": 0.151151,
        "mrr_at_3": 0.251835,
        "mrr_at_5": 0.275334,
        "mrr_at_10": 0.289614,
        "mrr_at_20": 0.296422,
        "mrr_at_100": 0.301174,
        "mrr_at_1000": 0.301756,
        "nauc_ndcg_at_1_max": 0.349418,
        "nauc_ndcg_at_1_std": 0.055767,
        "nauc_ndcg_at_1_diff1": 0.210205,
        "nauc_ndcg_at_3_max": 0.464022,
        "nauc_ndcg_at_3_std": 0.081269,
        "nauc_ndcg_at_3_diff1": 0.191211,
        "nauc_ndcg_at_5_max": 0.484559,
        "nauc_ndcg_at_5_std": 0.1006,
        "nauc_ndcg_at_5_diff1": 0.185259,
        "nauc_ndcg_at_10_max": 0.491989,
        "nauc_ndcg_at_10_std": 0.121708,
        "nauc_ndcg_at_10_diff1": 0.187904,
        "nauc_ndcg_at_20_max": 0.492944,
        "nauc_ndcg_at_20_std": 0.128168,
        "nauc_ndcg_at_20_diff1": 0.195819,
        "nauc_ndcg_at_100_max": 0.493801,
        "nauc_ndcg_at_100_std": 0.142554,
        "nauc_ndcg_at_100_diff1": 0.194463,
        "nauc_ndcg_at_1000_max": 0.479801,
        "nauc_ndcg_at_1000_std": 0.12044,
        "nauc_ndcg_at_1000_diff1": 0.194845,
        "nauc_map_at_1_max": 0.349418,
        "nauc_map_at_1_std": 0.055767,
        "nauc_map_at_1_diff1": 0.210205,
        "nauc_map_at_3_max": 0.443131,
        "nauc_map_at_3_std": 0.075318,
        "nauc_map_at_3_diff1": 0.193822,
        "nauc_map_at_5_max": 0.455584,
        "nauc_map_at_5_std": 0.086623,
        "nauc_map_at_5_diff1": 0.18998,
        "nauc_map_at_10_max": 0.458564,
        "nauc_map_at_10_std": 0.095858,
        "nauc_map_at_10_diff1": 0.191421,
        "nauc_map_at_20_max": 0.458406,
        "nauc_map_at_20_std": 0.09721,
        "nauc_map_at_20_diff1": 0.193706,
        "nauc_map_at_100_max": 0.458587,
        "nauc_map_at_100_std": 0.098879,
        "nauc_map_at_100_diff1": 0.193661,
        "nauc_map_at_1000_max": 0.458135,
        "nauc_map_at_1000_std": 0.098187,
        "nauc_map_at_1000_diff1": 0.193708,
        "nauc_recall_at_1_max": 0.349418,
        "nauc_recall_at_1_std": 0.055767,
        "nauc_recall_at_1_diff1": 0.210205,
        "nauc_recall_at_3_max": 0.51323,
        "nauc_recall_at_3_std": 0.095751,
        "nauc_recall_at_3_diff1": 0.185366,
        "nauc_recall_at_5_max": 0.555747,
        "nauc_recall_at_5_std": 0.136936,
        "nauc_recall_at_5_diff1": 0.173916,
        "nauc_recall_at_10_max": 0.582976,
        "nauc_recall_at_10_std": 0.198983,
        "nauc_recall_at_10_diff1": 0.179204,
        "nauc_recall_at_20_max": 0.603588,
        "nauc_recall_at_20_std": 0.240613,
        "nauc_recall_at_20_diff1": 0.210183,
        "nauc_recall_at_100_max": 0.72641,
        "nauc_recall_at_100_std": 0.520838,
        "nauc_recall_at_100_diff1": 0.208656,
        "nauc_recall_at_1000_max": 0.720669,
        "nauc_recall_at_1000_std": 0.700824,
        "nauc_recall_at_1000_diff1": 0.511835,
        "nauc_precision_at_1_max": 0.349418,
        "nauc_precision_at_1_std": 0.055767,
        "nauc_precision_at_1_diff1": 0.210205,
        "nauc_precision_at_3_max": 0.51323,
        "nauc_precision_at_3_std": 0.095751,
        "nauc_precision_at_3_diff1": 0.185366,
        "nauc_precision_at_5_max": 0.555747,
        "nauc_precision_at_5_std": 0.136936,
        "nauc_precision_at_5_diff1": 0.173916,
        "nauc_precision_at_10_max": 0.582976,
        "nauc_precision_at_10_std": 0.198983,
        "nauc_precision_at_10_diff1": 0.179204,
        "nauc_precision_at_20_max": 0.603588,
        "nauc_precision_at_20_std": 0.240613,
        "nauc_precision_at_20_diff1": 0.210183,
        "nauc_precision_at_100_max": 0.72641,
        "nauc_precision_at_100_std": 0.520838,
        "nauc_precision_at_100_diff1": 0.208656,
        "nauc_precision_at_1000_max": 0.720669,
        "nauc_precision_at_1000_std": 0.700824,
        "nauc_precision_at_1000_diff1": 0.511835,
        "nauc_mrr_at_1_max": 0.360308,
        "nauc_mrr_at_1_std": 0.055774,
        "nauc_mrr_at_1_diff1": 0.211912,
        "nauc_mrr_at_3_max": 0.45006,
        "nauc_mrr_at_3_std": 0.072779,
        "nauc_mrr_at_3_diff1": 0.179466,
        "nauc_mrr_at_5_max": 0.461991,
        "nauc_mrr_at_5_std": 0.084166,
        "nauc_mrr_at_5_diff1": 0.182924,
        "nauc_mrr_at_10_max": 0.464554,
        "nauc_mrr_at_10_std": 0.093548,
        "nauc_mrr_at_10_diff1": 0.184448,
        "nauc_mrr_at_20_max": 0.464831,
        "nauc_mrr_at_20_std": 0.095362,
        "nauc_mrr_at_20_diff1": 0.186812,
        "nauc_mrr_at_100_max": 0.464916,
        "nauc_mrr_at_100_std": 0.097068,
        "nauc_mrr_at_100_diff1": 0.186614,
        "nauc_mrr_at_1000_max": 0.464472,
        "nauc_mrr_at_1000_std": 0.096369,
        "nauc_mrr_at_1000_diff1": 0.18665,
        "cv_recall_at_1": 0.15115,
        "cv_recall_at_3": 0.37538,
        "cv_recall_at_5": 0.47648,
        "cv_recall_at_10": 0.57908,
        "cv_recall_at_20": 0.67818,
        "cv_recall_at_100": 0.86937,
        "cv_recall_at_1000": 0.99399,
        "main_score": 0.36032,
        "hf_subset": "default",
        "languages": [
          "eng-Latn",
          "python-Code"
        ]
      }
    ]
  },
  "evaluation_time": 324.02671694755554,
  "kg_co2_emissions": null,
  "date": null
}