{
  "dataset_revision": "4482db2a053706c0aef0ab7bf1878d29bb0295f8",
  "task_name": "GovReport",
  "mteb_version": "2.9.0",
  "scores": {
    "test": [
      {
        "ndcg_at_1": 0.85979,
        "ndcg_at_3": 0.93063,
        "ndcg_at_5": 0.93698,
        "ndcg_at_10": 0.93935,
        "ndcg_at_20": 0.93935,
        "ndcg_at_100": 0.93935,
        "ndcg_at_1000": 0.93935,
        "map_at_1": 0.85876,
        "map_at_3": 0.91435,
        "map_at_5": 0.91785,
        "map_at_10": 0.91885,
        "map_at_20": 0.91885,
        "map_at_100": 0.91885,
        "map_at_1000": 0.91885,
        "recall_at_1": 0.85876,
        "recall_at_3": 0.97732,
        "recall_at_5": 0.99278,
        "recall_at_10": 1.0,
        "recall_at_20": 1.0,
        "recall_at_100": 1.0,
        "recall_at_1000": 1.0,
        "accuracy": 0.85876,
        "precision_at_1": 0.85979,
        "precision_at_3": 0.3268,
        "precision_at_5": 0.19918,
        "precision_at_10": 0.10031,
        "precision_at_20": 0.05015,
        "precision_at_100": 0.01003,
        "precision_at_1000": 0.001,
        "mrr_at_1": 0.859794,
        "mrr_at_3": 0.914433,
        "mrr_at_5": 0.918144,
        "mrr_at_10": 0.918972,
        "mrr_at_20": 0.918972,
        "mrr_at_100": 0.918972,
        "mrr_at_1000": 0.918972,
        "nauc_ndcg_at_1_max": 0.387575,
        "nauc_ndcg_at_1_std": -0.362653,
        "nauc_ndcg_at_1_diff1": 0.841023,
        "nauc_ndcg_at_3_max": 0.440573,
        "nauc_ndcg_at_3_std": -0.432765,
        "nauc_ndcg_at_3_diff1": 0.822153,
        "nauc_ndcg_at_5_max": 0.417111,
        "nauc_ndcg_at_5_std": -0.419266,
        "nauc_ndcg_at_5_diff1": 0.826394,
        "nauc_ndcg_at_10_max": 0.414779,
        "nauc_ndcg_at_10_std": -0.407235,
        "nauc_ndcg_at_10_diff1": 0.832612,
        "nauc_ndcg_at_20_max": 0.414779,
        "nauc_ndcg_at_20_std": -0.407235,
        "nauc_ndcg_at_20_diff1": 0.832612,
        "nauc_ndcg_at_100_max": 0.414779,
        "nauc_ndcg_at_100_std": -0.407235,
        "nauc_ndcg_at_100_diff1": 0.832612,
        "nauc_ndcg_at_1000_max": 0.414779,
        "nauc_ndcg_at_1000_std": -0.407235,
        "nauc_ndcg_at_1000_diff1": 0.832612,
        "nauc_map_at_1_max": 0.39042,
        "nauc_map_at_1_std": -0.369001,
        "nauc_map_at_1_diff1": 0.843063,
        "nauc_map_at_3_max": 0.424448,
        "nauc_map_at_3_std": -0.411675,
        "nauc_map_at_3_diff1": 0.828795,
        "nauc_map_at_5_max": 0.413382,
        "nauc_map_at_5_std": -0.406535,
        "nauc_map_at_5_diff1": 0.831103,
        "nauc_map_at_10_max": 0.412852,
        "nauc_map_at_10_std": -0.403206,
        "nauc_map_at_10_diff1": 0.833297,
        "nauc_map_at_20_max": 0.412852,
        "nauc_map_at_20_std": -0.403206,
        "nauc_map_at_20_diff1": 0.833297,
        "nauc_map_at_100_max": 0.412852,
        "nauc_map_at_100_std": -0.403206,
        "nauc_map_at_100_diff1": 0.833297,
        "nauc_map_at_1000_max": 0.412852,
        "nauc_map_at_1000_std": -0.403206,
        "nauc_map_at_1000_diff1": 0.833297,
        "nauc_recall_at_1_max": 0.39042,
        "nauc_recall_at_1_std": -0.369001,
        "nauc_recall_at_1_diff1": 0.843063,
        "nauc_recall_at_3_max": 0.604448,
        "nauc_recall_at_3_std": -0.645149,
        "nauc_recall_at_3_diff1": 0.753035,
        "nauc_recall_at_5_max": 0.489596,
        "nauc_recall_at_5_std": -0.752368,
        "nauc_recall_at_5_diff1": 0.682606,
        "nauc_recall_at_10_max": NaN,
        "nauc_recall_at_10_std": NaN,
        "nauc_recall_at_10_diff1": NaN,
        "nauc_recall_at_20_max": NaN,
        "nauc_recall_at_20_std": NaN,
        "nauc_recall_at_20_diff1": NaN,
        "nauc_recall_at_100_max": NaN,
        "nauc_recall_at_100_std": NaN,
        "nauc_recall_at_100_diff1": NaN,
        "nauc_recall_at_1000_max": NaN,
        "nauc_recall_at_1000_std": NaN,
        "nauc_recall_at_1000_diff1": NaN,
        "nauc_precision_at_1_max": 0.387575,
        "nauc_precision_at_1_std": -0.362653,
        "nauc_precision_at_1_diff1": 0.841023,
        "nauc_precision_at_3_max": 0.456942,
        "nauc_precision_at_3_std": -0.372884,
        "nauc_precision_at_3_diff1": 0.503216,
        "nauc_precision_at_5_max": 0.210086,
        "nauc_precision_at_5_std": -0.100096,
        "nauc_precision_at_5_diff1": 0.156218,
        "nauc_precision_at_10_max": -0.164744,
        "nauc_precision_at_10_std": 0.774618,
        "nauc_precision_at_10_diff1": -0.549682,
        "nauc_precision_at_20_max": -0.164744,
        "nauc_precision_at_20_std": 0.774618,
        "nauc_precision_at_20_diff1": -0.549682,
        "nauc_precision_at_100_max": -0.164744,
        "nauc_precision_at_100_std": 0.774618,
        "nauc_precision_at_100_diff1": -0.549682,
        "nauc_precision_at_1000_max": -0.164744,
        "nauc_precision_at_1000_std": 0.774618,
        "nauc_precision_at_1000_diff1": -0.549682,
        "nauc_mrr_at_1_max": 0.387575,
        "nauc_mrr_at_1_std": -0.362653,
        "nauc_mrr_at_1_diff1": 0.841023,
        "nauc_mrr_at_3_max": 0.42229,
        "nauc_mrr_at_3_std": -0.413483,
        "nauc_mrr_at_3_diff1": 0.829136,
        "nauc_mrr_at_5_max": 0.409583,
        "nauc_mrr_at_5_std": -0.411359,
        "nauc_mrr_at_5_diff1": 0.831363,
        "nauc_mrr_at_10_max": 0.410297,
        "nauc_mrr_at_10_std": -0.405601,
        "nauc_mrr_at_10_diff1": 0.833648,
        "nauc_mrr_at_20_max": 0.410297,
        "nauc_mrr_at_20_std": -0.405601,
        "nauc_mrr_at_20_diff1": 0.833648,
        "nauc_mrr_at_100_max": 0.410297,
        "nauc_mrr_at_100_std": -0.405601,
        "nauc_mrr_at_100_diff1": 0.833648,
        "nauc_mrr_at_1000_max": 0.410297,
        "nauc_mrr_at_1000_std": -0.405601,
        "nauc_mrr_at_1000_diff1": 0.833648,
        "cv_recall_at_1": 0.85979,
        "cv_recall_at_3": 0.97732,
        "cv_recall_at_5": 0.99381,
        "cv_recall_at_10": 1.0,
        "cv_recall_at_20": 1.0,
        "cv_recall_at_100": 1.0,
        "cv_recall_at_1000": 1.0,
        "main_score": 0.93935,
        "hf_subset": "default",
        "languages": [
          "eng-Latn"
        ]
      }
    ]
  },
  "evaluation_time": 315.4218053817749,
  "kg_co2_emissions": null,
  "date": null
}