{
  "dataset_revision": "ed1f48aca747f10bac146795328e2f03326e7625",
  "task_name": "HumanEvalRetrieval",
  "mteb_version": "2.9.0",
  "scores": {
    "test": [
      {
        "ndcg_at_1": 0.44304,
        "ndcg_at_3": 0.5544,
        "ndcg_at_5": 0.57782,
        "ndcg_at_10": 0.62323,
        "ndcg_at_20": 0.64867,
        "ndcg_at_100": 0.66052,
        "ndcg_at_1000": 0.66052,
        "map_at_1": 0.44304,
        "map_at_3": 0.52532,
        "map_at_5": 0.53829,
        "map_at_10": 0.55724,
        "map_at_20": 0.56417,
        "map_at_100": 0.56581,
        "map_at_1000": 0.56581,
        "recall_at_1": 0.44304,
        "recall_at_3": 0.63924,
        "recall_at_5": 0.6962,
        "recall_at_10": 0.83544,
        "recall_at_20": 0.93671,
        "recall_at_100": 1.0,
        "recall_at_1000": 1.0,
        "accuracy": 0.44304,
        "precision_at_1": 0.44304,
        "precision_at_3": 0.21308,
        "precision_at_5": 0.13924,
        "precision_at_10": 0.08354,
        "precision_at_20": 0.04684,
        "precision_at_100": 0.01,
        "precision_at_1000": 0.001,
        "mrr_at_1": 0.443038,
        "mrr_at_3": 0.525316,
        "mrr_at_5": 0.537025,
        "mrr_at_10": 0.556806,
        "mrr_at_20": 0.56349,
        "mrr_at_100": 0.565434,
        "mrr_at_1000": 0.565434,
        "nauc_ndcg_at_1_max": 0.364713,
        "nauc_ndcg_at_1_std": -0.094298,
        "nauc_ndcg_at_1_diff1": 0.62636,
        "nauc_ndcg_at_3_max": 0.397662,
        "nauc_ndcg_at_3_std": -0.055579,
        "nauc_ndcg_at_3_diff1": 0.564494,
        "nauc_ndcg_at_5_max": 0.389759,
        "nauc_ndcg_at_5_std": -0.047179,
        "nauc_ndcg_at_5_diff1": 0.549801,
        "nauc_ndcg_at_10_max": 0.3639,
        "nauc_ndcg_at_10_std": -0.090259,
        "nauc_ndcg_at_10_diff1": 0.544691,
        "nauc_ndcg_at_20_max": 0.377022,
        "nauc_ndcg_at_20_std": -0.068665,
        "nauc_ndcg_at_20_diff1": 0.555027,
        "nauc_ndcg_at_100_max": 0.377572,
        "nauc_ndcg_at_100_std": -0.068427,
        "nauc_ndcg_at_100_diff1": 0.568786,
        "nauc_ndcg_at_1000_max": 0.377572,
        "nauc_ndcg_at_1000_std": -0.068427,
        "nauc_ndcg_at_1000_diff1": 0.568786,
        "nauc_map_at_1_max": 0.364713,
        "nauc_map_at_1_std": -0.094298,
        "nauc_map_at_1_diff1": 0.62636,
        "nauc_map_at_3_max": 0.386898,
        "nauc_map_at_3_std": -0.063219,
        "nauc_map_at_3_diff1": 0.582947,
        "nauc_map_at_5_max": 0.38284,
        "nauc_map_at_5_std": -0.058482,
        "nauc_map_at_5_diff1": 0.575498,
        "nauc_map_at_10_max": 0.372274,
        "nauc_map_at_10_std": -0.075455,
        "nauc_map_at_10_diff1": 0.573814,
        "nauc_map_at_20_max": 0.37635,
        "nauc_map_at_20_std": -0.068922,
        "nauc_map_at_20_diff1": 0.576851,
        "nauc_map_at_100_max": 0.376503,
        "nauc_map_at_100_std": -0.069082,
        "nauc_map_at_100_diff1": 0.578491,
        "nauc_map_at_1000_max": 0.376503,
        "nauc_map_at_1000_std": -0.069082,
        "nauc_map_at_1000_diff1": 0.578491,
        "nauc_recall_at_1_max": 0.364713,
        "nauc_recall_at_1_std": -0.094298,
        "nauc_recall_at_1_diff1": 0.62636,
        "nauc_recall_at_3_max": 0.43391,
        "nauc_recall_at_3_std": -0.031715,
        "nauc_recall_at_3_diff1": 0.50301,
        "nauc_recall_at_5_max": 0.413768,
        "nauc_recall_at_5_std": -0.007134,
        "nauc_recall_at_5_diff1": 0.453901,
        "nauc_recall_at_10_max": 0.298432,
        "nauc_recall_at_10_std": -0.206435,
        "nauc_recall_at_10_diff1": 0.372625,
        "nauc_recall_at_20_max": 0.376078,
        "nauc_recall_at_20_std": -0.083153,
        "nauc_recall_at_20_diff1": 0.280032,
        "nauc_recall_at_100_max": NaN,
        "nauc_recall_at_100_std": NaN,
        "nauc_recall_at_100_diff1": NaN,
        "nauc_recall_at_1000_max": NaN,
        "nauc_recall_at_1000_std": NaN,
        "nauc_recall_at_1000_diff1": NaN,
        "nauc_precision_at_1_max": 0.364713,
        "nauc_precision_at_1_std": -0.094298,
        "nauc_precision_at_1_diff1": 0.62636,
        "nauc_precision_at_3_max": 0.43391,
        "nauc_precision_at_3_std": -0.031715,
        "nauc_precision_at_3_diff1": 0.50301,
        "nauc_precision_at_5_max": 0.413768,
        "nauc_precision_at_5_std": -0.007134,
        "nauc_precision_at_5_diff1": 0.453901,
        "nauc_precision_at_10_max": 0.298432,
        "nauc_precision_at_10_std": -0.206435,
        "nauc_precision_at_10_diff1": 0.372625,
        "nauc_precision_at_20_max": 0.376078,
        "nauc_precision_at_20_std": -0.083153,
        "nauc_precision_at_20_diff1": 0.280032,
        "nauc_precision_at_100_max": 1.0,
        "nauc_precision_at_100_std": 1.0,
        "nauc_precision_at_100_diff1": 1.0,
        "nauc_precision_at_1000_max": 1.0,
        "nauc_precision_at_1000_std": 1.0,
        "nauc_precision_at_1000_diff1": 1.0,
        "nauc_mrr_at_1_max": 0.364713,
        "nauc_mrr_at_1_std": -0.094298,
        "nauc_mrr_at_1_diff1": 0.62636,
        "nauc_mrr_at_3_max": 0.386898,
        "nauc_mrr_at_3_std": -0.063219,
        "nauc_mrr_at_3_diff1": 0.582947,
        "nauc_mrr_at_5_max": 0.384821,
        "nauc_mrr_at_5_std": -0.057877,
        "nauc_mrr_at_5_diff1": 0.578147,
        "nauc_mrr_at_10_max": 0.372821,
        "nauc_mrr_at_10_std": -0.074787,
        "nauc_mrr_at_10_diff1": 0.574422,
        "nauc_mrr_at_20_max": 0.377349,
        "nauc_mrr_at_20_std": -0.067487,
        "nauc_mrr_at_20_diff1": 0.577428,
        "nauc_mrr_at_100_max": 0.376961,
        "nauc_mrr_at_100_std": -0.068441,
        "nauc_mrr_at_100_diff1": 0.579008,
        "nauc_mrr_at_1000_max": 0.376961,
        "nauc_mrr_at_1000_std": -0.068441,
        "nauc_mrr_at_1000_diff1": 0.579008,
        "cv_recall_at_1": 0.44304,
        "cv_recall_at_3": 0.63924,
        "cv_recall_at_5": 0.68987,
        "cv_recall_at_10": 0.83544,
        "cv_recall_at_20": 0.93038,
        "cv_recall_at_100": 1.0,
        "cv_recall_at_1000": 1.0,
        "main_score": 0.62323,
        "hf_subset": "default",
        "languages": [
          "eng-Latn",
          "python-Code"
        ]
      }
    ]
  },
  "evaluation_time": 7.610469341278076,
  "kg_co2_emissions": null,
  "date": null
}