{
  "dataset_revision": "48142cc741b04d0b4af370ade7e8b42430382670",
  "task_name": "LIMITRetrieval",
  "mteb_version": "2.9.0",
  "scores": {
    "test": [
      {
        "ndcg_at_1": 0.002,
        "ndcg_at_2": 0.002,
        "ndcg_at_3": 0.002,
        "ndcg_at_5": 0.0025,
        "ndcg_at_10": 0.00369,
        "ndcg_at_20": 0.00449,
        "ndcg_at_100": 0.0083,
        "ndcg_at_1000": 0.02027,
        "map_at_1": 0.001,
        "map_at_2": 0.0015,
        "map_at_3": 0.0015,
        "map_at_5": 0.00173,
        "map_at_10": 0.00225,
        "map_at_20": 0.00244,
        "map_at_100": 0.00281,
        "map_at_1000": 0.00308,
        "recall_at_1": 0.001,
        "recall_at_2": 0.002,
        "recall_at_3": 0.002,
        "recall_at_5": 0.003,
        "recall_at_10": 0.006,
        "recall_at_20": 0.0085,
        "recall_at_100": 0.0265,
        "recall_at_1000": 0.1105,
        "accuracy": 0.001,
        "precision_at_1": 0.002,
        "precision_at_2": 0.002,
        "precision_at_3": 0.00133,
        "precision_at_5": 0.0012,
        "precision_at_10": 0.0012,
        "precision_at_20": 0.00085,
        "precision_at_100": 0.00053,
        "precision_at_1000": 0.00022,
        "mrr_at_1": 0.002,
        "mrr_at_2": 0.003,
        "mrr_at_3": 0.003,
        "mrr_at_5": 0.00365,
        "mrr_at_10": 0.004053,
        "mrr_at_20": 0.004423,
        "mrr_at_100": 0.005076,
        "mrr_at_1000": 0.005542,
        "nauc_ndcg_at_1_max": -0.310437,
        "nauc_ndcg_at_1_std": -0.537161,
        "nauc_ndcg_at_1_diff1": -0.158304,
        "nauc_ndcg_at_2_max": -0.173477,
        "nauc_ndcg_at_2_std": -0.487598,
        "nauc_ndcg_at_2_diff1": 0.034759,
        "nauc_ndcg_at_3_max": -0.173477,
        "nauc_ndcg_at_3_std": -0.487598,
        "nauc_ndcg_at_3_diff1": 0.034759,
        "nauc_ndcg_at_5_max": -0.129726,
        "nauc_ndcg_at_5_std": -0.360734,
        "nauc_ndcg_at_5_diff1": 0.029888,
        "nauc_ndcg_at_10_max": -0.139378,
        "nauc_ndcg_at_10_std": -0.29465,
        "nauc_ndcg_at_10_diff1": 0.029928,
        "nauc_ndcg_at_20_max": -0.091828,
        "nauc_ndcg_at_20_std": -0.244017,
        "nauc_ndcg_at_20_diff1": 0.007709,
        "nauc_ndcg_at_100_max": -0.052645,
        "nauc_ndcg_at_100_std": -0.107469,
        "nauc_ndcg_at_100_diff1": -0.018934,
        "nauc_ndcg_at_1000_max": -0.069491,
        "nauc_ndcg_at_1000_std": -0.072186,
        "nauc_ndcg_at_1000_diff1": -0.041949,
        "nauc_map_at_1_max": -0.310437,
        "nauc_map_at_1_std": -0.537161,
        "nauc_map_at_1_diff1": -0.158304,
        "nauc_map_at_2_max": -0.192425,
        "nauc_map_at_2_std": -0.494455,
        "nauc_map_at_2_diff1": 0.008049,
        "nauc_map_at_3_max": -0.192425,
        "nauc_map_at_3_std": -0.494455,
        "nauc_map_at_3_diff1": 0.008049,
        "nauc_map_at_5_max": -0.163464,
        "nauc_map_at_5_std": -0.414667,
        "nauc_map_at_5_diff1": 0.003725,
        "nauc_map_at_10_max": -0.136573,
        "nauc_map_at_10_std": -0.362708,
        "nauc_map_at_10_diff1": 0.042743,
        "nauc_map_at_20_max": -0.112428,
        "nauc_map_at_20_std": -0.333424,
        "nauc_map_at_20_diff1": 0.034059,
        "nauc_map_at_100_max": -0.106629,
        "nauc_map_at_100_std": -0.283907,
        "nauc_map_at_100_diff1": 0.018331,
        "nauc_map_at_1000_max": -0.108792,
        "nauc_map_at_1000_std": -0.266271,
        "nauc_map_at_1000_diff1": 0.010052,
        "nauc_recall_at_1_max": -0.310437,
        "nauc_recall_at_1_std": -0.537161,
        "nauc_recall_at_1_diff1": -0.158304,
        "nauc_recall_at_2_max": -0.133418,
        "nauc_recall_at_2_std": -0.473102,
        "nauc_recall_at_2_diff1": 0.091226,
        "nauc_recall_at_3_max": -0.133418,
        "nauc_recall_at_3_std": -0.473102,
        "nauc_recall_at_3_diff1": 0.091226,
        "nauc_recall_at_5_max": -0.069269,
        "nauc_recall_at_5_std": -0.258161,
        "nauc_recall_at_5_diff1": 0.075351,
        "nauc_recall_at_10_max": -0.116537,
        "nauc_recall_at_10_std": -0.215835,
        "nauc_recall_at_10_diff1": 0.051225,
        "nauc_recall_at_20_max": -0.0524,
        "nauc_recall_at_20_std": -0.159677,
        "nauc_recall_at_20_diff1": 0.004088,
        "nauc_recall_at_100_max": -0.012464,
        "nauc_recall_at_100_std": -0.009922,
        "nauc_recall_at_100_diff1": -0.028694,
        "nauc_recall_at_1000_max": -0.057809,
        "nauc_recall_at_1000_std": -0.032278,
        "nauc_recall_at_1000_diff1": -0.048167,
        "nauc_precision_at_1_max": -0.310437,
        "nauc_precision_at_1_std": -0.537161,
        "nauc_precision_at_1_diff1": -0.158304,
        "nauc_precision_at_2_max": -0.133418,
        "nauc_precision_at_2_std": -0.473102,
        "nauc_precision_at_2_diff1": 0.091226,
        "nauc_precision_at_3_max": -0.133418,
        "nauc_precision_at_3_std": -0.473102,
        "nauc_precision_at_3_diff1": 0.091226,
        "nauc_precision_at_5_max": -0.069269,
        "nauc_precision_at_5_std": -0.258161,
        "nauc_precision_at_5_diff1": 0.075351,
        "nauc_precision_at_10_max": -0.116537,
        "nauc_precision_at_10_std": -0.215835,
        "nauc_precision_at_10_diff1": 0.051225,
        "nauc_precision_at_20_max": -0.0524,
        "nauc_precision_at_20_std": -0.159677,
        "nauc_precision_at_20_diff1": 0.004088,
        "nauc_precision_at_100_max": -0.012464,
        "nauc_precision_at_100_std": -0.009922,
        "nauc_precision_at_100_diff1": -0.028694,
        "nauc_precision_at_1000_max": -0.057809,
        "nauc_precision_at_1000_std": -0.032278,
        "nauc_precision_at_1000_diff1": -0.048167,
        "nauc_mrr_at_1_max": -0.310437,
        "nauc_mrr_at_1_std": -0.537161,
        "nauc_mrr_at_1_diff1": -0.158304,
        "nauc_mrr_at_2_max": -0.192425,
        "nauc_mrr_at_2_std": -0.494455,
        "nauc_mrr_at_2_diff1": 0.008049,
        "nauc_mrr_at_3_max": -0.192425,
        "nauc_mrr_at_3_std": -0.494455,
        "nauc_mrr_at_3_diff1": 0.008049,
        "nauc_mrr_at_5_max": -0.177252,
        "nauc_mrr_at_5_std": -0.38655,
        "nauc_mrr_at_5_diff1": -0.007755,
        "nauc_mrr_at_10_max": -0.19224,
        "nauc_mrr_at_10_std": -0.354476,
        "nauc_mrr_at_10_diff1": -0.030527,
        "nauc_mrr_at_20_max": -0.161743,
        "nauc_mrr_at_20_std": -0.324627,
        "nauc_mrr_at_20_diff1": -0.033907,
        "nauc_mrr_at_100_max": -0.142703,
        "nauc_mrr_at_100_std": -0.280278,
        "nauc_mrr_at_100_diff1": -0.035719,
        "nauc_mrr_at_1000_max": -0.140537,
        "nauc_mrr_at_1000_std": -0.263058,
        "nauc_mrr_at_1000_diff1": -0.040566,
        "cv_recall_at_1": 0.002,
        "cv_recall_at_2": 0.004,
        "cv_recall_at_3": 0.004,
        "cv_recall_at_5": 0.007,
        "cv_recall_at_10": 0.01,
        "cv_recall_at_20": 0.015,
        "cv_recall_at_100": 0.048,
        "cv_recall_at_1000": 0.199,
        "main_score": 0.002,
        "hf_subset": "default",
        "languages": [
          "eng-Latn"
        ]
      }
    ]
  },
  "evaluation_time": 1263.8736894130707,
  "kg_co2_emissions": null,
  "date": null
}