{
  "dataset_revision": "70aa71825a791e87210c0355a01f538aa611feae",
  "task_name": "NFCorpus-Fa",
  "mteb_version": "2.9.0",
  "scores": {
    "test": [
      {
        "ndcg_at_1": 0.06656,
        "ndcg_at_3": 0.05838,
        "ndcg_at_5": 0.05316,
        "ndcg_at_10": 0.04946,
        "ndcg_at_20": 0.04384,
        "ndcg_at_100": 0.04852,
        "ndcg_at_1000": 0.12983,
        "map_at_1": 0.00352,
        "map_at_3": 0.00653,
        "map_at_5": 0.00808,
        "map_at_10": 0.01051,
        "map_at_20": 0.01228,
        "map_at_100": 0.01425,
        "map_at_1000": 0.0187,
        "recall_at_1": 0.00352,
        "recall_at_3": 0.00757,
        "recall_at_5": 0.00993,
        "recall_at_10": 0.01595,
        "recall_at_20": 0.02235,
        "recall_at_100": 0.05781,
        "recall_at_1000": 0.34302,
        "accuracy": 0.00352,
        "precision_at_1": 0.06811,
        "precision_at_3": 0.05573,
        "precision_at_5": 0.04768,
        "precision_at_10": 0.04211,
        "precision_at_20": 0.03266,
        "precision_at_100": 0.01848,
        "precision_at_1000": 0.01214,
        "mrr_at_1": 0.068111,
        "mrr_at_3": 0.083591,
        "mrr_at_5": 0.089009,
        "mrr_at_10": 0.094263,
        "mrr_at_20": 0.097943,
        "mrr_at_100": 0.104785,
        "mrr_at_1000": 0.106355,
        "nauc_ndcg_at_1_max": -0.04428,
        "nauc_ndcg_at_1_std": 0.246198,
        "nauc_ndcg_at_1_diff1": 0.371414,
        "nauc_ndcg_at_3_max": -0.029338,
        "nauc_ndcg_at_3_std": 0.337022,
        "nauc_ndcg_at_3_diff1": 0.29326,
        "nauc_ndcg_at_5_max": -0.047302,
        "nauc_ndcg_at_5_std": 0.34279,
        "nauc_ndcg_at_5_diff1": 0.261639,
        "nauc_ndcg_at_10_max": -0.022698,
        "nauc_ndcg_at_10_std": 0.350344,
        "nauc_ndcg_at_10_diff1": 0.235436,
        "nauc_ndcg_at_20_max": -0.02251,
        "nauc_ndcg_at_20_std": 0.336065,
        "nauc_ndcg_at_20_diff1": 0.212428,
        "nauc_ndcg_at_100_max": 0.001274,
        "nauc_ndcg_at_100_std": 0.285964,
        "nauc_ndcg_at_100_diff1": 0.123313,
        "nauc_ndcg_at_1000_max": 0.11123,
        "nauc_ndcg_at_1000_std": 0.313298,
        "nauc_ndcg_at_1000_diff1": 0.06856,
        "nauc_map_at_1_max": 0.070665,
        "nauc_map_at_1_std": 0.330687,
        "nauc_map_at_1_diff1": 0.250047,
        "nauc_map_at_3_max": 0.087443,
        "nauc_map_at_3_std": 0.358792,
        "nauc_map_at_3_diff1": 0.188573,
        "nauc_map_at_5_max": 0.043782,
        "nauc_map_at_5_std": 0.378663,
        "nauc_map_at_5_diff1": 0.197752,
        "nauc_map_at_10_max": -0.000858,
        "nauc_map_at_10_std": 0.405353,
        "nauc_map_at_10_diff1": 0.191708,
        "nauc_map_at_20_max": -0.039805,
        "nauc_map_at_20_std": 0.432079,
        "nauc_map_at_20_diff1": 0.185072,
        "nauc_map_at_100_max": -0.045356,
        "nauc_map_at_100_std": 0.426295,
        "nauc_map_at_100_diff1": 0.17554,
        "nauc_map_at_1000_max": -0.029245,
        "nauc_map_at_1000_std": 0.405302,
        "nauc_map_at_1000_diff1": 0.157731,
        "nauc_recall_at_1_max": 0.070665,
        "nauc_recall_at_1_std": 0.330687,
        "nauc_recall_at_1_diff1": 0.250047,
        "nauc_recall_at_3_max": 0.085696,
        "nauc_recall_at_3_std": 0.356437,
        "nauc_recall_at_3_diff1": 0.140932,
        "nauc_recall_at_5_max": 0.028951,
        "nauc_recall_at_5_std": 0.342821,
        "nauc_recall_at_5_diff1": 0.141383,
        "nauc_recall_at_10_max": -0.00942,
        "nauc_recall_at_10_std": 0.273838,
        "nauc_recall_at_10_diff1": 0.088416,
        "nauc_recall_at_20_max": -0.020514,
        "nauc_recall_at_20_std": 0.259815,
        "nauc_recall_at_20_diff1": 0.067167,
        "nauc_recall_at_100_max": -0.021943,
        "nauc_recall_at_100_std": 0.18664,
        "nauc_recall_at_100_diff1": -0.055501,
        "nauc_recall_at_1000_max": 0.070996,
        "nauc_recall_at_1000_std": 0.175205,
        "nauc_recall_at_1000_diff1": -0.066426,
        "nauc_precision_at_1_max": -0.044866,
        "nauc_precision_at_1_std": 0.233378,
        "nauc_precision_at_1_diff1": 0.370332,
        "nauc_precision_at_3_max": -0.028836,
        "nauc_precision_at_3_std": 0.366741,
        "nauc_precision_at_3_diff1": 0.266461,
        "nauc_precision_at_5_max": -0.069528,
        "nauc_precision_at_5_std": 0.369573,
        "nauc_precision_at_5_diff1": 0.234499,
        "nauc_precision_at_10_max": -0.022123,
        "nauc_precision_at_10_std": 0.389868,
        "nauc_precision_at_10_diff1": 0.207728,
        "nauc_precision_at_20_max": -0.053972,
        "nauc_precision_at_20_std": 0.374008,
        "nauc_precision_at_20_diff1": 0.177705,
        "nauc_precision_at_100_max": -0.049046,
        "nauc_precision_at_100_std": 0.256406,
        "nauc_precision_at_100_diff1": 0.092696,
        "nauc_precision_at_1000_max": 0.017408,
        "nauc_precision_at_1000_std": 0.165024,
        "nauc_precision_at_1000_diff1": 0.045789,
        "nauc_mrr_at_1_max": -0.044866,
        "nauc_mrr_at_1_std": 0.233378,
        "nauc_mrr_at_1_diff1": 0.370332,
        "nauc_mrr_at_3_max": -0.068349,
        "nauc_mrr_at_3_std": 0.250206,
        "nauc_mrr_at_3_diff1": 0.297164,
        "nauc_mrr_at_5_max": -0.069917,
        "nauc_mrr_at_5_std": 0.226404,
        "nauc_mrr_at_5_diff1": 0.2737,
        "nauc_mrr_at_10_max": -0.051559,
        "nauc_mrr_at_10_std": 0.224777,
        "nauc_mrr_at_10_diff1": 0.260636,
        "nauc_mrr_at_20_max": -0.046229,
        "nauc_mrr_at_20_std": 0.224797,
        "nauc_mrr_at_20_diff1": 0.258198,
        "nauc_mrr_at_100_max": -0.039089,
        "nauc_mrr_at_100_std": 0.223071,
        "nauc_mrr_at_100_diff1": 0.246467,
        "nauc_mrr_at_1000_max": -0.038771,
        "nauc_mrr_at_1000_std": 0.222977,
        "nauc_mrr_at_1000_diff1": 0.248105,
        "cv_recall_at_1": 0.06811,
        "cv_recall_at_3": 0.10526,
        "cv_recall_at_5": 0.13003,
        "cv_recall_at_10": 0.17337,
        "cv_recall_at_20": 0.2291,
        "cv_recall_at_100": 0.50774,
        "cv_recall_at_1000": 0.88854,
        "main_score": 0.04946,
        "hf_subset": "default",
        "languages": [
          "fas-Arab"
        ]
      }
    ]
  },
  "evaluation_time": 566.3980617523193,
  "kg_co2_emissions": null,
  "date": null
}