{
  "dataset_revision": "b457ea43db9ae5db74c3a3e5be0a213d0f85ac3a",
  "task_name": "R2MEDMedXpertQAExamRetrieval",
  "mteb_version": "2.9.0",
  "scores": {
    "test": [
      {
        "ndcg_at_1": 0.06186,
        "ndcg_at_3": 0.04366,
        "ndcg_at_5": 0.05245,
        "ndcg_at_10": 0.05871,
        "ndcg_at_20": 0.07013,
        "ndcg_at_100": 0.09887,
        "ndcg_at_1000": 0.15791,
        "map_at_1": 0.02201,
        "map_at_3": 0.02673,
        "map_at_5": 0.03266,
        "map_at_10": 0.0359,
        "map_at_20": 0.0393,
        "map_at_100": 0.0427,
        "map_at_1000": 0.04504,
        "recall_at_1": 0.02201,
        "recall_at_3": 0.03146,
        "recall_at_5": 0.05542,
        "recall_at_10": 0.07166,
        "recall_at_20": 0.10689,
        "recall_at_100": 0.23457,
        "recall_at_1000": 0.59694,
        "accuracy": 0.02201,
        "precision_at_1": 0.06186,
        "precision_at_3": 0.03093,
        "precision_at_5": 0.03093,
        "precision_at_10": 0.02165,
        "precision_at_20": 0.01495,
        "precision_at_100": 0.00639,
        "precision_at_1000": 0.00172,
        "mrr_at_1": 0.061856,
        "mrr_at_3": 0.075601,
        "mrr_at_5": 0.090034,
        "mrr_at_10": 0.094125,
        "mrr_at_20": 0.097731,
        "mrr_at_100": 0.101211,
        "mrr_at_1000": 0.102727,
        "nauc_ndcg_at_1_max": 0.125634,
        "nauc_ndcg_at_1_std": 0.082029,
        "nauc_ndcg_at_1_diff1": 0.206418,
        "nauc_ndcg_at_3_max": 0.081375,
        "nauc_ndcg_at_3_std": -0.070655,
        "nauc_ndcg_at_3_diff1": 0.265856,
        "nauc_ndcg_at_5_max": 0.069445,
        "nauc_ndcg_at_5_std": -0.099823,
        "nauc_ndcg_at_5_diff1": 0.172847,
        "nauc_ndcg_at_10_max": 0.097766,
        "nauc_ndcg_at_10_std": -0.055314,
        "nauc_ndcg_at_10_diff1": 0.139349,
        "nauc_ndcg_at_20_max": 0.108652,
        "nauc_ndcg_at_20_std": -0.032805,
        "nauc_ndcg_at_20_diff1": 0.174136,
        "nauc_ndcg_at_100_max": 0.078647,
        "nauc_ndcg_at_100_std": 0.051209,
        "nauc_ndcg_at_100_diff1": 0.096253,
        "nauc_ndcg_at_1000_max": 0.085224,
        "nauc_ndcg_at_1000_std": 0.082144,
        "nauc_ndcg_at_1000_diff1": 0.099996,
        "nauc_map_at_1_max": 0.276171,
        "nauc_map_at_1_std": 0.029786,
        "nauc_map_at_1_diff1": 0.492172,
        "nauc_map_at_3_max": 0.186494,
        "nauc_map_at_3_std": -0.060067,
        "nauc_map_at_3_diff1": 0.414888,
        "nauc_map_at_5_max": 0.139316,
        "nauc_map_at_5_std": -0.09077,
        "nauc_map_at_5_diff1": 0.309346,
        "nauc_map_at_10_max": 0.153932,
        "nauc_map_at_10_std": -0.059813,
        "nauc_map_at_10_diff1": 0.281087,
        "nauc_map_at_20_max": 0.157659,
        "nauc_map_at_20_std": -0.053606,
        "nauc_map_at_20_diff1": 0.290249,
        "nauc_map_at_100_max": 0.14808,
        "nauc_map_at_100_std": -0.031097,
        "nauc_map_at_100_diff1": 0.272484,
        "nauc_map_at_1000_max": 0.148442,
        "nauc_map_at_1000_std": -0.026518,
        "nauc_map_at_1000_diff1": 0.267802,
        "nauc_recall_at_1_max": 0.276171,
        "nauc_recall_at_1_std": 0.029786,
        "nauc_recall_at_1_diff1": 0.492172,
        "nauc_recall_at_3_max": 0.123758,
        "nauc_recall_at_3_std": -0.122925,
        "nauc_recall_at_3_diff1": 0.360822,
        "nauc_recall_at_5_max": 0.036685,
        "nauc_recall_at_5_std": -0.158092,
        "nauc_recall_at_5_diff1": 0.105152,
        "nauc_recall_at_10_max": 0.05997,
        "nauc_recall_at_10_std": -0.08397,
        "nauc_recall_at_10_diff1": 0.056502,
        "nauc_recall_at_20_max": 0.090765,
        "nauc_recall_at_20_std": -0.028915,
        "nauc_recall_at_20_diff1": 0.149836,
        "nauc_recall_at_100_max": 0.041045,
        "nauc_recall_at_100_std": 0.160871,
        "nauc_recall_at_100_diff1": -0.040758,
        "nauc_recall_at_1000_max": 0.119625,
        "nauc_recall_at_1000_std": 0.247495,
        "nauc_recall_at_1000_diff1": 0.016696,
        "nauc_precision_at_1_max": 0.125634,
        "nauc_precision_at_1_std": 0.082029,
        "nauc_precision_at_1_diff1": 0.206418,
        "nauc_precision_at_3_max": 0.015815,
        "nauc_precision_at_3_std": -0.103115,
        "nauc_precision_at_3_diff1": 0.14282,
        "nauc_precision_at_5_max": 0.012474,
        "nauc_precision_at_5_std": -0.109091,
        "nauc_precision_at_5_diff1": -0.005284,
        "nauc_precision_at_10_max": 0.046316,
        "nauc_precision_at_10_std": -0.016583,
        "nauc_precision_at_10_diff1": -0.038442,
        "nauc_precision_at_20_max": 0.083805,
        "nauc_precision_at_20_std": 0.026435,
        "nauc_precision_at_20_diff1": 0.044517,
        "nauc_precision_at_100_max": 0.023781,
        "nauc_precision_at_100_std": 0.153624,
        "nauc_precision_at_100_diff1": -0.043521,
        "nauc_precision_at_1000_max": -0.067686,
        "nauc_precision_at_1000_std": 0.115406,
        "nauc_precision_at_1000_diff1": -0.041861,
        "nauc_mrr_at_1_max": 0.125634,
        "nauc_mrr_at_1_std": 0.082029,
        "nauc_mrr_at_1_diff1": 0.206418,
        "nauc_mrr_at_3_max": 0.065797,
        "nauc_mrr_at_3_std": -0.018319,
        "nauc_mrr_at_3_diff1": 0.156842,
        "nauc_mrr_at_5_max": 0.064058,
        "nauc_mrr_at_5_std": -0.037338,
        "nauc_mrr_at_5_diff1": 0.09992,
        "nauc_mrr_at_10_max": 0.0595,
        "nauc_mrr_at_10_std": -0.025022,
        "nauc_mrr_at_10_diff1": 0.080204,
        "nauc_mrr_at_20_max": 0.060631,
        "nauc_mrr_at_20_std": -0.015207,
        "nauc_mrr_at_20_diff1": 0.089039,
        "nauc_mrr_at_100_max": 0.053356,
        "nauc_mrr_at_100_std": -0.011236,
        "nauc_mrr_at_100_diff1": 0.083354,
        "nauc_mrr_at_1000_max": 0.054006,
        "nauc_mrr_at_1000_std": -0.011261,
        "nauc_mrr_at_1000_diff1": 0.084053,
        "cv_recall_at_1": 0.06186,
        "cv_recall_at_3": 0.09278,
        "cv_recall_at_5": 0.15464,
        "cv_recall_at_10": 0.18557,
        "cv_recall_at_20": 0.23711,
        "cv_recall_at_100": 0.40206,
        "cv_recall_at_1000": 0.79381,
        "main_score": 0.05871,
        "hf_subset": "default",
        "languages": [
          "eng-Latn"
        ]
      }
    ]
  },
  "evaluation_time": 2747.1649720668793,
  "kg_co2_emissions": null,
  "date": null
}