{
  "dataset_revision": "1b48911514c80bf9182222d99752ad75e23b4b47",
  "task_name": "R2MEDMedicalSciencesRetrieval",
  "mteb_version": "2.9.0",
  "scores": {
    "test": [
      {
        "ndcg_at_1": 0.17045,
        "ndcg_at_3": 0.22516,
        "ndcg_at_5": 0.27273,
        "ndcg_at_10": 0.30976,
        "ndcg_at_20": 0.34284,
        "ndcg_at_100": 0.40527,
        "ndcg_at_1000": 0.43216,
        "map_at_1": 0.08297,
        "map_at_3": 0.16416,
        "map_at_5": 0.20308,
        "map_at_10": 0.22304,
        "map_at_20": 0.23623,
        "map_at_100": 0.24927,
        "map_at_1000": 0.25103,
        "recall_at_1": 0.08297,
        "recall_at_3": 0.2327,
        "recall_at_5": 0.3531,
        "recall_at_10": 0.45189,
        "recall_at_20": 0.54893,
        "recall_at_100": 0.79211,
        "recall_at_1000": 0.93975,
        "accuracy": 0.08297,
        "precision_at_1": 0.17045,
        "precision_at_3": 0.16288,
        "precision_at_5": 0.14773,
        "precision_at_10": 0.1,
        "precision_at_20": 0.0642,
        "precision_at_100": 0.02057,
        "precision_at_1000": 0.0026,
        "mrr_at_1": 0.170455,
        "mrr_at_3": 0.276515,
        "mrr_at_5": 0.307197,
        "mrr_at_10": 0.319692,
        "mrr_at_20": 0.325034,
        "mrr_at_100": 0.33001,
        "mrr_at_1000": 0.330314,
        "nauc_ndcg_at_1_max": 0.284184,
        "nauc_ndcg_at_1_std": 0.15429,
        "nauc_ndcg_at_1_diff1": -0.085697,
        "nauc_ndcg_at_3_max": 0.345553,
        "nauc_ndcg_at_3_std": 0.061551,
        "nauc_ndcg_at_3_diff1": -0.030225,
        "nauc_ndcg_at_5_max": 0.34611,
        "nauc_ndcg_at_5_std": 0.065704,
        "nauc_ndcg_at_5_diff1": -0.079925,
        "nauc_ndcg_at_10_max": 0.385646,
        "nauc_ndcg_at_10_std": 0.045574,
        "nauc_ndcg_at_10_diff1": 0.001597,
        "nauc_ndcg_at_20_max": 0.37275,
        "nauc_ndcg_at_20_std": 0.080881,
        "nauc_ndcg_at_20_diff1": -0.021806,
        "nauc_ndcg_at_100_max": 0.40858,
        "nauc_ndcg_at_100_std": 0.139468,
        "nauc_ndcg_at_100_diff1": -0.052665,
        "nauc_ndcg_at_1000_max": 0.395071,
        "nauc_ndcg_at_1000_std": 0.13663,
        "nauc_ndcg_at_1000_diff1": -0.078294,
        "nauc_map_at_1_max": 0.277922,
        "nauc_map_at_1_std": 0.119752,
        "nauc_map_at_1_diff1": 0.074018,
        "nauc_map_at_3_max": 0.332719,
        "nauc_map_at_3_std": 0.06734,
        "nauc_map_at_3_diff1": 0.022238,
        "nauc_map_at_5_max": 0.326312,
        "nauc_map_at_5_std": 0.068627,
        "nauc_map_at_5_diff1": -0.028693,
        "nauc_map_at_10_max": 0.358075,
        "nauc_map_at_10_std": 0.061262,
        "nauc_map_at_10_diff1": 0.01226,
        "nauc_map_at_20_max": 0.362851,
        "nauc_map_at_20_std": 0.07742,
        "nauc_map_at_20_diff1": 0.000233,
        "nauc_map_at_100_max": 0.374889,
        "nauc_map_at_100_std": 0.091142,
        "nauc_map_at_100_diff1": -0.008669,
        "nauc_map_at_1000_max": 0.374955,
        "nauc_map_at_1000_std": 0.092627,
        "nauc_map_at_1000_diff1": -0.010502,
        "nauc_recall_at_1_max": 0.277922,
        "nauc_recall_at_1_std": 0.119752,
        "nauc_recall_at_1_diff1": 0.074018,
        "nauc_recall_at_3_max": 0.321972,
        "nauc_recall_at_3_std": 0.012254,
        "nauc_recall_at_3_diff1": 0.00297,
        "nauc_recall_at_5_max": 0.279903,
        "nauc_recall_at_5_std": 0.021384,
        "nauc_recall_at_5_diff1": -0.094544,
        "nauc_recall_at_10_max": 0.359745,
        "nauc_recall_at_10_std": -0.037834,
        "nauc_recall_at_10_diff1": 0.093625,
        "nauc_recall_at_20_max": 0.312719,
        "nauc_recall_at_20_std": 0.037538,
        "nauc_recall_at_20_diff1": 0.06524,
        "nauc_recall_at_100_max": 0.379623,
        "nauc_recall_at_100_std": 0.231593,
        "nauc_recall_at_100_diff1": 0.029468,
        "nauc_recall_at_1000_max": 0.167015,
        "nauc_recall_at_1000_std": 0.24305,
        "nauc_recall_at_1000_diff1": -0.183234,
        "nauc_precision_at_1_max": 0.284184,
        "nauc_precision_at_1_std": 0.15429,
        "nauc_precision_at_1_diff1": -0.085697,
        "nauc_precision_at_3_max": 0.38716,
        "nauc_precision_at_3_std": 0.091944,
        "nauc_precision_at_3_diff1": -0.100846,
        "nauc_precision_at_5_max": 0.368201,
        "nauc_precision_at_5_std": 0.084898,
        "nauc_precision_at_5_diff1": -0.171845,
        "nauc_precision_at_10_max": 0.411911,
        "nauc_precision_at_10_std": 0.070212,
        "nauc_precision_at_10_diff1": -0.049831,
        "nauc_precision_at_20_max": 0.345475,
        "nauc_precision_at_20_std": 0.146273,
        "nauc_precision_at_20_diff1": -0.126038,
        "nauc_precision_at_100_max": 0.301812,
        "nauc_precision_at_100_std": 0.260922,
        "nauc_precision_at_100_diff1": -0.186381,
        "nauc_precision_at_1000_max": 0.141198,
        "nauc_precision_at_1000_std": 0.192404,
        "nauc_precision_at_1000_diff1": -0.236765,
        "nauc_mrr_at_1_max": 0.284184,
        "nauc_mrr_at_1_std": 0.15429,
        "nauc_mrr_at_1_diff1": -0.085697,
        "nauc_mrr_at_3_max": 0.34397,
        "nauc_mrr_at_3_std": 0.098876,
        "nauc_mrr_at_3_diff1": -0.078555,
        "nauc_mrr_at_5_max": 0.371277,
        "nauc_mrr_at_5_std": 0.104162,
        "nauc_mrr_at_5_diff1": -0.094277,
        "nauc_mrr_at_10_max": 0.366153,
        "nauc_mrr_at_10_std": 0.087671,
        "nauc_mrr_at_10_diff1": -0.08589,
        "nauc_mrr_at_20_max": 0.358481,
        "nauc_mrr_at_20_std": 0.096639,
        "nauc_mrr_at_20_diff1": -0.089593,
        "nauc_mrr_at_100_max": 0.360405,
        "nauc_mrr_at_100_std": 0.101889,
        "nauc_mrr_at_100_diff1": -0.091104,
        "nauc_mrr_at_1000_max": 0.360076,
        "nauc_mrr_at_1000_std": 0.101324,
        "nauc_mrr_at_1000_diff1": -0.091014,
        "cv_recall_at_1": 0.17045,
        "cv_recall_at_3": 0.40909,
        "cv_recall_at_5": 0.53409,
        "cv_recall_at_10": 0.63636,
        "cv_recall_at_20": 0.71591,
        "cv_recall_at_100": 0.89773,
        "cv_recall_at_1000": 0.96591,
        "main_score": 0.30976,
        "hf_subset": "default",
        "languages": [
          "eng-Latn"
        ]
      }
    ]
  },
  "evaluation_time": 1104.233684539795,
  "kg_co2_emissions": null,
  "date": null
}