{
  "dataset_revision": "53c489a44a3664ba352c07550b72b4525a5968d5",
  "task_name": "R2MEDPMCTreatmentRetrieval",
  "mteb_version": "2.9.0",
  "scores": {
    "test": [
      {
        "ndcg_at_1": 0.21333,
        "ndcg_at_3": 0.22315,
        "ndcg_at_5": 0.23763,
        "ndcg_at_10": 0.27775,
        "ndcg_at_20": 0.29892,
        "ndcg_at_100": 0.3391,
        "ndcg_at_1000": 0.36857,
        "map_at_1": 0.12067,
        "map_at_3": 0.18,
        "map_at_5": 0.19363,
        "map_at_10": 0.21116,
        "map_at_20": 0.21805,
        "map_at_100": 0.22495,
        "map_at_1000": 0.22625,
        "recall_at_1": 0.12067,
        "recall_at_3": 0.22856,
        "recall_at_5": 0.26967,
        "recall_at_10": 0.37189,
        "recall_at_20": 0.43744,
        "recall_at_100": 0.625,
        "recall_at_1000": 0.82056,
        "accuracy": 0.12067,
        "precision_at_1": 0.21333,
        "precision_at_3": 0.13778,
        "precision_at_5": 0.104,
        "precision_at_10": 0.07267,
        "precision_at_20": 0.044,
        "precision_at_100": 0.01247,
        "precision_at_1000": 0.00169,
        "mrr_at_1": 0.213333,
        "mrr_at_3": 0.277778,
        "mrr_at_5": 0.295444,
        "mrr_at_10": 0.313616,
        "mrr_at_20": 0.318699,
        "mrr_at_100": 0.321768,
        "mrr_at_1000": 0.322215,
        "nauc_ndcg_at_1_max": 0.534556,
        "nauc_ndcg_at_1_std": 0.082592,
        "nauc_ndcg_at_1_diff1": 0.507144,
        "nauc_ndcg_at_3_max": 0.457821,
        "nauc_ndcg_at_3_std": 0.065304,
        "nauc_ndcg_at_3_diff1": 0.450115,
        "nauc_ndcg_at_5_max": 0.437038,
        "nauc_ndcg_at_5_std": 0.065829,
        "nauc_ndcg_at_5_diff1": 0.444156,
        "nauc_ndcg_at_10_max": 0.426614,
        "nauc_ndcg_at_10_std": 0.061791,
        "nauc_ndcg_at_10_diff1": 0.443713,
        "nauc_ndcg_at_20_max": 0.414998,
        "nauc_ndcg_at_20_std": 0.058771,
        "nauc_ndcg_at_20_diff1": 0.42978,
        "nauc_ndcg_at_100_max": 0.410464,
        "nauc_ndcg_at_100_std": 0.068604,
        "nauc_ndcg_at_100_diff1": 0.429601,
        "nauc_ndcg_at_1000_max": 0.430904,
        "nauc_ndcg_at_1000_std": 0.10298,
        "nauc_ndcg_at_1000_diff1": 0.442079,
        "nauc_map_at_1_max": 0.476411,
        "nauc_map_at_1_std": 0.086832,
        "nauc_map_at_1_diff1": 0.575744,
        "nauc_map_at_3_max": 0.455844,
        "nauc_map_at_3_std": 0.071262,
        "nauc_map_at_3_diff1": 0.487729,
        "nauc_map_at_5_max": 0.45287,
        "nauc_map_at_5_std": 0.072798,
        "nauc_map_at_5_diff1": 0.462534,
        "nauc_map_at_10_max": 0.44787,
        "nauc_map_at_10_std": 0.072799,
        "nauc_map_at_10_diff1": 0.465837,
        "nauc_map_at_20_max": 0.444512,
        "nauc_map_at_20_std": 0.069716,
        "nauc_map_at_20_diff1": 0.46041,
        "nauc_map_at_100_max": 0.444155,
        "nauc_map_at_100_std": 0.073742,
        "nauc_map_at_100_diff1": 0.461646,
        "nauc_map_at_1000_max": 0.445078,
        "nauc_map_at_1000_std": 0.075563,
        "nauc_map_at_1000_diff1": 0.462657,
        "nauc_recall_at_1_max": 0.476411,
        "nauc_recall_at_1_std": 0.086832,
        "nauc_recall_at_1_diff1": 0.575744,
        "nauc_recall_at_3_max": 0.375772,
        "nauc_recall_at_3_std": 0.0435,
        "nauc_recall_at_3_diff1": 0.41876,
        "nauc_recall_at_5_max": 0.345196,
        "nauc_recall_at_5_std": 0.04044,
        "nauc_recall_at_5_diff1": 0.371065,
        "nauc_recall_at_10_max": 0.283718,
        "nauc_recall_at_10_std": 0.021905,
        "nauc_recall_at_10_diff1": 0.332231,
        "nauc_recall_at_20_max": 0.230946,
        "nauc_recall_at_20_std": 0.005101,
        "nauc_recall_at_20_diff1": 0.278775,
        "nauc_recall_at_100_max": 0.133768,
        "nauc_recall_at_100_std": 0.006857,
        "nauc_recall_at_100_diff1": 0.207724,
        "nauc_recall_at_1000_max": 0.208194,
        "nauc_recall_at_1000_std": 0.356029,
        "nauc_recall_at_1000_diff1": 0.210688,
        "nauc_precision_at_1_max": 0.534556,
        "nauc_precision_at_1_std": 0.082592,
        "nauc_precision_at_1_diff1": 0.507144,
        "nauc_precision_at_3_max": 0.503809,
        "nauc_precision_at_3_std": 0.096521,
        "nauc_precision_at_3_diff1": 0.360734,
        "nauc_precision_at_5_max": 0.455663,
        "nauc_precision_at_5_std": 0.101738,
        "nauc_precision_at_5_diff1": 0.300359,
        "nauc_precision_at_10_max": 0.392316,
        "nauc_precision_at_10_std": 0.106384,
        "nauc_precision_at_10_diff1": 0.277356,
        "nauc_precision_at_20_max": 0.320479,
        "nauc_precision_at_20_std": 0.096943,
        "nauc_precision_at_20_diff1": 0.197264,
        "nauc_precision_at_100_max": 0.233345,
        "nauc_precision_at_100_std": 0.119358,
        "nauc_precision_at_100_diff1": 0.121894,
        "nauc_precision_at_1000_max": 0.231311,
        "nauc_precision_at_1000_std": 0.1898,
        "nauc_precision_at_1000_diff1": 0.103509,
        "nauc_mrr_at_1_max": 0.534556,
        "nauc_mrr_at_1_std": 0.082592,
        "nauc_mrr_at_1_diff1": 0.507144,
        "nauc_mrr_at_3_max": 0.486604,
        "nauc_mrr_at_3_std": 0.068001,
        "nauc_mrr_at_3_diff1": 0.457427,
        "nauc_mrr_at_5_max": 0.477881,
        "nauc_mrr_at_5_std": 0.06189,
        "nauc_mrr_at_5_diff1": 0.45801,
        "nauc_mrr_at_10_max": 0.472527,
        "nauc_mrr_at_10_std": 0.054464,
        "nauc_mrr_at_10_diff1": 0.449842,
        "nauc_mrr_at_20_max": 0.471648,
        "nauc_mrr_at_20_std": 0.057556,
        "nauc_mrr_at_20_diff1": 0.449762,
        "nauc_mrr_at_100_max": 0.471584,
        "nauc_mrr_at_100_std": 0.057215,
        "nauc_mrr_at_100_diff1": 0.449838,
        "nauc_mrr_at_1000_max": 0.471902,
        "nauc_mrr_at_1000_std": 0.057621,
        "nauc_mrr_at_1000_diff1": 0.449972,
        "cv_recall_at_1": 0.21333,
        "cv_recall_at_3": 0.35333,
        "cv_recall_at_5": 0.42667,
        "cv_recall_at_10": 0.56,
        "cv_recall_at_20": 0.63333,
        "cv_recall_at_100": 0.77333,
        "cv_recall_at_1000": 0.9,
        "main_score": 0.27775,
        "hf_subset": "default",
        "languages": [
          "eng-Latn"
        ]
      }
    ]
  },
  "evaluation_time": 1115.719387292862,
  "kg_co2_emissions": null,
  "date": null
}