{
  "dataset_revision": "78b585990279cc01a493f876c1b0cf09557fba57",
  "task_name": "R2MEDMedQADiagRetrieval",
  "mteb_version": "2.9.0",
  "scores": {
    "test": [
      {
        "ndcg_at_1": 0.08475,
        "ndcg_at_3": 0.07375,
        "ndcg_at_5": 0.07582,
        "ndcg_at_10": 0.0869,
        "ndcg_at_20": 0.1066,
        "ndcg_at_100": 0.15371,
        "ndcg_at_1000": 0.21144,
        "map_at_1": 0.02021,
        "map_at_3": 0.04062,
        "map_at_5": 0.04971,
        "map_at_10": 0.05678,
        "map_at_20": 0.06242,
        "map_at_100": 0.0699,
        "map_at_1000": 0.07277,
        "recall_at_1": 0.02021,
        "recall_at_3": 0.05509,
        "recall_at_5": 0.07614,
        "recall_at_10": 0.1051,
        "recall_at_20": 0.15717,
        "recall_at_100": 0.33372,
        "recall_at_1000": 0.6364,
        "accuracy": 0.02021,
        "precision_at_1": 0.08475,
        "precision_at_3": 0.06215,
        "precision_at_5": 0.05254,
        "precision_at_10": 0.03644,
        "precision_at_20": 0.02881,
        "precision_at_100": 0.01246,
        "precision_at_1000": 0.00263,
        "mrr_at_1": 0.084746,
        "mrr_at_3": 0.114407,
        "mrr_at_5": 0.122458,
        "mrr_at_10": 0.129826,
        "mrr_at_20": 0.13626,
        "mrr_at_100": 0.141822,
        "mrr_at_1000": 0.142788,
        "nauc_ndcg_at_1_max": 0.026998,
        "nauc_ndcg_at_1_std": -0.027748,
        "nauc_ndcg_at_1_diff1": 0.107467,
        "nauc_ndcg_at_3_max": 0.168335,
        "nauc_ndcg_at_3_std": 0.112083,
        "nauc_ndcg_at_3_diff1": 0.09788,
        "nauc_ndcg_at_5_max": 0.191269,
        "nauc_ndcg_at_5_std": 0.151112,
        "nauc_ndcg_at_5_diff1": 0.072012,
        "nauc_ndcg_at_10_max": 0.164882,
        "nauc_ndcg_at_10_std": 0.143203,
        "nauc_ndcg_at_10_diff1": 0.034794,
        "nauc_ndcg_at_20_max": 0.150319,
        "nauc_ndcg_at_20_std": 0.158046,
        "nauc_ndcg_at_20_diff1": 0.00269,
        "nauc_ndcg_at_100_max": 0.143721,
        "nauc_ndcg_at_100_std": 0.201807,
        "nauc_ndcg_at_100_diff1": -0.039627,
        "nauc_ndcg_at_1000_max": 0.138535,
        "nauc_ndcg_at_1000_std": 0.206695,
        "nauc_ndcg_at_1000_diff1": -0.017242,
        "nauc_map_at_1_max": -0.001069,
        "nauc_map_at_1_std": 0.008257,
        "nauc_map_at_1_diff1": 0.015688,
        "nauc_map_at_3_max": 0.234567,
        "nauc_map_at_3_std": 0.182777,
        "nauc_map_at_3_diff1": 0.100499,
        "nauc_map_at_5_max": 0.261257,
        "nauc_map_at_5_std": 0.211258,
        "nauc_map_at_5_diff1": 0.099343,
        "nauc_map_at_10_max": 0.238658,
        "nauc_map_at_10_std": 0.190085,
        "nauc_map_at_10_diff1": 0.081659,
        "nauc_map_at_20_max": 0.231292,
        "nauc_map_at_20_std": 0.202693,
        "nauc_map_at_20_diff1": 0.060288,
        "nauc_map_at_100_max": 0.215482,
        "nauc_map_at_100_std": 0.205203,
        "nauc_map_at_100_diff1": 0.04205,
        "nauc_map_at_1000_max": 0.212487,
        "nauc_map_at_1000_std": 0.205466,
        "nauc_map_at_1000_diff1": 0.043049,
        "nauc_recall_at_1_max": -0.001069,
        "nauc_recall_at_1_std": 0.008257,
        "nauc_recall_at_1_diff1": 0.015688,
        "nauc_recall_at_3_max": 0.245434,
        "nauc_recall_at_3_std": 0.173888,
        "nauc_recall_at_3_diff1": 0.114883,
        "nauc_recall_at_5_max": 0.25124,
        "nauc_recall_at_5_std": 0.197461,
        "nauc_recall_at_5_diff1": 0.067851,
        "nauc_recall_at_10_max": 0.165849,
        "nauc_recall_at_10_std": 0.145347,
        "nauc_recall_at_10_diff1": 0.013659,
        "nauc_recall_at_20_max": 0.138804,
        "nauc_recall_at_20_std": 0.174692,
        "nauc_recall_at_20_diff1": -0.043584,
        "nauc_recall_at_100_max": 0.12509,
        "nauc_recall_at_100_std": 0.246008,
        "nauc_recall_at_100_diff1": -0.123474,
        "nauc_recall_at_1000_max": 0.098939,
        "nauc_recall_at_1000_std": 0.289282,
        "nauc_recall_at_1000_diff1": -0.087676,
        "nauc_precision_at_1_max": 0.026998,
        "nauc_precision_at_1_std": -0.027748,
        "nauc_precision_at_1_diff1": 0.107467,
        "nauc_precision_at_3_max": 0.179306,
        "nauc_precision_at_3_std": 0.13899,
        "nauc_precision_at_3_diff1": 0.080181,
        "nauc_precision_at_5_max": 0.198111,
        "nauc_precision_at_5_std": 0.173106,
        "nauc_precision_at_5_diff1": 0.053399,
        "nauc_precision_at_10_max": 0.131868,
        "nauc_precision_at_10_std": 0.128474,
        "nauc_precision_at_10_diff1": -0.01543,
        "nauc_precision_at_20_max": 0.084784,
        "nauc_precision_at_20_std": 0.134789,
        "nauc_precision_at_20_diff1": -0.060036,
        "nauc_precision_at_100_max": 0.103032,
        "nauc_precision_at_100_std": 0.202202,
        "nauc_precision_at_100_diff1": -0.100789,
        "nauc_precision_at_1000_max": 0.100643,
        "nauc_precision_at_1000_std": 0.151245,
        "nauc_precision_at_1000_diff1": 0.006417,
        "nauc_mrr_at_1_max": 0.026998,
        "nauc_mrr_at_1_std": -0.027748,
        "nauc_mrr_at_1_diff1": 0.107467,
        "nauc_mrr_at_3_max": 0.076612,
        "nauc_mrr_at_3_std": 0.043399,
        "nauc_mrr_at_3_diff1": 0.07382,
        "nauc_mrr_at_5_max": 0.069642,
        "nauc_mrr_at_5_std": 0.052634,
        "nauc_mrr_at_5_diff1": 0.042918,
        "nauc_mrr_at_10_max": 0.047604,
        "nauc_mrr_at_10_std": 0.044454,
        "nauc_mrr_at_10_diff1": 0.021866,
        "nauc_mrr_at_20_max": 0.049294,
        "nauc_mrr_at_20_std": 0.049107,
        "nauc_mrr_at_20_diff1": 0.025051,
        "nauc_mrr_at_100_max": 0.052337,
        "nauc_mrr_at_100_std": 0.05965,
        "nauc_mrr_at_100_diff1": 0.024398,
        "nauc_mrr_at_1000_max": 0.051578,
        "nauc_mrr_at_1000_std": 0.058249,
        "nauc_mrr_at_1000_diff1": 0.024677,
        "cv_recall_at_1": 0.08475,
        "cv_recall_at_3": 0.15254,
        "cv_recall_at_5": 0.18644,
        "cv_recall_at_10": 0.24576,
        "cv_recall_at_20": 0.33898,
        "cv_recall_at_100": 0.5678,
        "cv_recall_at_1000": 0.83051,
        "main_score": 0.0869,
        "hf_subset": "default",
        "languages": [
          "eng-Latn"
        ]
      }
    ]
  },
  "evaluation_time": 3275.4040591716766,
  "kg_co2_emissions": null,
  "date": null
}