{
  "dataset_revision": "8b9fec2db9eda4b5742d03732213fbaee8169556",
  "task_name": "R2MEDBiologyRetrieval",
  "mteb_version": "2.9.0",
  "scores": {
    "test": [
      {
        "ndcg_at_1": 0.1068,
        "ndcg_at_3": 0.09511,
        "ndcg_at_5": 0.10158,
        "ndcg_at_10": 0.1131,
        "ndcg_at_20": 0.13515,
        "ndcg_at_100": 0.18945,
        "ndcg_at_1000": 0.26463,
        "map_at_1": 0.03515,
        "map_at_3": 0.0562,
        "map_at_5": 0.06464,
        "map_at_10": 0.07506,
        "map_at_20": 0.08195,
        "map_at_100": 0.09149,
        "map_at_1000": 0.09538,
        "recall_at_1": 0.03515,
        "recall_at_3": 0.07482,
        "recall_at_5": 0.10106,
        "recall_at_10": 0.13411,
        "recall_at_20": 0.19095,
        "recall_at_100": 0.39394,
        "recall_at_1000": 0.82223,
        "accuracy": 0.03515,
        "precision_at_1": 0.1068,
        "precision_at_3": 0.08091,
        "precision_at_5": 0.0699,
        "precision_at_10": 0.05049,
        "precision_at_20": 0.03641,
        "precision_at_100": 0.01515,
        "precision_at_1000": 0.00301,
        "mrr_at_1": 0.106796,
        "mrr_at_3": 0.140777,
        "mrr_at_5": 0.153398,
        "mrr_at_10": 0.157605,
        "mrr_at_20": 0.166834,
        "mrr_at_100": 0.17202,
        "mrr_at_1000": 0.173486,
        "nauc_ndcg_at_1_max": 0.115303,
        "nauc_ndcg_at_1_std": -0.097863,
        "nauc_ndcg_at_1_diff1": 0.286639,
        "nauc_ndcg_at_3_max": 0.030744,
        "nauc_ndcg_at_3_std": -0.202085,
        "nauc_ndcg_at_3_diff1": 0.251617,
        "nauc_ndcg_at_5_max": 0.015318,
        "nauc_ndcg_at_5_std": -0.225794,
        "nauc_ndcg_at_5_diff1": 0.239561,
        "nauc_ndcg_at_10_max": -0.023613,
        "nauc_ndcg_at_10_std": -0.245984,
        "nauc_ndcg_at_10_diff1": 0.24008,
        "nauc_ndcg_at_20_max": 0.005884,
        "nauc_ndcg_at_20_std": -0.228833,
        "nauc_ndcg_at_20_diff1": 0.254248,
        "nauc_ndcg_at_100_max": -0.009919,
        "nauc_ndcg_at_100_std": -0.236141,
        "nauc_ndcg_at_100_diff1": 0.232738,
        "nauc_ndcg_at_1000_max": -0.024867,
        "nauc_ndcg_at_1000_std": -0.221675,
        "nauc_ndcg_at_1000_diff1": 0.212496,
        "nauc_map_at_1_max": 0.02966,
        "nauc_map_at_1_std": -0.106238,
        "nauc_map_at_1_diff1": 0.160049,
        "nauc_map_at_3_max": 0.035001,
        "nauc_map_at_3_std": -0.188137,
        "nauc_map_at_3_diff1": 0.198746,
        "nauc_map_at_5_max": 0.041589,
        "nauc_map_at_5_std": -0.2005,
        "nauc_map_at_5_diff1": 0.21125,
        "nauc_map_at_10_max": -0.006393,
        "nauc_map_at_10_std": -0.233977,
        "nauc_map_at_10_diff1": 0.233073,
        "nauc_map_at_20_max": 0.006109,
        "nauc_map_at_20_std": -0.228514,
        "nauc_map_at_20_diff1": 0.246031,
        "nauc_map_at_100_max": 0.000354,
        "nauc_map_at_100_std": -0.2315,
        "nauc_map_at_100_diff1": 0.24074,
        "nauc_map_at_1000_max": -0.000946,
        "nauc_map_at_1000_std": -0.229478,
        "nauc_map_at_1000_diff1": 0.240365,
        "nauc_recall_at_1_max": 0.02966,
        "nauc_recall_at_1_std": -0.106238,
        "nauc_recall_at_1_diff1": 0.160049,
        "nauc_recall_at_3_max": 0.003639,
        "nauc_recall_at_3_std": -0.226748,
        "nauc_recall_at_3_diff1": 0.136201,
        "nauc_recall_at_5_max": -0.002792,
        "nauc_recall_at_5_std": -0.24768,
        "nauc_recall_at_5_diff1": 0.157507,
        "nauc_recall_at_10_max": -0.080062,
        "nauc_recall_at_10_std": -0.286347,
        "nauc_recall_at_10_diff1": 0.170968,
        "nauc_recall_at_20_max": 0.022364,
        "nauc_recall_at_20_std": -0.228605,
        "nauc_recall_at_20_diff1": 0.226329,
        "nauc_recall_at_100_max": -0.0081,
        "nauc_recall_at_100_std": -0.216895,
        "nauc_recall_at_100_diff1": 0.175684,
        "nauc_recall_at_1000_max": -0.060544,
        "nauc_recall_at_1000_std": -0.067486,
        "nauc_recall_at_1000_diff1": 0.04232,
        "nauc_precision_at_1_max": 0.115303,
        "nauc_precision_at_1_std": -0.097863,
        "nauc_precision_at_1_diff1": 0.286639,
        "nauc_precision_at_3_max": 0.032377,
        "nauc_precision_at_3_std": -0.228328,
        "nauc_precision_at_3_diff1": 0.31926,
        "nauc_precision_at_5_max": 0.009911,
        "nauc_precision_at_5_std": -0.249656,
        "nauc_precision_at_5_diff1": 0.308665,
        "nauc_precision_at_10_max": -0.092595,
        "nauc_precision_at_10_std": -0.310611,
        "nauc_precision_at_10_diff1": 0.327373,
        "nauc_precision_at_20_max": -0.061178,
        "nauc_precision_at_20_std": -0.266094,
        "nauc_precision_at_20_diff1": 0.293344,
        "nauc_precision_at_100_max": -0.080015,
        "nauc_precision_at_100_std": -0.217811,
        "nauc_precision_at_100_diff1": 0.133161,
        "nauc_precision_at_1000_max": -0.15681,
        "nauc_precision_at_1000_std": -0.154499,
        "nauc_precision_at_1000_diff1": -0.05113,
        "nauc_mrr_at_1_max": 0.115303,
        "nauc_mrr_at_1_std": -0.097863,
        "nauc_mrr_at_1_diff1": 0.286639,
        "nauc_mrr_at_3_max": 0.052442,
        "nauc_mrr_at_3_std": -0.177085,
        "nauc_mrr_at_3_diff1": 0.29689,
        "nauc_mrr_at_5_max": 0.039948,
        "nauc_mrr_at_5_std": -0.178587,
        "nauc_mrr_at_5_diff1": 0.285485,
        "nauc_mrr_at_10_max": 0.039485,
        "nauc_mrr_at_10_std": -0.176271,
        "nauc_mrr_at_10_diff1": 0.27326,
        "nauc_mrr_at_20_max": 0.037841,
        "nauc_mrr_at_20_std": -0.177235,
        "nauc_mrr_at_20_diff1": 0.271575,
        "nauc_mrr_at_100_max": 0.035308,
        "nauc_mrr_at_100_std": -0.181984,
        "nauc_mrr_at_100_diff1": 0.274202,
        "nauc_mrr_at_1000_max": 0.03589,
        "nauc_mrr_at_1000_std": -0.181712,
        "nauc_mrr_at_1000_diff1": 0.273929,
        "cv_recall_at_1": 0.1068,
        "cv_recall_at_3": 0.19417,
        "cv_recall_at_5": 0.25243,
        "cv_recall_at_10": 0.28155,
        "cv_recall_at_20": 0.40777,
        "cv_recall_at_100": 0.62136,
        "cv_recall_at_1000": 0.94175,
        "main_score": 0.1131,
        "hf_subset": "default",
        "languages": [
          "eng-Latn"
        ]
      }
    ]
  },
  "evaluation_time": 891.97531914711,
  "kg_co2_emissions": null,
  "date": null
}