{
  "dataset_revision": "856d8dfc294b138856bbf3042450e3782321e44e",
  "task_name": "SciFact-NL.v2",
  "mteb_version": "2.9.0",
  "scores": {
    "test": [
      {
        "ndcg_at_1": 0.39,
        "ndcg_at_3": 0.46142,
        "ndcg_at_5": 0.48551,
        "ndcg_at_10": 0.50389,
        "ndcg_at_20": 0.51778,
        "ndcg_at_100": 0.5415,
        "ndcg_at_1000": 0.55747,
        "map_at_1": 0.36567,
        "map_at_3": 0.43344,
        "map_at_5": 0.44736,
        "map_at_10": 0.45568,
        "map_at_20": 0.46038,
        "map_at_100": 0.46376,
        "map_at_1000": 0.4643,
        "recall_at_1": 0.36567,
        "recall_at_3": 0.52039,
        "recall_at_5": 0.58011,
        "recall_at_10": 0.63383,
        "recall_at_20": 0.68322,
        "recall_at_100": 0.80889,
        "recall_at_1000": 0.93667,
        "accuracy": 0.36567,
        "precision_at_1": 0.39,
        "precision_at_3": 0.18778,
        "precision_at_5": 0.12667,
        "precision_at_10": 0.07,
        "precision_at_20": 0.03867,
        "precision_at_100": 0.00927,
        "precision_at_1000": 0.00107,
        "mrr_at_1": 0.39,
        "mrr_at_3": 0.451667,
        "mrr_at_5": 0.468333,
        "mrr_at_10": 0.474886,
        "mrr_at_20": 0.477701,
        "mrr_at_100": 0.48041,
        "mrr_at_1000": 0.480889,
        "nauc_ndcg_at_1_max": 0.439495,
        "nauc_ndcg_at_1_std": 0.208999,
        "nauc_ndcg_at_1_diff1": 0.582489,
        "nauc_ndcg_at_3_max": 0.449809,
        "nauc_ndcg_at_3_std": 0.217043,
        "nauc_ndcg_at_3_diff1": 0.540856,
        "nauc_ndcg_at_5_max": 0.449188,
        "nauc_ndcg_at_5_std": 0.227915,
        "nauc_ndcg_at_5_diff1": 0.537699,
        "nauc_ndcg_at_10_max": 0.462352,
        "nauc_ndcg_at_10_std": 0.230441,
        "nauc_ndcg_at_10_diff1": 0.542637,
        "nauc_ndcg_at_20_max": 0.460491,
        "nauc_ndcg_at_20_std": 0.242102,
        "nauc_ndcg_at_20_diff1": 0.536546,
        "nauc_ndcg_at_100_max": 0.46961,
        "nauc_ndcg_at_100_std": 0.257126,
        "nauc_ndcg_at_100_diff1": 0.531285,
        "nauc_ndcg_at_1000_max": 0.46337,
        "nauc_ndcg_at_1000_std": 0.252085,
        "nauc_ndcg_at_1000_diff1": 0.540105,
        "nauc_map_at_1_max": 0.410603,
        "nauc_map_at_1_std": 0.172664,
        "nauc_map_at_1_diff1": 0.603511,
        "nauc_map_at_3_max": 0.438654,
        "nauc_map_at_3_std": 0.207946,
        "nauc_map_at_3_diff1": 0.560283,
        "nauc_map_at_5_max": 0.440329,
        "nauc_map_at_5_std": 0.214446,
        "nauc_map_at_5_diff1": 0.557998,
        "nauc_map_at_10_max": 0.447121,
        "nauc_map_at_10_std": 0.215469,
        "nauc_map_at_10_diff1": 0.560327,
        "nauc_map_at_20_max": 0.447416,
        "nauc_map_at_20_std": 0.220083,
        "nauc_map_at_20_diff1": 0.558343,
        "nauc_map_at_100_max": 0.448845,
        "nauc_map_at_100_std": 0.222696,
        "nauc_map_at_100_diff1": 0.556873,
        "nauc_map_at_1000_max": 0.448583,
        "nauc_map_at_1000_std": 0.222585,
        "nauc_map_at_1000_diff1": 0.55718,
        "nauc_recall_at_1_max": 0.410603,
        "nauc_recall_at_1_std": 0.172664,
        "nauc_recall_at_1_diff1": 0.603511,
        "nauc_recall_at_3_max": 0.454391,
        "nauc_recall_at_3_std": 0.214459,
        "nauc_recall_at_3_diff1": 0.501199,
        "nauc_recall_at_5_max": 0.457225,
        "nauc_recall_at_5_std": 0.244436,
        "nauc_recall_at_5_diff1": 0.483112,
        "nauc_recall_at_10_max": 0.497154,
        "nauc_recall_at_10_std": 0.252441,
        "nauc_recall_at_10_diff1": 0.491534,
        "nauc_recall_at_20_max": 0.49772,
        "nauc_recall_at_20_std": 0.305005,
        "nauc_recall_at_20_diff1": 0.471508,
        "nauc_recall_at_100_max": 0.600099,
        "nauc_recall_at_100_std": 0.461036,
        "nauc_recall_at_100_diff1": 0.419714,
        "nauc_recall_at_1000_max": 0.638631,
        "nauc_recall_at_1000_std": 0.623864,
        "nauc_recall_at_1000_diff1": 0.548848,
        "nauc_precision_at_1_max": 0.439495,
        "nauc_precision_at_1_std": 0.208999,
        "nauc_precision_at_1_diff1": 0.582489,
        "nauc_precision_at_3_max": 0.482728,
        "nauc_precision_at_3_std": 0.272729,
        "nauc_precision_at_3_diff1": 0.441924,
        "nauc_precision_at_5_max": 0.490308,
        "nauc_precision_at_5_std": 0.32293,
        "nauc_precision_at_5_diff1": 0.408042,
        "nauc_precision_at_10_max": 0.505415,
        "nauc_precision_at_10_std": 0.339568,
        "nauc_precision_at_10_diff1": 0.369586,
        "nauc_precision_at_20_max": 0.410325,
        "nauc_precision_at_20_std": 0.35024,
        "nauc_precision_at_20_diff1": 0.254544,
        "nauc_precision_at_100_max": 0.356128,
        "nauc_precision_at_100_std": 0.382471,
        "nauc_precision_at_100_diff1": 0.089687,
        "nauc_precision_at_1000_max": 0.182375,
        "nauc_precision_at_1000_std": 0.327765,
        "nauc_precision_at_1000_diff1": -0.047702,
        "nauc_mrr_at_1_max": 0.439495,
        "nauc_mrr_at_1_std": 0.208999,
        "nauc_mrr_at_1_diff1": 0.582489,
        "nauc_mrr_at_3_max": 0.45242,
        "nauc_mrr_at_3_std": 0.222066,
        "nauc_mrr_at_3_diff1": 0.540909,
        "nauc_mrr_at_5_max": 0.451206,
        "nauc_mrr_at_5_std": 0.233156,
        "nauc_mrr_at_5_diff1": 0.537939,
        "nauc_mrr_at_10_max": 0.45601,
        "nauc_mrr_at_10_std": 0.233095,
        "nauc_mrr_at_10_diff1": 0.541761,
        "nauc_mrr_at_20_max": 0.455119,
        "nauc_mrr_at_20_std": 0.234032,
        "nauc_mrr_at_20_diff1": 0.540941,
        "nauc_mrr_at_100_max": 0.45637,
        "nauc_mrr_at_100_std": 0.235862,
        "nauc_mrr_at_100_diff1": 0.540452,
        "nauc_mrr_at_1000_max": 0.456207,
        "nauc_mrr_at_1000_std": 0.235749,
        "nauc_mrr_at_1000_diff1": 0.540762,
        "cv_recall_at_1": 0.39,
        "cv_recall_at_3": 0.53667,
        "cv_recall_at_5": 0.61,
        "cv_recall_at_10": 0.66,
        "cv_recall_at_20": 0.69667,
        "cv_recall_at_100": 0.81667,
        "cv_recall_at_1000": 0.93667,
        "main_score": 0.50389,
        "hf_subset": "default",
        "languages": [
          "nld-Latn"
        ]
      }
    ]
  },
  "evaluation_time": 757.2482855319977,
  "kg_co2_emissions": null,
  "date": null
}