{
  "dataset_revision": "483a7cf890c523c954e7751d328c5bb65061dcff",
  "task_name": "SciFact-VN",
  "mteb_version": "2.9.0",
  "scores": {
    "test": [
      {
        "ndcg_at_1": 0.26866,
        "ndcg_at_3": 0.34164,
        "ndcg_at_5": 0.36321,
        "ndcg_at_10": 0.38345,
        "ndcg_at_20": 0.40651,
        "ndcg_at_100": 0.43033,
        "ndcg_at_1000": 0.45289,
        "map_at_1": 0.25746,
        "map_at_3": 0.31841,
        "map_at_5": 0.33159,
        "map_at_10": 0.33998,
        "map_at_20": 0.34676,
        "map_at_100": 0.34985,
        "map_at_1000": 0.3507,
        "recall_at_1": 0.25746,
        "recall_at_3": 0.39925,
        "recall_at_5": 0.449,
        "recall_at_10": 0.50995,
        "recall_at_20": 0.59478,
        "recall_at_100": 0.72065,
        "recall_at_1000": 0.89552,
        "accuracy": 0.25746,
        "precision_at_1": 0.26866,
        "precision_at_3": 0.13682,
        "precision_at_5": 0.09552,
        "precision_at_10": 0.05522,
        "precision_at_20": 0.03321,
        "precision_at_100": 0.00828,
        "precision_at_1000": 0.00104,
        "mrr_at_1": 0.268657,
        "mrr_at_3": 0.324627,
        "mrr_at_5": 0.339552,
        "mrr_at_10": 0.346742,
        "mrr_at_20": 0.352961,
        "mrr_at_100": 0.355654,
        "mrr_at_1000": 0.356355,
        "nauc_ndcg_at_1_max": 0.170763,
        "nauc_ndcg_at_1_std": 0.03549,
        "nauc_ndcg_at_1_diff1": 0.565954,
        "nauc_ndcg_at_3_max": 0.176908,
        "nauc_ndcg_at_3_std": -0.000673,
        "nauc_ndcg_at_3_diff1": 0.506858,
        "nauc_ndcg_at_5_max": 0.203381,
        "nauc_ndcg_at_5_std": 0.01495,
        "nauc_ndcg_at_5_diff1": 0.522359,
        "nauc_ndcg_at_10_max": 0.210945,
        "nauc_ndcg_at_10_std": 0.049976,
        "nauc_ndcg_at_10_diff1": 0.510579,
        "nauc_ndcg_at_20_max": 0.232582,
        "nauc_ndcg_at_20_std": 0.082843,
        "nauc_ndcg_at_20_diff1": 0.508475,
        "nauc_ndcg_at_100_max": 0.230571,
        "nauc_ndcg_at_100_std": 0.101555,
        "nauc_ndcg_at_100_diff1": 0.502325,
        "nauc_ndcg_at_1000_max": 0.23571,
        "nauc_ndcg_at_1000_std": 0.097244,
        "nauc_ndcg_at_1000_diff1": 0.509077,
        "nauc_map_at_1_max": 0.16264,
        "nauc_map_at_1_std": 0.033874,
        "nauc_map_at_1_diff1": 0.565584,
        "nauc_map_at_3_max": 0.174682,
        "nauc_map_at_3_std": 0.008341,
        "nauc_map_at_3_diff1": 0.520363,
        "nauc_map_at_5_max": 0.189087,
        "nauc_map_at_5_std": 0.018978,
        "nauc_map_at_5_diff1": 0.530821,
        "nauc_map_at_10_max": 0.192783,
        "nauc_map_at_10_std": 0.032137,
        "nauc_map_at_10_diff1": 0.526933,
        "nauc_map_at_20_max": 0.200151,
        "nauc_map_at_20_std": 0.042593,
        "nauc_map_at_20_diff1": 0.526498,
        "nauc_map_at_100_max": 0.199758,
        "nauc_map_at_100_std": 0.045594,
        "nauc_map_at_100_diff1": 0.525943,
        "nauc_map_at_1000_max": 0.199819,
        "nauc_map_at_1000_std": 0.045739,
        "nauc_map_at_1000_diff1": 0.525922,
        "nauc_recall_at_1_max": 0.16264,
        "nauc_recall_at_1_std": 0.033874,
        "nauc_recall_at_1_diff1": 0.565584,
        "nauc_recall_at_3_max": 0.173349,
        "nauc_recall_at_3_std": -0.027352,
        "nauc_recall_at_3_diff1": 0.462344,
        "nauc_recall_at_5_max": 0.227004,
        "nauc_recall_at_5_std": 0.003158,
        "nauc_recall_at_5_diff1": 0.503027,
        "nauc_recall_at_10_max": 0.244186,
        "nauc_recall_at_10_std": 0.10708,
        "nauc_recall_at_10_diff1": 0.464559,
        "nauc_recall_at_20_max": 0.32643,
        "nauc_recall_at_20_std": 0.232127,
        "nauc_recall_at_20_diff1": 0.453046,
        "nauc_recall_at_100_max": 0.335341,
        "nauc_recall_at_100_std": 0.377281,
        "nauc_recall_at_100_diff1": 0.405988,
        "nauc_recall_at_1000_max": 0.600299,
        "nauc_recall_at_1000_std": 0.578955,
        "nauc_recall_at_1000_diff1": 0.49109,
        "nauc_precision_at_1_max": 0.170763,
        "nauc_precision_at_1_std": 0.03549,
        "nauc_precision_at_1_diff1": 0.565954,
        "nauc_precision_at_3_max": 0.183168,
        "nauc_precision_at_3_std": -0.025234,
        "nauc_precision_at_3_diff1": 0.471515,
        "nauc_precision_at_5_max": 0.256874,
        "nauc_precision_at_5_std": 0.026036,
        "nauc_precision_at_5_diff1": 0.470518,
        "nauc_precision_at_10_max": 0.312364,
        "nauc_precision_at_10_std": 0.155427,
        "nauc_precision_at_10_diff1": 0.402368,
        "nauc_precision_at_20_max": 0.395536,
        "nauc_precision_at_20_std": 0.31808,
        "nauc_precision_at_20_diff1": 0.316059,
        "nauc_precision_at_100_max": 0.347375,
        "nauc_precision_at_100_std": 0.414137,
        "nauc_precision_at_100_diff1": 0.131231,
        "nauc_precision_at_1000_max": 0.350081,
        "nauc_precision_at_1000_std": 0.442288,
        "nauc_precision_at_1000_diff1": -0.052352,
        "nauc_mrr_at_1_max": 0.170763,
        "nauc_mrr_at_1_std": 0.03549,
        "nauc_mrr_at_1_diff1": 0.565954,
        "nauc_mrr_at_3_max": 0.192749,
        "nauc_mrr_at_3_std": 0.009287,
        "nauc_mrr_at_3_diff1": 0.536217,
        "nauc_mrr_at_5_max": 0.198089,
        "nauc_mrr_at_5_std": 0.021969,
        "nauc_mrr_at_5_diff1": 0.531959,
        "nauc_mrr_at_10_max": 0.203938,
        "nauc_mrr_at_10_std": 0.033027,
        "nauc_mrr_at_10_diff1": 0.524954,
        "nauc_mrr_at_20_max": 0.206962,
        "nauc_mrr_at_20_std": 0.039099,
        "nauc_mrr_at_20_diff1": 0.525525,
        "nauc_mrr_at_100_max": 0.206439,
        "nauc_mrr_at_100_std": 0.042019,
        "nauc_mrr_at_100_diff1": 0.525431,
        "nauc_mrr_at_1000_max": 0.206421,
        "nauc_mrr_at_1000_std": 0.041738,
        "nauc_mrr_at_1000_diff1": 0.525633,
        "cv_recall_at_1": 0.26866,
        "cv_recall_at_3": 0.39552,
        "cv_recall_at_5": 0.46269,
        "cv_recall_at_10": 0.52239,
        "cv_recall_at_20": 0.61194,
        "cv_recall_at_100": 0.73134,
        "cv_recall_at_1000": 0.89552,
        "main_score": 0.38345,
        "hf_subset": "default",
        "languages": [
          "vie-Latn"
        ]
      }
    ]
  },
  "evaluation_time": 755.7870471477509,
  "kg_co2_emissions": null,
  "date": null
}