{
  "dataset_revision": "6661dba4dfedff606537732d9f35f2c3738b081a",
  "task_name": "TVPLRetrieval",
  "mteb_version": "2.9.0",
  "scores": {
    "test": [
      {
        "ndcg_at_1": 0.35183,
        "ndcg_at_3": 0.41803,
        "ndcg_at_5": 0.43967,
        "ndcg_at_10": 0.46219,
        "ndcg_at_20": 0.47838,
        "ndcg_at_100": 0.5021,
        "ndcg_at_1000": 0.52039,
        "map_at_1": 0.33468,
        "map_at_3": 0.39617,
        "map_at_5": 0.40843,
        "map_at_10": 0.41798,
        "map_at_20": 0.42253,
        "map_at_100": 0.42583,
        "map_at_1000": 0.42649,
        "recall_at_1": 0.33468,
        "recall_at_3": 0.46712,
        "recall_at_5": 0.51881,
        "recall_at_10": 0.58667,
        "recall_at_20": 0.64886,
        "recall_at_100": 0.7744,
        "recall_at_1000": 0.91664,
        "accuracy": 0.33468,
        "precision_at_1": 0.35183,
        "precision_at_3": 0.16565,
        "precision_at_5": 0.11065,
        "precision_at_10": 0.06291,
        "precision_at_20": 0.03495,
        "precision_at_100": 0.00841,
        "precision_at_1000": 0.00101,
        "mrr_at_1": 0.351928,
        "mrr_at_3": 0.410866,
        "mrr_at_5": 0.422979,
        "mrr_at_10": 0.43209,
        "mrr_at_20": 0.436516,
        "mrr_at_100": 0.439637,
        "mrr_at_1000": 0.440238,
        "nauc_ndcg_at_1_max": 0.463615,
        "nauc_ndcg_at_1_std": 0.073457,
        "nauc_ndcg_at_1_diff1": 0.584945,
        "nauc_ndcg_at_3_max": 0.474407,
        "nauc_ndcg_at_3_std": 0.094667,
        "nauc_ndcg_at_3_diff1": 0.531084,
        "nauc_ndcg_at_5_max": 0.473116,
        "nauc_ndcg_at_5_std": 0.107133,
        "nauc_ndcg_at_5_diff1": 0.521542,
        "nauc_ndcg_at_10_max": 0.468335,
        "nauc_ndcg_at_10_std": 0.113715,
        "nauc_ndcg_at_10_diff1": 0.514186,
        "nauc_ndcg_at_20_max": 0.468539,
        "nauc_ndcg_at_20_std": 0.120579,
        "nauc_ndcg_at_20_diff1": 0.512848,
        "nauc_ndcg_at_100_max": 0.46633,
        "nauc_ndcg_at_100_std": 0.122344,
        "nauc_ndcg_at_100_diff1": 0.514313,
        "nauc_ndcg_at_1000_max": 0.469295,
        "nauc_ndcg_at_1000_std": 0.117834,
        "nauc_ndcg_at_1000_diff1": 0.519412,
        "nauc_map_at_1_max": 0.454145,
        "nauc_map_at_1_std": 0.06971,
        "nauc_map_at_1_diff1": 0.574397,
        "nauc_map_at_3_max": 0.471318,
        "nauc_map_at_3_std": 0.088885,
        "nauc_map_at_3_diff1": 0.540139,
        "nauc_map_at_5_max": 0.470897,
        "nauc_map_at_5_std": 0.095914,
        "nauc_map_at_5_diff1": 0.534992,
        "nauc_map_at_10_max": 0.469053,
        "nauc_map_at_10_std": 0.098695,
        "nauc_map_at_10_diff1": 0.532092,
        "nauc_map_at_20_max": 0.469296,
        "nauc_map_at_20_std": 0.100495,
        "nauc_map_at_20_diff1": 0.531937,
        "nauc_map_at_100_max": 0.469079,
        "nauc_map_at_100_std": 0.100727,
        "nauc_map_at_100_diff1": 0.532207,
        "nauc_map_at_1000_max": 0.469173,
        "nauc_map_at_1000_std": 0.100612,
        "nauc_map_at_1000_diff1": 0.532393,
        "nauc_recall_at_1_max": 0.454145,
        "nauc_recall_at_1_std": 0.06971,
        "nauc_recall_at_1_diff1": 0.574397,
        "nauc_recall_at_3_max": 0.475742,
        "nauc_recall_at_3_std": 0.108658,
        "nauc_recall_at_3_diff1": 0.494105,
        "nauc_recall_at_5_max": 0.468638,
        "nauc_recall_at_5_std": 0.138405,
        "nauc_recall_at_5_diff1": 0.465142,
        "nauc_recall_at_10_max": 0.453734,
        "nauc_recall_at_10_std": 0.162286,
        "nauc_recall_at_10_diff1": 0.438971,
        "nauc_recall_at_20_max": 0.449099,
        "nauc_recall_at_20_std": 0.197294,
        "nauc_recall_at_20_diff1": 0.421374,
        "nauc_recall_at_100_max": 0.422995,
        "nauc_recall_at_100_std": 0.240357,
        "nauc_recall_at_100_diff1": 0.398852,
        "nauc_recall_at_1000_max": 0.445574,
        "nauc_recall_at_1000_std": 0.275413,
        "nauc_recall_at_1000_diff1": 0.379514,
        "nauc_precision_at_1_max": 0.463615,
        "nauc_precision_at_1_std": 0.073457,
        "nauc_precision_at_1_diff1": 0.584945,
        "nauc_precision_at_3_max": 0.471487,
        "nauc_precision_at_3_std": 0.11302,
        "nauc_precision_at_3_diff1": 0.482318,
        "nauc_precision_at_5_max": 0.460946,
        "nauc_precision_at_5_std": 0.142649,
        "nauc_precision_at_5_diff1": 0.451025,
        "nauc_precision_at_10_max": 0.428003,
        "nauc_precision_at_10_std": 0.161991,
        "nauc_precision_at_10_diff1": 0.407075,
        "nauc_precision_at_20_max": 0.409309,
        "nauc_precision_at_20_std": 0.190632,
        "nauc_precision_at_20_diff1": 0.376629,
        "nauc_precision_at_100_max": 0.322261,
        "nauc_precision_at_100_std": 0.205274,
        "nauc_precision_at_100_diff1": 0.293351,
        "nauc_precision_at_1000_max": 0.162889,
        "nauc_precision_at_1000_std": 0.135995,
        "nauc_precision_at_1000_diff1": 0.10963,
        "nauc_mrr_at_1_max": 0.463388,
        "nauc_mrr_at_1_std": 0.073296,
        "nauc_mrr_at_1_diff1": 0.584634,
        "nauc_mrr_at_3_max": 0.47421,
        "nauc_mrr_at_3_std": 0.08972,
        "nauc_mrr_at_3_diff1": 0.548053,
        "nauc_mrr_at_5_max": 0.473328,
        "nauc_mrr_at_5_std": 0.096864,
        "nauc_mrr_at_5_diff1": 0.542543,
        "nauc_mrr_at_10_max": 0.471026,
        "nauc_mrr_at_10_std": 0.098662,
        "nauc_mrr_at_10_diff1": 0.539694,
        "nauc_mrr_at_20_max": 0.471018,
        "nauc_mrr_at_20_std": 0.100271,
        "nauc_mrr_at_20_diff1": 0.539404,
        "nauc_mrr_at_100_max": 0.470838,
        "nauc_mrr_at_100_std": 0.100327,
        "nauc_mrr_at_100_diff1": 0.539647,
        "nauc_mrr_at_1000_max": 0.470945,
        "nauc_mrr_at_1000_std": 0.100184,
        "nauc_mrr_at_1000_diff1": 0.539842,
        "cv_recall_at_1": 0.35193,
        "cv_recall_at_3": 0.48413,
        "cv_recall_at_5": 0.53721,
        "cv_recall_at_10": 0.60561,
        "cv_recall_at_20": 0.669,
        "cv_recall_at_100": 0.79399,
        "cv_recall_at_1000": 0.932,
        "main_score": 0.46219,
        "hf_subset": "default",
        "languages": [
          "vie-Latn"
        ]
      }
    ]
  },
  "evaluation_time": 1074.2024705410004,
  "kg_co2_emissions": null,
  "date": null
}