{
  "dataset_revision": "1f7d469f28e94c23164476fc4115f14fb3b95a6c",
  "task_name": "CQADupstack-Android-PL",
  "mteb_version": "2.9.0",
  "scores": {
    "test": [
      {
        "ndcg_at_1": 0.33619,
        "ndcg_at_3": 0.3689,
        "ndcg_at_5": 0.38255,
        "ndcg_at_10": 0.404,
        "ndcg_at_20": 0.4214,
        "ndcg_at_100": 0.45405,
        "ndcg_at_1000": 0.47995,
        "map_at_1": 0.27063,
        "map_at_3": 0.32975,
        "map_at_5": 0.34252,
        "map_at_10": 0.35449,
        "map_at_20": 0.36082,
        "map_at_100": 0.36634,
        "map_at_1000": 0.36765,
        "recall_at_1": 0.27063,
        "recall_at_3": 0.38213,
        "recall_at_5": 0.427,
        "recall_at_10": 0.49556,
        "recall_at_20": 0.558,
        "recall_at_100": 0.71516,
        "recall_at_1000": 0.89058,
        "accuracy": 0.27063,
        "precision_at_1": 0.33619,
        "precision_at_3": 0.17549,
        "precision_at_5": 0.12246,
        "precision_at_10": 0.07425,
        "precision_at_20": 0.04378,
        "precision_at_100": 0.01206,
        "precision_at_1000": 0.00171,
        "mrr_at_1": 0.336195,
        "mrr_at_3": 0.387458,
        "mrr_at_5": 0.399762,
        "mrr_at_10": 0.409321,
        "mrr_at_20": 0.413725,
        "mrr_at_100": 0.417038,
        "mrr_at_1000": 0.417608,
        "nauc_ndcg_at_1_max": 0.375668,
        "nauc_ndcg_at_1_std": -0.004221,
        "nauc_ndcg_at_1_diff1": 0.534758,
        "nauc_ndcg_at_3_max": 0.34164,
        "nauc_ndcg_at_3_std": -0.020943,
        "nauc_ndcg_at_3_diff1": 0.479501,
        "nauc_ndcg_at_5_max": 0.341161,
        "nauc_ndcg_at_5_std": -0.019106,
        "nauc_ndcg_at_5_diff1": 0.467989,
        "nauc_ndcg_at_10_max": 0.355469,
        "nauc_ndcg_at_10_std": -0.018241,
        "nauc_ndcg_at_10_diff1": 0.469533,
        "nauc_ndcg_at_20_max": 0.357092,
        "nauc_ndcg_at_20_std": -0.00489,
        "nauc_ndcg_at_20_diff1": 0.471785,
        "nauc_ndcg_at_100_max": 0.365557,
        "nauc_ndcg_at_100_std": 0.021113,
        "nauc_ndcg_at_100_diff1": 0.473077,
        "nauc_ndcg_at_1000_max": 0.365704,
        "nauc_ndcg_at_1000_std": 0.018911,
        "nauc_ndcg_at_1000_diff1": 0.472825,
        "nauc_map_at_1_max": 0.33247,
        "nauc_map_at_1_std": -0.019099,
        "nauc_map_at_1_diff1": 0.540465,
        "nauc_map_at_3_max": 0.34024,
        "nauc_map_at_3_std": -0.031236,
        "nauc_map_at_3_diff1": 0.502829,
        "nauc_map_at_5_max": 0.343685,
        "nauc_map_at_5_std": -0.027163,
        "nauc_map_at_5_diff1": 0.492995,
        "nauc_map_at_10_max": 0.350842,
        "nauc_map_at_10_std": -0.025375,
        "nauc_map_at_10_diff1": 0.49125,
        "nauc_map_at_20_max": 0.351831,
        "nauc_map_at_20_std": -0.020559,
        "nauc_map_at_20_diff1": 0.49076,
        "nauc_map_at_100_max": 0.353306,
        "nauc_map_at_100_std": -0.016006,
        "nauc_map_at_100_diff1": 0.490828,
        "nauc_map_at_1000_max": 0.353296,
        "nauc_map_at_1000_std": -0.015394,
        "nauc_map_at_1000_diff1": 0.490465,
        "nauc_recall_at_1_max": 0.33247,
        "nauc_recall_at_1_std": -0.019099,
        "nauc_recall_at_1_diff1": 0.540465,
        "nauc_recall_at_3_max": 0.310886,
        "nauc_recall_at_3_std": -0.043299,
        "nauc_recall_at_3_diff1": 0.45522,
        "nauc_recall_at_5_max": 0.309252,
        "nauc_recall_at_5_std": -0.033213,
        "nauc_recall_at_5_diff1": 0.418545,
        "nauc_recall_at_10_max": 0.337769,
        "nauc_recall_at_10_std": -0.01904,
        "nauc_recall_at_10_diff1": 0.400095,
        "nauc_recall_at_20_max": 0.339652,
        "nauc_recall_at_20_std": 0.034042,
        "nauc_recall_at_20_diff1": 0.390227,
        "nauc_recall_at_100_max": 0.368666,
        "nauc_recall_at_100_std": 0.198671,
        "nauc_recall_at_100_diff1": 0.353809,
        "nauc_recall_at_1000_max": 0.428274,
        "nauc_recall_at_1000_std": 0.314974,
        "nauc_recall_at_1000_diff1": 0.30366,
        "nauc_precision_at_1_max": 0.375668,
        "nauc_precision_at_1_std": -0.004221,
        "nauc_precision_at_1_diff1": 0.534758,
        "nauc_precision_at_3_max": 0.315863,
        "nauc_precision_at_3_std": 0.005779,
        "nauc_precision_at_3_diff1": 0.33616,
        "nauc_precision_at_5_max": 0.291427,
        "nauc_precision_at_5_std": 0.033666,
        "nauc_precision_at_5_diff1": 0.25138,
        "nauc_precision_at_10_max": 0.275685,
        "nauc_precision_at_10_std": 0.037329,
        "nauc_precision_at_10_diff1": 0.182941,
        "nauc_precision_at_20_max": 0.22247,
        "nauc_precision_at_20_std": 0.078372,
        "nauc_precision_at_20_diff1": 0.119898,
        "nauc_precision_at_100_max": 0.144668,
        "nauc_precision_at_100_std": 0.175515,
        "nauc_precision_at_100_diff1": -0.017153,
        "nauc_precision_at_1000_max": -0.002134,
        "nauc_precision_at_1000_std": 0.124429,
        "nauc_precision_at_1000_diff1": -0.176275,
        "nauc_mrr_at_1_max": 0.375668,
        "nauc_mrr_at_1_std": -0.004221,
        "nauc_mrr_at_1_diff1": 0.534758,
        "nauc_mrr_at_3_max": 0.362866,
        "nauc_mrr_at_3_std": -0.012545,
        "nauc_mrr_at_3_diff1": 0.499244,
        "nauc_mrr_at_5_max": 0.362731,
        "nauc_mrr_at_5_std": -0.006742,
        "nauc_mrr_at_5_diff1": 0.487884,
        "nauc_mrr_at_10_max": 0.367352,
        "nauc_mrr_at_10_std": -0.006847,
        "nauc_mrr_at_10_diff1": 0.487799,
        "nauc_mrr_at_20_max": 0.367717,
        "nauc_mrr_at_20_std": -0.003186,
        "nauc_mrr_at_20_diff1": 0.488396,
        "nauc_mrr_at_100_max": 0.368104,
        "nauc_mrr_at_100_std": -0.00153,
        "nauc_mrr_at_100_diff1": 0.48858,
        "nauc_mrr_at_1000_max": 0.368137,
        "nauc_mrr_at_1000_std": -0.001667,
        "nauc_mrr_at_1000_diff1": 0.488759,
        "cv_recall_at_1": 0.33619,
        "cv_recall_at_3": 0.45351,
        "cv_recall_at_5": 0.50787,
        "cv_recall_at_10": 0.5794,
        "cv_recall_at_20": 0.63948,
        "cv_recall_at_100": 0.77969,
        "cv_recall_at_1000": 0.92704,
        "main_score": 0.404,
        "hf_subset": "default",
        "languages": [
          "pol-Latn"
        ]
      }
    ]
  },
  "evaluation_time": 209.43325638771057,
  "kg_co2_emissions": null,
  "date": null
}