{
  "dataset_revision": "48142cc741b04d0b4af370ade7e8b42430382670",
  "task_name": "LIMITRetrieval",
  "mteb_version": "2.9.0",
  "scores": {
    "test": [
      {
        "ndcg_at_1": 0.01,
        "ndcg_at_2": 0.00729,
        "ndcg_at_3": 0.00791,
        "ndcg_at_5": 0.00891,
        "ndcg_at_10": 0.01162,
        "ndcg_at_20": 0.01451,
        "ndcg_at_100": 0.02449,
        "ndcg_at_1000": 0.04852,
        "map_at_1": 0.005,
        "map_at_2": 0.00575,
        "map_at_3": 0.00608,
        "map_at_5": 0.00653,
        "map_at_10": 0.00748,
        "map_at_20": 0.00813,
        "map_at_100": 0.00925,
        "map_at_1000": 0.0099,
        "recall_at_1": 0.005,
        "recall_at_2": 0.0065,
        "recall_at_3": 0.0075,
        "recall_at_5": 0.0095,
        "recall_at_10": 0.0165,
        "recall_at_20": 0.026,
        "recall_at_100": 0.072,
        "recall_at_1000": 0.2385,
        "accuracy": 0.005,
        "precision_at_1": 0.01,
        "precision_at_2": 0.0065,
        "precision_at_3": 0.005,
        "precision_at_5": 0.0038,
        "precision_at_10": 0.0033,
        "precision_at_20": 0.0026,
        "precision_at_100": 0.00144,
        "precision_at_1000": 0.00048,
        "mrr_at_1": 0.01,
        "mrr_at_2": 0.0115,
        "mrr_at_3": 0.012167,
        "mrr_at_5": 0.013067,
        "mrr_at_10": 0.014704,
        "mrr_at_20": 0.015903,
        "mrr_at_100": 0.017626,
        "mrr_at_1000": 0.018443,
        "nauc_ndcg_at_1_max": -0.249584,
        "nauc_ndcg_at_1_std": -0.167776,
        "nauc_ndcg_at_1_diff1": 0.017601,
        "nauc_ndcg_at_2_max": -0.246045,
        "nauc_ndcg_at_2_std": -0.149358,
        "nauc_ndcg_at_2_diff1": 0.072321,
        "nauc_ndcg_at_3_max": -0.245431,
        "nauc_ndcg_at_3_std": -0.121395,
        "nauc_ndcg_at_3_diff1": 0.056982,
        "nauc_ndcg_at_5_max": -0.246662,
        "nauc_ndcg_at_5_std": -0.144666,
        "nauc_ndcg_at_5_diff1": 0.042627,
        "nauc_ndcg_at_10_max": -0.216138,
        "nauc_ndcg_at_10_std": -0.178582,
        "nauc_ndcg_at_10_diff1": 0.008778,
        "nauc_ndcg_at_20_max": -0.209555,
        "nauc_ndcg_at_20_std": -0.158466,
        "nauc_ndcg_at_20_diff1": -0.006904,
        "nauc_ndcg_at_100_max": -0.159488,
        "nauc_ndcg_at_100_std": -0.167791,
        "nauc_ndcg_at_100_diff1": -0.024425,
        "nauc_ndcg_at_1000_max": -0.066969,
        "nauc_ndcg_at_1000_std": -0.117395,
        "nauc_ndcg_at_1000_diff1": -0.018182,
        "nauc_map_at_1_max": -0.249584,
        "nauc_map_at_1_std": -0.167776,
        "nauc_map_at_1_diff1": 0.017601,
        "nauc_map_at_2_max": -0.246684,
        "nauc_map_at_2_std": -0.152681,
        "nauc_map_at_2_diff1": 0.062447,
        "nauc_map_at_3_max": -0.246215,
        "nauc_map_at_3_std": -0.132745,
        "nauc_map_at_3_diff1": 0.052152,
        "nauc_map_at_5_max": -0.246681,
        "nauc_map_at_5_std": -0.146543,
        "nauc_map_at_5_diff1": 0.043699,
        "nauc_map_at_10_max": -0.228298,
        "nauc_map_at_10_std": -0.162504,
        "nauc_map_at_10_diff1": 0.033231,
        "nauc_map_at_20_max": -0.223567,
        "nauc_map_at_20_std": -0.155915,
        "nauc_map_at_20_diff1": 0.025386,
        "nauc_map_at_100_max": -0.205694,
        "nauc_map_at_100_std": -0.160058,
        "nauc_map_at_100_diff1": 0.017796,
        "nauc_map_at_1000_max": -0.195403,
        "nauc_map_at_1000_std": -0.156052,
        "nauc_map_at_1000_diff1": 0.015635,
        "nauc_recall_at_1_max": -0.249584,
        "nauc_recall_at_1_std": -0.167776,
        "nauc_recall_at_1_diff1": 0.017601,
        "nauc_recall_at_2_max": -0.244453,
        "nauc_recall_at_2_std": -0.14107,
        "nauc_recall_at_2_diff1": 0.096943,
        "nauc_recall_at_3_max": -0.24361,
        "nauc_recall_at_3_std": -0.094106,
        "nauc_recall_at_3_diff1": 0.067293,
        "nauc_recall_at_5_max": -0.24696,
        "nauc_recall_at_5_std": -0.142417,
        "nauc_recall_at_5_diff1": 0.03827,
        "nauc_recall_at_10_max": -0.197421,
        "nauc_recall_at_10_std": -0.210706,
        "nauc_recall_at_10_diff1": -0.031929,
        "nauc_recall_at_20_max": -0.19594,
        "nauc_recall_at_20_std": -0.16028,
        "nauc_recall_at_20_diff1": -0.04679,
        "nauc_recall_at_100_max": -0.126407,
        "nauc_recall_at_100_std": -0.174948,
        "nauc_recall_at_100_diff1": -0.050679,
        "nauc_recall_at_1000_max": 0.007735,
        "nauc_recall_at_1000_std": -0.083073,
        "nauc_recall_at_1000_diff1": -0.023668,
        "nauc_precision_at_1_max": -0.249584,
        "nauc_precision_at_1_std": -0.167776,
        "nauc_precision_at_1_diff1": 0.017601,
        "nauc_precision_at_2_max": -0.244453,
        "nauc_precision_at_2_std": -0.14107,
        "nauc_precision_at_2_diff1": 0.096943,
        "nauc_precision_at_3_max": -0.24361,
        "nauc_precision_at_3_std": -0.094106,
        "nauc_precision_at_3_diff1": 0.067293,
        "nauc_precision_at_5_max": -0.24696,
        "nauc_precision_at_5_std": -0.142417,
        "nauc_precision_at_5_diff1": 0.03827,
        "nauc_precision_at_10_max": -0.197421,
        "nauc_precision_at_10_std": -0.210706,
        "nauc_precision_at_10_diff1": -0.031929,
        "nauc_precision_at_20_max": -0.19594,
        "nauc_precision_at_20_std": -0.16028,
        "nauc_precision_at_20_diff1": -0.04679,
        "nauc_precision_at_100_max": -0.126407,
        "nauc_precision_at_100_std": -0.174948,
        "nauc_precision_at_100_diff1": -0.050679,
        "nauc_precision_at_1000_max": 0.007735,
        "nauc_precision_at_1000_std": -0.083073,
        "nauc_precision_at_1000_diff1": -0.023668,
        "nauc_mrr_at_1_max": -0.249584,
        "nauc_mrr_at_1_std": -0.167776,
        "nauc_mrr_at_1_diff1": 0.017601,
        "nauc_mrr_at_2_max": -0.246684,
        "nauc_mrr_at_2_std": -0.152681,
        "nauc_mrr_at_2_diff1": 0.062447,
        "nauc_mrr_at_3_max": -0.246215,
        "nauc_mrr_at_3_std": -0.132745,
        "nauc_mrr_at_3_diff1": 0.052152,
        "nauc_mrr_at_5_max": -0.246681,
        "nauc_mrr_at_5_std": -0.146543,
        "nauc_mrr_at_5_diff1": 0.043699,
        "nauc_mrr_at_10_max": -0.228681,
        "nauc_mrr_at_10_std": -0.159852,
        "nauc_mrr_at_10_diff1": 0.028289,
        "nauc_mrr_at_20_max": -0.22325,
        "nauc_mrr_at_20_std": -0.154959,
        "nauc_mrr_at_20_diff1": 0.021297,
        "nauc_mrr_at_100_max": -0.209901,
        "nauc_mrr_at_100_std": -0.155232,
        "nauc_mrr_at_100_diff1": 0.013476,
        "nauc_mrr_at_1000_max": -0.200015,
        "nauc_mrr_at_1000_std": -0.150574,
        "nauc_mrr_at_1000_diff1": 0.013709,
        "cv_recall_at_1": 0.01,
        "cv_recall_at_2": 0.013,
        "cv_recall_at_3": 0.015,
        "cv_recall_at_5": 0.019,
        "cv_recall_at_10": 0.032,
        "cv_recall_at_20": 0.05,
        "cv_recall_at_100": 0.129,
        "cv_recall_at_1000": 0.38,
        "main_score": 0.0065,
        "hf_subset": "default",
        "languages": [
          "eng-Latn"
        ]
      }
    ]
  },
  "evaluation_time": 489.83837604522705,
  "kg_co2_emissions": null,
  "date": null
}