{
  "dataset_revision": "6661dba4dfedff606537732d9f35f2c3738b081a",
  "task_name": "TVPLRetrieval",
  "mteb_version": "2.9.0",
  "scores": {
    "test": [
      {
        "ndcg_at_1": 0.65909,
        "ndcg_at_3": 0.73743,
        "ndcg_at_5": 0.75789,
        "ndcg_at_10": 0.77543,
        "ndcg_at_20": 0.78428,
        "ndcg_at_100": 0.7924,
        "ndcg_at_1000": 0.79543,
        "map_at_1": 0.62716,
        "map_at_3": 0.71037,
        "map_at_5": 0.72258,
        "map_at_10": 0.7305,
        "map_at_20": 0.73315,
        "map_at_100": 0.73447,
        "map_at_1000": 0.7346,
        "recall_at_1": 0.62716,
        "recall_at_3": 0.79533,
        "recall_at_5": 0.84335,
        "recall_at_10": 0.89462,
        "recall_at_20": 0.92768,
        "recall_at_100": 0.96838,
        "recall_at_1000": 0.99002,
        "accuracy": 0.62716,
        "precision_at_1": 0.65909,
        "precision_at_3": 0.28463,
        "precision_at_5": 0.18181,
        "precision_at_10": 0.0972,
        "precision_at_20": 0.05064,
        "precision_at_100": 0.01066,
        "precision_at_1000": 0.0011,
        "mrr_at_1": 0.659089,
        "mrr_at_3": 0.731213,
        "mrr_at_5": 0.741874,
        "mrr_at_10": 0.748542,
        "mrr_at_20": 0.750793,
        "mrr_at_100": 0.751727,
        "mrr_at_1000": 0.751799,
        "nauc_ndcg_at_1_max": 0.519889,
        "nauc_ndcg_at_1_std": -0.17684,
        "nauc_ndcg_at_1_diff1": 0.755703,
        "nauc_ndcg_at_3_max": 0.55516,
        "nauc_ndcg_at_3_std": -0.159888,
        "nauc_ndcg_at_3_diff1": 0.69338,
        "nauc_ndcg_at_5_max": 0.561429,
        "nauc_ndcg_at_5_std": -0.1505,
        "nauc_ndcg_at_5_diff1": 0.691924,
        "nauc_ndcg_at_10_max": 0.562813,
        "nauc_ndcg_at_10_std": -0.139158,
        "nauc_ndcg_at_10_diff1": 0.691938,
        "nauc_ndcg_at_20_max": 0.563832,
        "nauc_ndcg_at_20_std": -0.1354,
        "nauc_ndcg_at_20_diff1": 0.695671,
        "nauc_ndcg_at_100_max": 0.559113,
        "nauc_ndcg_at_100_std": -0.137671,
        "nauc_ndcg_at_100_diff1": 0.700397,
        "nauc_ndcg_at_1000_max": 0.556598,
        "nauc_ndcg_at_1000_std": -0.141621,
        "nauc_ndcg_at_1000_diff1": 0.702422,
        "nauc_map_at_1_max": 0.475541,
        "nauc_map_at_1_std": -0.167002,
        "nauc_map_at_1_diff1": 0.71965,
        "nauc_map_at_3_max": 0.539015,
        "nauc_map_at_3_std": -0.162195,
        "nauc_map_at_3_diff1": 0.700318,
        "nauc_map_at_5_max": 0.542928,
        "nauc_map_at_5_std": -0.15775,
        "nauc_map_at_5_diff1": 0.70017,
        "nauc_map_at_10_max": 0.543653,
        "nauc_map_at_10_std": -0.153368,
        "nauc_map_at_10_diff1": 0.700536,
        "nauc_map_at_20_max": 0.54399,
        "nauc_map_at_20_std": -0.152417,
        "nauc_map_at_20_diff1": 0.701622,
        "nauc_map_at_100_max": 0.543466,
        "nauc_map_at_100_std": -0.15249,
        "nauc_map_at_100_diff1": 0.702376,
        "nauc_map_at_1000_max": 0.543385,
        "nauc_map_at_1000_std": -0.152597,
        "nauc_map_at_1000_diff1": 0.702451,
        "nauc_recall_at_1_max": 0.475541,
        "nauc_recall_at_1_std": -0.167002,
        "nauc_recall_at_1_diff1": 0.71965,
        "nauc_recall_at_3_max": 0.582469,
        "nauc_recall_at_3_std": -0.143368,
        "nauc_recall_at_3_diff1": 0.631463,
        "nauc_recall_at_5_max": 0.60433,
        "nauc_recall_at_5_std": -0.106012,
        "nauc_recall_at_5_diff1": 0.604824,
        "nauc_recall_at_10_max": 0.629006,
        "nauc_recall_at_10_std": -0.028891,
        "nauc_recall_at_10_diff1": 0.56985,
        "nauc_recall_at_20_max": 0.660482,
        "nauc_recall_at_20_std": 0.053711,
        "nauc_recall_at_20_diff1": 0.545846,
        "nauc_recall_at_100_max": 0.66216,
        "nauc_recall_at_100_std": 0.199555,
        "nauc_recall_at_100_diff1": 0.50887,
        "nauc_recall_at_1000_max": 0.618171,
        "nauc_recall_at_1000_std": 0.355587,
        "nauc_recall_at_1000_diff1": 0.434648,
        "nauc_precision_at_1_max": 0.519889,
        "nauc_precision_at_1_std": -0.17684,
        "nauc_precision_at_1_diff1": 0.755703,
        "nauc_precision_at_3_max": 0.508375,
        "nauc_precision_at_3_std": -0.108614,
        "nauc_precision_at_3_diff1": 0.474337,
        "nauc_precision_at_5_max": 0.466544,
        "nauc_precision_at_5_std": -0.059435,
        "nauc_precision_at_5_diff1": 0.371296,
        "nauc_precision_at_10_max": 0.360383,
        "nauc_precision_at_10_std": 0.023973,
        "nauc_precision_at_10_diff1": 0.210321,
        "nauc_precision_at_20_max": 0.270926,
        "nauc_precision_at_20_std": 0.077707,
        "nauc_precision_at_20_diff1": 0.091505,
        "nauc_precision_at_100_max": 0.079035,
        "nauc_precision_at_100_std": 0.114397,
        "nauc_precision_at_100_diff1": -0.082094,
        "nauc_precision_at_1000_max": -0.04282,
        "nauc_precision_at_1000_std": 0.095388,
        "nauc_precision_at_1000_diff1": -0.171558,
        "nauc_mrr_at_1_max": 0.519889,
        "nauc_mrr_at_1_std": -0.17684,
        "nauc_mrr_at_1_diff1": 0.755703,
        "nauc_mrr_at_3_max": 0.557978,
        "nauc_mrr_at_3_std": -0.168319,
        "nauc_mrr_at_3_diff1": 0.72512,
        "nauc_mrr_at_5_max": 0.559249,
        "nauc_mrr_at_5_std": -0.163381,
        "nauc_mrr_at_5_diff1": 0.724655,
        "nauc_mrr_at_10_max": 0.558858,
        "nauc_mrr_at_10_std": -0.159796,
        "nauc_mrr_at_10_diff1": 0.725056,
        "nauc_mrr_at_20_max": 0.558671,
        "nauc_mrr_at_20_std": -0.159254,
        "nauc_mrr_at_20_diff1": 0.72609,
        "nauc_mrr_at_100_max": 0.558053,
        "nauc_mrr_at_100_std": -0.159783,
        "nauc_mrr_at_100_diff1": 0.726624,
        "nauc_mrr_at_1000_max": 0.557973,
        "nauc_mrr_at_1000_std": -0.159888,
        "nauc_mrr_at_1000_diff1": 0.726672,
        "cv_recall_at_1": 0.65909,
        "cv_recall_at_3": 0.82003,
        "cv_recall_at_5": 0.8659,
        "cv_recall_at_10": 0.91457,
        "cv_recall_at_20": 0.94622,
        "cv_recall_at_100": 0.98117,
        "cv_recall_at_1000": 0.99599,
        "main_score": 0.77543,
        "hf_subset": "default",
        "languages": [
          "vie-Latn"
        ]
      }
    ]
  },
  "evaluation_time": 175.0426001548767,
  "kg_co2_emissions": null,
  "date": null
}