{
  "dataset_revision": "local",
  "task_name": "WikiLV",
  "mteb_version": "2.12.27",
  "scores": {
    "test": [
      {
        "ndcg_at_1": 0.84615,
        "ndcg_at_3": 0.87739,
        "ndcg_at_5": 0.88388,
        "ndcg_at_10": 0.89172,
        "ndcg_at_20": 0.89602,
        "ndcg_at_100": 0.90133,
        "ndcg_at_1000": 0.90339,
        "map_at_1": 0.84615,
        "map_at_3": 0.86993,
        "map_at_5": 0.87352,
        "map_at_10": 0.87681,
        "map_at_20": 0.87799,
        "map_at_100": 0.87873,
        "map_at_1000": 0.87881,
        "recall_at_1": 0.84615,
        "recall_at_3": 0.8989,
        "recall_at_5": 0.91469,
        "recall_at_10": 0.93866,
        "recall_at_20": 0.95564,
        "recall_at_100": 0.98422,
        "recall_at_1000": 1.0,
        "accuracy": 0.84615,
        "precision_at_1": 0.84615,
        "precision_at_3": 0.29963,
        "precision_at_5": 0.18294,
        "precision_at_10": 0.09387,
        "precision_at_20": 0.04778,
        "precision_at_100": 0.00984,
        "precision_at_1000": 0.001,
        "mrr_at_1": 0.846154,
        "mrr_at_3": 0.86993,
        "mrr_at_5": 0.873516,
        "mrr_at_10": 0.876808,
        "mrr_at_20": 0.87799,
        "mrr_at_100": 0.878729,
        "mrr_at_1000": 0.878813,
        "nauc_ndcg_at_1_max": 0.87214,
        "nauc_ndcg_at_1_std": 0.194875,
        "nauc_ndcg_at_1_diff1": 0.930655,
        "nauc_ndcg_at_3_max": 0.875005,
        "nauc_ndcg_at_3_std": 0.230618,
        "nauc_ndcg_at_3_diff1": 0.908477,
        "nauc_ndcg_at_5_max": 0.87594,
        "nauc_ndcg_at_5_std": 0.234994,
        "nauc_ndcg_at_5_diff1": 0.908822,
        "nauc_ndcg_at_10_max": 0.875321,
        "nauc_ndcg_at_10_std": 0.232613,
        "nauc_ndcg_at_10_diff1": 0.908944,
        "nauc_ndcg_at_20_max": 0.875488,
        "nauc_ndcg_at_20_std": 0.23252,
        "nauc_ndcg_at_20_diff1": 0.910158,
        "nauc_ndcg_at_100_max": 0.875112,
        "nauc_ndcg_at_100_std": 0.23328,
        "nauc_ndcg_at_100_diff1": 0.910773,
        "nauc_ndcg_at_1000_max": 0.874943,
        "nauc_ndcg_at_1000_std": 0.227802,
        "nauc_ndcg_at_1000_diff1": 0.912597,
        "nauc_map_at_1_max": 0.87214,
        "nauc_map_at_1_std": 0.194875,
        "nauc_map_at_1_diff1": 0.930655,
        "nauc_map_at_3_max": 0.874375,
        "nauc_map_at_3_std": 0.219998,
        "nauc_map_at_3_diff1": 0.914533,
        "nauc_map_at_5_max": 0.874871,
        "nauc_map_at_5_std": 0.221911,
        "nauc_map_at_5_diff1": 0.914883,
        "nauc_map_at_10_max": 0.874596,
        "nauc_map_at_10_std": 0.22054,
        "nauc_map_at_10_diff1": 0.915112,
        "nauc_map_at_20_max": 0.874594,
        "nauc_map_at_20_std": 0.220526,
        "nauc_map_at_20_diff1": 0.915424,
        "nauc_map_at_100_max": 0.87455,
        "nauc_map_at_100_std": 0.220814,
        "nauc_map_at_100_diff1": 0.915542,
        "nauc_map_at_1000_max": 0.874543,
        "nauc_map_at_1000_std": 0.220645,
        "nauc_map_at_1000_diff1": 0.915594,
        "nauc_recall_at_1_max": 0.87214,
        "nauc_recall_at_1_std": 0.194875,
        "nauc_recall_at_1_diff1": 0.930655,
        "nauc_recall_at_3_max": 0.877186,
        "nauc_recall_at_3_std": 0.269217,
        "nauc_recall_at_3_diff1": 0.88673,
        "nauc_recall_at_5_max": 0.880396,
        "nauc_recall_at_5_std": 0.290516,
        "nauc_recall_at_5_diff1": 0.883872,
        "nauc_recall_at_10_max": 0.879064,
        "nauc_recall_at_10_std": 0.301047,
        "nauc_recall_at_10_diff1": 0.874594,
        "nauc_recall_at_20_max": 0.88269,
        "nauc_recall_at_20_std": 0.323752,
        "nauc_recall_at_20_diff1": 0.873101,
        "nauc_recall_at_100_max": 0.882952,
        "nauc_recall_at_100_std": 0.488473,
        "nauc_recall_at_100_diff1": 0.824842,
        "nauc_recall_at_1000_max": NaN,
        "nauc_recall_at_1000_std": NaN,
        "nauc_recall_at_1000_diff1": NaN,
        "nauc_precision_at_1_max": 0.87214,
        "nauc_precision_at_1_std": 0.194875,
        "nauc_precision_at_1_diff1": 0.930655,
        "nauc_precision_at_3_max": 0.877186,
        "nauc_precision_at_3_std": 0.269217,
        "nauc_precision_at_3_diff1": 0.88673,
        "nauc_precision_at_5_max": 0.880396,
        "nauc_precision_at_5_std": 0.290516,
        "nauc_precision_at_5_diff1": 0.883872,
        "nauc_precision_at_10_max": 0.879064,
        "nauc_precision_at_10_std": 0.301047,
        "nauc_precision_at_10_diff1": 0.874594,
        "nauc_precision_at_20_max": 0.88269,
        "nauc_precision_at_20_std": 0.323752,
        "nauc_precision_at_20_diff1": 0.873101,
        "nauc_precision_at_100_max": 0.882952,
        "nauc_precision_at_100_std": 0.488473,
        "nauc_precision_at_100_diff1": 0.824842,
        "nauc_precision_at_1000_max": 1.0,
        "nauc_precision_at_1000_std": 1.0,
        "nauc_precision_at_1000_diff1": 1.0,
        "nauc_mrr_at_1_max": 0.87214,
        "nauc_mrr_at_1_std": 0.194875,
        "nauc_mrr_at_1_diff1": 0.930655,
        "nauc_mrr_at_3_max": 0.874375,
        "nauc_mrr_at_3_std": 0.219998,
        "nauc_mrr_at_3_diff1": 0.914533,
        "nauc_mrr_at_5_max": 0.874871,
        "nauc_mrr_at_5_std": 0.221911,
        "nauc_mrr_at_5_diff1": 0.914883,
        "nauc_mrr_at_10_max": 0.874596,
        "nauc_mrr_at_10_std": 0.22054,
        "nauc_mrr_at_10_diff1": 0.915112,
        "nauc_mrr_at_20_max": 0.874594,
        "nauc_mrr_at_20_std": 0.220526,
        "nauc_mrr_at_20_diff1": 0.915424,
        "nauc_mrr_at_100_max": 0.87455,
        "nauc_mrr_at_100_std": 0.220814,
        "nauc_mrr_at_100_diff1": 0.915542,
        "nauc_mrr_at_1000_max": 0.874543,
        "nauc_mrr_at_1000_std": 0.220645,
        "nauc_mrr_at_1000_diff1": 0.915594,
        "hit_rate_at_1": 0.84615,
        "hit_rate_at_3": 0.8989,
        "hit_rate_at_5": 0.91469,
        "hit_rate_at_10": 0.93866,
        "hit_rate_at_20": 0.95564,
        "hit_rate_at_100": 0.98422,
        "hit_rate_at_1000": 1.0,
        "main_score": 0.89172,
        "hf_subset": "default",
        "languages": [
          "lav-Latn"
        ]
      }
    ]
  },
  "evaluation_time": 19.545868635177612,
  "kg_co2_emissions": null,
  "date": null
}