{
  "dataset_revision": "ef7b3a7f08dd2f0f7bdf0cf23391f8a1a26ad477",
  "task_name": "BIRCO-ClinicalTrial",
  "mteb_version": "2.12.21",
  "scores": {
    "test": [
      {
        "ndcg_at_1": 0.26,
        "ndcg_at_3": 0.23642,
        "ndcg_at_5": 0.22863,
        "ndcg_at_10": 0.24217,
        "ndcg_at_20": 0.26661,
        "ndcg_at_100": 0.414,
        "ndcg_at_1000": 0.51745,
        "map_at_1": 0.02211,
        "map_at_3": 0.04512,
        "map_at_5": 0.06014,
        "map_at_10": 0.08831,
        "map_at_20": 0.12241,
        "map_at_100": 0.19993,
        "map_at_1000": 0.22564,
        "recall_at_1": 0.02211,
        "recall_at_3": 0.05553,
        "recall_at_5": 0.08783,
        "recall_at_10": 0.16064,
        "recall_at_20": 0.26572,
        "recall_at_100": 0.63708,
        "recall_at_1000": 0.96208,
        "accuracy": 0.02211,
        "precision_at_1": 0.36,
        "precision_at_3": 0.29333,
        "precision_at_5": 0.264,
        "precision_at_10": 0.258,
        "precision_at_20": 0.223,
        "precision_at_100": 0.122,
        "precision_at_1000": 0.02006,
        "mrr_at_1": 0.36,
        "mrr_at_3": 0.456667,
        "mrr_at_5": 0.479667,
        "mrr_at_10": 0.505381,
        "mrr_at_20": 0.509162,
        "mrr_at_100": 0.511328,
        "mrr_at_1000": 0.511515,
        "nauc_ndcg_at_1_max": 0.320087,
        "nauc_ndcg_at_1_std": 0.296997,
        "nauc_ndcg_at_1_diff1": 0.063593,
        "nauc_ndcg_at_3_max": 0.385635,
        "nauc_ndcg_at_3_std": 0.428955,
        "nauc_ndcg_at_3_diff1": 0.157161,
        "nauc_ndcg_at_5_max": 0.437209,
        "nauc_ndcg_at_5_std": 0.442828,
        "nauc_ndcg_at_5_diff1": 0.095777,
        "nauc_ndcg_at_10_max": 0.556407,
        "nauc_ndcg_at_10_std": 0.435139,
        "nauc_ndcg_at_10_diff1": 0.172496,
        "nauc_ndcg_at_20_max": 0.575094,
        "nauc_ndcg_at_20_std": 0.48458,
        "nauc_ndcg_at_20_diff1": 0.166785,
        "nauc_ndcg_at_100_max": 0.632748,
        "nauc_ndcg_at_100_std": 0.602216,
        "nauc_ndcg_at_100_diff1": 0.102772,
        "nauc_ndcg_at_1000_max": 0.600916,
        "nauc_ndcg_at_1000_std": 0.600585,
        "nauc_ndcg_at_1000_diff1": 0.175752,
        "nauc_map_at_1_max": 0.168523,
        "nauc_map_at_1_std": 0.033,
        "nauc_map_at_1_diff1": 0.036625,
        "nauc_map_at_3_max": 0.261089,
        "nauc_map_at_3_std": 0.132825,
        "nauc_map_at_3_diff1": 0.145514,
        "nauc_map_at_5_max": 0.352836,
        "nauc_map_at_5_std": 0.206183,
        "nauc_map_at_5_diff1": 0.123265,
        "nauc_map_at_10_max": 0.424826,
        "nauc_map_at_10_std": 0.238167,
        "nauc_map_at_10_diff1": 0.165667,
        "nauc_map_at_20_max": 0.518248,
        "nauc_map_at_20_std": 0.367651,
        "nauc_map_at_20_diff1": 0.156625,
        "nauc_map_at_100_max": 0.608859,
        "nauc_map_at_100_std": 0.55571,
        "nauc_map_at_100_diff1": 0.117114,
        "nauc_map_at_1000_max": 0.593294,
        "nauc_map_at_1000_std": 0.570451,
        "nauc_map_at_1000_diff1": 0.122237,
        "nauc_recall_at_1_max": 0.168523,
        "nauc_recall_at_1_std": 0.033,
        "nauc_recall_at_1_diff1": 0.036625,
        "nauc_recall_at_3_max": 0.309008,
        "nauc_recall_at_3_std": 0.224479,
        "nauc_recall_at_3_diff1": 0.175181,
        "nauc_recall_at_5_max": 0.369925,
        "nauc_recall_at_5_std": 0.239875,
        "nauc_recall_at_5_diff1": 0.121676,
        "nauc_recall_at_10_max": 0.463792,
        "nauc_recall_at_10_std": 0.251871,
        "nauc_recall_at_10_diff1": 0.237482,
        "nauc_recall_at_20_max": 0.519866,
        "nauc_recall_at_20_std": 0.361619,
        "nauc_recall_at_20_diff1": 0.220007,
        "nauc_recall_at_100_max": 0.504046,
        "nauc_recall_at_100_std": 0.466639,
        "nauc_recall_at_100_diff1": 0.06654,
        "nauc_recall_at_1000_max": 0.171673,
        "nauc_recall_at_1000_std": 0.440894,
        "nauc_recall_at_1000_diff1": 0.389261,
        "nauc_precision_at_1_max": 0.328085,
        "nauc_precision_at_1_std": 0.290689,
        "nauc_precision_at_1_diff1": 0.013253,
        "nauc_precision_at_3_max": 0.404913,
        "nauc_precision_at_3_std": 0.432576,
        "nauc_precision_at_3_diff1": 0.192238,
        "nauc_precision_at_5_max": 0.497556,
        "nauc_precision_at_5_std": 0.523106,
        "nauc_precision_at_5_diff1": 0.057783,
        "nauc_precision_at_10_max": 0.547265,
        "nauc_precision_at_10_std": 0.475183,
        "nauc_precision_at_10_diff1": 0.116284,
        "nauc_precision_at_20_max": 0.541202,
        "nauc_precision_at_20_std": 0.571847,
        "nauc_precision_at_20_diff1": 0.089669,
        "nauc_precision_at_100_max": 0.370466,
        "nauc_precision_at_100_std": 0.548262,
        "nauc_precision_at_100_diff1": -0.025983,
        "nauc_precision_at_1000_max": 0.096317,
        "nauc_precision_at_1000_std": 0.230586,
        "nauc_precision_at_1000_diff1": 0.041784,
        "nauc_mrr_at_1_max": 0.328085,
        "nauc_mrr_at_1_std": 0.290689,
        "nauc_mrr_at_1_diff1": 0.013253,
        "nauc_mrr_at_3_max": 0.422523,
        "nauc_mrr_at_3_std": 0.447691,
        "nauc_mrr_at_3_diff1": 0.021453,
        "nauc_mrr_at_5_max": 0.407737,
        "nauc_mrr_at_5_std": 0.425826,
        "nauc_mrr_at_5_diff1": 0.022468,
        "nauc_mrr_at_10_max": 0.410481,
        "nauc_mrr_at_10_std": 0.414594,
        "nauc_mrr_at_10_diff1": 0.044803,
        "nauc_mrr_at_20_max": 0.409765,
        "nauc_mrr_at_20_std": 0.411864,
        "nauc_mrr_at_20_diff1": 0.048669,
        "nauc_mrr_at_100_max": 0.406273,
        "nauc_mrr_at_100_std": 0.408387,
        "nauc_mrr_at_100_diff1": 0.044343,
        "nauc_mrr_at_1000_max": 0.406302,
        "nauc_mrr_at_1000_std": 0.40874,
        "nauc_mrr_at_1000_diff1": 0.043761,
        "hit_rate_at_1": 0.36,
        "hit_rate_at_3": 0.58,
        "hit_rate_at_5": 0.68,
        "hit_rate_at_10": 0.86,
        "hit_rate_at_20": 0.92,
        "hit_rate_at_100": 0.98,
        "hit_rate_at_1000": 1.0,
        "main_score": 0.24217,
        "hf_subset": "default",
        "languages": [
          "eng-Latn"
        ]
      }
    ]
  },
  "evaluation_time": 558.953186750412,
  "kg_co2_emissions": null,
  "date": null
}