{
  "dataset_revision": "5377aa18f309ec440ff6325a4c2cd3362c2cb8d7",
  "task_name": "ChemRxivRetrieval",
  "mteb_version": "2.12.23",
  "scores": {
    "test": [
      {
        "ndcg_at_1": 0.7292,
        "ndcg_at_3": 0.82086,
        "ndcg_at_5": 0.83887,
        "ndcg_at_10": 0.84939,
        "ndcg_at_20": 0.85379,
        "ndcg_at_100": 0.85692,
        "ndcg_at_1000": 0.85784,
        "map_at_1": 0.7292,
        "map_at_3": 0.7992,
        "map_at_5": 0.80927,
        "map_at_10": 0.8137,
        "map_at_20": 0.81495,
        "map_at_100": 0.81542,
        "map_at_1000": 0.81546,
        "recall_at_1": 0.7292,
        "recall_at_3": 0.8832,
        "recall_at_5": 0.9266,
        "recall_at_10": 0.9586,
        "recall_at_20": 0.9758,
        "recall_at_100": 0.992,
        "recall_at_1000": 0.999,
        "accuracy": 0.7292,
        "precision_at_1": 0.7292,
        "precision_at_3": 0.2944,
        "precision_at_5": 0.18532,
        "precision_at_10": 0.09586,
        "precision_at_20": 0.04879,
        "precision_at_100": 0.00992,
        "precision_at_1000": 0.001,
        "mrr_at_1": 0.7292,
        "mrr_at_3": 0.7992,
        "mrr_at_5": 0.80927,
        "mrr_at_10": 0.813704,
        "mrr_at_20": 0.814945,
        "mrr_at_100": 0.815425,
        "mrr_at_1000": 0.815463,
        "nauc_ndcg_at_1_max": 0.349327,
        "nauc_ndcg_at_1_std": -0.212514,
        "nauc_ndcg_at_1_diff1": 0.762929,
        "nauc_ndcg_at_3_max": 0.382164,
        "nauc_ndcg_at_3_std": -0.223056,
        "nauc_ndcg_at_3_diff1": 0.728656,
        "nauc_ndcg_at_5_max": 0.393138,
        "nauc_ndcg_at_5_std": -0.21043,
        "nauc_ndcg_at_5_diff1": 0.731096,
        "nauc_ndcg_at_10_max": 0.394209,
        "nauc_ndcg_at_10_std": -0.204508,
        "nauc_ndcg_at_10_diff1": 0.736254,
        "nauc_ndcg_at_20_max": 0.387907,
        "nauc_ndcg_at_20_std": -0.206303,
        "nauc_ndcg_at_20_diff1": 0.737605,
        "nauc_ndcg_at_100_max": 0.382532,
        "nauc_ndcg_at_100_std": -0.209388,
        "nauc_ndcg_at_100_diff1": 0.739344,
        "nauc_ndcg_at_1000_max": 0.38053,
        "nauc_ndcg_at_1000_std": -0.211131,
        "nauc_ndcg_at_1000_diff1": 0.739607,
        "nauc_map_at_1_max": 0.349327,
        "nauc_map_at_1_std": -0.212514,
        "nauc_map_at_1_diff1": 0.762929,
        "nauc_map_at_3_max": 0.370989,
        "nauc_map_at_3_std": -0.221665,
        "nauc_map_at_3_diff1": 0.738344,
        "nauc_map_at_5_max": 0.375529,
        "nauc_map_at_5_std": -0.215627,
        "nauc_map_at_5_diff1": 0.739971,
        "nauc_map_at_10_max": 0.375457,
        "nauc_map_at_10_std": -0.213853,
        "nauc_map_at_10_diff1": 0.742003,
        "nauc_map_at_20_max": 0.374041,
        "nauc_map_at_20_std": -0.2143,
        "nauc_map_at_20_diff1": 0.742325,
        "nauc_map_at_100_max": 0.373432,
        "nauc_map_at_100_std": -0.214626,
        "nauc_map_at_100_diff1": 0.742551,
        "nauc_map_at_1000_max": 0.373366,
        "nauc_map_at_1000_std": -0.214671,
        "nauc_map_at_1000_diff1": 0.742563,
        "nauc_recall_at_1_max": 0.349327,
        "nauc_recall_at_1_std": -0.212514,
        "nauc_recall_at_1_diff1": 0.762929,
        "nauc_recall_at_3_max": 0.434045,
        "nauc_recall_at_3_std": -0.228183,
        "nauc_recall_at_3_diff1": 0.684876,
        "nauc_recall_at_5_max": 0.517379,
        "nauc_recall_at_5_std": -0.168981,
        "nauc_recall_at_5_diff1": 0.672866,
        "nauc_recall_at_10_max": 0.623536,
        "nauc_recall_at_10_std": -0.074627,
        "nauc_recall_at_10_diff1": 0.679393,
        "nauc_recall_at_20_max": 0.644601,
        "nauc_recall_at_20_std": -0.021888,
        "nauc_recall_at_20_diff1": 0.669178,
        "nauc_recall_at_100_max": 0.689776,
        "nauc_recall_at_100_std": 0.069374,
        "nauc_recall_at_100_diff1": 0.676179,
        "nauc_recall_at_1000_max": 0.866013,
        "nauc_recall_at_1000_std": 0.201401,
        "nauc_recall_at_1000_diff1": 0.47591,
        "nauc_precision_at_1_max": 0.349327,
        "nauc_precision_at_1_std": -0.212514,
        "nauc_precision_at_1_diff1": 0.762929,
        "nauc_precision_at_3_max": 0.434045,
        "nauc_precision_at_3_std": -0.228183,
        "nauc_precision_at_3_diff1": 0.684876,
        "nauc_precision_at_5_max": 0.517379,
        "nauc_precision_at_5_std": -0.168981,
        "nauc_precision_at_5_diff1": 0.672866,
        "nauc_precision_at_10_max": 0.623536,
        "nauc_precision_at_10_std": -0.074627,
        "nauc_precision_at_10_diff1": 0.679393,
        "nauc_precision_at_20_max": 0.644601,
        "nauc_precision_at_20_std": -0.021888,
        "nauc_precision_at_20_diff1": 0.669178,
        "nauc_precision_at_100_max": 0.689776,
        "nauc_precision_at_100_std": 0.069374,
        "nauc_precision_at_100_diff1": 0.676179,
        "nauc_precision_at_1000_max": 0.866013,
        "nauc_precision_at_1000_std": 0.201401,
        "nauc_precision_at_1000_diff1": 0.47591,
        "nauc_mrr_at_1_max": 0.349327,
        "nauc_mrr_at_1_std": -0.212514,
        "nauc_mrr_at_1_diff1": 0.762929,
        "nauc_mrr_at_3_max": 0.371047,
        "nauc_mrr_at_3_std": -0.221378,
        "nauc_mrr_at_3_diff1": 0.738344,
        "nauc_mrr_at_5_max": 0.37559,
        "nauc_mrr_at_5_std": -0.215325,
        "nauc_mrr_at_5_diff1": 0.739971,
        "nauc_mrr_at_10_max": 0.37552,
        "nauc_mrr_at_10_std": -0.213542,
        "nauc_mrr_at_10_diff1": 0.742003,
        "nauc_mrr_at_20_max": 0.374103,
        "nauc_mrr_at_20_std": -0.213987,
        "nauc_mrr_at_20_diff1": 0.742325,
        "nauc_mrr_at_100_max": 0.373495,
        "nauc_mrr_at_100_std": -0.214312,
        "nauc_mrr_at_100_diff1": 0.742551,
        "nauc_mrr_at_1000_max": 0.373429,
        "nauc_mrr_at_1000_std": -0.214358,
        "nauc_mrr_at_1000_diff1": 0.742563,
        "hit_rate_at_1": 0.7292,
        "hit_rate_at_3": 0.8832,
        "hit_rate_at_5": 0.9266,
        "hit_rate_at_10": 0.9586,
        "hit_rate_at_20": 0.9758,
        "hit_rate_at_100": 0.992,
        "hit_rate_at_1000": 0.999,
        "main_score": 0.84939,
        "hf_subset": "default",
        "languages": [
          "eng-Latn"
        ]
      }
    ]
  },
  "evaluation_time": 881.0345339775085,
  "kg_co2_emissions": null,
  "date": null
}