{
  "dataset_revision": "4482db2a053706c0aef0ab7bf1878d29bb0295f8",
  "task_name": "GovReport",
  "mteb_version": "2.12.30",
  "scores": {
    "test": [
      {
        "ndcg_at_1": 0.95155,
        "ndcg_at_3": 0.98104,
        "ndcg_at_5": 0.98104,
        "ndcg_at_10": 0.98104,
        "ndcg_at_20": 0.98104,
        "ndcg_at_100": 0.98104,
        "ndcg_at_1000": 0.98104,
        "map_at_1": 0.95,
        "map_at_3": 0.9744,
        "map_at_5": 0.9744,
        "map_at_10": 0.9744,
        "map_at_20": 0.9744,
        "map_at_100": 0.9744,
        "map_at_1000": 0.9744,
        "recall_at_1": 0.95,
        "recall_at_3": 1.0,
        "recall_at_5": 1.0,
        "recall_at_10": 1.0,
        "recall_at_20": 1.0,
        "recall_at_100": 1.0,
        "recall_at_1000": 1.0,
        "accuracy": 0.95,
        "precision_at_1": 0.95155,
        "precision_at_3": 0.33436,
        "precision_at_5": 0.20062,
        "precision_at_10": 0.10031,
        "precision_at_20": 0.05015,
        "precision_at_100": 0.01003,
        "precision_at_1000": 0.001,
        "mrr_at_1": 0.951546,
        "mrr_at_3": 0.974399,
        "mrr_at_5": 0.974399,
        "mrr_at_10": 0.974399,
        "mrr_at_20": 0.974399,
        "mrr_at_100": 0.974399,
        "mrr_at_1000": 0.974399,
        "nauc_ndcg_at_1_max": 0.264398,
        "nauc_ndcg_at_1_std": -0.541024,
        "nauc_ndcg_at_1_diff1": 0.974969,
        "nauc_ndcg_at_3_max": 0.288146,
        "nauc_ndcg_at_3_std": -0.552691,
        "nauc_ndcg_at_3_diff1": 0.975464,
        "nauc_ndcg_at_5_max": 0.288146,
        "nauc_ndcg_at_5_std": -0.552691,
        "nauc_ndcg_at_5_diff1": 0.975464,
        "nauc_ndcg_at_10_max": 0.288146,
        "nauc_ndcg_at_10_std": -0.552691,
        "nauc_ndcg_at_10_diff1": 0.975464,
        "nauc_ndcg_at_20_max": 0.288146,
        "nauc_ndcg_at_20_std": -0.552691,
        "nauc_ndcg_at_20_diff1": 0.975464,
        "nauc_ndcg_at_100_max": 0.288146,
        "nauc_ndcg_at_100_std": -0.552691,
        "nauc_ndcg_at_100_diff1": 0.975464,
        "nauc_ndcg_at_1000_max": 0.288146,
        "nauc_ndcg_at_1000_std": -0.552691,
        "nauc_ndcg_at_1000_diff1": 0.975464,
        "nauc_map_at_1_max": 0.284453,
        "nauc_map_at_1_std": -0.565976,
        "nauc_map_at_1_diff1": 0.975743,
        "nauc_map_at_3_max": 0.286789,
        "nauc_map_at_3_std": -0.552024,
        "nauc_map_at_3_diff1": 0.975435,
        "nauc_map_at_5_max": 0.286789,
        "nauc_map_at_5_std": -0.552024,
        "nauc_map_at_5_diff1": 0.975435,
        "nauc_map_at_10_max": 0.286789,
        "nauc_map_at_10_std": -0.552024,
        "nauc_map_at_10_diff1": 0.975435,
        "nauc_map_at_20_max": 0.286789,
        "nauc_map_at_20_std": -0.552024,
        "nauc_map_at_20_diff1": 0.975435,
        "nauc_map_at_100_max": 0.286789,
        "nauc_map_at_100_std": -0.552024,
        "nauc_map_at_100_diff1": 0.975435,
        "nauc_map_at_1000_max": 0.286789,
        "nauc_map_at_1000_std": -0.552024,
        "nauc_map_at_1000_diff1": 0.975435,
        "nauc_recall_at_1_max": 0.284453,
        "nauc_recall_at_1_std": -0.565976,
        "nauc_recall_at_1_diff1": 0.975743,
        "nauc_recall_at_3_max": NaN,
        "nauc_recall_at_3_std": NaN,
        "nauc_recall_at_3_diff1": NaN,
        "nauc_recall_at_5_max": NaN,
        "nauc_recall_at_5_std": NaN,
        "nauc_recall_at_5_diff1": NaN,
        "nauc_recall_at_10_max": NaN,
        "nauc_recall_at_10_std": NaN,
        "nauc_recall_at_10_diff1": NaN,
        "nauc_recall_at_20_max": NaN,
        "nauc_recall_at_20_std": NaN,
        "nauc_recall_at_20_diff1": NaN,
        "nauc_recall_at_100_max": NaN,
        "nauc_recall_at_100_std": NaN,
        "nauc_recall_at_100_diff1": NaN,
        "nauc_recall_at_1000_max": NaN,
        "nauc_recall_at_1000_std": NaN,
        "nauc_recall_at_1000_diff1": NaN,
        "nauc_precision_at_1_max": 0.264398,
        "nauc_precision_at_1_std": -0.541024,
        "nauc_precision_at_1_diff1": 0.974969,
        "nauc_precision_at_3_max": -0.52464,
        "nauc_precision_at_3_std": 0.774618,
        "nauc_precision_at_3_diff1": -0.574725,
        "nauc_precision_at_5_max": -0.52464,
        "nauc_precision_at_5_std": 0.774618,
        "nauc_precision_at_5_diff1": -0.574725,
        "nauc_precision_at_10_max": -0.52464,
        "nauc_precision_at_10_std": 0.774618,
        "nauc_precision_at_10_diff1": -0.574725,
        "nauc_precision_at_20_max": -0.52464,
        "nauc_precision_at_20_std": 0.774618,
        "nauc_precision_at_20_diff1": -0.574725,
        "nauc_precision_at_100_max": -0.52464,
        "nauc_precision_at_100_std": 0.774618,
        "nauc_precision_at_100_diff1": -0.574725,
        "nauc_precision_at_1000_max": -0.52464,
        "nauc_precision_at_1000_std": 0.774618,
        "nauc_precision_at_1000_diff1": -0.574725,
        "nauc_mrr_at_1_max": 0.264398,
        "nauc_mrr_at_1_std": -0.541024,
        "nauc_mrr_at_1_diff1": 0.974969,
        "nauc_mrr_at_3_max": 0.286789,
        "nauc_mrr_at_3_std": -0.552024,
        "nauc_mrr_at_3_diff1": 0.975435,
        "nauc_mrr_at_5_max": 0.286789,
        "nauc_mrr_at_5_std": -0.552024,
        "nauc_mrr_at_5_diff1": 0.975435,
        "nauc_mrr_at_10_max": 0.286789,
        "nauc_mrr_at_10_std": -0.552024,
        "nauc_mrr_at_10_diff1": 0.975435,
        "nauc_mrr_at_20_max": 0.286789,
        "nauc_mrr_at_20_std": -0.552024,
        "nauc_mrr_at_20_diff1": 0.975435,
        "nauc_mrr_at_100_max": 0.286789,
        "nauc_mrr_at_100_std": -0.552024,
        "nauc_mrr_at_100_diff1": 0.975435,
        "nauc_mrr_at_1000_max": 0.286789,
        "nauc_mrr_at_1000_std": -0.552024,
        "nauc_mrr_at_1000_diff1": 0.975435,
        "hit_rate_at_1": 0.95155,
        "hit_rate_at_3": 1.0,
        "hit_rate_at_5": 1.0,
        "hit_rate_at_10": 1.0,
        "hit_rate_at_20": 1.0,
        "hit_rate_at_100": 1.0,
        "hit_rate_at_1000": 1.0,
        "main_score": 0.98104,
        "hf_subset": "default",
        "languages": [
          "eng-Latn"
        ]
      }
    ]
  },
  "evaluation_time": 481.65400314331055,
  "kg_co2_emissions": null,
  "date": null
}