{
  "dataset_revision": "b23590301ec94e8087e2850b21d43d4956b1cca9",
  "task_name": "LegalBenchConsumerContractsQA",
  "mteb_version": "2.12.23",
  "scores": {
    "test": [
      {
        "ndcg_at_1": 0.66667,
        "ndcg_at_3": 0.78334,
        "ndcg_at_5": 0.80605,
        "ndcg_at_10": 0.82062,
        "ndcg_at_20": 0.82777,
        "ndcg_at_100": 0.82916,
        "ndcg_at_1000": 0.82916,
        "map_at_1": 0.66667,
        "map_at_3": 0.75547,
        "map_at_5": 0.76797,
        "map_at_10": 0.77392,
        "map_at_20": 0.77595,
        "map_at_100": 0.77613,
        "map_at_1000": 0.77613,
        "recall_at_1": 0.66667,
        "recall_at_3": 0.86364,
        "recall_at_5": 0.91919,
        "recall_at_10": 0.96465,
        "recall_at_20": 0.99242,
        "recall_at_100": 1.0,
        "recall_at_1000": 1.0,
        "accuracy": 0.66667,
        "precision_at_1": 0.66667,
        "precision_at_3": 0.28788,
        "precision_at_5": 0.18384,
        "precision_at_10": 0.09646,
        "precision_at_20": 0.04962,
        "precision_at_100": 0.01,
        "precision_at_1000": 0.001,
        "mrr_at_1": 0.669192,
        "mrr_at_3": 0.756734,
        "mrr_at_5": 0.769234,
        "mrr_at_10": 0.775184,
        "mrr_at_20": 0.777209,
        "mrr_at_100": 0.777392,
        "mrr_at_1000": 0.777392,
        "nauc_ndcg_at_1_max": 0.557078,
        "nauc_ndcg_at_1_std": 0.180717,
        "nauc_ndcg_at_1_diff1": 0.714282,
        "nauc_ndcg_at_3_max": 0.558145,
        "nauc_ndcg_at_3_std": 0.170297,
        "nauc_ndcg_at_3_diff1": 0.59562,
        "nauc_ndcg_at_5_max": 0.555403,
        "nauc_ndcg_at_5_std": 0.155813,
        "nauc_ndcg_at_5_diff1": 0.597969,
        "nauc_ndcg_at_10_max": 0.572816,
        "nauc_ndcg_at_10_std": 0.181703,
        "nauc_ndcg_at_10_diff1": 0.637264,
        "nauc_ndcg_at_20_max": 0.562945,
        "nauc_ndcg_at_20_std": 0.17563,
        "nauc_ndcg_at_20_diff1": 0.63848,
        "nauc_ndcg_at_100_max": 0.560054,
        "nauc_ndcg_at_100_std": 0.168665,
        "nauc_ndcg_at_100_diff1": 0.642681,
        "nauc_ndcg_at_1000_max": 0.560054,
        "nauc_ndcg_at_1000_std": 0.168665,
        "nauc_ndcg_at_1000_diff1": 0.642681,
        "nauc_map_at_1_max": 0.557078,
        "nauc_map_at_1_std": 0.180717,
        "nauc_map_at_1_diff1": 0.714282,
        "nauc_map_at_3_max": 0.55685,
        "nauc_map_at_3_std": 0.167417,
        "nauc_map_at_3_diff1": 0.633534,
        "nauc_map_at_5_max": 0.555678,
        "nauc_map_at_5_std": 0.160542,
        "nauc_map_at_5_diff1": 0.63656,
        "nauc_map_at_10_max": 0.560929,
        "nauc_map_at_10_std": 0.169383,
        "nauc_map_at_10_diff1": 0.649895,
        "nauc_map_at_20_max": 0.558805,
        "nauc_map_at_20_std": 0.167817,
        "nauc_map_at_20_diff1": 0.650514,
        "nauc_map_at_100_max": 0.558492,
        "nauc_map_at_100_std": 0.1671,
        "nauc_map_at_100_diff1": 0.650919,
        "nauc_map_at_1000_max": 0.558492,
        "nauc_map_at_1000_std": 0.1671,
        "nauc_map_at_1000_diff1": 0.650919,
        "nauc_recall_at_1_max": 0.557078,
        "nauc_recall_at_1_std": 0.180717,
        "nauc_recall_at_1_diff1": 0.714282,
        "nauc_recall_at_3_max": 0.564831,
        "nauc_recall_at_3_std": 0.187857,
        "nauc_recall_at_3_diff1": 0.418169,
        "nauc_recall_at_5_max": 0.552914,
        "nauc_recall_at_5_std": 0.123078,
        "nauc_recall_at_5_diff1": 0.320743,
        "nauc_recall_at_10_max": 0.803867,
        "nauc_recall_at_10_std": 0.433407,
        "nauc_recall_at_10_diff1": 0.528267,
        "nauc_recall_at_20_max": 0.863767,
        "nauc_recall_at_20_std": 0.912756,
        "nauc_recall_at_20_diff1": 0.181512,
        "nauc_recall_at_100_max": NaN,
        "nauc_recall_at_100_std": NaN,
        "nauc_recall_at_100_diff1": NaN,
        "nauc_recall_at_1000_max": NaN,
        "nauc_recall_at_1000_std": NaN,
        "nauc_recall_at_1000_diff1": NaN,
        "nauc_precision_at_1_max": 0.557078,
        "nauc_precision_at_1_std": 0.180717,
        "nauc_precision_at_1_diff1": 0.714282,
        "nauc_precision_at_3_max": 0.564831,
        "nauc_precision_at_3_std": 0.187857,
        "nauc_precision_at_3_diff1": 0.418169,
        "nauc_precision_at_5_max": 0.552914,
        "nauc_precision_at_5_std": 0.123078,
        "nauc_precision_at_5_diff1": 0.320743,
        "nauc_precision_at_10_max": 0.803867,
        "nauc_precision_at_10_std": 0.433407,
        "nauc_precision_at_10_diff1": 0.528267,
        "nauc_precision_at_20_max": 0.863767,
        "nauc_precision_at_20_std": 0.912756,
        "nauc_precision_at_20_diff1": 0.181512,
        "nauc_precision_at_100_max": NaN,
        "nauc_precision_at_100_std": NaN,
        "nauc_precision_at_100_diff1": NaN,
        "nauc_precision_at_1000_max": NaN,
        "nauc_precision_at_1000_std": NaN,
        "nauc_precision_at_1000_diff1": NaN,
        "nauc_mrr_at_1_max": 0.555197,
        "nauc_mrr_at_1_std": 0.161375,
        "nauc_mrr_at_1_diff1": 0.70876,
        "nauc_mrr_at_3_max": 0.555626,
        "nauc_mrr_at_3_std": 0.154794,
        "nauc_mrr_at_3_diff1": 0.629677,
        "nauc_mrr_at_5_max": 0.554381,
        "nauc_mrr_at_5_std": 0.14718,
        "nauc_mrr_at_5_diff1": 0.632494,
        "nauc_mrr_at_10_max": 0.55961,
        "nauc_mrr_at_10_std": 0.155646,
        "nauc_mrr_at_10_diff1": 0.645753,
        "nauc_mrr_at_20_max": 0.557466,
        "nauc_mrr_at_20_std": 0.153929,
        "nauc_mrr_at_20_diff1": 0.646331,
        "nauc_mrr_at_100_max": 0.55715,
        "nauc_mrr_at_100_std": 0.153196,
        "nauc_mrr_at_100_diff1": 0.646734,
        "nauc_mrr_at_1000_max": 0.55715,
        "nauc_mrr_at_1000_std": 0.153196,
        "nauc_mrr_at_1000_diff1": 0.646734,
        "hit_rate_at_1": 0.66667,
        "hit_rate_at_3": 0.86364,
        "hit_rate_at_5": 0.91919,
        "hit_rate_at_10": 0.96465,
        "hit_rate_at_20": 0.99242,
        "hit_rate_at_100": 1.0,
        "hit_rate_at_1000": 1.0,
        "main_score": 0.82062,
        "hf_subset": "default",
        "languages": [
          "eng-Latn"
        ]
      }
    ]
  },
  "evaluation_time": 7.124443054199219,
  "kg_co2_emissions": null,
  "date": null
}