{
  "dataset_revision": "dd542a7efb9ad2136b9e00768b60fca9038f8156",
  "task_name": "NanoNFCorpusRetrieval",
  "mteb_version": "2.12.23",
  "scores": {
    "train": [
      {
        "ndcg_at_1": 0.48,
        "ndcg_at_3": 0.45288,
        "ndcg_at_5": 0.42191,
        "ndcg_at_10": 0.37649,
        "ndcg_at_20": 0.34712,
        "ndcg_at_100": 0.33477,
        "ndcg_at_1000": 0.44238,
        "map_at_1": 0.04433,
        "map_at_3": 0.07216,
        "map_at_5": 0.09014,
        "map_at_10": 0.11612,
        "map_at_20": 0.13715,
        "map_at_100": 0.16698,
        "map_at_1000": 0.19072,
        "recall_at_1": 0.04433,
        "recall_at_3": 0.08975,
        "recall_at_5": 0.11232,
        "recall_at_10": 0.15564,
        "recall_at_20": 0.2058,
        "recall_at_100": 0.35587,
        "recall_at_1000": 0.68507,
        "accuracy": 0.04433,
        "precision_at_1": 0.48,
        "precision_at_3": 0.42,
        "precision_at_5": 0.372,
        "precision_at_10": 0.306,
        "precision_at_20": 0.248,
        "precision_at_100": 0.116,
        "precision_at_1000": 0.03108,
        "mrr_at_1": 0.48,
        "mrr_at_3": 0.533333,
        "mrr_at_5": 0.547333,
        "mrr_at_10": 0.558524,
        "mrr_at_20": 0.564548,
        "mrr_at_100": 0.566453,
        "mrr_at_1000": 0.566673,
        "nauc_ndcg_at_1_max": 0.61464,
        "nauc_ndcg_at_1_std": 0.308987,
        "nauc_ndcg_at_1_diff1": 0.500185,
        "nauc_ndcg_at_3_max": 0.629024,
        "nauc_ndcg_at_3_std": 0.301872,
        "nauc_ndcg_at_3_diff1": 0.430325,
        "nauc_ndcg_at_5_max": 0.668019,
        "nauc_ndcg_at_5_std": 0.293894,
        "nauc_ndcg_at_5_diff1": 0.41351,
        "nauc_ndcg_at_10_max": 0.616555,
        "nauc_ndcg_at_10_std": 0.300289,
        "nauc_ndcg_at_10_diff1": 0.317265,
        "nauc_ndcg_at_20_max": 0.573354,
        "nauc_ndcg_at_20_std": 0.288269,
        "nauc_ndcg_at_20_diff1": 0.2647,
        "nauc_ndcg_at_100_max": 0.370733,
        "nauc_ndcg_at_100_std": 0.160557,
        "nauc_ndcg_at_100_diff1": 0.218966,
        "nauc_ndcg_at_1000_max": 0.497047,
        "nauc_ndcg_at_1000_std": 0.249231,
        "nauc_ndcg_at_1000_diff1": 0.277005,
        "nauc_map_at_1_max": -0.171959,
        "nauc_map_at_1_std": -0.390198,
        "nauc_map_at_1_diff1": -0.07052,
        "nauc_map_at_3_max": -0.012425,
        "nauc_map_at_3_std": -0.32102,
        "nauc_map_at_3_diff1": -0.011626,
        "nauc_map_at_5_max": 0.12188,
        "nauc_map_at_5_std": -0.256886,
        "nauc_map_at_5_diff1": 0.064362,
        "nauc_map_at_10_max": 0.209183,
        "nauc_map_at_10_std": -0.184002,
        "nauc_map_at_10_diff1": 0.08247,
        "nauc_map_at_20_max": 0.30052,
        "nauc_map_at_20_std": -0.133393,
        "nauc_map_at_20_diff1": 0.137847,
        "nauc_map_at_100_max": 0.350181,
        "nauc_map_at_100_std": -0.043812,
        "nauc_map_at_100_diff1": 0.171177,
        "nauc_map_at_1000_max": 0.370045,
        "nauc_map_at_1000_std": 0.05587,
        "nauc_map_at_1000_diff1": 0.168024,
        "nauc_recall_at_1_max": -0.171959,
        "nauc_recall_at_1_std": -0.390198,
        "nauc_recall_at_1_diff1": -0.07052,
        "nauc_recall_at_3_max": -0.09396,
        "nauc_recall_at_3_std": -0.332876,
        "nauc_recall_at_3_diff1": -0.12366,
        "nauc_recall_at_5_max": 0.029892,
        "nauc_recall_at_5_std": -0.285601,
        "nauc_recall_at_5_diff1": -0.045179,
        "nauc_recall_at_10_max": 0.076523,
        "nauc_recall_at_10_std": -0.220905,
        "nauc_recall_at_10_diff1": -0.023124,
        "nauc_recall_at_20_max": 0.121839,
        "nauc_recall_at_20_std": -0.218921,
        "nauc_recall_at_20_diff1": 0.041824,
        "nauc_recall_at_100_max": 0.009706,
        "nauc_recall_at_100_std": -0.1545,
        "nauc_recall_at_100_diff1": 0.044117,
        "nauc_recall_at_1000_max": 0.026546,
        "nauc_recall_at_1000_std": 0.01332,
        "nauc_recall_at_1000_diff1": 0.030436,
        "nauc_precision_at_1_max": 0.61464,
        "nauc_precision_at_1_std": 0.308987,
        "nauc_precision_at_1_diff1": 0.500185,
        "nauc_precision_at_3_max": 0.686831,
        "nauc_precision_at_3_std": 0.35908,
        "nauc_precision_at_3_diff1": 0.454654,
        "nauc_precision_at_5_max": 0.76212,
        "nauc_precision_at_5_std": 0.37225,
        "nauc_precision_at_5_diff1": 0.45187,
        "nauc_precision_at_10_max": 0.72863,
        "nauc_precision_at_10_std": 0.434497,
        "nauc_precision_at_10_diff1": 0.346577,
        "nauc_precision_at_20_max": 0.702837,
        "nauc_precision_at_20_std": 0.509694,
        "nauc_precision_at_20_diff1": 0.314421,
        "nauc_precision_at_100_max": 0.368993,
        "nauc_precision_at_100_std": 0.659236,
        "nauc_precision_at_100_diff1": 0.114858,
        "nauc_precision_at_1000_max": 0.158644,
        "nauc_precision_at_1000_std": 0.68221,
        "nauc_precision_at_1000_diff1": -0.064994,
        "nauc_mrr_at_1_max": 0.61464,
        "nauc_mrr_at_1_std": 0.308987,
        "nauc_mrr_at_1_diff1": 0.500185,
        "nauc_mrr_at_3_max": 0.595037,
        "nauc_mrr_at_3_std": 0.295896,
        "nauc_mrr_at_3_diff1": 0.458786,
        "nauc_mrr_at_5_max": 0.596346,
        "nauc_mrr_at_5_std": 0.278405,
        "nauc_mrr_at_5_diff1": 0.432361,
        "nauc_mrr_at_10_max": 0.6014,
        "nauc_mrr_at_10_std": 0.296514,
        "nauc_mrr_at_10_diff1": 0.440285,
        "nauc_mrr_at_20_max": 0.601846,
        "nauc_mrr_at_20_std": 0.296417,
        "nauc_mrr_at_20_diff1": 0.441609,
        "nauc_mrr_at_100_max": 0.601697,
        "nauc_mrr_at_100_std": 0.299325,
        "nauc_mrr_at_100_diff1": 0.441118,
        "nauc_mrr_at_1000_max": 0.601792,
        "nauc_mrr_at_1000_std": 0.299099,
        "nauc_mrr_at_1000_diff1": 0.441706,
        "hit_rate_at_1": 0.48,
        "hit_rate_at_3": 0.6,
        "hit_rate_at_5": 0.66,
        "hit_rate_at_10": 0.74,
        "hit_rate_at_20": 0.82,
        "hit_rate_at_100": 0.9,
        "hit_rate_at_1000": 0.96,
        "main_score": 0.37649,
        "hf_subset": "default",
        "languages": [
          "eng-Latn"
        ]
      }
    ]
  },
  "evaluation_time": 44.88633322715759,
  "kg_co2_emissions": null,
  "date": null
}