{
  "dataset_revision": "974abbc9bc281c3169180a6aa5d7586cfd2f5877",
  "task_name": "R2MEDIIYiClinicalRetrieval",
  "mteb_version": "2.12.23",
  "scores": {
    "test": [
      {
        "ndcg_at_1": 0.23256,
        "ndcg_at_3": 0.21448,
        "ndcg_at_5": 0.23193,
        "ndcg_at_10": 0.27138,
        "ndcg_at_20": 0.32257,
        "ndcg_at_100": 0.41148,
        "ndcg_at_1000": 0.44625,
        "map_at_1": 0.08307,
        "map_at_3": 0.13316,
        "map_at_5": 0.16134,
        "map_at_10": 0.1823,
        "map_at_20": 0.20184,
        "map_at_100": 0.22334,
        "map_at_1000": 0.2261,
        "recall_at_1": 0.08307,
        "recall_at_3": 0.1699,
        "recall_at_5": 0.24315,
        "recall_at_10": 0.33204,
        "recall_at_20": 0.47468,
        "recall_at_100": 0.79703,
        "recall_at_1000": 0.98165,
        "accuracy": 0.08307,
        "precision_at_1": 0.23256,
        "precision_at_3": 0.18346,
        "precision_at_5": 0.15814,
        "precision_at_10": 0.11395,
        "precision_at_20": 0.08062,
        "precision_at_100": 0.02837,
        "precision_at_1000": 0.0035,
        "mrr_at_1": 0.232558,
        "mrr_at_3": 0.321705,
        "mrr_at_5": 0.344961,
        "mrr_at_10": 0.360068,
        "mrr_at_20": 0.36946,
        "mrr_at_100": 0.37374,
        "mrr_at_1000": 0.374019,
        "nauc_ndcg_at_1_max": 0.267763,
        "nauc_ndcg_at_1_std": 0.233289,
        "nauc_ndcg_at_1_diff1": 0.098319,
        "nauc_ndcg_at_3_max": 0.193804,
        "nauc_ndcg_at_3_std": 0.192408,
        "nauc_ndcg_at_3_diff1": 0.037659,
        "nauc_ndcg_at_5_max": 0.20769,
        "nauc_ndcg_at_5_std": 0.175232,
        "nauc_ndcg_at_5_diff1": 0.121646,
        "nauc_ndcg_at_10_max": 0.252051,
        "nauc_ndcg_at_10_std": 0.204594,
        "nauc_ndcg_at_10_diff1": 0.092225,
        "nauc_ndcg_at_20_max": 0.265314,
        "nauc_ndcg_at_20_std": 0.185754,
        "nauc_ndcg_at_20_diff1": 0.135165,
        "nauc_ndcg_at_100_max": 0.305703,
        "nauc_ndcg_at_100_std": 0.285691,
        "nauc_ndcg_at_100_diff1": 0.111903,
        "nauc_ndcg_at_1000_max": 0.26171,
        "nauc_ndcg_at_1000_std": 0.277668,
        "nauc_ndcg_at_1000_diff1": 0.085014,
        "nauc_map_at_1_max": 0.105863,
        "nauc_map_at_1_std": 0.059798,
        "nauc_map_at_1_diff1": 0.126337,
        "nauc_map_at_3_max": 0.144798,
        "nauc_map_at_3_std": 0.120873,
        "nauc_map_at_3_diff1": 0.071271,
        "nauc_map_at_5_max": 0.183314,
        "nauc_map_at_5_std": 0.145561,
        "nauc_map_at_5_diff1": 0.129096,
        "nauc_map_at_10_max": 0.217075,
        "nauc_map_at_10_std": 0.168265,
        "nauc_map_at_10_diff1": 0.111237,
        "nauc_map_at_20_max": 0.229299,
        "nauc_map_at_20_std": 0.1644,
        "nauc_map_at_20_diff1": 0.124175,
        "nauc_map_at_100_max": 0.246946,
        "nauc_map_at_100_std": 0.189895,
        "nauc_map_at_100_diff1": 0.117817,
        "nauc_map_at_1000_max": 0.242974,
        "nauc_map_at_1000_std": 0.191416,
        "nauc_map_at_1000_diff1": 0.115955,
        "nauc_recall_at_1_max": 0.105863,
        "nauc_recall_at_1_std": 0.059798,
        "nauc_recall_at_1_diff1": 0.126337,
        "nauc_recall_at_3_max": 0.121381,
        "nauc_recall_at_3_std": 0.101236,
        "nauc_recall_at_3_diff1": 0.014965,
        "nauc_recall_at_5_max": 0.165317,
        "nauc_recall_at_5_std": 0.119573,
        "nauc_recall_at_5_diff1": 0.13895,
        "nauc_recall_at_10_max": 0.216608,
        "nauc_recall_at_10_std": 0.149321,
        "nauc_recall_at_10_diff1": 0.070137,
        "nauc_recall_at_20_max": 0.207949,
        "nauc_recall_at_20_std": 0.069096,
        "nauc_recall_at_20_diff1": 0.196027,
        "nauc_recall_at_100_max": 0.379295,
        "nauc_recall_at_100_std": 0.382928,
        "nauc_recall_at_100_diff1": 0.215924,
        "nauc_recall_at_1000_max": -0.554089,
        "nauc_recall_at_1000_std": 1.0,
        "nauc_recall_at_1000_diff1": 0.073483,
        "nauc_precision_at_1_max": 0.267763,
        "nauc_precision_at_1_std": 0.233289,
        "nauc_precision_at_1_diff1": 0.098319,
        "nauc_precision_at_3_max": 0.225433,
        "nauc_precision_at_3_std": 0.252483,
        "nauc_precision_at_3_diff1": -0.007619,
        "nauc_precision_at_5_max": 0.267223,
        "nauc_precision_at_5_std": 0.246605,
        "nauc_precision_at_5_diff1": 0.142392,
        "nauc_precision_at_10_max": 0.337093,
        "nauc_precision_at_10_std": 0.303949,
        "nauc_precision_at_10_diff1": 0.062569,
        "nauc_precision_at_20_max": 0.330977,
        "nauc_precision_at_20_std": 0.247802,
        "nauc_precision_at_20_diff1": 0.093535,
        "nauc_precision_at_100_max": 0.279134,
        "nauc_precision_at_100_std": 0.429871,
        "nauc_precision_at_100_diff1": -0.056193,
        "nauc_precision_at_1000_max": 0.088096,
        "nauc_precision_at_1000_std": 0.3666,
        "nauc_precision_at_1000_diff1": -0.187229,
        "nauc_mrr_at_1_max": 0.267763,
        "nauc_mrr_at_1_std": 0.233289,
        "nauc_mrr_at_1_diff1": 0.098319,
        "nauc_mrr_at_3_max": 0.24157,
        "nauc_mrr_at_3_std": 0.230074,
        "nauc_mrr_at_3_diff1": 0.035228,
        "nauc_mrr_at_5_max": 0.255746,
        "nauc_mrr_at_5_std": 0.229568,
        "nauc_mrr_at_5_diff1": 0.083323,
        "nauc_mrr_at_10_max": 0.26337,
        "nauc_mrr_at_10_std": 0.249436,
        "nauc_mrr_at_10_diff1": 0.072318,
        "nauc_mrr_at_20_max": 0.260947,
        "nauc_mrr_at_20_std": 0.244953,
        "nauc_mrr_at_20_diff1": 0.078204,
        "nauc_mrr_at_100_max": 0.259463,
        "nauc_mrr_at_100_std": 0.248691,
        "nauc_mrr_at_100_diff1": 0.075763,
        "nauc_mrr_at_1000_max": 0.25915,
        "nauc_mrr_at_1000_std": 0.248233,
        "nauc_mrr_at_1000_diff1": 0.075625,
        "hit_rate_at_1": 0.23256,
        "hit_rate_at_3": 0.42636,
        "hit_rate_at_5": 0.52713,
        "hit_rate_at_10": 0.64341,
        "hit_rate_at_20": 0.78295,
        "hit_rate_at_100": 0.92248,
        "hit_rate_at_1000": 0.99225,
        "main_score": 0.27138,
        "hf_subset": "default",
        "languages": [
          "eng-Latn"
        ]
      }
    ]
  },
  "evaluation_time": 430.40593791007996,
  "kg_co2_emissions": null,
  "date": null
}