{
  "dataset_revision": "6021fce366892cbfd7837fa85a4128ea93315e18",
  "task_name": "R2MEDBioinformaticsRetrieval",
  "mteb_version": "2.12.23",
  "scores": {
    "test": [
      {
        "ndcg_at_1": 0.25974,
        "ndcg_at_3": 0.29293,
        "ndcg_at_5": 0.34624,
        "ndcg_at_10": 0.37855,
        "ndcg_at_20": 0.40335,
        "ndcg_at_100": 0.47435,
        "ndcg_at_1000": 0.4971,
        "map_at_1": 0.12848,
        "map_at_3": 0.221,
        "map_at_5": 0.26974,
        "map_at_10": 0.28785,
        "map_at_20": 0.29753,
        "map_at_100": 0.3154,
        "map_at_1000": 0.31718,
        "recall_at_1": 0.12848,
        "recall_at_3": 0.28479,
        "recall_at_5": 0.42658,
        "recall_at_10": 0.51398,
        "recall_at_20": 0.57939,
        "recall_at_100": 0.84465,
        "recall_at_1000": 0.98454,
        "accuracy": 0.12848,
        "precision_at_1": 0.25974,
        "precision_at_3": 0.19913,
        "precision_at_5": 0.18442,
        "precision_at_10": 0.12338,
        "precision_at_20": 0.07468,
        "precision_at_100": 0.02468,
        "precision_at_1000": 0.00286,
        "mrr_at_1": 0.25974,
        "mrr_at_3": 0.34632,
        "mrr_at_5": 0.382684,
        "mrr_at_10": 0.404056,
        "mrr_at_20": 0.406886,
        "mrr_at_100": 0.409847,
        "mrr_at_1000": 0.410064,
        "nauc_ndcg_at_1_max": 0.163298,
        "nauc_ndcg_at_1_std": -0.040636,
        "nauc_ndcg_at_1_diff1": 0.43613,
        "nauc_ndcg_at_3_max": 0.130964,
        "nauc_ndcg_at_3_std": -0.062824,
        "nauc_ndcg_at_3_diff1": 0.288147,
        "nauc_ndcg_at_5_max": 0.200532,
        "nauc_ndcg_at_5_std": -0.054093,
        "nauc_ndcg_at_5_diff1": 0.247852,
        "nauc_ndcg_at_10_max": 0.221925,
        "nauc_ndcg_at_10_std": -0.037333,
        "nauc_ndcg_at_10_diff1": 0.232026,
        "nauc_ndcg_at_20_max": 0.209791,
        "nauc_ndcg_at_20_std": -0.018236,
        "nauc_ndcg_at_20_diff1": 0.208495,
        "nauc_ndcg_at_100_max": 0.176742,
        "nauc_ndcg_at_100_std": -0.050396,
        "nauc_ndcg_at_100_diff1": 0.199212,
        "nauc_ndcg_at_1000_max": 0.178271,
        "nauc_ndcg_at_1000_std": -0.043991,
        "nauc_ndcg_at_1000_diff1": 0.215666,
        "nauc_map_at_1_max": 0.206671,
        "nauc_map_at_1_std": -0.027512,
        "nauc_map_at_1_diff1": 0.336601,
        "nauc_map_at_3_max": 0.171799,
        "nauc_map_at_3_std": -0.03687,
        "nauc_map_at_3_diff1": 0.262367,
        "nauc_map_at_5_max": 0.20067,
        "nauc_map_at_5_std": -0.04151,
        "nauc_map_at_5_diff1": 0.223311,
        "nauc_map_at_10_max": 0.223756,
        "nauc_map_at_10_std": -0.02633,
        "nauc_map_at_10_diff1": 0.230309,
        "nauc_map_at_20_max": 0.21917,
        "nauc_map_at_20_std": -0.020789,
        "nauc_map_at_20_diff1": 0.219786,
        "nauc_map_at_100_max": 0.210518,
        "nauc_map_at_100_std": -0.029042,
        "nauc_map_at_100_diff1": 0.217327,
        "nauc_map_at_1000_max": 0.209997,
        "nauc_map_at_1000_std": -0.029332,
        "nauc_map_at_1000_diff1": 0.217845,
        "nauc_recall_at_1_max": 0.206671,
        "nauc_recall_at_1_std": -0.027512,
        "nauc_recall_at_1_diff1": 0.336601,
        "nauc_recall_at_3_max": 0.11943,
        "nauc_recall_at_3_std": -0.047192,
        "nauc_recall_at_3_diff1": 0.213776,
        "nauc_recall_at_5_max": 0.202032,
        "nauc_recall_at_5_std": -0.041995,
        "nauc_recall_at_5_diff1": 0.13699,
        "nauc_recall_at_10_max": 0.230582,
        "nauc_recall_at_10_std": 0.000367,
        "nauc_recall_at_10_diff1": 0.111797,
        "nauc_recall_at_20_max": 0.201221,
        "nauc_recall_at_20_std": 0.069925,
        "nauc_recall_at_20_diff1": 0.029617,
        "nauc_recall_at_100_max": -0.038569,
        "nauc_recall_at_100_std": -0.131897,
        "nauc_recall_at_100_diff1": -0.198838,
        "nauc_recall_at_1000_max": -1.043661,
        "nauc_recall_at_1000_std": 0.211056,
        "nauc_recall_at_1000_diff1": -1.145774,
        "nauc_precision_at_1_max": 0.163298,
        "nauc_precision_at_1_std": -0.040636,
        "nauc_precision_at_1_diff1": 0.43613,
        "nauc_precision_at_3_max": 0.087246,
        "nauc_precision_at_3_std": -0.105109,
        "nauc_precision_at_3_diff1": 0.235518,
        "nauc_precision_at_5_max": 0.177944,
        "nauc_precision_at_5_std": -0.085363,
        "nauc_precision_at_5_diff1": 0.164754,
        "nauc_precision_at_10_max": 0.148918,
        "nauc_precision_at_10_std": -0.08605,
        "nauc_precision_at_10_diff1": 0.087351,
        "nauc_precision_at_20_max": 0.055095,
        "nauc_precision_at_20_std": -0.073876,
        "nauc_precision_at_20_diff1": 0.010898,
        "nauc_precision_at_100_max": -0.080723,
        "nauc_precision_at_100_std": -0.093704,
        "nauc_precision_at_100_diff1": -0.025652,
        "nauc_precision_at_1000_max": -0.091815,
        "nauc_precision_at_1000_std": -0.08422,
        "nauc_precision_at_1000_diff1": -0.013596,
        "nauc_mrr_at_1_max": 0.163298,
        "nauc_mrr_at_1_std": -0.040636,
        "nauc_mrr_at_1_diff1": 0.43613,
        "nauc_mrr_at_3_max": 0.125883,
        "nauc_mrr_at_3_std": -0.076782,
        "nauc_mrr_at_3_diff1": 0.377342,
        "nauc_mrr_at_5_max": 0.175377,
        "nauc_mrr_at_5_std": -0.05594,
        "nauc_mrr_at_5_diff1": 0.382065,
        "nauc_mrr_at_10_max": 0.155286,
        "nauc_mrr_at_10_std": -0.06729,
        "nauc_mrr_at_10_diff1": 0.369833,
        "nauc_mrr_at_20_max": 0.152706,
        "nauc_mrr_at_20_std": -0.06415,
        "nauc_mrr_at_20_diff1": 0.368515,
        "nauc_mrr_at_100_max": 0.155844,
        "nauc_mrr_at_100_std": -0.061403,
        "nauc_mrr_at_100_diff1": 0.367782,
        "nauc_mrr_at_1000_max": 0.155904,
        "nauc_mrr_at_1000_std": -0.061131,
        "nauc_mrr_at_1000_diff1": 0.367854,
        "hit_rate_at_1": 0.25974,
        "hit_rate_at_3": 0.44156,
        "hit_rate_at_5": 0.5974,
        "hit_rate_at_10": 0.76623,
        "hit_rate_at_20": 0.80519,
        "hit_rate_at_100": 0.92208,
        "hit_rate_at_1000": 1.0,
        "main_score": 0.37855,
        "hf_subset": "default",
        "languages": [
          "eng-Latn"
        ]
      }
    ]
  },
  "evaluation_time": 468.74456238746643,
  "kg_co2_emissions": null,
  "date": null
}