{
  "dataset_revision": "8b9fec2db9eda4b5742d03732213fbaee8169556",
  "task_name": "R2MEDBiologyRetrieval",
  "mteb_version": "2.12.23",
  "scores": {
    "test": [
      {
        "ndcg_at_1": 0.2233,
        "ndcg_at_3": 0.18609,
        "ndcg_at_5": 0.19291,
        "ndcg_at_10": 0.20411,
        "ndcg_at_20": 0.23104,
        "ndcg_at_100": 0.30886,
        "ndcg_at_1000": 0.36878,
        "map_at_1": 0.06696,
        "map_at_3": 0.10842,
        "map_at_5": 0.12672,
        "map_at_10": 0.14045,
        "map_at_20": 0.15115,
        "map_at_100": 0.16839,
        "map_at_1000": 0.17218,
        "recall_at_1": 0.06696,
        "recall_at_3": 0.13618,
        "recall_at_5": 0.17519,
        "recall_at_10": 0.22389,
        "recall_at_20": 0.30012,
        "recall_at_100": 0.58702,
        "recall_at_1000": 0.92314,
        "accuracy": 0.06696,
        "precision_at_1": 0.2233,
        "precision_at_3": 0.15534,
        "precision_at_5": 0.13204,
        "precision_at_10": 0.08641,
        "precision_at_20": 0.05777,
        "precision_at_100": 0.02252,
        "precision_at_1000": 0.00337,
        "mrr_at_1": 0.223301,
        "mrr_at_3": 0.265372,
        "mrr_at_5": 0.278479,
        "mrr_at_10": 0.287764,
        "mrr_at_20": 0.294203,
        "mrr_at_100": 0.299868,
        "mrr_at_1000": 0.300969,
        "nauc_ndcg_at_1_max": 0.187282,
        "nauc_ndcg_at_1_std": -0.10939,
        "nauc_ndcg_at_1_diff1": 0.132696,
        "nauc_ndcg_at_3_max": 0.157463,
        "nauc_ndcg_at_3_std": -0.084348,
        "nauc_ndcg_at_3_diff1": 0.122536,
        "nauc_ndcg_at_5_max": 0.121384,
        "nauc_ndcg_at_5_std": -0.140255,
        "nauc_ndcg_at_5_diff1": 0.145172,
        "nauc_ndcg_at_10_max": 0.160794,
        "nauc_ndcg_at_10_std": -0.149899,
        "nauc_ndcg_at_10_diff1": 0.169961,
        "nauc_ndcg_at_20_max": 0.139928,
        "nauc_ndcg_at_20_std": -0.166548,
        "nauc_ndcg_at_20_diff1": 0.179498,
        "nauc_ndcg_at_100_max": 0.076482,
        "nauc_ndcg_at_100_std": -0.194988,
        "nauc_ndcg_at_100_diff1": 0.166465,
        "nauc_ndcg_at_1000_max": 0.108468,
        "nauc_ndcg_at_1000_std": -0.159877,
        "nauc_ndcg_at_1000_diff1": 0.154069,
        "nauc_map_at_1_max": 0.175544,
        "nauc_map_at_1_std": -0.182702,
        "nauc_map_at_1_diff1": 0.136059,
        "nauc_map_at_3_max": 0.234055,
        "nauc_map_at_3_std": -0.109788,
        "nauc_map_at_3_diff1": 0.157996,
        "nauc_map_at_5_max": 0.189901,
        "nauc_map_at_5_std": -0.143387,
        "nauc_map_at_5_diff1": 0.177357,
        "nauc_map_at_10_max": 0.189024,
        "nauc_map_at_10_std": -0.154944,
        "nauc_map_at_10_diff1": 0.185999,
        "nauc_map_at_20_max": 0.169216,
        "nauc_map_at_20_std": -0.165558,
        "nauc_map_at_20_diff1": 0.179822,
        "nauc_map_at_100_max": 0.147341,
        "nauc_map_at_100_std": -0.166129,
        "nauc_map_at_100_diff1": 0.169197,
        "nauc_map_at_1000_max": 0.147946,
        "nauc_map_at_1000_std": -0.164309,
        "nauc_map_at_1000_diff1": 0.167766,
        "nauc_recall_at_1_max": 0.175544,
        "nauc_recall_at_1_std": -0.182702,
        "nauc_recall_at_1_diff1": 0.136059,
        "nauc_recall_at_3_max": 0.267423,
        "nauc_recall_at_3_std": -0.033228,
        "nauc_recall_at_3_diff1": 0.15588,
        "nauc_recall_at_5_max": 0.176881,
        "nauc_recall_at_5_std": -0.109982,
        "nauc_recall_at_5_diff1": 0.19361,
        "nauc_recall_at_10_max": 0.196854,
        "nauc_recall_at_10_std": -0.126804,
        "nauc_recall_at_10_diff1": 0.222919,
        "nauc_recall_at_20_max": 0.119011,
        "nauc_recall_at_20_std": -0.147492,
        "nauc_recall_at_20_diff1": 0.213773,
        "nauc_recall_at_100_max": -0.058687,
        "nauc_recall_at_100_std": -0.266724,
        "nauc_recall_at_100_diff1": 0.209109,
        "nauc_recall_at_1000_max": 0.087849,
        "nauc_recall_at_1000_std": 0.074861,
        "nauc_recall_at_1000_diff1": 0.21969,
        "nauc_precision_at_1_max": 0.187282,
        "nauc_precision_at_1_std": -0.10939,
        "nauc_precision_at_1_diff1": 0.132696,
        "nauc_precision_at_3_max": 0.125212,
        "nauc_precision_at_3_std": -0.083275,
        "nauc_precision_at_3_diff1": 0.099261,
        "nauc_precision_at_5_max": 0.008643,
        "nauc_precision_at_5_std": -0.152904,
        "nauc_precision_at_5_diff1": 0.099955,
        "nauc_precision_at_10_max": 0.005203,
        "nauc_precision_at_10_std": -0.175223,
        "nauc_precision_at_10_diff1": 0.115326,
        "nauc_precision_at_20_max": -0.057169,
        "nauc_precision_at_20_std": -0.192964,
        "nauc_precision_at_20_diff1": 0.075491,
        "nauc_precision_at_100_max": -0.190336,
        "nauc_precision_at_100_std": -0.178738,
        "nauc_precision_at_100_diff1": -0.013163,
        "nauc_precision_at_1000_max": -0.145231,
        "nauc_precision_at_1000_std": -0.097517,
        "nauc_precision_at_1000_diff1": -0.095355,
        "nauc_mrr_at_1_max": 0.187282,
        "nauc_mrr_at_1_std": -0.10939,
        "nauc_mrr_at_1_diff1": 0.132696,
        "nauc_mrr_at_3_max": 0.172027,
        "nauc_mrr_at_3_std": -0.122731,
        "nauc_mrr_at_3_diff1": 0.10597,
        "nauc_mrr_at_5_max": 0.145156,
        "nauc_mrr_at_5_std": -0.135995,
        "nauc_mrr_at_5_diff1": 0.118686,
        "nauc_mrr_at_10_max": 0.144785,
        "nauc_mrr_at_10_std": -0.133702,
        "nauc_mrr_at_10_diff1": 0.12119,
        "nauc_mrr_at_20_max": 0.150266,
        "nauc_mrr_at_20_std": -0.132446,
        "nauc_mrr_at_20_diff1": 0.129264,
        "nauc_mrr_at_100_max": 0.147273,
        "nauc_mrr_at_100_std": -0.136997,
        "nauc_mrr_at_100_diff1": 0.127954,
        "nauc_mrr_at_1000_max": 0.148097,
        "nauc_mrr_at_1000_std": -0.13579,
        "nauc_mrr_at_1000_diff1": 0.127964,
        "hit_rate_at_1": 0.2233,
        "hit_rate_at_3": 0.3301,
        "hit_rate_at_5": 0.38835,
        "hit_rate_at_10": 0.45631,
        "hit_rate_at_20": 0.54369,
        "hit_rate_at_100": 0.76699,
        "hit_rate_at_1000": 0.98058,
        "main_score": 0.20411,
        "hf_subset": "default",
        "languages": [
          "eng-Latn"
        ]
      }
    ]
  },
  "evaluation_time": 484.82888174057007,
  "kg_co2_emissions": null,
  "date": null
}