{
  "dataset_revision": "53c489a44a3664ba352c07550b72b4525a5968d5",
  "task_name": "R2MEDPMCTreatmentRetrieval",
  "mteb_version": "2.12.23",
  "scores": {
    "test": [
      {
        "ndcg_at_1": 0.38,
        "ndcg_at_3": 0.35183,
        "ndcg_at_5": 0.36373,
        "ndcg_at_10": 0.38676,
        "ndcg_at_20": 0.4057,
        "ndcg_at_100": 0.4471,
        "ndcg_at_1000": 0.4806,
        "map_at_1": 0.22156,
        "map_at_3": 0.29143,
        "map_at_5": 0.30784,
        "map_at_10": 0.31982,
        "map_at_20": 0.32656,
        "map_at_100": 0.33439,
        "map_at_1000": 0.33597,
        "recall_at_1": 0.22156,
        "recall_at_3": 0.34044,
        "recall_at_5": 0.38778,
        "recall_at_10": 0.44811,
        "recall_at_20": 0.506,
        "recall_at_100": 0.68589,
        "recall_at_1000": 0.90733,
        "accuracy": 0.22156,
        "precision_at_1": 0.38,
        "precision_at_3": 0.21111,
        "precision_at_5": 0.14933,
        "precision_at_10": 0.086,
        "precision_at_20": 0.05033,
        "precision_at_100": 0.01407,
        "precision_at_1000": 0.00189,
        "mrr_at_1": 0.38,
        "mrr_at_3": 0.446667,
        "mrr_at_5": 0.457667,
        "mrr_at_10": 0.463889,
        "mrr_at_20": 0.468017,
        "mrr_at_100": 0.471664,
        "mrr_at_1000": 0.472256,
        "nauc_ndcg_at_1_max": 0.357957,
        "nauc_ndcg_at_1_std": -0.168733,
        "nauc_ndcg_at_1_diff1": 0.537165,
        "nauc_ndcg_at_3_max": 0.323237,
        "nauc_ndcg_at_3_std": -0.133137,
        "nauc_ndcg_at_3_diff1": 0.423573,
        "nauc_ndcg_at_5_max": 0.308279,
        "nauc_ndcg_at_5_std": -0.140285,
        "nauc_ndcg_at_5_diff1": 0.38911,
        "nauc_ndcg_at_10_max": 0.319016,
        "nauc_ndcg_at_10_std": -0.140541,
        "nauc_ndcg_at_10_diff1": 0.383964,
        "nauc_ndcg_at_20_max": 0.301651,
        "nauc_ndcg_at_20_std": -0.108092,
        "nauc_ndcg_at_20_diff1": 0.375894,
        "nauc_ndcg_at_100_max": 0.320379,
        "nauc_ndcg_at_100_std": -0.095869,
        "nauc_ndcg_at_100_diff1": 0.394217,
        "nauc_ndcg_at_1000_max": 0.315006,
        "nauc_ndcg_at_1000_std": -0.10914,
        "nauc_ndcg_at_1000_diff1": 0.390079,
        "nauc_map_at_1_max": 0.165713,
        "nauc_map_at_1_std": -0.204101,
        "nauc_map_at_1_diff1": 0.488167,
        "nauc_map_at_3_max": 0.273781,
        "nauc_map_at_3_std": -0.130065,
        "nauc_map_at_3_diff1": 0.421668,
        "nauc_map_at_5_max": 0.276733,
        "nauc_map_at_5_std": -0.133257,
        "nauc_map_at_5_diff1": 0.390959,
        "nauc_map_at_10_max": 0.283525,
        "nauc_map_at_10_std": -0.133596,
        "nauc_map_at_10_diff1": 0.382735,
        "nauc_map_at_20_max": 0.278531,
        "nauc_map_at_20_std": -0.12575,
        "nauc_map_at_20_diff1": 0.380337,
        "nauc_map_at_100_max": 0.283142,
        "nauc_map_at_100_std": -0.124644,
        "nauc_map_at_100_diff1": 0.384168,
        "nauc_map_at_1000_max": 0.282873,
        "nauc_map_at_1000_std": -0.124977,
        "nauc_map_at_1000_diff1": 0.383664,
        "nauc_recall_at_1_max": 0.165713,
        "nauc_recall_at_1_std": -0.204101,
        "nauc_recall_at_1_diff1": 0.488167,
        "nauc_recall_at_3_max": 0.268641,
        "nauc_recall_at_3_std": -0.119172,
        "nauc_recall_at_3_diff1": 0.370438,
        "nauc_recall_at_5_max": 0.253721,
        "nauc_recall_at_5_std": -0.140782,
        "nauc_recall_at_5_diff1": 0.284886,
        "nauc_recall_at_10_max": 0.247158,
        "nauc_recall_at_10_std": -0.135419,
        "nauc_recall_at_10_diff1": 0.255714,
        "nauc_recall_at_20_max": 0.178897,
        "nauc_recall_at_20_std": -0.010753,
        "nauc_recall_at_20_diff1": 0.222452,
        "nauc_recall_at_100_max": 0.241171,
        "nauc_recall_at_100_std": 0.112028,
        "nauc_recall_at_100_diff1": 0.275945,
        "nauc_recall_at_1000_max": 0.05824,
        "nauc_recall_at_1000_std": 0.17541,
        "nauc_recall_at_1000_diff1": 0.114387,
        "nauc_precision_at_1_max": 0.357957,
        "nauc_precision_at_1_std": -0.168733,
        "nauc_precision_at_1_diff1": 0.537165,
        "nauc_precision_at_3_max": 0.508789,
        "nauc_precision_at_3_std": -0.006143,
        "nauc_precision_at_3_diff1": 0.325324,
        "nauc_precision_at_5_max": 0.452414,
        "nauc_precision_at_5_std": -0.017979,
        "nauc_precision_at_5_diff1": 0.177677,
        "nauc_precision_at_10_max": 0.44043,
        "nauc_precision_at_10_std": -0.006957,
        "nauc_precision_at_10_diff1": 0.118543,
        "nauc_precision_at_20_max": 0.350394,
        "nauc_precision_at_20_std": 0.046093,
        "nauc_precision_at_20_diff1": 0.061467,
        "nauc_precision_at_100_max": 0.318611,
        "nauc_precision_at_100_std": 0.04843,
        "nauc_precision_at_100_diff1": 0.04619,
        "nauc_precision_at_1000_max": 0.2235,
        "nauc_precision_at_1000_std": 0.011063,
        "nauc_precision_at_1000_diff1": -0.031678,
        "nauc_mrr_at_1_max": 0.357957,
        "nauc_mrr_at_1_std": -0.168733,
        "nauc_mrr_at_1_diff1": 0.537165,
        "nauc_mrr_at_3_max": 0.393346,
        "nauc_mrr_at_3_std": -0.148439,
        "nauc_mrr_at_3_diff1": 0.495051,
        "nauc_mrr_at_5_max": 0.389666,
        "nauc_mrr_at_5_std": -0.162128,
        "nauc_mrr_at_5_diff1": 0.484006,
        "nauc_mrr_at_10_max": 0.394108,
        "nauc_mrr_at_10_std": -0.162742,
        "nauc_mrr_at_10_diff1": 0.491532,
        "nauc_mrr_at_20_max": 0.38912,
        "nauc_mrr_at_20_std": -0.153082,
        "nauc_mrr_at_20_diff1": 0.489377,
        "nauc_mrr_at_100_max": 0.388276,
        "nauc_mrr_at_100_std": -0.152508,
        "nauc_mrr_at_100_diff1": 0.489635,
        "nauc_mrr_at_1000_max": 0.388017,
        "nauc_mrr_at_1000_std": -0.152935,
        "nauc_mrr_at_1000_diff1": 0.489506,
        "hit_rate_at_1": 0.38,
        "hit_rate_at_3": 0.52667,
        "hit_rate_at_5": 0.57333,
        "hit_rate_at_10": 0.62,
        "hit_rate_at_20": 0.68,
        "hit_rate_at_100": 0.82,
        "hit_rate_at_1000": 0.95333,
        "main_score": 0.38676,
        "hf_subset": "default",
        "languages": [
          "eng-Latn"
        ]
      }
    ]
  },
  "evaluation_time": 279.37451100349426,
  "kg_co2_emissions": null,
  "date": null
}