{
  "dataset_revision": "5014f29d7fdde6f9073a75b72be53ed73eed60c6",
  "task_name": "BillSumCA",
  "mteb_version": "2.9.0",
  "scores": {
    "test": [
      {
        "ndcg_at_1": 0.822,
        "ndcg_at_3": 0.90057,
        "ndcg_at_5": 0.9091,
        "ndcg_at_10": 0.91258,
        "ndcg_at_20": 0.91306,
        "ndcg_at_100": 0.91537,
        "ndcg_at_1000": 0.91566,
        "map_at_1": 0.822,
        "map_at_3": 0.882,
        "map_at_5": 0.8869,
        "map_at_10": 0.88848,
        "map_at_20": 0.8886,
        "map_at_100": 0.88895,
        "map_at_1000": 0.88897,
        "recall_at_1": 0.822,
        "recall_at_3": 0.954,
        "recall_at_5": 0.974,
        "recall_at_10": 0.984,
        "recall_at_20": 0.986,
        "recall_at_100": 0.998,
        "recall_at_1000": 1.0,
        "accuracy": 0.822,
        "precision_at_1": 0.822,
        "precision_at_3": 0.318,
        "precision_at_5": 0.1948,
        "precision_at_10": 0.0984,
        "precision_at_20": 0.0493,
        "precision_at_100": 0.00998,
        "precision_at_1000": 0.001,
        "mrr_at_1": 0.822,
        "mrr_at_3": 0.881667,
        "mrr_at_5": 0.886567,
        "mrr_at_10": 0.88815,
        "mrr_at_20": 0.888268,
        "mrr_at_100": 0.888617,
        "mrr_at_1000": 0.888633,
        "nauc_ndcg_at_1_max": 0.48659,
        "nauc_ndcg_at_1_std": -0.015552,
        "nauc_ndcg_at_1_diff1": 0.820652,
        "nauc_ndcg_at_3_max": 0.529187,
        "nauc_ndcg_at_3_std": -0.031395,
        "nauc_ndcg_at_3_diff1": 0.794782,
        "nauc_ndcg_at_5_max": 0.539836,
        "nauc_ndcg_at_5_std": -0.028585,
        "nauc_ndcg_at_5_diff1": 0.80105,
        "nauc_ndcg_at_10_max": 0.540079,
        "nauc_ndcg_at_10_std": 0.000391,
        "nauc_ndcg_at_10_diff1": 0.804402,
        "nauc_ndcg_at_20_max": 0.538181,
        "nauc_ndcg_at_20_std": 0.003643,
        "nauc_ndcg_at_20_diff1": 0.804028,
        "nauc_ndcg_at_100_max": 0.526816,
        "nauc_ndcg_at_100_std": -0.004115,
        "nauc_ndcg_at_100_diff1": 0.804355,
        "nauc_ndcg_at_1000_max": 0.526718,
        "nauc_ndcg_at_1000_std": -0.007693,
        "nauc_ndcg_at_1000_diff1": 0.805247,
        "nauc_map_at_1_max": 0.48659,
        "nauc_map_at_1_std": -0.015552,
        "nauc_map_at_1_diff1": 0.820652,
        "nauc_map_at_3_max": 0.517688,
        "nauc_map_at_3_std": -0.023137,
        "nauc_map_at_3_diff1": 0.801746,
        "nauc_map_at_5_max": 0.522165,
        "nauc_map_at_5_std": -0.021037,
        "nauc_map_at_5_diff1": 0.804965,
        "nauc_map_at_10_max": 0.522132,
        "nauc_map_at_10_std": -0.010493,
        "nauc_map_at_10_diff1": 0.80634,
        "nauc_map_at_20_max": 0.521748,
        "nauc_map_at_20_std": -0.009881,
        "nauc_map_at_20_diff1": 0.806271,
        "nauc_map_at_100_max": 0.520382,
        "nauc_map_at_100_std": -0.010999,
        "nauc_map_at_100_diff1": 0.806445,
        "nauc_map_at_1000_max": 0.520377,
        "nauc_map_at_1000_std": -0.011153,
        "nauc_map_at_1000_diff1": 0.806484,
        "nauc_recall_at_1_max": 0.48659,
        "nauc_recall_at_1_std": -0.015552,
        "nauc_recall_at_1_diff1": 0.820652,
        "nauc_recall_at_3_max": 0.606808,
        "nauc_recall_at_3_std": -0.092498,
        "nauc_recall_at_3_diff1": 0.747798,
        "nauc_recall_at_5_max": 0.749192,
        "nauc_recall_at_5_std": -0.124686,
        "nauc_recall_at_5_diff1": 0.761007,
        "nauc_recall_at_10_max": 0.87891,
        "nauc_recall_at_10_std": 0.248249,
        "nauc_recall_at_10_diff1": 0.78233,
        "nauc_recall_at_20_max": 0.880285,
        "nauc_recall_at_20_std": 0.364212,
        "nauc_recall_at_20_diff1": 0.769908,
        "nauc_recall_at_100_max": 0.554155,
        "nauc_recall_at_100_std": 1.0,
        "nauc_recall_at_100_diff1": 0.554155,
        "nauc_recall_at_1000_max": NaN,
        "nauc_recall_at_1000_std": NaN,
        "nauc_recall_at_1000_diff1": NaN,
        "nauc_precision_at_1_max": 0.48659,
        "nauc_precision_at_1_std": -0.015552,
        "nauc_precision_at_1_diff1": 0.820652,
        "nauc_precision_at_3_max": 0.606808,
        "nauc_precision_at_3_std": -0.092498,
        "nauc_precision_at_3_diff1": 0.747798,
        "nauc_precision_at_5_max": 0.749192,
        "nauc_precision_at_5_std": -0.124686,
        "nauc_precision_at_5_diff1": 0.761007,
        "nauc_precision_at_10_max": 0.87891,
        "nauc_precision_at_10_std": 0.248249,
        "nauc_precision_at_10_diff1": 0.78233,
        "nauc_precision_at_20_max": 0.880285,
        "nauc_precision_at_20_std": 0.364212,
        "nauc_precision_at_20_diff1": 0.769908,
        "nauc_precision_at_100_max": 0.554155,
        "nauc_precision_at_100_std": 1.0,
        "nauc_precision_at_100_diff1": 0.554155,
        "nauc_precision_at_1000_max": 1.0,
        "nauc_precision_at_1000_std": 1.0,
        "nauc_precision_at_1000_diff1": 1.0,
        "nauc_mrr_at_1_max": 0.48659,
        "nauc_mrr_at_1_std": -0.015552,
        "nauc_mrr_at_1_diff1": 0.820652,
        "nauc_mrr_at_3_max": 0.51829,
        "nauc_mrr_at_3_std": -0.028191,
        "nauc_mrr_at_3_diff1": 0.801512,
        "nauc_mrr_at_5_max": 0.522781,
        "nauc_mrr_at_5_std": -0.026326,
        "nauc_mrr_at_5_diff1": 0.80471,
        "nauc_mrr_at_10_max": 0.522757,
        "nauc_mrr_at_10_std": -0.015893,
        "nauc_mrr_at_10_diff1": 0.806078,
        "nauc_mrr_at_20_max": 0.522375,
        "nauc_mrr_at_20_std": -0.015289,
        "nauc_mrr_at_20_diff1": 0.806008,
        "nauc_mrr_at_100_max": 0.521015,
        "nauc_mrr_at_100_std": -0.016421,
        "nauc_mrr_at_100_diff1": 0.806181,
        "nauc_mrr_at_1000_max": 0.52101,
        "nauc_mrr_at_1000_std": -0.016576,
        "nauc_mrr_at_1000_diff1": 0.80622,
        "cv_recall_at_1": 0.822,
        "cv_recall_at_3": 0.954,
        "cv_recall_at_5": 0.974,
        "cv_recall_at_10": 0.984,
        "cv_recall_at_20": 0.986,
        "cv_recall_at_100": 0.998,
        "cv_recall_at_1000": 1.0,
        "main_score": 0.91258,
        "hf_subset": "default",
        "languages": [
          "eng-Latn"
        ]
      }
    ]
  },
  "evaluation_time": 82.95012974739075,
  "kg_co2_emissions": null,
  "date": null
}