{
  "dataset_revision": "3d593fde907860102a282b4a6ea7fb1e1f1f83dd",
  "task_name": "BIRCO-Relic",
  "mteb_version": "2.9.0",
  "scores": {
    "test": [
      {
        "ndcg_at_1": 0.02,
        "ndcg_at_3": 0.03893,
        "ndcg_at_5": 0.04754,
        "ndcg_at_10": 0.06697,
        "ndcg_at_20": 0.08209,
        "ndcg_at_100": 0.12978,
        "ndcg_at_1000": 0.176,
        "map_at_1": 0.02,
        "map_at_3": 0.035,
        "map_at_5": 0.04,
        "map_at_10": 0.04802,
        "map_at_20": 0.05214,
        "map_at_100": 0.05918,
        "map_at_1000": 0.06045,
        "recall_at_1": 0.02,
        "recall_at_3": 0.05,
        "recall_at_5": 0.07,
        "recall_at_10": 0.13,
        "recall_at_20": 0.19,
        "recall_at_100": 0.44,
        "recall_at_1000": 0.83,
        "accuracy": 0.02,
        "precision_at_1": 0.02,
        "precision_at_3": 0.01667,
        "precision_at_5": 0.014,
        "precision_at_10": 0.013,
        "precision_at_20": 0.0095,
        "precision_at_100": 0.0044,
        "precision_at_1000": 0.00083,
        "mrr_at_1": 0.02,
        "mrr_at_3": 0.035,
        "mrr_at_5": 0.04,
        "mrr_at_10": 0.048024,
        "mrr_at_20": 0.052139,
        "mrr_at_100": 0.059182,
        "mrr_at_1000": 0.06045,
        "nauc_ndcg_at_1_max": 0.250201,
        "nauc_ndcg_at_1_std": -0.352697,
        "nauc_ndcg_at_1_diff1": 0.340757,
        "nauc_ndcg_at_3_max": -0.02766,
        "nauc_ndcg_at_3_std": -0.291749,
        "nauc_ndcg_at_3_diff1": 0.356282,
        "nauc_ndcg_at_5_max": -0.04258,
        "nauc_ndcg_at_5_std": -0.185319,
        "nauc_ndcg_at_5_diff1": 0.263049,
        "nauc_ndcg_at_10_max": -0.06593,
        "nauc_ndcg_at_10_std": -0.16018,
        "nauc_ndcg_at_10_diff1": 0.101679,
        "nauc_ndcg_at_20_max": -0.022205,
        "nauc_ndcg_at_20_std": -0.10194,
        "nauc_ndcg_at_20_diff1": 0.100363,
        "nauc_ndcg_at_100_max": 0.059965,
        "nauc_ndcg_at_100_std": 0.03176,
        "nauc_ndcg_at_100_diff1": 0.074128,
        "nauc_ndcg_at_1000_max": 0.048266,
        "nauc_ndcg_at_1000_std": 0.025712,
        "nauc_ndcg_at_1000_diff1": 0.098623,
        "nauc_map_at_1_max": 0.250201,
        "nauc_map_at_1_std": -0.352697,
        "nauc_map_at_1_diff1": 0.340757,
        "nauc_map_at_3_max": 0.00529,
        "nauc_map_at_3_std": -0.298977,
        "nauc_map_at_3_diff1": 0.354441,
        "nauc_map_at_5_max": -0.009123,
        "nauc_map_at_5_std": -0.224644,
        "nauc_map_at_5_diff1": 0.290347,
        "nauc_map_at_10_max": -0.02796,
        "nauc_map_at_10_std": -0.206284,
        "nauc_map_at_10_diff1": 0.191733,
        "nauc_map_at_20_max": -0.013842,
        "nauc_map_at_20_std": -0.182148,
        "nauc_map_at_20_diff1": 0.184488,
        "nauc_map_at_100_max": 0.003925,
        "nauc_map_at_100_std": -0.150871,
        "nauc_map_at_100_diff1": 0.182444,
        "nauc_map_at_1000_max": 0.003511,
        "nauc_map_at_1000_std": -0.150469,
        "nauc_map_at_1000_diff1": 0.183759,
        "nauc_recall_at_1_max": 0.250201,
        "nauc_recall_at_1_std": -0.352697,
        "nauc_recall_at_1_diff1": 0.340757,
        "nauc_recall_at_3_max": -0.092675,
        "nauc_recall_at_3_std": -0.277489,
        "nauc_recall_at_3_diff1": 0.359914,
        "nauc_recall_at_5_max": -0.097627,
        "nauc_recall_at_5_std": -0.113726,
        "nauc_recall_at_5_diff1": 0.211852,
        "nauc_recall_at_10_max": -0.11175,
        "nauc_recall_at_10_std": -0.09899,
        "nauc_recall_at_10_diff1": -0.024311,
        "nauc_recall_at_20_max": -0.016596,
        "nauc_recall_at_20_std": -0.002724,
        "nauc_recall_at_20_diff1": 0.008878,
        "nauc_recall_at_100_max": 0.162839,
        "nauc_recall_at_100_std": 0.270528,
        "nauc_recall_at_100_diff1": -0.050021,
        "nauc_recall_at_1000_max": 0.206681,
        "nauc_recall_at_1000_std": 0.483659,
        "nauc_recall_at_1000_diff1": -0.034365,
        "nauc_precision_at_1_max": 0.250201,
        "nauc_precision_at_1_std": -0.352697,
        "nauc_precision_at_1_diff1": 0.340757,
        "nauc_precision_at_3_max": -0.092675,
        "nauc_precision_at_3_std": -0.277489,
        "nauc_precision_at_3_diff1": 0.359914,
        "nauc_precision_at_5_max": -0.097627,
        "nauc_precision_at_5_std": -0.113726,
        "nauc_precision_at_5_diff1": 0.211852,
        "nauc_precision_at_10_max": -0.11175,
        "nauc_precision_at_10_std": -0.09899,
        "nauc_precision_at_10_diff1": -0.024311,
        "nauc_precision_at_20_max": -0.016596,
        "nauc_precision_at_20_std": -0.002724,
        "nauc_precision_at_20_diff1": 0.008878,
        "nauc_precision_at_100_max": 0.162839,
        "nauc_precision_at_100_std": 0.270528,
        "nauc_precision_at_100_diff1": -0.050021,
        "nauc_precision_at_1000_max": 0.206681,
        "nauc_precision_at_1000_std": 0.483659,
        "nauc_precision_at_1000_diff1": -0.034365,
        "nauc_mrr_at_1_max": 0.250201,
        "nauc_mrr_at_1_std": -0.352697,
        "nauc_mrr_at_1_diff1": 0.340757,
        "nauc_mrr_at_3_max": 0.00529,
        "nauc_mrr_at_3_std": -0.298977,
        "nauc_mrr_at_3_diff1": 0.354441,
        "nauc_mrr_at_5_max": -0.009123,
        "nauc_mrr_at_5_std": -0.224644,
        "nauc_mrr_at_5_diff1": 0.290347,
        "nauc_mrr_at_10_max": -0.02796,
        "nauc_mrr_at_10_std": -0.206284,
        "nauc_mrr_at_10_diff1": 0.191733,
        "nauc_mrr_at_20_max": -0.013842,
        "nauc_mrr_at_20_std": -0.182148,
        "nauc_mrr_at_20_diff1": 0.184488,
        "nauc_mrr_at_100_max": 0.003925,
        "nauc_mrr_at_100_std": -0.150871,
        "nauc_mrr_at_100_diff1": 0.182444,
        "nauc_mrr_at_1000_max": 0.003511,
        "nauc_mrr_at_1000_std": -0.150469,
        "nauc_mrr_at_1000_diff1": 0.183759,
        "cv_recall_at_1": 0.02,
        "cv_recall_at_3": 0.05,
        "cv_recall_at_5": 0.07,
        "cv_recall_at_10": 0.13,
        "cv_recall_at_20": 0.19,
        "cv_recall_at_100": 0.44,
        "cv_recall_at_1000": 0.83,
        "main_score": 0.06697,
        "hf_subset": "default",
        "languages": [
          "eng-Latn"
        ]
      }
    ]
  },
  "evaluation_time": 117.4762818813324,
  "kg_co2_emissions": null,
  "date": null
}