{
  "dataset_revision": "2230f80e1baf42aa005731ca86577621c566fcd7",
  "task_name": "CQADupstackWordpress-VN",
  "mteb_version": "2.9.0",
  "scores": {
    "test": [
      {
        "ndcg_at_1": 0.09686,
        "ndcg_at_3": 0.11272,
        "ndcg_at_5": 0.12279,
        "ndcg_at_10": 0.13471,
        "ndcg_at_20": 0.14106,
        "ndcg_at_100": 0.16151,
        "ndcg_at_1000": 0.19322,
        "map_at_1": 0.08058,
        "map_at_3": 0.10093,
        "map_at_5": 0.10682,
        "map_at_10": 0.11179,
        "map_at_20": 0.11355,
        "map_at_100": 0.11644,
        "map_at_1000": 0.11745,
        "recall_at_1": 0.08058,
        "recall_at_3": 0.12605,
        "recall_at_5": 0.15223,
        "recall_at_10": 0.18818,
        "recall_at_20": 0.21261,
        "recall_at_100": 0.31653,
        "recall_at_1000": 0.56646,
        "accuracy": 0.08058,
        "precision_at_1": 0.09686,
        "precision_at_3": 0.05061,
        "precision_at_5": 0.03613,
        "precision_at_10": 0.02251,
        "precision_at_20": 0.01283,
        "precision_at_100": 0.00398,
        "precision_at_1000": 0.00072,
        "mrr_at_1": 0.096859,
        "mrr_at_3": 0.119983,
        "mrr_at_5": 0.126527,
        "mrr_at_10": 0.13159,
        "mrr_at_20": 0.133088,
        "mrr_at_100": 0.135962,
        "mrr_at_1000": 0.136906,
        "nauc_ndcg_at_1_max": 0.106956,
        "nauc_ndcg_at_1_std": 0.090979,
        "nauc_ndcg_at_1_diff1": 0.434495,
        "nauc_ndcg_at_3_max": 0.120775,
        "nauc_ndcg_at_3_std": 0.062135,
        "nauc_ndcg_at_3_diff1": 0.319044,
        "nauc_ndcg_at_5_max": 0.131613,
        "nauc_ndcg_at_5_std": 0.083712,
        "nauc_ndcg_at_5_diff1": 0.277012,
        "nauc_ndcg_at_10_max": 0.109044,
        "nauc_ndcg_at_10_std": 0.089466,
        "nauc_ndcg_at_10_diff1": 0.249967,
        "nauc_ndcg_at_20_max": 0.116399,
        "nauc_ndcg_at_20_std": 0.085286,
        "nauc_ndcg_at_20_diff1": 0.24822,
        "nauc_ndcg_at_100_max": 0.118366,
        "nauc_ndcg_at_100_std": 0.088906,
        "nauc_ndcg_at_100_diff1": 0.241709,
        "nauc_ndcg_at_1000_max": 0.103675,
        "nauc_ndcg_at_1000_std": 0.104038,
        "nauc_ndcg_at_1000_diff1": 0.242012,
        "nauc_map_at_1_max": 0.075647,
        "nauc_map_at_1_std": 0.026632,
        "nauc_map_at_1_diff1": 0.457623,
        "nauc_map_at_3_max": 0.10576,
        "nauc_map_at_3_std": 0.038798,
        "nauc_map_at_3_diff1": 0.348616,
        "nauc_map_at_5_max": 0.110514,
        "nauc_map_at_5_std": 0.05437,
        "nauc_map_at_5_diff1": 0.321723,
        "nauc_map_at_10_max": 0.100428,
        "nauc_map_at_10_std": 0.060731,
        "nauc_map_at_10_diff1": 0.30892,
        "nauc_map_at_20_max": 0.102685,
        "nauc_map_at_20_std": 0.059217,
        "nauc_map_at_20_diff1": 0.307303,
        "nauc_map_at_100_max": 0.103052,
        "nauc_map_at_100_std": 0.062063,
        "nauc_map_at_100_diff1": 0.306372,
        "nauc_map_at_1000_max": 0.102499,
        "nauc_map_at_1000_std": 0.062663,
        "nauc_map_at_1000_diff1": 0.306413,
        "nauc_recall_at_1_max": 0.075647,
        "nauc_recall_at_1_std": 0.026632,
        "nauc_recall_at_1_diff1": 0.457623,
        "nauc_recall_at_3_max": 0.132667,
        "nauc_recall_at_3_std": 0.055718,
        "nauc_recall_at_3_diff1": 0.246577,
        "nauc_recall_at_5_max": 0.151218,
        "nauc_recall_at_5_std": 0.109402,
        "nauc_recall_at_5_diff1": 0.17506,
        "nauc_recall_at_10_max": 0.096174,
        "nauc_recall_at_10_std": 0.110735,
        "nauc_recall_at_10_diff1": 0.119448,
        "nauc_recall_at_20_max": 0.112479,
        "nauc_recall_at_20_std": 0.097755,
        "nauc_recall_at_20_diff1": 0.12066,
        "nauc_recall_at_100_max": 0.113092,
        "nauc_recall_at_100_std": 0.100393,
        "nauc_recall_at_100_diff1": 0.11736,
        "nauc_recall_at_1000_max": 0.028371,
        "nauc_recall_at_1000_std": 0.176875,
        "nauc_recall_at_1000_diff1": 0.098877,
        "nauc_precision_at_1_max": 0.106956,
        "nauc_precision_at_1_std": 0.090979,
        "nauc_precision_at_1_diff1": 0.434495,
        "nauc_precision_at_3_max": 0.164487,
        "nauc_precision_at_3_std": 0.115954,
        "nauc_precision_at_3_diff1": 0.252992,
        "nauc_precision_at_5_max": 0.175283,
        "nauc_precision_at_5_std": 0.17171,
        "nauc_precision_at_5_diff1": 0.179471,
        "nauc_precision_at_10_max": 0.113025,
        "nauc_precision_at_10_std": 0.196018,
        "nauc_precision_at_10_diff1": 0.135916,
        "nauc_precision_at_20_max": 0.13759,
        "nauc_precision_at_20_std": 0.17701,
        "nauc_precision_at_20_diff1": 0.132716,
        "nauc_precision_at_100_max": 0.166927,
        "nauc_precision_at_100_std": 0.172456,
        "nauc_precision_at_100_diff1": 0.121813,
        "nauc_precision_at_1000_max": 0.07892,
        "nauc_precision_at_1000_std": 0.188092,
        "nauc_precision_at_1000_diff1": 0.122997,
        "nauc_mrr_at_1_max": 0.106956,
        "nauc_mrr_at_1_std": 0.090979,
        "nauc_mrr_at_1_diff1": 0.434495,
        "nauc_mrr_at_3_max": 0.139503,
        "nauc_mrr_at_3_std": 0.087908,
        "nauc_mrr_at_3_diff1": 0.339114,
        "nauc_mrr_at_5_max": 0.141902,
        "nauc_mrr_at_5_std": 0.104732,
        "nauc_mrr_at_5_diff1": 0.312908,
        "nauc_mrr_at_10_max": 0.131433,
        "nauc_mrr_at_10_std": 0.106433,
        "nauc_mrr_at_10_diff1": 0.301793,
        "nauc_mrr_at_20_max": 0.134453,
        "nauc_mrr_at_20_std": 0.105031,
        "nauc_mrr_at_20_diff1": 0.302375,
        "nauc_mrr_at_100_max": 0.133766,
        "nauc_mrr_at_100_std": 0.104502,
        "nauc_mrr_at_100_diff1": 0.301004,
        "nauc_mrr_at_1000_max": 0.133306,
        "nauc_mrr_at_1000_std": 0.10477,
        "nauc_mrr_at_1000_diff1": 0.301337,
        "cv_recall_at_1": 0.09686,
        "cv_recall_at_3": 0.14921,
        "cv_recall_at_5": 0.17801,
        "cv_recall_at_10": 0.21728,
        "cv_recall_at_20": 0.24084,
        "cv_recall_at_100": 0.35864,
        "cv_recall_at_1000": 0.60209,
        "main_score": 0.13471,
        "hf_subset": "default",
        "languages": [
          "vie-Latn"
        ]
      }
    ]
  },
  "evaluation_time": 3008.801733493805,
  "kg_co2_emissions": null,
  "date": null
}