{
  "dataset_revision": "4a022e7213ccc05ee970a176abd0293b3a0a2da0",
  "task_name": "CQADupstackAndroid-VN",
  "mteb_version": "2.9.0",
  "scores": {
    "test": [
      {
        "ndcg_at_1": 0.16495,
        "ndcg_at_3": 0.18271,
        "ndcg_at_5": 0.19232,
        "ndcg_at_10": 0.20709,
        "ndcg_at_20": 0.22155,
        "ndcg_at_100": 0.2533,
        "ndcg_at_1000": 0.28832,
        "map_at_1": 0.12957,
        "map_at_3": 0.16041,
        "map_at_5": 0.16795,
        "map_at_10": 0.17449,
        "map_at_20": 0.17915,
        "map_at_100": 0.18374,
        "map_at_1000": 0.18503,
        "recall_at_1": 0.12957,
        "recall_at_3": 0.19516,
        "recall_at_5": 0.22501,
        "recall_at_10": 0.26885,
        "recall_at_20": 0.32123,
        "recall_at_100": 0.47701,
        "recall_at_1000": 0.72467,
        "accuracy": 0.12957,
        "precision_at_1": 0.16495,
        "precision_at_3": 0.08648,
        "precision_at_5": 0.05979,
        "precision_at_10": 0.0378,
        "precision_at_20": 0.02354,
        "precision_at_100": 0.00753,
        "precision_at_1000": 0.00138,
        "mrr_at_1": 0.164948,
        "mrr_at_3": 0.199026,
        "mrr_at_5": 0.206071,
        "mrr_at_10": 0.214625,
        "mrr_at_20": 0.218555,
        "mrr_at_100": 0.222593,
        "mrr_at_1000": 0.223525,
        "nauc_ndcg_at_1_max": 0.222375,
        "nauc_ndcg_at_1_std": 0.026716,
        "nauc_ndcg_at_1_diff1": 0.399672,
        "nauc_ndcg_at_3_max": 0.180825,
        "nauc_ndcg_at_3_std": 0.050877,
        "nauc_ndcg_at_3_diff1": 0.346282,
        "nauc_ndcg_at_5_max": 0.171565,
        "nauc_ndcg_at_5_std": 0.05137,
        "nauc_ndcg_at_5_diff1": 0.331313,
        "nauc_ndcg_at_10_max": 0.160952,
        "nauc_ndcg_at_10_std": 0.047548,
        "nauc_ndcg_at_10_diff1": 0.313347,
        "nauc_ndcg_at_20_max": 0.160633,
        "nauc_ndcg_at_20_std": 0.065049,
        "nauc_ndcg_at_20_diff1": 0.315982,
        "nauc_ndcg_at_100_max": 0.165233,
        "nauc_ndcg_at_100_std": 0.080818,
        "nauc_ndcg_at_100_diff1": 0.317465,
        "nauc_ndcg_at_1000_max": 0.177795,
        "nauc_ndcg_at_1000_std": 0.091292,
        "nauc_ndcg_at_1000_diff1": 0.310055,
        "nauc_map_at_1_max": 0.242889,
        "nauc_map_at_1_std": 0.039334,
        "nauc_map_at_1_diff1": 0.440545,
        "nauc_map_at_3_max": 0.200604,
        "nauc_map_at_3_std": 0.051595,
        "nauc_map_at_3_diff1": 0.370726,
        "nauc_map_at_5_max": 0.193594,
        "nauc_map_at_5_std": 0.05,
        "nauc_map_at_5_diff1": 0.359254,
        "nauc_map_at_10_max": 0.186807,
        "nauc_map_at_10_std": 0.04757,
        "nauc_map_at_10_diff1": 0.352011,
        "nauc_map_at_20_max": 0.185812,
        "nauc_map_at_20_std": 0.05317,
        "nauc_map_at_20_diff1": 0.352842,
        "nauc_map_at_100_max": 0.187764,
        "nauc_map_at_100_std": 0.057316,
        "nauc_map_at_100_diff1": 0.353197,
        "nauc_map_at_1000_max": 0.18801,
        "nauc_map_at_1000_std": 0.058014,
        "nauc_map_at_1000_diff1": 0.352919,
        "nauc_recall_at_1_max": 0.242889,
        "nauc_recall_at_1_std": 0.039334,
        "nauc_recall_at_1_diff1": 0.440545,
        "nauc_recall_at_3_max": 0.143916,
        "nauc_recall_at_3_std": 0.0694,
        "nauc_recall_at_3_diff1": 0.31414,
        "nauc_recall_at_5_max": 0.126143,
        "nauc_recall_at_5_std": 0.063319,
        "nauc_recall_at_5_diff1": 0.268853,
        "nauc_recall_at_10_max": 0.095943,
        "nauc_recall_at_10_std": 0.052129,
        "nauc_recall_at_10_diff1": 0.229617,
        "nauc_recall_at_20_max": 0.093159,
        "nauc_recall_at_20_std": 0.097576,
        "nauc_recall_at_20_diff1": 0.23383,
        "nauc_recall_at_100_max": 0.088809,
        "nauc_recall_at_100_std": 0.136089,
        "nauc_recall_at_100_diff1": 0.238598,
        "nauc_recall_at_1000_max": 0.149311,
        "nauc_recall_at_1000_std": 0.23404,
        "nauc_recall_at_1000_diff1": 0.152261,
        "nauc_precision_at_1_max": 0.222375,
        "nauc_precision_at_1_std": 0.026716,
        "nauc_precision_at_1_diff1": 0.399672,
        "nauc_precision_at_3_max": 0.155411,
        "nauc_precision_at_3_std": 0.056638,
        "nauc_precision_at_3_diff1": 0.280886,
        "nauc_precision_at_5_max": 0.134784,
        "nauc_precision_at_5_std": 0.06234,
        "nauc_precision_at_5_diff1": 0.241047,
        "nauc_precision_at_10_max": 0.100653,
        "nauc_precision_at_10_std": 0.05199,
        "nauc_precision_at_10_diff1": 0.192882,
        "nauc_precision_at_20_max": 0.078435,
        "nauc_precision_at_20_std": 0.105969,
        "nauc_precision_at_20_diff1": 0.202973,
        "nauc_precision_at_100_max": 0.075894,
        "nauc_precision_at_100_std": 0.129879,
        "nauc_precision_at_100_diff1": 0.111149,
        "nauc_precision_at_1000_max": 0.022369,
        "nauc_precision_at_1000_std": 0.006965,
        "nauc_precision_at_1000_diff1": -0.05976,
        "nauc_mrr_at_1_max": 0.222375,
        "nauc_mrr_at_1_std": 0.026716,
        "nauc_mrr_at_1_diff1": 0.399672,
        "nauc_mrr_at_3_max": 0.185006,
        "nauc_mrr_at_3_std": 0.033079,
        "nauc_mrr_at_3_diff1": 0.346432,
        "nauc_mrr_at_5_max": 0.183236,
        "nauc_mrr_at_5_std": 0.034745,
        "nauc_mrr_at_5_diff1": 0.334541,
        "nauc_mrr_at_10_max": 0.178152,
        "nauc_mrr_at_10_std": 0.032812,
        "nauc_mrr_at_10_diff1": 0.321868,
        "nauc_mrr_at_20_max": 0.178673,
        "nauc_mrr_at_20_std": 0.038086,
        "nauc_mrr_at_20_diff1": 0.321389,
        "nauc_mrr_at_100_max": 0.179685,
        "nauc_mrr_at_100_std": 0.040054,
        "nauc_mrr_at_100_diff1": 0.32186,
        "nauc_mrr_at_1000_max": 0.179808,
        "nauc_mrr_at_1000_std": 0.040488,
        "nauc_mrr_at_1000_diff1": 0.321861,
        "cv_recall_at_1": 0.16495,
        "cv_recall_at_3": 0.24399,
        "cv_recall_at_5": 0.27491,
        "cv_recall_at_10": 0.33677,
        "cv_recall_at_20": 0.39347,
        "cv_recall_at_100": 0.55842,
        "cv_recall_at_1000": 0.79725,
        "main_score": 0.20709,
        "hf_subset": "default",
        "languages": [
          "vie-Latn"
        ]
      }
    ]
  },
  "evaluation_time": 1064.2565898895264,
  "kg_co2_emissions": null,
  "date": null
}