{
  "dataset_revision": "f41e1fefa91ccb25964afb24e193d1e2a14bb4a3",
  "task_name": "CQADupstack-Unix-PL",
  "mteb_version": "2.9.0",
  "scores": {
    "test": [
      {
        "ndcg_at_1": 0.13526,
        "ndcg_at_3": 0.15301,
        "ndcg_at_5": 0.16272,
        "ndcg_at_10": 0.17708,
        "ndcg_at_20": 0.18904,
        "ndcg_at_100": 0.21687,
        "ndcg_at_1000": 0.24806,
        "map_at_1": 0.11613,
        "map_at_3": 0.13938,
        "map_at_5": 0.14549,
        "map_at_10": 0.15159,
        "map_at_20": 0.15494,
        "map_at_100": 0.15874,
        "map_at_1000": 0.1598,
        "recall_at_1": 0.11613,
        "recall_at_3": 0.16629,
        "recall_at_5": 0.19214,
        "recall_at_10": 0.23402,
        "recall_at_20": 0.27822,
        "recall_at_100": 0.41938,
        "recall_at_1000": 0.6531,
        "accuracy": 0.11613,
        "precision_at_1": 0.13526,
        "precision_at_3": 0.06748,
        "precision_at_5": 0.04683,
        "precision_at_10": 0.0292,
        "precision_at_20": 0.01772,
        "precision_at_100": 0.00558,
        "precision_at_1000": 0.00092,
        "mrr_at_1": 0.135261,
        "mrr_at_3": 0.161847,
        "mrr_at_5": 0.16847,
        "mrr_at_10": 0.175172,
        "mrr_at_20": 0.178621,
        "mrr_at_100": 0.182438,
        "mrr_at_1000": 0.183329,
        "nauc_ndcg_at_1_max": 0.376298,
        "nauc_ndcg_at_1_std": 0.031386,
        "nauc_ndcg_at_1_diff1": 0.573956,
        "nauc_ndcg_at_3_max": 0.33851,
        "nauc_ndcg_at_3_std": 0.028461,
        "nauc_ndcg_at_3_diff1": 0.472955,
        "nauc_ndcg_at_5_max": 0.315521,
        "nauc_ndcg_at_5_std": 0.022748,
        "nauc_ndcg_at_5_diff1": 0.439143,
        "nauc_ndcg_at_10_max": 0.311329,
        "nauc_ndcg_at_10_std": 0.035297,
        "nauc_ndcg_at_10_diff1": 0.421345,
        "nauc_ndcg_at_20_max": 0.303889,
        "nauc_ndcg_at_20_std": 0.045927,
        "nauc_ndcg_at_20_diff1": 0.403508,
        "nauc_ndcg_at_100_max": 0.298312,
        "nauc_ndcg_at_100_std": 0.068436,
        "nauc_ndcg_at_100_diff1": 0.381108,
        "nauc_ndcg_at_1000_max": 0.310296,
        "nauc_ndcg_at_1000_std": 0.084192,
        "nauc_ndcg_at_1000_diff1": 0.383366,
        "nauc_map_at_1_max": 0.380579,
        "nauc_map_at_1_std": 0.024074,
        "nauc_map_at_1_diff1": 0.565516,
        "nauc_map_at_3_max": 0.351943,
        "nauc_map_at_3_std": 0.026857,
        "nauc_map_at_3_diff1": 0.493245,
        "nauc_map_at_5_max": 0.337651,
        "nauc_map_at_5_std": 0.023903,
        "nauc_map_at_5_diff1": 0.472834,
        "nauc_map_at_10_max": 0.334705,
        "nauc_map_at_10_std": 0.028738,
        "nauc_map_at_10_diff1": 0.464377,
        "nauc_map_at_20_max": 0.332179,
        "nauc_map_at_20_std": 0.032398,
        "nauc_map_at_20_diff1": 0.45852,
        "nauc_map_at_100_max": 0.331003,
        "nauc_map_at_100_std": 0.035892,
        "nauc_map_at_100_diff1": 0.455148,
        "nauc_map_at_1000_max": 0.33156,
        "nauc_map_at_1000_std": 0.036818,
        "nauc_map_at_1000_diff1": 0.455182,
        "nauc_recall_at_1_max": 0.380579,
        "nauc_recall_at_1_std": 0.024074,
        "nauc_recall_at_1_diff1": 0.565516,
        "nauc_recall_at_3_max": 0.316399,
        "nauc_recall_at_3_std": 0.021479,
        "nauc_recall_at_3_diff1": 0.419583,
        "nauc_recall_at_5_max": 0.264749,
        "nauc_recall_at_5_std": 0.014383,
        "nauc_recall_at_5_diff1": 0.34983,
        "nauc_recall_at_10_max": 0.24926,
        "nauc_recall_at_10_std": 0.042548,
        "nauc_recall_at_10_diff1": 0.305015,
        "nauc_recall_at_20_max": 0.228965,
        "nauc_recall_at_20_std": 0.071779,
        "nauc_recall_at_20_diff1": 0.258193,
        "nauc_recall_at_100_max": 0.208333,
        "nauc_recall_at_100_std": 0.154645,
        "nauc_recall_at_100_diff1": 0.168839,
        "nauc_recall_at_1000_max": 0.256488,
        "nauc_recall_at_1000_std": 0.260964,
        "nauc_recall_at_1000_diff1": 0.135046,
        "nauc_precision_at_1_max": 0.376298,
        "nauc_precision_at_1_std": 0.031386,
        "nauc_precision_at_1_diff1": 0.573956,
        "nauc_precision_at_3_max": 0.300488,
        "nauc_precision_at_3_std": 0.037627,
        "nauc_precision_at_3_diff1": 0.408263,
        "nauc_precision_at_5_max": 0.252572,
        "nauc_precision_at_5_std": 0.026288,
        "nauc_precision_at_5_diff1": 0.348343,
        "nauc_precision_at_10_max": 0.238359,
        "nauc_precision_at_10_std": 0.063368,
        "nauc_precision_at_10_diff1": 0.301668,
        "nauc_precision_at_20_max": 0.223397,
        "nauc_precision_at_20_std": 0.094571,
        "nauc_precision_at_20_diff1": 0.255813,
        "nauc_precision_at_100_max": 0.191462,
        "nauc_precision_at_100_std": 0.176508,
        "nauc_precision_at_100_diff1": 0.177102,
        "nauc_precision_at_1000_max": 0.168329,
        "nauc_precision_at_1000_std": 0.215199,
        "nauc_precision_at_1000_diff1": 0.097552,
        "nauc_mrr_at_1_max": 0.376298,
        "nauc_mrr_at_1_std": 0.031386,
        "nauc_mrr_at_1_diff1": 0.573956,
        "nauc_mrr_at_3_max": 0.33907,
        "nauc_mrr_at_3_std": 0.033171,
        "nauc_mrr_at_3_diff1": 0.490046,
        "nauc_mrr_at_5_max": 0.327114,
        "nauc_mrr_at_5_std": 0.030658,
        "nauc_mrr_at_5_diff1": 0.472915,
        "nauc_mrr_at_10_max": 0.326198,
        "nauc_mrr_at_10_std": 0.036979,
        "nauc_mrr_at_10_diff1": 0.465132,
        "nauc_mrr_at_20_max": 0.323928,
        "nauc_mrr_at_20_std": 0.039461,
        "nauc_mrr_at_20_diff1": 0.459914,
        "nauc_mrr_at_100_max": 0.322674,
        "nauc_mrr_at_100_std": 0.041683,
        "nauc_mrr_at_100_diff1": 0.456758,
        "nauc_mrr_at_1000_max": 0.323173,
        "nauc_mrr_at_1000_std": 0.042184,
        "nauc_mrr_at_1000_diff1": 0.456988,
        "cv_recall_at_1": 0.13526,
        "cv_recall_at_3": 0.19496,
        "cv_recall_at_5": 0.22388,
        "cv_recall_at_10": 0.27239,
        "cv_recall_at_20": 0.32183,
        "cv_recall_at_100": 0.48228,
        "cv_recall_at_1000": 0.71175,
        "main_score": 0.17708,
        "hf_subset": "default",
        "languages": [
          "pol-Latn"
        ]
      }
    ]
  },
  "evaluation_time": 3021.3056676387787,
  "kg_co2_emissions": null,
  "date": null
}