{
  "dataset_revision": "1a628c4e61f71ffdb7707d6d4024d25cfe68215a",
  "task_name": "CQADupstackProgrammers-VN",
  "mteb_version": "2.9.0",
  "scores": {
    "test": [
      {
        "ndcg_at_1": 0.08972,
        "ndcg_at_3": 0.11173,
        "ndcg_at_5": 0.12185,
        "ndcg_at_10": 0.1377,
        "ndcg_at_20": 0.15057,
        "ndcg_at_100": 0.17567,
        "ndcg_at_1000": 0.20559,
        "map_at_1": 0.07632,
        "map_at_3": 0.09954,
        "map_at_5": 0.10569,
        "map_at_10": 0.11237,
        "map_at_20": 0.11578,
        "map_at_100": 0.11934,
        "map_at_1000": 0.12039,
        "recall_at_1": 0.07632,
        "recall_at_3": 0.12729,
        "recall_at_5": 0.152,
        "recall_at_10": 0.19761,
        "recall_at_20": 0.2453,
        "recall_at_100": 0.37043,
        "recall_at_1000": 0.5896,
        "accuracy": 0.07632,
        "precision_at_1": 0.08972,
        "precision_at_3": 0.05275,
        "precision_at_5": 0.03883,
        "precision_at_10": 0.02643,
        "precision_at_20": 0.01664,
        "precision_at_100": 0.00522,
        "precision_at_1000": 0.00089,
        "mrr_at_1": 0.089723,
        "mrr_at_3": 0.116096,
        "mrr_at_5": 0.123926,
        "mrr_at_10": 0.130715,
        "mrr_at_20": 0.134703,
        "mrr_at_100": 0.137903,
        "mrr_at_1000": 0.138842,
        "nauc_ndcg_at_1_max": 0.142816,
        "nauc_ndcg_at_1_std": 0.241665,
        "nauc_ndcg_at_1_diff1": 0.435941,
        "nauc_ndcg_at_3_max": 0.136369,
        "nauc_ndcg_at_3_std": 0.20916,
        "nauc_ndcg_at_3_diff1": 0.327224,
        "nauc_ndcg_at_5_max": 0.131886,
        "nauc_ndcg_at_5_std": 0.215729,
        "nauc_ndcg_at_5_diff1": 0.32447,
        "nauc_ndcg_at_10_max": 0.115011,
        "nauc_ndcg_at_10_std": 0.22878,
        "nauc_ndcg_at_10_diff1": 0.309675,
        "nauc_ndcg_at_20_max": 0.10955,
        "nauc_ndcg_at_20_std": 0.245498,
        "nauc_ndcg_at_20_diff1": 0.299502,
        "nauc_ndcg_at_100_max": 0.125103,
        "nauc_ndcg_at_100_std": 0.283859,
        "nauc_ndcg_at_100_diff1": 0.308995,
        "nauc_ndcg_at_1000_max": 0.126097,
        "nauc_ndcg_at_1000_std": 0.283248,
        "nauc_ndcg_at_1000_diff1": 0.292029,
        "nauc_map_at_1_max": 0.173397,
        "nauc_map_at_1_std": 0.210052,
        "nauc_map_at_1_diff1": 0.444091,
        "nauc_map_at_3_max": 0.143245,
        "nauc_map_at_3_std": 0.210627,
        "nauc_map_at_3_diff1": 0.347657,
        "nauc_map_at_5_max": 0.139448,
        "nauc_map_at_5_std": 0.216243,
        "nauc_map_at_5_diff1": 0.347872,
        "nauc_map_at_10_max": 0.131882,
        "nauc_map_at_10_std": 0.22306,
        "nauc_map_at_10_diff1": 0.340845,
        "nauc_map_at_20_max": 0.130267,
        "nauc_map_at_20_std": 0.228754,
        "nauc_map_at_20_diff1": 0.337324,
        "nauc_map_at_100_max": 0.132294,
        "nauc_map_at_100_std": 0.235709,
        "nauc_map_at_100_diff1": 0.338778,
        "nauc_map_at_1000_max": 0.132108,
        "nauc_map_at_1000_std": 0.236009,
        "nauc_map_at_1000_diff1": 0.338118,
        "nauc_recall_at_1_max": 0.173397,
        "nauc_recall_at_1_std": 0.210052,
        "nauc_recall_at_1_diff1": 0.444091,
        "nauc_recall_at_3_max": 0.12771,
        "nauc_recall_at_3_std": 0.187179,
        "nauc_recall_at_3_diff1": 0.263096,
        "nauc_recall_at_5_max": 0.120603,
        "nauc_recall_at_5_std": 0.207073,
        "nauc_recall_at_5_diff1": 0.2691,
        "nauc_recall_at_10_max": 0.079802,
        "nauc_recall_at_10_std": 0.227539,
        "nauc_recall_at_10_diff1": 0.234424,
        "nauc_recall_at_20_max": 0.068535,
        "nauc_recall_at_20_std": 0.268634,
        "nauc_recall_at_20_diff1": 0.207374,
        "nauc_recall_at_100_max": 0.121359,
        "nauc_recall_at_100_std": 0.378886,
        "nauc_recall_at_100_diff1": 0.236345,
        "nauc_recall_at_1000_max": 0.119212,
        "nauc_recall_at_1000_std": 0.377553,
        "nauc_recall_at_1000_diff1": 0.13369,
        "nauc_precision_at_1_max": 0.142816,
        "nauc_precision_at_1_std": 0.241665,
        "nauc_precision_at_1_diff1": 0.435941,
        "nauc_precision_at_3_max": 0.090138,
        "nauc_precision_at_3_std": 0.206772,
        "nauc_precision_at_3_diff1": 0.280927,
        "nauc_precision_at_5_max": 0.081258,
        "nauc_precision_at_5_std": 0.221568,
        "nauc_precision_at_5_diff1": 0.274789,
        "nauc_precision_at_10_max": 0.067118,
        "nauc_precision_at_10_std": 0.270998,
        "nauc_precision_at_10_diff1": 0.264338,
        "nauc_precision_at_20_max": 0.053854,
        "nauc_precision_at_20_std": 0.292294,
        "nauc_precision_at_20_diff1": 0.24386,
        "nauc_precision_at_100_max": 0.101775,
        "nauc_precision_at_100_std": 0.381279,
        "nauc_precision_at_100_diff1": 0.26504,
        "nauc_precision_at_1000_max": 0.10832,
        "nauc_precision_at_1000_std": 0.264416,
        "nauc_precision_at_1000_diff1": 0.123183,
        "nauc_mrr_at_1_max": 0.142816,
        "nauc_mrr_at_1_std": 0.241665,
        "nauc_mrr_at_1_diff1": 0.435941,
        "nauc_mrr_at_3_max": 0.130467,
        "nauc_mrr_at_3_std": 0.221342,
        "nauc_mrr_at_3_diff1": 0.352331,
        "nauc_mrr_at_5_max": 0.128493,
        "nauc_mrr_at_5_std": 0.226948,
        "nauc_mrr_at_5_diff1": 0.347308,
        "nauc_mrr_at_10_max": 0.123199,
        "nauc_mrr_at_10_std": 0.230671,
        "nauc_mrr_at_10_diff1": 0.341171,
        "nauc_mrr_at_20_max": 0.120876,
        "nauc_mrr_at_20_std": 0.234318,
        "nauc_mrr_at_20_diff1": 0.337518,
        "nauc_mrr_at_100_max": 0.123718,
        "nauc_mrr_at_100_std": 0.239922,
        "nauc_mrr_at_100_diff1": 0.339226,
        "nauc_mrr_at_1000_max": 0.123516,
        "nauc_mrr_at_1000_std": 0.239892,
        "nauc_mrr_at_1000_diff1": 0.338597,
        "cv_recall_at_1": 0.08972,
        "cv_recall_at_3": 0.15171,
        "cv_recall_at_5": 0.18434,
        "cv_recall_at_10": 0.23654,
        "cv_recall_at_20": 0.29527,
        "cv_recall_at_100": 0.43067,
        "cv_recall_at_1000": 0.66721,
        "main_score": 0.1377,
        "hf_subset": "default",
        "languages": [
          "vie-Latn"
        ]
      }
    ]
  },
  "evaluation_time": 2248.893267393112,
  "kg_co2_emissions": null,
  "date": null
}