{
  "dataset_revision": "6536329882b0f06bf6406fdafedc434603fe8ed9",
  "task_name": "CQADupstack-Programmers-PL",
  "mteb_version": "2.9.0",
  "scores": {
    "test": [
      {
        "ndcg_at_1": 0.17922,
        "ndcg_at_3": 0.19818,
        "ndcg_at_5": 0.20655,
        "ndcg_at_10": 0.21885,
        "ndcg_at_20": 0.23301,
        "ndcg_at_100": 0.26361,
        "ndcg_at_1000": 0.29216,
        "map_at_1": 0.14571,
        "map_at_3": 0.1779,
        "map_at_5": 0.1842,
        "map_at_10": 0.19006,
        "map_at_20": 0.19437,
        "map_at_100": 0.19878,
        "map_at_1000": 0.19983,
        "recall_at_1": 0.14571,
        "recall_at_3": 0.21407,
        "recall_at_5": 0.23732,
        "recall_at_10": 0.27316,
        "recall_at_20": 0.32288,
        "recall_at_100": 0.47404,
        "recall_at_1000": 0.68128,
        "accuracy": 0.14571,
        "precision_at_1": 0.17922,
        "precision_at_3": 0.09132,
        "precision_at_5": 0.06233,
        "precision_at_10": 0.03699,
        "precision_at_20": 0.02266,
        "precision_at_100": 0.007,
        "precision_at_1000": 0.00109,
        "mrr_at_1": 0.179224,
        "mrr_at_3": 0.212519,
        "mrr_at_5": 0.218569,
        "mrr_at_10": 0.223935,
        "mrr_at_20": 0.227699,
        "mrr_at_100": 0.231815,
        "mrr_at_1000": 0.232574,
        "nauc_ndcg_at_1_max": 0.206201,
        "nauc_ndcg_at_1_std": 0.060501,
        "nauc_ndcg_at_1_diff1": 0.493547,
        "nauc_ndcg_at_3_max": 0.214488,
        "nauc_ndcg_at_3_std": 0.068605,
        "nauc_ndcg_at_3_diff1": 0.43102,
        "nauc_ndcg_at_5_max": 0.218308,
        "nauc_ndcg_at_5_std": 0.071464,
        "nauc_ndcg_at_5_diff1": 0.419525,
        "nauc_ndcg_at_10_max": 0.210398,
        "nauc_ndcg_at_10_std": 0.085943,
        "nauc_ndcg_at_10_diff1": 0.394936,
        "nauc_ndcg_at_20_max": 0.219739,
        "nauc_ndcg_at_20_std": 0.110744,
        "nauc_ndcg_at_20_diff1": 0.387687,
        "nauc_ndcg_at_100_max": 0.222893,
        "nauc_ndcg_at_100_std": 0.136309,
        "nauc_ndcg_at_100_diff1": 0.377212,
        "nauc_ndcg_at_1000_max": 0.233327,
        "nauc_ndcg_at_1000_std": 0.151788,
        "nauc_ndcg_at_1000_diff1": 0.378728,
        "nauc_map_at_1_max": 0.202444,
        "nauc_map_at_1_std": 0.040732,
        "nauc_map_at_1_diff1": 0.510838,
        "nauc_map_at_3_max": 0.208172,
        "nauc_map_at_3_std": 0.057384,
        "nauc_map_at_3_diff1": 0.452937,
        "nauc_map_at_5_max": 0.212031,
        "nauc_map_at_5_std": 0.063132,
        "nauc_map_at_5_diff1": 0.442738,
        "nauc_map_at_10_max": 0.209936,
        "nauc_map_at_10_std": 0.070754,
        "nauc_map_at_10_diff1": 0.429736,
        "nauc_map_at_20_max": 0.212946,
        "nauc_map_at_20_std": 0.078959,
        "nauc_map_at_20_diff1": 0.427341,
        "nauc_map_at_100_max": 0.21366,
        "nauc_map_at_100_std": 0.083172,
        "nauc_map_at_100_diff1": 0.424637,
        "nauc_map_at_1000_max": 0.214334,
        "nauc_map_at_1000_std": 0.084179,
        "nauc_map_at_1000_diff1": 0.424717,
        "nauc_recall_at_1_max": 0.202444,
        "nauc_recall_at_1_std": 0.040732,
        "nauc_recall_at_1_diff1": 0.510838,
        "nauc_recall_at_3_max": 0.203237,
        "nauc_recall_at_3_std": 0.060551,
        "nauc_recall_at_3_diff1": 0.390603,
        "nauc_recall_at_5_max": 0.210566,
        "nauc_recall_at_5_std": 0.073305,
        "nauc_recall_at_5_diff1": 0.354304,
        "nauc_recall_at_10_max": 0.193668,
        "nauc_recall_at_10_std": 0.110649,
        "nauc_recall_at_10_diff1": 0.296291,
        "nauc_recall_at_20_max": 0.221657,
        "nauc_recall_at_20_std": 0.184373,
        "nauc_recall_at_20_diff1": 0.273105,
        "nauc_recall_at_100_max": 0.223801,
        "nauc_recall_at_100_std": 0.284369,
        "nauc_recall_at_100_diff1": 0.231886,
        "nauc_recall_at_1000_max": 0.30612,
        "nauc_recall_at_1000_std": 0.440921,
        "nauc_recall_at_1000_diff1": 0.199153,
        "nauc_precision_at_1_max": 0.206201,
        "nauc_precision_at_1_std": 0.060501,
        "nauc_precision_at_1_diff1": 0.493547,
        "nauc_precision_at_3_max": 0.221243,
        "nauc_precision_at_3_std": 0.094054,
        "nauc_precision_at_3_diff1": 0.358218,
        "nauc_precision_at_5_max": 0.227975,
        "nauc_precision_at_5_std": 0.115319,
        "nauc_precision_at_5_diff1": 0.320701,
        "nauc_precision_at_10_max": 0.200565,
        "nauc_precision_at_10_std": 0.153858,
        "nauc_precision_at_10_diff1": 0.242724,
        "nauc_precision_at_20_max": 0.204723,
        "nauc_precision_at_20_std": 0.209486,
        "nauc_precision_at_20_diff1": 0.209155,
        "nauc_precision_at_100_max": 0.189007,
        "nauc_precision_at_100_std": 0.272374,
        "nauc_precision_at_100_diff1": 0.122274,
        "nauc_precision_at_1000_max": 0.139454,
        "nauc_precision_at_1000_std": 0.243079,
        "nauc_precision_at_1000_diff1": 0.036343,
        "nauc_mrr_at_1_max": 0.206201,
        "nauc_mrr_at_1_std": 0.060501,
        "nauc_mrr_at_1_diff1": 0.493547,
        "nauc_mrr_at_3_max": 0.21531,
        "nauc_mrr_at_3_std": 0.071295,
        "nauc_mrr_at_3_diff1": 0.442318,
        "nauc_mrr_at_5_max": 0.219192,
        "nauc_mrr_at_5_std": 0.07526,
        "nauc_mrr_at_5_diff1": 0.433991,
        "nauc_mrr_at_10_max": 0.215939,
        "nauc_mrr_at_10_std": 0.082031,
        "nauc_mrr_at_10_diff1": 0.424547,
        "nauc_mrr_at_20_max": 0.218466,
        "nauc_mrr_at_20_std": 0.088142,
        "nauc_mrr_at_20_diff1": 0.422556,
        "nauc_mrr_at_100_max": 0.21914,
        "nauc_mrr_at_100_std": 0.090911,
        "nauc_mrr_at_100_diff1": 0.421856,
        "nauc_mrr_at_1000_max": 0.219297,
        "nauc_mrr_at_1000_std": 0.091147,
        "nauc_mrr_at_1000_diff1": 0.42199,
        "cv_recall_at_1": 0.17922,
        "cv_recall_at_3": 0.25685,
        "cv_recall_at_5": 0.28311,
        "cv_recall_at_10": 0.32192,
        "cv_recall_at_20": 0.37671,
        "cv_recall_at_100": 0.54338,
        "cv_recall_at_1000": 0.74429,
        "main_score": 0.21885,
        "hf_subset": "default",
        "languages": [
          "pol-Latn"
        ]
      }
    ]
  },
  "evaluation_time": 2353.4210472106934,
  "kg_co2_emissions": null,
  "date": null
}