{
  "dataset_revision": "8a17afc1b3e112c65fd6938b75692846afda97f8",
  "task_name": "FeedbackQARetrieval",
  "mteb_version": "2.12.20",
  "scores": {
    "test": [
      {
        "ndcg_at_1": 0.51305,
        "ndcg_at_3": 0.60903,
        "ndcg_at_5": 0.63587,
        "ndcg_at_10": 0.6615,
        "ndcg_at_20": 0.6755,
        "ndcg_at_100": 0.69012,
        "ndcg_at_1000": 0.69481,
        "map_at_1": 0.51305,
        "map_at_3": 0.58593,
        "map_at_5": 0.60091,
        "map_at_10": 0.61167,
        "map_at_20": 0.61554,
        "map_at_100": 0.61763,
        "map_at_1000": 0.61781,
        "recall_at_1": 0.51305,
        "recall_at_3": 0.6757,
        "recall_at_5": 0.74046,
        "recall_at_10": 0.81878,
        "recall_at_20": 0.874,
        "recall_at_100": 0.95181,
        "recall_at_1000": 0.98845,
        "accuracy": 0.51305,
        "precision_at_1": 0.51305,
        "precision_at_3": 0.22523,
        "precision_at_5": 0.14809,
        "precision_at_10": 0.08188,
        "precision_at_20": 0.0437,
        "precision_at_100": 0.00952,
        "precision_at_1000": 0.00099,
        "mrr_at_1": 0.513052,
        "mrr_at_3": 0.585927,
        "mrr_at_5": 0.600912,
        "mrr_at_10": 0.611673,
        "mrr_at_20": 0.615536,
        "mrr_at_100": 0.617628,
        "mrr_at_1000": 0.617809,
        "nauc_ndcg_at_1_max": 0.276438,
        "nauc_ndcg_at_1_std": -0.091906,
        "nauc_ndcg_at_1_diff1": 0.663227,
        "nauc_ndcg_at_3_max": 0.263859,
        "nauc_ndcg_at_3_std": -0.093341,
        "nauc_ndcg_at_3_diff1": 0.602792,
        "nauc_ndcg_at_5_max": 0.269231,
        "nauc_ndcg_at_5_std": -0.088333,
        "nauc_ndcg_at_5_diff1": 0.593404,
        "nauc_ndcg_at_10_max": 0.263129,
        "nauc_ndcg_at_10_std": -0.087555,
        "nauc_ndcg_at_10_diff1": 0.587239,
        "nauc_ndcg_at_20_max": 0.263726,
        "nauc_ndcg_at_20_std": -0.088148,
        "nauc_ndcg_at_20_diff1": 0.58586,
        "nauc_ndcg_at_100_max": 0.259806,
        "nauc_ndcg_at_100_std": -0.078237,
        "nauc_ndcg_at_100_diff1": 0.594902,
        "nauc_ndcg_at_1000_max": 0.26213,
        "nauc_ndcg_at_1000_std": -0.080044,
        "nauc_ndcg_at_1000_diff1": 0.600732,
        "nauc_map_at_1_max": 0.276438,
        "nauc_map_at_1_std": -0.091906,
        "nauc_map_at_1_diff1": 0.663227,
        "nauc_map_at_3_max": 0.267925,
        "nauc_map_at_3_std": -0.093123,
        "nauc_map_at_3_diff1": 0.618104,
        "nauc_map_at_5_max": 0.270599,
        "nauc_map_at_5_std": -0.090252,
        "nauc_map_at_5_diff1": 0.613485,
        "nauc_map_at_10_max": 0.268444,
        "nauc_map_at_10_std": -0.089966,
        "nauc_map_at_10_diff1": 0.611808,
        "nauc_map_at_20_max": 0.268826,
        "nauc_map_at_20_std": -0.090153,
        "nauc_map_at_20_diff1": 0.611794,
        "nauc_map_at_100_max": 0.268188,
        "nauc_map_at_100_std": -0.088809,
        "nauc_map_at_100_diff1": 0.613036,
        "nauc_map_at_1000_max": 0.268276,
        "nauc_map_at_1000_std": -0.088809,
        "nauc_map_at_1000_diff1": 0.613253,
        "nauc_recall_at_1_max": 0.276438,
        "nauc_recall_at_1_std": -0.091906,
        "nauc_recall_at_1_diff1": 0.663227,
        "nauc_recall_at_3_max": 0.250006,
        "nauc_recall_at_3_std": -0.093985,
        "nauc_recall_at_3_diff1": 0.552276,
        "nauc_recall_at_5_max": 0.265049,
        "nauc_recall_at_5_std": -0.080384,
        "nauc_recall_at_5_diff1": 0.515763,
        "nauc_recall_at_10_max": 0.233405,
        "nauc_recall_at_10_std": -0.074373,
        "nauc_recall_at_10_diff1": 0.458393,
        "nauc_recall_at_20_max": 0.223701,
        "nauc_recall_at_20_std": -0.073683,
        "nauc_recall_at_20_diff1": 0.39603,
        "nauc_recall_at_100_max": 0.076421,
        "nauc_recall_at_100_std": 0.195389,
        "nauc_recall_at_100_diff1": 0.344283,
        "nauc_recall_at_1000_max": -0.144262,
        "nauc_recall_at_1000_std": 0.697011,
        "nauc_recall_at_1000_diff1": 0.453599,
        "nauc_precision_at_1_max": 0.276438,
        "nauc_precision_at_1_std": -0.091906,
        "nauc_precision_at_1_diff1": 0.663227,
        "nauc_precision_at_3_max": 0.250006,
        "nauc_precision_at_3_std": -0.093985,
        "nauc_precision_at_3_diff1": 0.552276,
        "nauc_precision_at_5_max": 0.265049,
        "nauc_precision_at_5_std": -0.080384,
        "nauc_precision_at_5_diff1": 0.515763,
        "nauc_precision_at_10_max": 0.233405,
        "nauc_precision_at_10_std": -0.074373,
        "nauc_precision_at_10_diff1": 0.458393,
        "nauc_precision_at_20_max": 0.223701,
        "nauc_precision_at_20_std": -0.073683,
        "nauc_precision_at_20_diff1": 0.39603,
        "nauc_precision_at_100_max": 0.076421,
        "nauc_precision_at_100_std": 0.195389,
        "nauc_precision_at_100_diff1": 0.344283,
        "nauc_precision_at_1000_max": -0.144262,
        "nauc_precision_at_1000_std": 0.697011,
        "nauc_precision_at_1000_diff1": 0.453599,
        "nauc_mrr_at_1_max": 0.276438,
        "nauc_mrr_at_1_std": -0.091906,
        "nauc_mrr_at_1_diff1": 0.663227,
        "nauc_mrr_at_3_max": 0.267925,
        "nauc_mrr_at_3_std": -0.093123,
        "nauc_mrr_at_3_diff1": 0.618104,
        "nauc_mrr_at_5_max": 0.270599,
        "nauc_mrr_at_5_std": -0.090252,
        "nauc_mrr_at_5_diff1": 0.613485,
        "nauc_mrr_at_10_max": 0.268444,
        "nauc_mrr_at_10_std": -0.089966,
        "nauc_mrr_at_10_diff1": 0.611808,
        "nauc_mrr_at_20_max": 0.268826,
        "nauc_mrr_at_20_std": -0.090153,
        "nauc_mrr_at_20_diff1": 0.611794,
        "nauc_mrr_at_100_max": 0.268188,
        "nauc_mrr_at_100_std": -0.088809,
        "nauc_mrr_at_100_diff1": 0.613036,
        "nauc_mrr_at_1000_max": 0.268276,
        "nauc_mrr_at_1000_std": -0.088809,
        "nauc_mrr_at_1000_diff1": 0.613253,
        "hit_rate_at_1": 0.51305,
        "hit_rate_at_3": 0.6757,
        "hit_rate_at_5": 0.74046,
        "hit_rate_at_10": 0.81878,
        "hit_rate_at_20": 0.874,
        "hit_rate_at_100": 0.95181,
        "hit_rate_at_1000": 0.98845,
        "main_score": 0.51305,
        "hf_subset": "default",
        "languages": [
          "eng-Latn"
        ]
      }
    ]
  },
  "evaluation_time": 41.25685381889343,
  "kg_co2_emissions": null,
  "date": null
}