{
  "dataset_revision": "788508256800f93c2ad033e96243bc801f9ee525",
  "task_name": "FiQA-PL",
  "mteb_version": "2.9.0",
  "scores": {
    "test": [
      {
        "ndcg_at_1": 0.07562,
        "ndcg_at_3": 0.06779,
        "ndcg_at_5": 0.07263,
        "ndcg_at_10": 0.08449,
        "ndcg_at_20": 0.09254,
        "ndcg_at_100": 0.11412,
        "ndcg_at_1000": 0.1473,
        "map_at_1": 0.0402,
        "map_at_3": 0.05081,
        "map_at_5": 0.0551,
        "map_at_10": 0.06014,
        "map_at_20": 0.06236,
        "map_at_100": 0.06526,
        "map_at_1000": 0.0664,
        "recall_at_1": 0.0402,
        "recall_at_3": 0.06142,
        "recall_at_5": 0.07749,
        "recall_at_10": 0.11008,
        "recall_at_20": 0.13679,
        "recall_at_100": 0.23352,
        "recall_at_1000": 0.44825,
        "accuracy": 0.0402,
        "precision_at_1": 0.07562,
        "precision_at_3": 0.04424,
        "precision_at_5": 0.03395,
        "precision_at_10": 0.02485,
        "precision_at_20": 0.01528,
        "precision_at_100": 0.00522,
        "precision_at_1000": 0.00108,
        "mrr_at_1": 0.075617,
        "mrr_at_3": 0.093621,
        "mrr_at_5": 0.099871,
        "mrr_at_10": 0.107909,
        "mrr_at_20": 0.110832,
        "mrr_at_100": 0.11409,
        "mrr_at_1000": 0.115097,
        "nauc_ndcg_at_1_max": 0.206441,
        "nauc_ndcg_at_1_std": 0.001684,
        "nauc_ndcg_at_1_diff1": 0.374218,
        "nauc_ndcg_at_3_max": 0.186148,
        "nauc_ndcg_at_3_std": 0.025637,
        "nauc_ndcg_at_3_diff1": 0.34226,
        "nauc_ndcg_at_5_max": 0.196231,
        "nauc_ndcg_at_5_std": 0.050597,
        "nauc_ndcg_at_5_diff1": 0.317781,
        "nauc_ndcg_at_10_max": 0.207576,
        "nauc_ndcg_at_10_std": 0.075896,
        "nauc_ndcg_at_10_diff1": 0.309152,
        "nauc_ndcg_at_20_max": 0.218954,
        "nauc_ndcg_at_20_std": 0.093507,
        "nauc_ndcg_at_20_diff1": 0.301873,
        "nauc_ndcg_at_100_max": 0.239312,
        "nauc_ndcg_at_100_std": 0.124846,
        "nauc_ndcg_at_100_diff1": 0.292465,
        "nauc_ndcg_at_1000_max": 0.26516,
        "nauc_ndcg_at_1000_std": 0.172952,
        "nauc_ndcg_at_1000_diff1": 0.276222,
        "nauc_map_at_1_max": 0.2037,
        "nauc_map_at_1_std": -0.019896,
        "nauc_map_at_1_diff1": 0.340897,
        "nauc_map_at_3_max": 0.19672,
        "nauc_map_at_3_std": 0.007535,
        "nauc_map_at_3_diff1": 0.345076,
        "nauc_map_at_5_max": 0.203229,
        "nauc_map_at_5_std": 0.026282,
        "nauc_map_at_5_diff1": 0.333388,
        "nauc_map_at_10_max": 0.210694,
        "nauc_map_at_10_std": 0.044968,
        "nauc_map_at_10_diff1": 0.329434,
        "nauc_map_at_20_max": 0.216794,
        "nauc_map_at_20_std": 0.054636,
        "nauc_map_at_20_diff1": 0.327982,
        "nauc_map_at_100_max": 0.221556,
        "nauc_map_at_100_std": 0.062583,
        "nauc_map_at_100_diff1": 0.326068,
        "nauc_map_at_1000_max": 0.222956,
        "nauc_map_at_1000_std": 0.065587,
        "nauc_map_at_1000_diff1": 0.325153,
        "nauc_recall_at_1_max": 0.2037,
        "nauc_recall_at_1_std": -0.019896,
        "nauc_recall_at_1_diff1": 0.340897,
        "nauc_recall_at_3_max": 0.17892,
        "nauc_recall_at_3_std": 0.01914,
        "nauc_recall_at_3_diff1": 0.329418,
        "nauc_recall_at_5_max": 0.193026,
        "nauc_recall_at_5_std": 0.07335,
        "nauc_recall_at_5_diff1": 0.284482,
        "nauc_recall_at_10_max": 0.207093,
        "nauc_recall_at_10_std": 0.113646,
        "nauc_recall_at_10_diff1": 0.263282,
        "nauc_recall_at_20_max": 0.226527,
        "nauc_recall_at_20_std": 0.142083,
        "nauc_recall_at_20_diff1": 0.238525,
        "nauc_recall_at_100_max": 0.264779,
        "nauc_recall_at_100_std": 0.202346,
        "nauc_recall_at_100_diff1": 0.20977,
        "nauc_recall_at_1000_max": 0.33171,
        "nauc_recall_at_1000_std": 0.338877,
        "nauc_recall_at_1000_diff1": 0.129078,
        "nauc_precision_at_1_max": 0.206441,
        "nauc_precision_at_1_std": 0.001684,
        "nauc_precision_at_1_diff1": 0.374218,
        "nauc_precision_at_3_max": 0.175629,
        "nauc_precision_at_3_std": 0.048943,
        "nauc_precision_at_3_diff1": 0.322068,
        "nauc_precision_at_5_max": 0.204785,
        "nauc_precision_at_5_std": 0.111278,
        "nauc_precision_at_5_diff1": 0.303389,
        "nauc_precision_at_10_max": 0.225612,
        "nauc_precision_at_10_std": 0.173546,
        "nauc_precision_at_10_diff1": 0.301678,
        "nauc_precision_at_20_max": 0.24237,
        "nauc_precision_at_20_std": 0.207274,
        "nauc_precision_at_20_diff1": 0.292023,
        "nauc_precision_at_100_max": 0.25793,
        "nauc_precision_at_100_std": 0.240231,
        "nauc_precision_at_100_diff1": 0.252187,
        "nauc_precision_at_1000_max": 0.234124,
        "nauc_precision_at_1000_std": 0.291349,
        "nauc_precision_at_1000_diff1": 0.180165,
        "nauc_mrr_at_1_max": 0.206441,
        "nauc_mrr_at_1_std": 0.001684,
        "nauc_mrr_at_1_diff1": 0.374218,
        "nauc_mrr_at_3_max": 0.174155,
        "nauc_mrr_at_3_std": 0.010744,
        "nauc_mrr_at_3_diff1": 0.335915,
        "nauc_mrr_at_5_max": 0.176925,
        "nauc_mrr_at_5_std": 0.032362,
        "nauc_mrr_at_5_diff1": 0.323501,
        "nauc_mrr_at_10_max": 0.178151,
        "nauc_mrr_at_10_std": 0.045609,
        "nauc_mrr_at_10_diff1": 0.316808,
        "nauc_mrr_at_20_max": 0.180646,
        "nauc_mrr_at_20_std": 0.049774,
        "nauc_mrr_at_20_diff1": 0.314001,
        "nauc_mrr_at_100_max": 0.182038,
        "nauc_mrr_at_100_std": 0.052521,
        "nauc_mrr_at_100_diff1": 0.31231,
        "nauc_mrr_at_1000_max": 0.182333,
        "nauc_mrr_at_1000_std": 0.052921,
        "nauc_mrr_at_1000_diff1": 0.311392,
        "cv_recall_at_1": 0.07562,
        "cv_recall_at_3": 0.11883,
        "cv_recall_at_5": 0.1466,
        "cv_recall_at_10": 0.20525,
        "cv_recall_at_20": 0.24691,
        "cv_recall_at_100": 0.38735,
        "cv_recall_at_1000": 0.65278,
        "main_score": 0.08449,
        "hf_subset": "default",
        "languages": [
          "pol-Latn"
        ]
      }
    ]
  },
  "evaluation_time": 3317.0259919166565,
  "kg_co2_emissions": null,
  "date": null
}