{
  "dataset_revision": "6c3cdf6f102151dbbbbc1d2cf999b305eba44dae",
  "task_name": "FiQA2018-VN",
  "mteb_version": "2.9.0",
  "scores": {
    "test": [
      {
        "ndcg_at_1": 0.05277,
        "ndcg_at_3": 0.05267,
        "ndcg_at_5": 0.05426,
        "ndcg_at_10": 0.06104,
        "ndcg_at_20": 0.06762,
        "ndcg_at_100": 0.08219,
        "ndcg_at_1000": 0.10803,
        "map_at_1": 0.02745,
        "map_at_3": 0.03844,
        "map_at_5": 0.04094,
        "map_at_10": 0.04386,
        "map_at_20": 0.04571,
        "map_at_100": 0.04755,
        "map_at_1000": 0.04837,
        "recall_at_1": 0.02745,
        "recall_at_3": 0.05119,
        "recall_at_5": 0.06021,
        "recall_at_10": 0.08112,
        "recall_at_20": 0.10178,
        "recall_at_100": 0.16673,
        "recall_at_1000": 0.33121,
        "accuracy": 0.02745,
        "precision_at_1": 0.05277,
        "precision_at_3": 0.0343,
        "precision_at_5": 0.02427,
        "precision_at_10": 0.01636,
        "precision_at_20": 0.01108,
        "precision_at_100": 0.00369,
        "precision_at_1000": 0.00082,
        "mrr_at_1": 0.05277,
        "mrr_at_3": 0.07212,
        "mrr_at_5": 0.074362,
        "mrr_at_10": 0.079332,
        "mrr_at_20": 0.081788,
        "mrr_at_100": 0.084379,
        "mrr_at_1000": 0.085276,
        "nauc_ndcg_at_1_max": 0.115385,
        "nauc_ndcg_at_1_std": 0.210267,
        "nauc_ndcg_at_1_diff1": 0.357961,
        "nauc_ndcg_at_3_max": 0.140584,
        "nauc_ndcg_at_3_std": 0.242303,
        "nauc_ndcg_at_3_diff1": 0.226518,
        "nauc_ndcg_at_5_max": 0.143938,
        "nauc_ndcg_at_5_std": 0.261763,
        "nauc_ndcg_at_5_diff1": 0.205025,
        "nauc_ndcg_at_10_max": 0.12192,
        "nauc_ndcg_at_10_std": 0.2711,
        "nauc_ndcg_at_10_diff1": 0.201422,
        "nauc_ndcg_at_20_max": 0.092018,
        "nauc_ndcg_at_20_std": 0.274962,
        "nauc_ndcg_at_20_diff1": 0.175488,
        "nauc_ndcg_at_100_max": 0.08633,
        "nauc_ndcg_at_100_std": 0.297491,
        "nauc_ndcg_at_100_diff1": 0.174212,
        "nauc_ndcg_at_1000_max": 0.120675,
        "nauc_ndcg_at_1000_std": 0.328221,
        "nauc_ndcg_at_1000_diff1": 0.153458,
        "nauc_map_at_1_max": 0.075052,
        "nauc_map_at_1_std": 0.304012,
        "nauc_map_at_1_diff1": 0.196681,
        "nauc_map_at_3_max": 0.14286,
        "nauc_map_at_3_std": 0.282921,
        "nauc_map_at_3_diff1": 0.189556,
        "nauc_map_at_5_max": 0.141837,
        "nauc_map_at_5_std": 0.283051,
        "nauc_map_at_5_diff1": 0.187945,
        "nauc_map_at_10_max": 0.125876,
        "nauc_map_at_10_std": 0.284809,
        "nauc_map_at_10_diff1": 0.186597,
        "nauc_map_at_20_max": 0.11351,
        "nauc_map_at_20_std": 0.28803,
        "nauc_map_at_20_diff1": 0.179749,
        "nauc_map_at_100_max": 0.110563,
        "nauc_map_at_100_std": 0.291219,
        "nauc_map_at_100_diff1": 0.180463,
        "nauc_map_at_1000_max": 0.112025,
        "nauc_map_at_1000_std": 0.293785,
        "nauc_map_at_1000_diff1": 0.179448,
        "nauc_recall_at_1_max": 0.075052,
        "nauc_recall_at_1_std": 0.304012,
        "nauc_recall_at_1_diff1": 0.196681,
        "nauc_recall_at_3_max": 0.146222,
        "nauc_recall_at_3_std": 0.287928,
        "nauc_recall_at_3_diff1": 0.165342,
        "nauc_recall_at_5_max": 0.148593,
        "nauc_recall_at_5_std": 0.293403,
        "nauc_recall_at_5_diff1": 0.147984,
        "nauc_recall_at_10_max": 0.088169,
        "nauc_recall_at_10_std": 0.282765,
        "nauc_recall_at_10_diff1": 0.155869,
        "nauc_recall_at_20_max": 0.030721,
        "nauc_recall_at_20_std": 0.270293,
        "nauc_recall_at_20_diff1": 0.101161,
        "nauc_recall_at_100_max": 0.032454,
        "nauc_recall_at_100_std": 0.31242,
        "nauc_recall_at_100_diff1": 0.118808,
        "nauc_recall_at_1000_max": 0.121887,
        "nauc_recall_at_1000_std": 0.362737,
        "nauc_recall_at_1000_diff1": 0.053274,
        "nauc_precision_at_1_max": 0.115385,
        "nauc_precision_at_1_std": 0.210267,
        "nauc_precision_at_1_diff1": 0.357961,
        "nauc_precision_at_3_max": 0.166635,
        "nauc_precision_at_3_std": 0.186272,
        "nauc_precision_at_3_diff1": 0.249276,
        "nauc_precision_at_5_max": 0.169623,
        "nauc_precision_at_5_std": 0.203098,
        "nauc_precision_at_5_diff1": 0.243507,
        "nauc_precision_at_10_max": 0.116987,
        "nauc_precision_at_10_std": 0.22578,
        "nauc_precision_at_10_diff1": 0.229116,
        "nauc_precision_at_20_max": 0.023575,
        "nauc_precision_at_20_std": 0.252748,
        "nauc_precision_at_20_diff1": 0.156011,
        "nauc_precision_at_100_max": 0.03192,
        "nauc_precision_at_100_std": 0.311459,
        "nauc_precision_at_100_diff1": 0.104701,
        "nauc_precision_at_1000_max": 0.159944,
        "nauc_precision_at_1000_std": 0.33561,
        "nauc_precision_at_1000_diff1": 0.05669,
        "nauc_mrr_at_1_max": 0.115385,
        "nauc_mrr_at_1_std": 0.210267,
        "nauc_mrr_at_1_diff1": 0.357961,
        "nauc_mrr_at_3_max": 0.142094,
        "nauc_mrr_at_3_std": 0.208293,
        "nauc_mrr_at_3_diff1": 0.294358,
        "nauc_mrr_at_5_max": 0.149002,
        "nauc_mrr_at_5_std": 0.209411,
        "nauc_mrr_at_5_diff1": 0.284452,
        "nauc_mrr_at_10_max": 0.14207,
        "nauc_mrr_at_10_std": 0.21432,
        "nauc_mrr_at_10_diff1": 0.284216,
        "nauc_mrr_at_20_max": 0.133311,
        "nauc_mrr_at_20_std": 0.215067,
        "nauc_mrr_at_20_diff1": 0.268906,
        "nauc_mrr_at_100_max": 0.132031,
        "nauc_mrr_at_100_std": 0.218534,
        "nauc_mrr_at_100_diff1": 0.267985,
        "nauc_mrr_at_1000_max": 0.133107,
        "nauc_mrr_at_1000_std": 0.218838,
        "nauc_mrr_at_1000_diff1": 0.268068,
        "cv_recall_at_1": 0.05277,
        "cv_recall_at_3": 0.09763,
        "cv_recall_at_5": 0.10818,
        "cv_recall_at_10": 0.14512,
        "cv_recall_at_20": 0.18206,
        "cv_recall_at_100": 0.28496,
        "cv_recall_at_1000": 0.53034,
        "main_score": 0.06104,
        "hf_subset": "default",
        "languages": [
          "vie-Latn"
        ]
      }
    ]
  },
  "evaluation_time": 2960.221201658249,
  "kg_co2_emissions": null,
  "date": null
}