{
  "dataset_revision": "4482db2a053706c0aef0ab7bf1878d29bb0295f8",
  "task_name": "GovReport",
  "mteb_version": "2.9.0",
  "scores": {
    "test": [
      {
        "ndcg_at_1": 0.84639,
        "ndcg_at_3": 0.91775,
        "ndcg_at_5": 0.92393,
        "ndcg_at_10": 0.92938,
        "ndcg_at_20": 0.9305,
        "ndcg_at_100": 0.9305,
        "ndcg_at_1000": 0.9305,
        "map_at_1": 0.84536,
        "map_at_3": 0.90137,
        "map_at_5": 0.90488,
        "map_at_10": 0.9072,
        "map_at_20": 0.90755,
        "map_at_100": 0.90755,
        "map_at_1000": 0.90755,
        "recall_at_1": 0.84536,
        "recall_at_3": 0.96443,
        "recall_at_5": 0.97938,
        "recall_at_10": 0.99588,
        "recall_at_20": 1.0,
        "recall_at_100": 1.0,
        "recall_at_1000": 1.0,
        "accuracy": 0.84536,
        "precision_at_1": 0.84639,
        "precision_at_3": 0.32234,
        "precision_at_5": 0.19649,
        "precision_at_10": 0.0999,
        "precision_at_20": 0.05015,
        "precision_at_100": 0.01003,
        "precision_at_1000": 0.001,
        "mrr_at_1": 0.846392,
        "mrr_at_3": 0.901546,
        "mrr_at_5": 0.904794,
        "mrr_at_10": 0.907115,
        "mrr_at_20": 0.907462,
        "mrr_at_100": 0.907462,
        "mrr_at_1000": 0.907462,
        "nauc_ndcg_at_1_max": 0.388739,
        "nauc_ndcg_at_1_std": -0.322924,
        "nauc_ndcg_at_1_diff1": 0.833666,
        "nauc_ndcg_at_3_max": 0.45982,
        "nauc_ndcg_at_3_std": -0.393506,
        "nauc_ndcg_at_3_diff1": 0.824376,
        "nauc_ndcg_at_5_max": 0.440184,
        "nauc_ndcg_at_5_std": -0.370892,
        "nauc_ndcg_at_5_diff1": 0.824101,
        "nauc_ndcg_at_10_max": 0.42887,
        "nauc_ndcg_at_10_std": -0.371567,
        "nauc_ndcg_at_10_diff1": 0.822281,
        "nauc_ndcg_at_20_max": 0.42408,
        "nauc_ndcg_at_20_std": -0.363398,
        "nauc_ndcg_at_20_diff1": 0.826231,
        "nauc_ndcg_at_100_max": 0.42408,
        "nauc_ndcg_at_100_std": -0.363398,
        "nauc_ndcg_at_100_diff1": 0.826231,
        "nauc_ndcg_at_1000_max": 0.42408,
        "nauc_ndcg_at_1000_std": -0.363398,
        "nauc_ndcg_at_1000_diff1": 0.826231,
        "nauc_map_at_1_max": 0.391123,
        "nauc_map_at_1_std": -0.329012,
        "nauc_map_at_1_diff1": 0.83559,
        "nauc_map_at_3_max": 0.435427,
        "nauc_map_at_3_std": -0.374896,
        "nauc_map_at_3_diff1": 0.827178,
        "nauc_map_at_5_max": 0.425342,
        "nauc_map_at_5_std": -0.36371,
        "nauc_map_at_5_diff1": 0.826998,
        "nauc_map_at_10_max": 0.421692,
        "nauc_map_at_10_std": -0.36291,
        "nauc_map_at_10_diff1": 0.826349,
        "nauc_map_at_20_max": 0.420555,
        "nauc_map_at_20_std": -0.360765,
        "nauc_map_at_20_diff1": 0.827198,
        "nauc_map_at_100_max": 0.420555,
        "nauc_map_at_100_std": -0.360765,
        "nauc_map_at_100_diff1": 0.827198,
        "nauc_map_at_1000_max": 0.420555,
        "nauc_map_at_1000_std": -0.360765,
        "nauc_map_at_1000_diff1": 0.827198,
        "nauc_recall_at_1_max": 0.391123,
        "nauc_recall_at_1_std": -0.329012,
        "nauc_recall_at_1_diff1": 0.83559,
        "nauc_recall_at_3_max": 0.647647,
        "nauc_recall_at_3_std": -0.533938,
        "nauc_recall_at_3_diff1": 0.804679,
        "nauc_recall_at_5_max": 0.617717,
        "nauc_recall_at_5_std": -0.436671,
        "nauc_recall_at_5_diff1": 0.788539,
        "nauc_recall_at_10_max": 0.71697,
        "nauc_recall_at_10_std": -0.830299,
        "nauc_recall_at_10_diff1": 0.572362,
        "nauc_recall_at_20_max": NaN,
        "nauc_recall_at_20_std": NaN,
        "nauc_recall_at_20_diff1": NaN,
        "nauc_recall_at_100_max": NaN,
        "nauc_recall_at_100_std": NaN,
        "nauc_recall_at_100_diff1": NaN,
        "nauc_recall_at_1000_max": NaN,
        "nauc_recall_at_1000_std": NaN,
        "nauc_recall_at_1000_diff1": NaN,
        "nauc_precision_at_1_max": 0.388739,
        "nauc_precision_at_1_std": -0.322924,
        "nauc_precision_at_1_diff1": 0.833666,
        "nauc_precision_at_3_max": 0.550285,
        "nauc_precision_at_3_std": -0.414663,
        "nauc_precision_at_3_diff1": 0.673999,
        "nauc_precision_at_5_max": 0.407379,
        "nauc_precision_at_5_std": -0.209289,
        "nauc_precision_at_5_diff1": 0.506377,
        "nauc_precision_at_10_max": 0.085422,
        "nauc_precision_at_10_std": 0.014532,
        "nauc_precision_at_10_diff1": -0.077067,
        "nauc_precision_at_20_max": -0.398533,
        "nauc_precision_at_20_std": 0.661926,
        "nauc_precision_at_20_diff1": -0.574725,
        "nauc_precision_at_100_max": -0.398533,
        "nauc_precision_at_100_std": 0.661926,
        "nauc_precision_at_100_diff1": -0.574725,
        "nauc_precision_at_1000_max": -0.398533,
        "nauc_precision_at_1000_std": 0.661926,
        "nauc_precision_at_1000_diff1": -0.574725,
        "nauc_mrr_at_1_max": 0.388739,
        "nauc_mrr_at_1_std": -0.322924,
        "nauc_mrr_at_1_diff1": 0.833666,
        "nauc_mrr_at_3_max": 0.434908,
        "nauc_mrr_at_3_std": -0.37349,
        "nauc_mrr_at_3_diff1": 0.826865,
        "nauc_mrr_at_5_max": 0.42562,
        "nauc_mrr_at_5_std": -0.364449,
        "nauc_mrr_at_5_diff1": 0.82716,
        "nauc_mrr_at_10_max": 0.421981,
        "nauc_mrr_at_10_std": -0.363668,
        "nauc_mrr_at_10_diff1": 0.826516,
        "nauc_mrr_at_20_max": 0.420846,
        "nauc_mrr_at_20_std": -0.361528,
        "nauc_mrr_at_20_diff1": 0.827365,
        "nauc_mrr_at_100_max": 0.420846,
        "nauc_mrr_at_100_std": -0.361528,
        "nauc_mrr_at_100_diff1": 0.827365,
        "nauc_mrr_at_1000_max": 0.420846,
        "nauc_mrr_at_1000_std": -0.361528,
        "nauc_mrr_at_1000_diff1": 0.827365,
        "cv_recall_at_1": 0.84639,
        "cv_recall_at_3": 0.96495,
        "cv_recall_at_5": 0.97938,
        "cv_recall_at_10": 0.99588,
        "cv_recall_at_20": 1.0,
        "cv_recall_at_100": 1.0,
        "cv_recall_at_1000": 1.0,
        "main_score": 0.92938,
        "hf_subset": "default",
        "languages": [
          "eng-Latn"
        ]
      }
    ]
  },
  "evaluation_time": 187.00080347061157,
  "kg_co2_emissions": null,
  "date": null
}