{
  "dataset_revision": "d86a4dad9fd7c70359f617d86984395ea89be1c5",
  "task_name": "GreenNodeTableMarkdownRetrieval",
  "mteb_version": "2.9.0",
  "scores": {
    "test": [
      {
        "ndcg_at_1": 0.03942,
        "ndcg_at_3": 0.05226,
        "ndcg_at_5": 0.05697,
        "ndcg_at_10": 0.06243,
        "ndcg_at_20": 0.06792,
        "ndcg_at_100": 0.08072,
        "ndcg_at_1000": 0.10359,
        "map_at_1": 0.03942,
        "map_at_3": 0.04907,
        "map_at_5": 0.05168,
        "map_at_10": 0.05391,
        "map_at_20": 0.05541,
        "map_at_100": 0.05704,
        "map_at_1000": 0.05769,
        "recall_at_1": 0.03942,
        "recall_at_3": 0.0615,
        "recall_at_5": 0.07298,
        "recall_at_10": 0.08999,
        "recall_at_20": 0.11173,
        "recall_at_100": 0.18284,
        "recall_at_1000": 0.37546,
        "accuracy": 0.03942,
        "precision_at_1": 0.03942,
        "precision_at_3": 0.0205,
        "precision_at_5": 0.0146,
        "precision_at_10": 0.009,
        "precision_at_20": 0.00559,
        "precision_at_100": 0.00183,
        "precision_at_1000": 0.00038,
        "mrr_at_1": 0.039423,
        "mrr_at_3": 0.049072,
        "mrr_at_5": 0.051677,
        "mrr_at_10": 0.053907,
        "mrr_at_20": 0.055412,
        "mrr_at_100": 0.057041,
        "mrr_at_1000": 0.057691,
        "nauc_ndcg_at_1_max": 0.095555,
        "nauc_ndcg_at_1_std": -0.011624,
        "nauc_ndcg_at_1_diff1": 0.537892,
        "nauc_ndcg_at_3_max": 0.06429,
        "nauc_ndcg_at_3_std": 0.005202,
        "nauc_ndcg_at_3_diff1": 0.419821,
        "nauc_ndcg_at_5_max": 0.053497,
        "nauc_ndcg_at_5_std": 0.008974,
        "nauc_ndcg_at_5_diff1": 0.392035,
        "nauc_ndcg_at_10_max": 0.042684,
        "nauc_ndcg_at_10_std": 0.01329,
        "nauc_ndcg_at_10_diff1": 0.361566,
        "nauc_ndcg_at_20_max": 0.037918,
        "nauc_ndcg_at_20_std": 0.017531,
        "nauc_ndcg_at_20_diff1": 0.339319,
        "nauc_ndcg_at_100_max": 0.028696,
        "nauc_ndcg_at_100_std": 0.026178,
        "nauc_ndcg_at_100_diff1": 0.304483,
        "nauc_ndcg_at_1000_max": 0.025127,
        "nauc_ndcg_at_1000_std": 0.035774,
        "nauc_ndcg_at_1000_diff1": 0.276923,
        "nauc_map_at_1_max": 0.095555,
        "nauc_map_at_1_std": -0.011624,
        "nauc_map_at_1_diff1": 0.537892,
        "nauc_map_at_3_max": 0.070644,
        "nauc_map_at_3_std": 0.001584,
        "nauc_map_at_3_diff1": 0.443505,
        "nauc_map_at_5_max": 0.063819,
        "nauc_map_at_5_std": 0.00417,
        "nauc_map_at_5_diff1": 0.425392,
        "nauc_map_at_10_max": 0.058385,
        "nauc_map_at_10_std": 0.006574,
        "nauc_map_at_10_diff1": 0.409731,
        "nauc_map_at_20_max": 0.056372,
        "nauc_map_at_20_std": 0.008188,
        "nauc_map_at_20_diff1": 0.400959,
        "nauc_map_at_100_max": 0.054282,
        "nauc_map_at_100_std": 0.009842,
        "nauc_map_at_100_diff1": 0.393769,
        "nauc_map_at_1000_max": 0.053903,
        "nauc_map_at_1000_std": 0.010246,
        "nauc_map_at_1000_diff1": 0.392004,
        "nauc_recall_at_1_max": 0.095555,
        "nauc_recall_at_1_std": -0.011624,
        "nauc_recall_at_1_diff1": 0.537892,
        "nauc_recall_at_3_max": 0.049559,
        "nauc_recall_at_3_std": 0.01365,
        "nauc_recall_at_3_diff1": 0.365014,
        "nauc_recall_at_5_max": 0.031134,
        "nauc_recall_at_5_std": 0.019189,
        "nauc_recall_at_5_diff1": 0.32074,
        "nauc_recall_at_10_max": 0.011657,
        "nauc_recall_at_10_std": 0.026056,
        "nauc_recall_at_10_diff1": 0.267948,
        "nauc_recall_at_20_max": 0.00529,
        "nauc_recall_at_20_std": 0.034211,
        "nauc_recall_at_20_diff1": 0.229636,
        "nauc_recall_at_100_max": -0.008912,
        "nauc_recall_at_100_std": 0.0525,
        "nauc_recall_at_100_diff1": 0.168958,
        "nauc_recall_at_1000_max": -0.009427,
        "nauc_recall_at_1000_std": 0.078912,
        "nauc_recall_at_1000_diff1": 0.114594,
        "nauc_precision_at_1_max": 0.095555,
        "nauc_precision_at_1_std": -0.011624,
        "nauc_precision_at_1_diff1": 0.537892,
        "nauc_precision_at_3_max": 0.049559,
        "nauc_precision_at_3_std": 0.01365,
        "nauc_precision_at_3_diff1": 0.365014,
        "nauc_precision_at_5_max": 0.031134,
        "nauc_precision_at_5_std": 0.019189,
        "nauc_precision_at_5_diff1": 0.32074,
        "nauc_precision_at_10_max": 0.011657,
        "nauc_precision_at_10_std": 0.026056,
        "nauc_precision_at_10_diff1": 0.267948,
        "nauc_precision_at_20_max": 0.00529,
        "nauc_precision_at_20_std": 0.034211,
        "nauc_precision_at_20_diff1": 0.229636,
        "nauc_precision_at_100_max": -0.008912,
        "nauc_precision_at_100_std": 0.0525,
        "nauc_precision_at_100_diff1": 0.168958,
        "nauc_precision_at_1000_max": -0.009427,
        "nauc_precision_at_1000_std": 0.078912,
        "nauc_precision_at_1000_diff1": 0.114594,
        "nauc_mrr_at_1_max": 0.095555,
        "nauc_mrr_at_1_std": -0.011624,
        "nauc_mrr_at_1_diff1": 0.537892,
        "nauc_mrr_at_3_max": 0.070644,
        "nauc_mrr_at_3_std": 0.001584,
        "nauc_mrr_at_3_diff1": 0.443505,
        "nauc_mrr_at_5_max": 0.063819,
        "nauc_mrr_at_5_std": 0.00417,
        "nauc_mrr_at_5_diff1": 0.425392,
        "nauc_mrr_at_10_max": 0.058385,
        "nauc_mrr_at_10_std": 0.006574,
        "nauc_mrr_at_10_diff1": 0.409731,
        "nauc_mrr_at_20_max": 0.056372,
        "nauc_mrr_at_20_std": 0.008188,
        "nauc_mrr_at_20_diff1": 0.400959,
        "nauc_mrr_at_100_max": 0.054282,
        "nauc_mrr_at_100_std": 0.009841,
        "nauc_mrr_at_100_diff1": 0.393768,
        "nauc_mrr_at_1000_max": 0.053903,
        "nauc_mrr_at_1000_std": 0.010245,
        "nauc_mrr_at_1000_diff1": 0.392004,
        "cv_recall_at_1": 0.03942,
        "cv_recall_at_3": 0.0615,
        "cv_recall_at_5": 0.07298,
        "cv_recall_at_10": 0.08999,
        "cv_recall_at_20": 0.11173,
        "cv_recall_at_100": 0.18284,
        "cv_recall_at_1000": 0.37546,
        "main_score": 0.06243,
        "hf_subset": "default",
        "languages": [
          "vie-Latn"
        ]
      }
    ]
  },
  "evaluation_time": 4298.55247592926,
  "kg_co2_emissions": null,
  "date": null
}