{
  "dataset_revision": "48142cc741b04d0b4af370ade7e8b42430382670",
  "task_name": "LIMITRetrieval",
  "mteb_version": "2.9.0",
  "scores": {
    "test": [
      {
        "ndcg_at_1": 0.007,
        "ndcg_at_2": 0.007,
        "ndcg_at_3": 0.00823,
        "ndcg_at_5": 0.00944,
        "ndcg_at_10": 0.01059,
        "ndcg_at_20": 0.01289,
        "ndcg_at_100": 0.0179,
        "ndcg_at_1000": 0.03478,
        "map_at_1": 0.0035,
        "map_at_2": 0.00525,
        "map_at_3": 0.00608,
        "map_at_5": 0.00671,
        "map_at_10": 0.00708,
        "map_at_20": 0.00762,
        "map_at_100": 0.00815,
        "map_at_1000": 0.00856,
        "recall_at_1": 0.0035,
        "recall_at_2": 0.007,
        "recall_at_3": 0.009,
        "recall_at_5": 0.0115,
        "recall_at_10": 0.0145,
        "recall_at_20": 0.022,
        "recall_at_100": 0.045,
        "recall_at_1000": 0.163,
        "accuracy": 0.0035,
        "precision_at_1": 0.007,
        "precision_at_2": 0.007,
        "precision_at_3": 0.006,
        "precision_at_5": 0.0046,
        "precision_at_10": 0.0029,
        "precision_at_20": 0.0022,
        "precision_at_100": 0.0009,
        "precision_at_1000": 0.00033,
        "mrr_at_1": 0.007,
        "mrr_at_2": 0.0105,
        "mrr_at_3": 0.0115,
        "mrr_at_5": 0.01235,
        "mrr_at_10": 0.013096,
        "mrr_at_20": 0.014039,
        "mrr_at_100": 0.014956,
        "mrr_at_1000": 0.015562,
        "nauc_ndcg_at_1_max": -0.21833,
        "nauc_ndcg_at_1_std": 0.214382,
        "nauc_ndcg_at_1_diff1": 0.024838,
        "nauc_ndcg_at_2_max": -0.229377,
        "nauc_ndcg_at_2_std": 0.117613,
        "nauc_ndcg_at_2_diff1": -0.048028,
        "nauc_ndcg_at_3_max": -0.212272,
        "nauc_ndcg_at_3_std": 0.091771,
        "nauc_ndcg_at_3_diff1": 0.004469,
        "nauc_ndcg_at_5_max": -0.211728,
        "nauc_ndcg_at_5_std": 0.093621,
        "nauc_ndcg_at_5_diff1": 0.012566,
        "nauc_ndcg_at_10_max": -0.127894,
        "nauc_ndcg_at_10_std": 0.099608,
        "nauc_ndcg_at_10_diff1": 0.022337,
        "nauc_ndcg_at_20_max": -0.136633,
        "nauc_ndcg_at_20_std": 0.062229,
        "nauc_ndcg_at_20_diff1": 0.045082,
        "nauc_ndcg_at_100_max": -0.100424,
        "nauc_ndcg_at_100_std": 0.042574,
        "nauc_ndcg_at_100_diff1": 0.053646,
        "nauc_ndcg_at_1000_max": -0.068005,
        "nauc_ndcg_at_1000_std": 0.042548,
        "nauc_ndcg_at_1000_diff1": 0.040208,
        "nauc_map_at_1_max": -0.21833,
        "nauc_map_at_1_std": 0.214382,
        "nauc_map_at_1_diff1": 0.024838,
        "nauc_map_at_2_max": -0.227848,
        "nauc_map_at_2_std": 0.131,
        "nauc_map_at_2_diff1": -0.037947,
        "nauc_map_at_3_max": -0.191064,
        "nauc_map_at_3_std": 0.105013,
        "nauc_map_at_3_diff1": 0.018716,
        "nauc_map_at_5_max": -0.188824,
        "nauc_map_at_5_std": 0.112018,
        "nauc_map_at_5_diff1": 0.018629,
        "nauc_map_at_10_max": -0.147933,
        "nauc_map_at_10_std": 0.114778,
        "nauc_map_at_10_diff1": 0.025579,
        "nauc_map_at_20_max": -0.152816,
        "nauc_map_at_20_std": 0.098424,
        "nauc_map_at_20_diff1": 0.029654,
        "nauc_map_at_100_max": -0.144199,
        "nauc_map_at_100_std": 0.094043,
        "nauc_map_at_100_diff1": 0.032191,
        "nauc_map_at_1000_max": -0.138786,
        "nauc_map_at_1000_std": 0.092294,
        "nauc_map_at_1000_diff1": 0.033334,
        "nauc_recall_at_1_max": -0.21833,
        "nauc_recall_at_1_std": 0.214382,
        "nauc_recall_at_1_diff1": 0.024838,
        "nauc_recall_at_2_max": -0.232608,
        "nauc_recall_at_2_std": 0.08931,
        "nauc_recall_at_2_diff1": -0.06934,
        "nauc_recall_at_3_max": -0.206392,
        "nauc_recall_at_3_std": 0.057076,
        "nauc_recall_at_3_diff1": 0.013654,
        "nauc_recall_at_5_max": -0.204944,
        "nauc_recall_at_5_std": 0.071103,
        "nauc_recall_at_5_diff1": 0.026703,
        "nauc_recall_at_10_max": -0.051627,
        "nauc_recall_at_10_std": 0.085064,
        "nauc_recall_at_10_diff1": 0.035695,
        "nauc_recall_at_20_max": -0.090318,
        "nauc_recall_at_20_std": 0.024685,
        "nauc_recall_at_20_diff1": 0.07917,
        "nauc_recall_at_100_max": -0.046403,
        "nauc_recall_at_100_std": 0.007182,
        "nauc_recall_at_100_diff1": 0.081096,
        "nauc_recall_at_1000_max": -0.029746,
        "nauc_recall_at_1000_std": 0.029943,
        "nauc_recall_at_1000_diff1": 0.037177,
        "nauc_precision_at_1_max": -0.21833,
        "nauc_precision_at_1_std": 0.214382,
        "nauc_precision_at_1_diff1": 0.024838,
        "nauc_precision_at_2_max": -0.232608,
        "nauc_precision_at_2_std": 0.08931,
        "nauc_precision_at_2_diff1": -0.06934,
        "nauc_precision_at_3_max": -0.206392,
        "nauc_precision_at_3_std": 0.057076,
        "nauc_precision_at_3_diff1": 0.013654,
        "nauc_precision_at_5_max": -0.204944,
        "nauc_precision_at_5_std": 0.071103,
        "nauc_precision_at_5_diff1": 0.026703,
        "nauc_precision_at_10_max": -0.051627,
        "nauc_precision_at_10_std": 0.085064,
        "nauc_precision_at_10_diff1": 0.035695,
        "nauc_precision_at_20_max": -0.090318,
        "nauc_precision_at_20_std": 0.024685,
        "nauc_precision_at_20_diff1": 0.07917,
        "nauc_precision_at_100_max": -0.046403,
        "nauc_precision_at_100_std": 0.007182,
        "nauc_precision_at_100_diff1": 0.081096,
        "nauc_precision_at_1000_max": -0.029746,
        "nauc_precision_at_1000_std": 0.029943,
        "nauc_precision_at_1000_diff1": 0.037177,
        "nauc_mrr_at_1_max": -0.21833,
        "nauc_mrr_at_1_std": 0.214382,
        "nauc_mrr_at_1_diff1": 0.024838,
        "nauc_mrr_at_2_max": -0.227848,
        "nauc_mrr_at_2_std": 0.131,
        "nauc_mrr_at_2_diff1": -0.037947,
        "nauc_mrr_at_3_max": -0.240513,
        "nauc_mrr_at_3_std": 0.115192,
        "nauc_mrr_at_3_diff1": -0.018572,
        "nauc_mrr_at_5_max": -0.244053,
        "nauc_mrr_at_5_std": 0.104063,
        "nauc_mrr_at_5_diff1": -0.008828,
        "nauc_mrr_at_10_max": -0.196688,
        "nauc_mrr_at_10_std": 0.1075,
        "nauc_mrr_at_10_diff1": 0.000251,
        "nauc_mrr_at_20_max": -0.195578,
        "nauc_mrr_at_20_std": 0.088387,
        "nauc_mrr_at_20_diff1": 0.011719,
        "nauc_mrr_at_100_max": -0.184019,
        "nauc_mrr_at_100_std": 0.079302,
        "nauc_mrr_at_100_diff1": 0.01397,
        "nauc_mrr_at_1000_max": -0.178964,
        "nauc_mrr_at_1000_std": 0.077387,
        "nauc_mrr_at_1000_diff1": 0.014195,
        "cv_recall_at_1": 0.007,
        "cv_recall_at_2": 0.014,
        "cv_recall_at_3": 0.017,
        "cv_recall_at_5": 0.021,
        "cv_recall_at_10": 0.027,
        "cv_recall_at_20": 0.041,
        "cv_recall_at_100": 0.083,
        "cv_recall_at_1000": 0.278,
        "main_score": 0.007,
        "hf_subset": "default",
        "languages": [
          "eng-Latn"
        ]
      }
    ]
  },
  "evaluation_time": 1534.9442820549011,
  "kg_co2_emissions": null,
  "date": null
}