{
  "dataset_revision": "ff4a8f2476ae77476c1912f1f3cb5bb5f2d766d4",
  "task_name": "LIMITSmallRetrieval",
  "mteb_version": "2.9.0",
  "scores": {
    "test": [
      {
        "ndcg_at_1": 0.202,
        "ndcg_at_2": 0.1784,
        "ndcg_at_3": 0.2155,
        "ndcg_at_5": 0.26518,
        "ndcg_at_10": 0.32887,
        "ndcg_at_20": 0.39671,
        "ndcg_at_100": 0.46782,
        "ndcg_at_1000": 0.46782,
        "map_at_1": 0.101,
        "map_at_2": 0.1445,
        "map_at_3": 0.17083,
        "map_at_5": 0.20036,
        "map_at_10": 0.2302,
        "map_at_20": 0.25373,
        "map_at_100": 0.27119,
        "map_at_1000": 0.27119,
        "recall_at_1": 0.101,
        "recall_at_2": 0.1715,
        "recall_at_3": 0.232,
        "recall_at_5": 0.3305,
        "recall_at_10": 0.4925,
        "recall_at_20": 0.713,
        "recall_at_100": 1.0,
        "recall_at_1000": 1.0,
        "accuracy": 0.101,
        "precision_at_1": 0.202,
        "precision_at_2": 0.1715,
        "precision_at_3": 0.15467,
        "precision_at_5": 0.1322,
        "precision_at_10": 0.0985,
        "precision_at_20": 0.0713,
        "precision_at_100": 0.02,
        "precision_at_1000": 0.002,
        "mrr_at_1": 0.202,
        "mrr_at_2": 0.256,
        "mrr_at_3": 0.284,
        "mrr_at_5": 0.31475,
        "mrr_at_10": 0.339786,
        "mrr_at_20": 0.352593,
        "mrr_at_100": 0.356489,
        "mrr_at_1000": 0.356489,
        "nauc_ndcg_at_1_max": 0.108664,
        "nauc_ndcg_at_1_std": 0.146631,
        "nauc_ndcg_at_1_diff1": 0.145188,
        "nauc_ndcg_at_2_max": 0.099024,
        "nauc_ndcg_at_2_std": 0.137287,
        "nauc_ndcg_at_2_diff1": 0.114952,
        "nauc_ndcg_at_3_max": 0.098489,
        "nauc_ndcg_at_3_std": 0.158425,
        "nauc_ndcg_at_3_diff1": 0.113819,
        "nauc_ndcg_at_5_max": 0.089745,
        "nauc_ndcg_at_5_std": 0.150115,
        "nauc_ndcg_at_5_diff1": 0.087897,
        "nauc_ndcg_at_10_max": 0.088273,
        "nauc_ndcg_at_10_std": 0.156536,
        "nauc_ndcg_at_10_diff1": 0.088152,
        "nauc_ndcg_at_20_max": 0.082759,
        "nauc_ndcg_at_20_std": 0.169662,
        "nauc_ndcg_at_20_diff1": 0.087792,
        "nauc_ndcg_at_100_max": 0.090053,
        "nauc_ndcg_at_100_std": 0.156251,
        "nauc_ndcg_at_100_diff1": 0.09915,
        "nauc_ndcg_at_1000_max": 0.090053,
        "nauc_ndcg_at_1000_std": 0.156251,
        "nauc_ndcg_at_1000_diff1": 0.09915,
        "nauc_map_at_1_max": 0.108664,
        "nauc_map_at_1_std": 0.146631,
        "nauc_map_at_1_diff1": 0.145188,
        "nauc_map_at_2_max": 0.106585,
        "nauc_map_at_2_std": 0.141288,
        "nauc_map_at_2_diff1": 0.117825,
        "nauc_map_at_3_max": 0.113865,
        "nauc_map_at_3_std": 0.157716,
        "nauc_map_at_3_diff1": 0.114466,
        "nauc_map_at_5_max": 0.102861,
        "nauc_map_at_5_std": 0.151173,
        "nauc_map_at_5_diff1": 0.094251,
        "nauc_map_at_10_max": 0.100413,
        "nauc_map_at_10_std": 0.155036,
        "nauc_map_at_10_diff1": 0.093892,
        "nauc_map_at_20_max": 0.098331,
        "nauc_map_at_20_std": 0.161044,
        "nauc_map_at_20_diff1": 0.093578,
        "nauc_map_at_100_max": 0.098876,
        "nauc_map_at_100_std": 0.156936,
        "nauc_map_at_100_diff1": 0.095807,
        "nauc_map_at_1000_max": 0.098876,
        "nauc_map_at_1000_std": 0.156936,
        "nauc_map_at_1000_diff1": 0.095807,
        "nauc_recall_at_1_max": 0.108664,
        "nauc_recall_at_1_std": 0.146631,
        "nauc_recall_at_1_diff1": 0.145188,
        "nauc_recall_at_2_max": 0.094978,
        "nauc_recall_at_2_std": 0.133365,
        "nauc_recall_at_2_diff1": 0.102263,
        "nauc_recall_at_3_max": 0.092095,
        "nauc_recall_at_3_std": 0.164877,
        "nauc_recall_at_3_diff1": 0.099381,
        "nauc_recall_at_5_max": 0.073082,
        "nauc_recall_at_5_std": 0.141084,
        "nauc_recall_at_5_diff1": 0.049237,
        "nauc_recall_at_10_max": 0.064947,
        "nauc_recall_at_10_std": 0.146701,
        "nauc_recall_at_10_diff1": 0.047071,
        "nauc_recall_at_20_max": 0.040521,
        "nauc_recall_at_20_std": 0.184843,
        "nauc_recall_at_20_diff1": 0.034506,
        "nauc_recall_at_100_max": NaN,
        "nauc_recall_at_100_std": NaN,
        "nauc_recall_at_100_diff1": NaN,
        "nauc_recall_at_1000_max": NaN,
        "nauc_recall_at_1000_std": NaN,
        "nauc_recall_at_1000_diff1": NaN,
        "nauc_precision_at_1_max": 0.108664,
        "nauc_precision_at_1_std": 0.146631,
        "nauc_precision_at_1_diff1": 0.145188,
        "nauc_precision_at_2_max": 0.094978,
        "nauc_precision_at_2_std": 0.133365,
        "nauc_precision_at_2_diff1": 0.102263,
        "nauc_precision_at_3_max": 0.092095,
        "nauc_precision_at_3_std": 0.164877,
        "nauc_precision_at_3_diff1": 0.099381,
        "nauc_precision_at_5_max": 0.073082,
        "nauc_precision_at_5_std": 0.141084,
        "nauc_precision_at_5_diff1": 0.049237,
        "nauc_precision_at_10_max": 0.064947,
        "nauc_precision_at_10_std": 0.146701,
        "nauc_precision_at_10_diff1": 0.047071,
        "nauc_precision_at_20_max": 0.040521,
        "nauc_precision_at_20_std": 0.184843,
        "nauc_precision_at_20_diff1": 0.034506,
        "nauc_precision_at_100_max": 1.0,
        "nauc_precision_at_100_std": 1.0,
        "nauc_precision_at_100_diff1": 1.0,
        "nauc_precision_at_1000_max": NaN,
        "nauc_precision_at_1000_std": NaN,
        "nauc_precision_at_1000_diff1": NaN,
        "nauc_mrr_at_1_max": 0.108664,
        "nauc_mrr_at_1_std": 0.146631,
        "nauc_mrr_at_1_diff1": 0.145188,
        "nauc_mrr_at_2_max": 0.093745,
        "nauc_mrr_at_2_std": 0.136096,
        "nauc_mrr_at_2_diff1": 0.12299,
        "nauc_mrr_at_3_max": 0.082747,
        "nauc_mrr_at_3_std": 0.149052,
        "nauc_mrr_at_3_diff1": 0.125039,
        "nauc_mrr_at_5_max": 0.083678,
        "nauc_mrr_at_5_std": 0.146988,
        "nauc_mrr_at_5_diff1": 0.115681,
        "nauc_mrr_at_10_max": 0.085324,
        "nauc_mrr_at_10_std": 0.148274,
        "nauc_mrr_at_10_diff1": 0.116896,
        "nauc_mrr_at_20_max": 0.083568,
        "nauc_mrr_at_20_std": 0.147666,
        "nauc_mrr_at_20_diff1": 0.116981,
        "nauc_mrr_at_100_max": 0.085195,
        "nauc_mrr_at_100_std": 0.147444,
        "nauc_mrr_at_100_diff1": 0.118145,
        "nauc_mrr_at_1000_max": 0.085195,
        "nauc_mrr_at_1000_std": 0.147444,
        "nauc_mrr_at_1000_diff1": 0.118145,
        "cv_recall_at_1": 0.202,
        "cv_recall_at_2": 0.31,
        "cv_recall_at_3": 0.394,
        "cv_recall_at_5": 0.528,
        "cv_recall_at_10": 0.714,
        "cv_recall_at_20": 0.898,
        "cv_recall_at_100": 1.0,
        "cv_recall_at_1000": 1.0,
        "main_score": 0.1715,
        "hf_subset": "default",
        "languages": [
          "eng-Latn"
        ]
      }
    ]
  },
  "evaluation_time": 4.841652154922485,
  "kg_co2_emissions": null,
  "date": null
}