{
  "dataset_revision": "023ae3b2c6b96f583c4ff9b3f9239c93f7885c20",
  "task_name": "MedicalRetrieval",
  "mteb_version": "2.9.0",
  "scores": {
    "dev": [
      {
        "ndcg_at_1": 0.022,
        "ndcg_at_3": 0.03105,
        "ndcg_at_5": 0.03432,
        "ndcg_at_10": 0.03697,
        "ndcg_at_20": 0.04023,
        "ndcg_at_100": 0.04759,
        "ndcg_at_1000": 0.06439,
        "map_at_1": 0.022,
        "map_at_3": 0.02867,
        "map_at_5": 0.03047,
        "map_at_10": 0.0316,
        "map_at_20": 0.03248,
        "map_at_100": 0.03341,
        "map_at_1000": 0.03389,
        "recall_at_1": 0.022,
        "recall_at_3": 0.038,
        "recall_at_5": 0.046,
        "recall_at_10": 0.054,
        "recall_at_20": 0.067,
        "recall_at_100": 0.108,
        "recall_at_1000": 0.249,
        "accuracy": 0.022,
        "precision_at_1": 0.022,
        "precision_at_3": 0.01267,
        "precision_at_5": 0.0092,
        "precision_at_10": 0.0054,
        "precision_at_20": 0.00335,
        "precision_at_100": 0.00108,
        "precision_at_1000": 0.00025,
        "mrr_at_1": 0.022,
        "mrr_at_3": 0.028667,
        "mrr_at_5": 0.030467,
        "mrr_at_10": 0.0316,
        "mrr_at_20": 0.032476,
        "mrr_at_100": 0.03341,
        "mrr_at_1000": 0.033895,
        "nauc_ndcg_at_1_max": -0.178294,
        "nauc_ndcg_at_1_std": 0.006513,
        "nauc_ndcg_at_1_diff1": 0.565846,
        "nauc_ndcg_at_3_max": -0.18133,
        "nauc_ndcg_at_3_std": 0.015589,
        "nauc_ndcg_at_3_diff1": 0.37428,
        "nauc_ndcg_at_5_max": -0.175772,
        "nauc_ndcg_at_5_std": 0.028383,
        "nauc_ndcg_at_5_diff1": 0.345851,
        "nauc_ndcg_at_10_max": -0.175836,
        "nauc_ndcg_at_10_std": 0.028664,
        "nauc_ndcg_at_10_diff1": 0.319143,
        "nauc_ndcg_at_20_max": -0.176181,
        "nauc_ndcg_at_20_std": 0.048627,
        "nauc_ndcg_at_20_diff1": 0.300512,
        "nauc_ndcg_at_100_max": -0.159675,
        "nauc_ndcg_at_100_std": 0.07062,
        "nauc_ndcg_at_100_diff1": 0.263406,
        "nauc_ndcg_at_1000_max": -0.109641,
        "nauc_ndcg_at_1000_std": 0.110802,
        "nauc_ndcg_at_1000_diff1": 0.228907,
        "nauc_map_at_1_max": -0.178294,
        "nauc_map_at_1_std": 0.006513,
        "nauc_map_at_1_diff1": 0.565846,
        "nauc_map_at_3_max": -0.182037,
        "nauc_map_at_3_std": 0.010849,
        "nauc_map_at_3_diff1": 0.414017,
        "nauc_map_at_5_max": -0.178357,
        "nauc_map_at_5_std": 0.019251,
        "nauc_map_at_5_diff1": 0.394407,
        "nauc_map_at_10_max": -0.178107,
        "nauc_map_at_10_std": 0.019319,
        "nauc_map_at_10_diff1": 0.379633,
        "nauc_map_at_20_max": -0.179023,
        "nauc_map_at_20_std": 0.026214,
        "nauc_map_at_20_diff1": 0.370584,
        "nauc_map_at_100_max": -0.176613,
        "nauc_map_at_100_std": 0.031045,
        "nauc_map_at_100_diff1": 0.361743,
        "nauc_map_at_1000_max": -0.173932,
        "nauc_map_at_1000_std": 0.033272,
        "nauc_map_at_1000_diff1": 0.358497,
        "nauc_recall_at_1_max": -0.178294,
        "nauc_recall_at_1_std": 0.006513,
        "nauc_recall_at_1_diff1": 0.565846,
        "nauc_recall_at_3_max": -0.179395,
        "nauc_recall_at_3_std": 0.026859,
        "nauc_recall_at_3_diff1": 0.286438,
        "nauc_recall_at_5_max": -0.170116,
        "nauc_recall_at_5_std": 0.04773,
        "nauc_recall_at_5_diff1": 0.248831,
        "nauc_recall_at_10_max": -0.17169,
        "nauc_recall_at_10_std": 0.046691,
        "nauc_recall_at_10_diff1": 0.207172,
        "nauc_recall_at_20_max": -0.170054,
        "nauc_recall_at_20_std": 0.09129,
        "nauc_recall_at_20_diff1": 0.188708,
        "nauc_recall_at_100_max": -0.128197,
        "nauc_recall_at_100_std": 0.129494,
        "nauc_recall_at_100_diff1": 0.139508,
        "nauc_recall_at_1000_max": -0.014279,
        "nauc_recall_at_1000_std": 0.209039,
        "nauc_recall_at_1000_diff1": 0.108973,
        "nauc_precision_at_1_max": -0.178294,
        "nauc_precision_at_1_std": 0.006513,
        "nauc_precision_at_1_diff1": 0.565846,
        "nauc_precision_at_3_max": -0.179395,
        "nauc_precision_at_3_std": 0.026859,
        "nauc_precision_at_3_diff1": 0.286438,
        "nauc_precision_at_5_max": -0.170116,
        "nauc_precision_at_5_std": 0.04773,
        "nauc_precision_at_5_diff1": 0.248831,
        "nauc_precision_at_10_max": -0.17169,
        "nauc_precision_at_10_std": 0.046691,
        "nauc_precision_at_10_diff1": 0.207172,
        "nauc_precision_at_20_max": -0.170054,
        "nauc_precision_at_20_std": 0.09129,
        "nauc_precision_at_20_diff1": 0.188708,
        "nauc_precision_at_100_max": -0.128197,
        "nauc_precision_at_100_std": 0.129494,
        "nauc_precision_at_100_diff1": 0.139508,
        "nauc_precision_at_1000_max": -0.014279,
        "nauc_precision_at_1000_std": 0.209039,
        "nauc_precision_at_1000_diff1": 0.108973,
        "nauc_mrr_at_1_max": -0.178294,
        "nauc_mrr_at_1_std": 0.006513,
        "nauc_mrr_at_1_diff1": 0.565846,
        "nauc_mrr_at_3_max": -0.182037,
        "nauc_mrr_at_3_std": 0.010849,
        "nauc_mrr_at_3_diff1": 0.414017,
        "nauc_mrr_at_5_max": -0.178357,
        "nauc_mrr_at_5_std": 0.019251,
        "nauc_mrr_at_5_diff1": 0.394407,
        "nauc_mrr_at_10_max": -0.178107,
        "nauc_mrr_at_10_std": 0.019319,
        "nauc_mrr_at_10_diff1": 0.379633,
        "nauc_mrr_at_20_max": -0.179023,
        "nauc_mrr_at_20_std": 0.026214,
        "nauc_mrr_at_20_diff1": 0.370584,
        "nauc_mrr_at_100_max": -0.176613,
        "nauc_mrr_at_100_std": 0.031045,
        "nauc_mrr_at_100_diff1": 0.361743,
        "nauc_mrr_at_1000_max": -0.173932,
        "nauc_mrr_at_1000_std": 0.033272,
        "nauc_mrr_at_1000_diff1": 0.358497,
        "cv_recall_at_1": 0.022,
        "cv_recall_at_3": 0.038,
        "cv_recall_at_5": 0.046,
        "cv_recall_at_10": 0.054,
        "cv_recall_at_20": 0.067,
        "cv_recall_at_100": 0.108,
        "cv_recall_at_1000": 0.249,
        "main_score": 0.03697,
        "hf_subset": "default",
        "languages": [
          "cmn-Hans"
        ]
      }
    ]
  },
  "evaluation_time": 2191.4468836784363,
  "kg_co2_emissions": null,
  "date": null
}