{
  "dataset_revision": "67c0b4f7f15946e0b15cf6cf3b8993d04cb3efc6",
  "task_name": "MSMARCOHardNegatives",
  "mteb_version": "2.9.0",
  "scores": {
    "test": [
      {
        "ndcg_at_1": 0.81783,
        "ndcg_at_3": 0.7655,
        "ndcg_at_5": 0.74614,
        "ndcg_at_10": 0.73665,
        "ndcg_at_20": 0.72125,
        "ndcg_at_100": 0.74138,
        "ndcg_at_1000": 0.85952,
        "map_at_1": 0.02482,
        "map_at_3": 0.06802,
        "map_at_5": 0.09473,
        "map_at_10": 0.15827,
        "map_at_20": 0.25273,
        "map_at_100": 0.48905,
        "map_at_1000": 0.67672,
        "recall_at_1": 0.02482,
        "recall_at_3": 0.06899,
        "recall_at_5": 0.09849,
        "recall_at_10": 0.17084,
        "recall_at_20": 0.28476,
        "recall_at_100": 0.65447,
        "recall_at_1000": 0.98425,
        "accuracy": 0.02482,
        "precision_at_1": 0.95349,
        "precision_at_3": 0.90698,
        "precision_at_5": 0.86512,
        "precision_at_10": 0.82791,
        "precision_at_20": 0.75465,
        "precision_at_100": 0.48442,
        "precision_at_1000": 0.09428,
        "mrr_at_1": 0.953488,
        "mrr_at_3": 0.972868,
        "mrr_at_5": 0.972868,
        "mrr_at_10": 0.972868,
        "mrr_at_20": 0.972868,
        "mrr_at_100": 0.972868,
        "mrr_at_1000": 0.972868,
        "nauc_ndcg_at_1_max": 0.189173,
        "nauc_ndcg_at_1_std": -0.208636,
        "nauc_ndcg_at_1_diff1": 0.268254,
        "nauc_ndcg_at_3_max": 0.246468,
        "nauc_ndcg_at_3_std": -0.092253,
        "nauc_ndcg_at_3_diff1": 0.122293,
        "nauc_ndcg_at_5_max": 0.315895,
        "nauc_ndcg_at_5_std": 0.015164,
        "nauc_ndcg_at_5_diff1": 0.057317,
        "nauc_ndcg_at_10_max": 0.302462,
        "nauc_ndcg_at_10_std": 0.154566,
        "nauc_ndcg_at_10_diff1": -0.072727,
        "nauc_ndcg_at_20_max": 0.2449,
        "nauc_ndcg_at_20_std": 0.255481,
        "nauc_ndcg_at_20_diff1": -0.135153,
        "nauc_ndcg_at_100_max": 0.239815,
        "nauc_ndcg_at_100_std": 0.278103,
        "nauc_ndcg_at_100_diff1": -0.07791,
        "nauc_ndcg_at_1000_max": 0.314975,
        "nauc_ndcg_at_1000_std": 0.431483,
        "nauc_ndcg_at_1000_diff1": -0.364817,
        "nauc_map_at_1_max": -0.300401,
        "nauc_map_at_1_std": -0.482815,
        "nauc_map_at_1_diff1": 0.553647,
        "nauc_map_at_3_max": -0.246883,
        "nauc_map_at_3_std": -0.471998,
        "nauc_map_at_3_diff1": 0.575098,
        "nauc_map_at_5_max": -0.161918,
        "nauc_map_at_5_std": -0.435894,
        "nauc_map_at_5_diff1": 0.481979,
        "nauc_map_at_10_max": -0.10513,
        "nauc_map_at_10_std": -0.39468,
        "nauc_map_at_10_diff1": 0.354467,
        "nauc_map_at_20_max": -0.036658,
        "nauc_map_at_20_std": -0.329022,
        "nauc_map_at_20_diff1": 0.270578,
        "nauc_map_at_100_max": 0.08214,
        "nauc_map_at_100_std": -0.056205,
        "nauc_map_at_100_diff1": 0.069924,
        "nauc_map_at_1000_max": 0.22022,
        "nauc_map_at_1000_std": 0.503648,
        "nauc_map_at_1000_diff1": -0.397754,
        "nauc_recall_at_1_max": -0.300401,
        "nauc_recall_at_1_std": -0.482815,
        "nauc_recall_at_1_diff1": 0.553647,
        "nauc_recall_at_3_max": -0.247201,
        "nauc_recall_at_3_std": -0.477692,
        "nauc_recall_at_3_diff1": 0.581063,
        "nauc_recall_at_5_max": -0.166941,
        "nauc_recall_at_5_std": -0.439433,
        "nauc_recall_at_5_diff1": 0.475135,
        "nauc_recall_at_10_max": -0.118179,
        "nauc_recall_at_10_std": -0.396262,
        "nauc_recall_at_10_diff1": 0.332029,
        "nauc_recall_at_20_max": -0.056883,
        "nauc_recall_at_20_std": -0.336944,
        "nauc_recall_at_20_diff1": 0.246611,
        "nauc_recall_at_100_max": 0.001341,
        "nauc_recall_at_100_std": -0.230249,
        "nauc_recall_at_100_diff1": 0.16567,
        "nauc_recall_at_1000_max": 0.167867,
        "nauc_recall_at_1000_std": 0.969534,
        "nauc_recall_at_1000_diff1": -1.613976,
        "nauc_precision_at_1_max": -0.374744,
        "nauc_precision_at_1_std": -0.225955,
        "nauc_precision_at_1_diff1": -0.374744,
        "nauc_precision_at_3_max": 0.283745,
        "nauc_precision_at_3_std": 0.159272,
        "nauc_precision_at_3_diff1": -0.087173,
        "nauc_precision_at_5_max": 0.460413,
        "nauc_precision_at_5_std": 0.364378,
        "nauc_precision_at_5_diff1": -0.268087,
        "nauc_precision_at_10_max": 0.358945,
        "nauc_precision_at_10_std": 0.48342,
        "nauc_precision_at_10_diff1": -0.503124,
        "nauc_precision_at_20_max": 0.309321,
        "nauc_precision_at_20_std": 0.566579,
        "nauc_precision_at_20_diff1": -0.507353,
        "nauc_precision_at_100_max": 0.166201,
        "nauc_precision_at_100_std": 0.593831,
        "nauc_precision_at_100_diff1": -0.492514,
        "nauc_precision_at_1000_max": 0.114584,
        "nauc_precision_at_1000_std": 0.532591,
        "nauc_precision_at_1000_diff1": -0.438822,
        "nauc_mrr_at_1_max": -0.374744,
        "nauc_mrr_at_1_std": -0.225955,
        "nauc_mrr_at_1_diff1": -0.374744,
        "nauc_mrr_at_3_max": -0.40254,
        "nauc_mrr_at_3_std": -0.176904,
        "nauc_mrr_at_3_diff1": -0.346949,
        "nauc_mrr_at_5_max": -0.40254,
        "nauc_mrr_at_5_std": -0.176904,
        "nauc_mrr_at_5_diff1": -0.346949,
        "nauc_mrr_at_10_max": -0.40254,
        "nauc_mrr_at_10_std": -0.176904,
        "nauc_mrr_at_10_diff1": -0.346949,
        "nauc_mrr_at_20_max": -0.40254,
        "nauc_mrr_at_20_std": -0.176904,
        "nauc_mrr_at_20_diff1": -0.346949,
        "nauc_mrr_at_100_max": -0.40254,
        "nauc_mrr_at_100_std": -0.176904,
        "nauc_mrr_at_100_diff1": -0.346949,
        "nauc_mrr_at_1000_max": -0.40254,
        "nauc_mrr_at_1000_std": -0.176904,
        "nauc_mrr_at_1000_diff1": -0.346949,
        "cv_recall_at_1": 0.95349,
        "cv_recall_at_3": 1.0,
        "cv_recall_at_5": 1.0,
        "cv_recall_at_10": 1.0,
        "cv_recall_at_20": 1.0,
        "cv_recall_at_100": 1.0,
        "cv_recall_at_1000": 1.0,
        "main_score": 0.73665,
        "hf_subset": "default",
        "languages": [
          "eng-Latn"
        ]
      }
    ]
  },
  "evaluation_time": 162.01626539230347,
  "kg_co2_emissions": null,
  "date": null
}