{
  "dataset_revision": "6021fce366892cbfd7837fa85a4128ea93315e18",
  "task_name": "R2MEDBioinformaticsRetrieval",
  "mteb_version": "2.9.0",
  "scores": {
    "test": [
      {
        "ndcg_at_1": 0.18182,
        "ndcg_at_3": 0.19041,
        "ndcg_at_5": 0.20889,
        "ndcg_at_10": 0.23978,
        "ndcg_at_20": 0.27038,
        "ndcg_at_100": 0.33034,
        "ndcg_at_1000": 0.3809,
        "map_at_1": 0.07372,
        "map_at_3": 0.12419,
        "map_at_5": 0.14386,
        "map_at_10": 0.16463,
        "map_at_20": 0.17761,
        "map_at_100": 0.18997,
        "map_at_1000": 0.19349,
        "recall_at_1": 0.07372,
        "recall_at_3": 0.17913,
        "recall_at_5": 0.24615,
        "recall_at_10": 0.32876,
        "recall_at_20": 0.40615,
        "recall_at_100": 0.63541,
        "recall_at_1000": 0.93275,
        "accuracy": 0.07372,
        "precision_at_1": 0.18182,
        "precision_at_3": 0.14286,
        "precision_at_5": 0.11688,
        "precision_at_10": 0.08442,
        "precision_at_20": 0.05909,
        "precision_at_100": 0.01935,
        "precision_at_1000": 0.00279,
        "mrr_at_1": 0.181818,
        "mrr_at_3": 0.261905,
        "mrr_at_5": 0.28658,
        "mrr_at_10": 0.296733,
        "mrr_at_20": 0.298627,
        "mrr_at_100": 0.305136,
        "mrr_at_1000": 0.306122,
        "nauc_ndcg_at_1_max": 0.024631,
        "nauc_ndcg_at_1_std": 0.115103,
        "nauc_ndcg_at_1_diff1": 0.147749,
        "nauc_ndcg_at_3_max": 0.120867,
        "nauc_ndcg_at_3_std": 0.097938,
        "nauc_ndcg_at_3_diff1": 0.286717,
        "nauc_ndcg_at_5_max": 0.221481,
        "nauc_ndcg_at_5_std": 0.106543,
        "nauc_ndcg_at_5_diff1": 0.38819,
        "nauc_ndcg_at_10_max": 0.218878,
        "nauc_ndcg_at_10_std": 0.089511,
        "nauc_ndcg_at_10_diff1": 0.378301,
        "nauc_ndcg_at_20_max": 0.241842,
        "nauc_ndcg_at_20_std": 0.11683,
        "nauc_ndcg_at_20_diff1": 0.361025,
        "nauc_ndcg_at_100_max": 0.263714,
        "nauc_ndcg_at_100_std": 0.159019,
        "nauc_ndcg_at_100_diff1": 0.358489,
        "nauc_ndcg_at_1000_max": 0.237968,
        "nauc_ndcg_at_1000_std": 0.157121,
        "nauc_ndcg_at_1000_diff1": 0.32136,
        "nauc_map_at_1_max": 0.089785,
        "nauc_map_at_1_std": 0.229488,
        "nauc_map_at_1_diff1": 0.427057,
        "nauc_map_at_3_max": 0.163094,
        "nauc_map_at_3_std": 0.170034,
        "nauc_map_at_3_diff1": 0.401947,
        "nauc_map_at_5_max": 0.221396,
        "nauc_map_at_5_std": 0.150222,
        "nauc_map_at_5_diff1": 0.445466,
        "nauc_map_at_10_max": 0.224166,
        "nauc_map_at_10_std": 0.140394,
        "nauc_map_at_10_diff1": 0.428183,
        "nauc_map_at_20_max": 0.236303,
        "nauc_map_at_20_std": 0.145861,
        "nauc_map_at_20_diff1": 0.415423,
        "nauc_map_at_100_max": 0.242489,
        "nauc_map_at_100_std": 0.149812,
        "nauc_map_at_100_diff1": 0.417859,
        "nauc_map_at_1000_max": 0.240918,
        "nauc_map_at_1000_std": 0.153908,
        "nauc_map_at_1000_diff1": 0.411844,
        "nauc_recall_at_1_max": 0.089785,
        "nauc_recall_at_1_std": 0.229488,
        "nauc_recall_at_1_diff1": 0.427057,
        "nauc_recall_at_3_max": 0.148037,
        "nauc_recall_at_3_std": 0.09213,
        "nauc_recall_at_3_diff1": 0.336498,
        "nauc_recall_at_5_max": 0.263329,
        "nauc_recall_at_5_std": 0.051588,
        "nauc_recall_at_5_diff1": 0.420026,
        "nauc_recall_at_10_max": 0.22997,
        "nauc_recall_at_10_std": 0.009819,
        "nauc_recall_at_10_diff1": 0.374786,
        "nauc_recall_at_20_max": 0.274982,
        "nauc_recall_at_20_std": 0.079945,
        "nauc_recall_at_20_diff1": 0.354383,
        "nauc_recall_at_100_max": 0.365137,
        "nauc_recall_at_100_std": 0.228481,
        "nauc_recall_at_100_diff1": 0.359714,
        "nauc_recall_at_1000_max": 0.073151,
        "nauc_recall_at_1000_std": -0.007785,
        "nauc_recall_at_1000_diff1": 0.04586,
        "nauc_precision_at_1_max": 0.024631,
        "nauc_precision_at_1_std": 0.115103,
        "nauc_precision_at_1_diff1": 0.147749,
        "nauc_precision_at_3_max": 0.109209,
        "nauc_precision_at_3_std": -0.000915,
        "nauc_precision_at_3_diff1": 0.197044,
        "nauc_precision_at_5_max": 0.210795,
        "nauc_precision_at_5_std": 0.05607,
        "nauc_precision_at_5_diff1": 0.206517,
        "nauc_precision_at_10_max": 0.155956,
        "nauc_precision_at_10_std": 0.039437,
        "nauc_precision_at_10_diff1": 0.117754,
        "nauc_precision_at_20_max": 0.176744,
        "nauc_precision_at_20_std": 0.072135,
        "nauc_precision_at_20_diff1": 0.059993,
        "nauc_precision_at_100_max": 0.106661,
        "nauc_precision_at_100_std": 0.094273,
        "nauc_precision_at_100_diff1": -0.044496,
        "nauc_precision_at_1000_max": 0.054365,
        "nauc_precision_at_1000_std": 0.116714,
        "nauc_precision_at_1000_diff1": -0.174569,
        "nauc_mrr_at_1_max": 0.024631,
        "nauc_mrr_at_1_std": 0.115103,
        "nauc_mrr_at_1_diff1": 0.147749,
        "nauc_mrr_at_3_max": 0.083824,
        "nauc_mrr_at_3_std": 0.063308,
        "nauc_mrr_at_3_diff1": 0.208716,
        "nauc_mrr_at_5_max": 0.115064,
        "nauc_mrr_at_5_std": 0.082256,
        "nauc_mrr_at_5_diff1": 0.210315,
        "nauc_mrr_at_10_max": 0.114838,
        "nauc_mrr_at_10_std": 0.076715,
        "nauc_mrr_at_10_diff1": 0.210058,
        "nauc_mrr_at_20_max": 0.116905,
        "nauc_mrr_at_20_std": 0.086046,
        "nauc_mrr_at_20_diff1": 0.208481,
        "nauc_mrr_at_100_max": 0.117607,
        "nauc_mrr_at_100_std": 0.091085,
        "nauc_mrr_at_100_diff1": 0.20784,
        "nauc_mrr_at_1000_max": 0.11681,
        "nauc_mrr_at_1000_std": 0.09002,
        "nauc_mrr_at_1000_diff1": 0.207914,
        "cv_recall_at_1": 0.18182,
        "cv_recall_at_3": 0.36364,
        "cv_recall_at_5": 0.46753,
        "cv_recall_at_10": 0.54545,
        "cv_recall_at_20": 0.57143,
        "cv_recall_at_100": 0.76623,
        "cv_recall_at_1000": 0.97403,
        "main_score": 0.23978,
        "hf_subset": "default",
        "languages": [
          "eng-Latn"
        ]
      }
    ]
  },
  "evaluation_time": 13801.393330574036,
  "kg_co2_emissions": null,
  "date": null
}