{
  "dataset_revision": "78b585990279cc01a493f876c1b0cf09557fba57",
  "task_name": "R2MEDMedQADiagRetrieval",
  "mteb_version": "2.9.0",
  "scores": {
    "test": [
      {
        "ndcg_at_1": 0.0678,
        "ndcg_at_3": 0.05068,
        "ndcg_at_5": 0.05128,
        "ndcg_at_10": 0.06767,
        "ndcg_at_20": 0.08056,
        "ndcg_at_100": 0.11694,
        "ndcg_at_1000": 0.17884,
        "map_at_1": 0.01645,
        "map_at_3": 0.02492,
        "map_at_5": 0.03082,
        "map_at_10": 0.04073,
        "map_at_20": 0.04484,
        "map_at_100": 0.05031,
        "map_at_1000": 0.05313,
        "recall_at_1": 0.01645,
        "recall_at_3": 0.03702,
        "recall_at_5": 0.05326,
        "recall_at_10": 0.08992,
        "recall_at_20": 0.11998,
        "recall_at_100": 0.25455,
        "recall_at_1000": 0.59238,
        "accuracy": 0.01645,
        "precision_at_1": 0.0678,
        "precision_at_3": 0.0452,
        "precision_at_5": 0.03729,
        "precision_at_10": 0.03136,
        "precision_at_20": 0.02331,
        "precision_at_100": 0.00992,
        "precision_at_1000": 0.00239,
        "mrr_at_1": 0.067797,
        "mrr_at_3": 0.086158,
        "mrr_at_5": 0.091243,
        "mrr_at_10": 0.100172,
        "mrr_at_20": 0.105193,
        "mrr_at_100": 0.110195,
        "mrr_at_1000": 0.111465,
        "nauc_ndcg_at_1_max": -0.012937,
        "nauc_ndcg_at_1_std": 0.419373,
        "nauc_ndcg_at_1_diff1": -0.139624,
        "nauc_ndcg_at_3_max": -0.01872,
        "nauc_ndcg_at_3_std": 0.376796,
        "nauc_ndcg_at_3_diff1": -0.12398,
        "nauc_ndcg_at_5_max": -0.010334,
        "nauc_ndcg_at_5_std": 0.377293,
        "nauc_ndcg_at_5_diff1": -0.133535,
        "nauc_ndcg_at_10_max": 0.033787,
        "nauc_ndcg_at_10_std": 0.399224,
        "nauc_ndcg_at_10_diff1": -0.120694,
        "nauc_ndcg_at_20_max": 0.008835,
        "nauc_ndcg_at_20_std": 0.407316,
        "nauc_ndcg_at_20_diff1": -0.125519,
        "nauc_ndcg_at_100_max": -0.013572,
        "nauc_ndcg_at_100_std": 0.409784,
        "nauc_ndcg_at_100_diff1": -0.107514,
        "nauc_ndcg_at_1000_max": 0.012792,
        "nauc_ndcg_at_1000_std": 0.466056,
        "nauc_ndcg_at_1000_diff1": -0.104961,
        "nauc_map_at_1_max": -0.032072,
        "nauc_map_at_1_std": 0.385936,
        "nauc_map_at_1_diff1": -0.087888,
        "nauc_map_at_3_max": -0.029288,
        "nauc_map_at_3_std": 0.362409,
        "nauc_map_at_3_diff1": -0.118247,
        "nauc_map_at_5_max": 0.0155,
        "nauc_map_at_5_std": 0.429864,
        "nauc_map_at_5_diff1": -0.118971,
        "nauc_map_at_10_max": 0.050853,
        "nauc_map_at_10_std": 0.441702,
        "nauc_map_at_10_diff1": -0.136548,
        "nauc_map_at_20_max": 0.033926,
        "nauc_map_at_20_std": 0.448349,
        "nauc_map_at_20_diff1": -0.141273,
        "nauc_map_at_100_max": 0.019436,
        "nauc_map_at_100_std": 0.440862,
        "nauc_map_at_100_diff1": -0.140043,
        "nauc_map_at_1000_max": 0.022393,
        "nauc_map_at_1000_std": 0.450642,
        "nauc_map_at_1000_diff1": -0.138519,
        "nauc_recall_at_1_max": -0.032072,
        "nauc_recall_at_1_std": 0.385936,
        "nauc_recall_at_1_diff1": -0.087888,
        "nauc_recall_at_3_max": -0.075439,
        "nauc_recall_at_3_std": 0.302102,
        "nauc_recall_at_3_diff1": -0.118733,
        "nauc_recall_at_5_max": -0.005517,
        "nauc_recall_at_5_std": 0.338041,
        "nauc_recall_at_5_diff1": -0.12869,
        "nauc_recall_at_10_max": 0.065959,
        "nauc_recall_at_10_std": 0.380461,
        "nauc_recall_at_10_diff1": -0.112139,
        "nauc_recall_at_20_max": 0.02017,
        "nauc_recall_at_20_std": 0.407679,
        "nauc_recall_at_20_diff1": -0.12193,
        "nauc_recall_at_100_max": -0.031323,
        "nauc_recall_at_100_std": 0.383247,
        "nauc_recall_at_100_diff1": -0.090957,
        "nauc_recall_at_1000_max": 0.052381,
        "nauc_recall_at_1000_std": 0.512536,
        "nauc_recall_at_1000_diff1": -0.08666,
        "nauc_precision_at_1_max": -0.012937,
        "nauc_precision_at_1_std": 0.419373,
        "nauc_precision_at_1_diff1": -0.139624,
        "nauc_precision_at_3_max": 0.005926,
        "nauc_precision_at_3_std": 0.38712,
        "nauc_precision_at_3_diff1": -0.121926,
        "nauc_precision_at_5_max": 0.022756,
        "nauc_precision_at_5_std": 0.425023,
        "nauc_precision_at_5_diff1": -0.133969,
        "nauc_precision_at_10_max": 0.044352,
        "nauc_precision_at_10_std": 0.386,
        "nauc_precision_at_10_diff1": -0.119433,
        "nauc_precision_at_20_max": -0.005345,
        "nauc_precision_at_20_std": 0.371572,
        "nauc_precision_at_20_diff1": -0.123145,
        "nauc_precision_at_100_max": -0.01376,
        "nauc_precision_at_100_std": 0.38928,
        "nauc_precision_at_100_diff1": -0.064431,
        "nauc_precision_at_1000_max": 0.032266,
        "nauc_precision_at_1000_std": 0.362291,
        "nauc_precision_at_1000_diff1": -0.037888,
        "nauc_mrr_at_1_max": -0.012937,
        "nauc_mrr_at_1_std": 0.419373,
        "nauc_mrr_at_1_diff1": -0.139624,
        "nauc_mrr_at_3_max": -0.031649,
        "nauc_mrr_at_3_std": 0.384838,
        "nauc_mrr_at_3_diff1": -0.119211,
        "nauc_mrr_at_5_max": -0.030161,
        "nauc_mrr_at_5_std": 0.364267,
        "nauc_mrr_at_5_diff1": -0.126978,
        "nauc_mrr_at_10_max": -0.016897,
        "nauc_mrr_at_10_std": 0.357729,
        "nauc_mrr_at_10_diff1": -0.110545,
        "nauc_mrr_at_20_max": -0.021845,
        "nauc_mrr_at_20_std": 0.356789,
        "nauc_mrr_at_20_diff1": -0.107248,
        "nauc_mrr_at_100_max": -0.023501,
        "nauc_mrr_at_100_std": 0.362382,
        "nauc_mrr_at_100_diff1": -0.102266,
        "nauc_mrr_at_1000_max": -0.023693,
        "nauc_mrr_at_1000_std": 0.362909,
        "nauc_mrr_at_1000_diff1": -0.104026,
        "cv_recall_at_1": 0.0678,
        "cv_recall_at_3": 0.11864,
        "cv_recall_at_5": 0.14407,
        "cv_recall_at_10": 0.20339,
        "cv_recall_at_20": 0.27966,
        "cv_recall_at_100": 0.5,
        "cv_recall_at_1000": 0.81356,
        "main_score": 0.06767,
        "hf_subset": "default",
        "languages": [
          "eng-Latn"
        ]
      }
    ]
  },
  "evaluation_time": 2802.228581905365,
  "kg_co2_emissions": null,
  "date": null
}