{
  "dataset_revision": "53c489a44a3664ba352c07550b72b4525a5968d5",
  "task_name": "R2MEDPMCTreatmentRetrieval",
  "mteb_version": "2.9.0",
  "scores": {
    "test": [
      {
        "ndcg_at_1": 0.15333,
        "ndcg_at_3": 0.16106,
        "ndcg_at_5": 0.17465,
        "ndcg_at_10": 0.19527,
        "ndcg_at_20": 0.21545,
        "ndcg_at_100": 0.25595,
        "ndcg_at_1000": 0.29227,
        "map_at_1": 0.096,
        "map_at_3": 0.1333,
        "map_at_5": 0.14405,
        "map_at_10": 0.15226,
        "map_at_20": 0.15783,
        "map_at_100": 0.1642,
        "map_at_1000": 0.16579,
        "recall_at_1": 0.096,
        "recall_at_3": 0.16222,
        "recall_at_5": 0.20189,
        "recall_at_10": 0.25556,
        "recall_at_20": 0.31822,
        "recall_at_100": 0.50611,
        "recall_at_1000": 0.74411,
        "accuracy": 0.096,
        "precision_at_1": 0.15333,
        "precision_at_3": 0.09556,
        "precision_at_5": 0.072,
        "precision_at_10": 0.046,
        "precision_at_20": 0.03067,
        "precision_at_100": 0.00987,
        "precision_at_1000": 0.00152,
        "mrr_at_1": 0.153333,
        "mrr_at_3": 0.198889,
        "mrr_at_5": 0.210889,
        "mrr_at_10": 0.22246,
        "mrr_at_20": 0.229359,
        "mrr_at_100": 0.233151,
        "mrr_at_1000": 0.234019,
        "nauc_ndcg_at_1_max": 0.460676,
        "nauc_ndcg_at_1_std": 0.080261,
        "nauc_ndcg_at_1_diff1": 0.374479,
        "nauc_ndcg_at_3_max": 0.374709,
        "nauc_ndcg_at_3_std": 0.08053,
        "nauc_ndcg_at_3_diff1": 0.397674,
        "nauc_ndcg_at_5_max": 0.364941,
        "nauc_ndcg_at_5_std": 0.055461,
        "nauc_ndcg_at_5_diff1": 0.38608,
        "nauc_ndcg_at_10_max": 0.348464,
        "nauc_ndcg_at_10_std": 0.04524,
        "nauc_ndcg_at_10_diff1": 0.349292,
        "nauc_ndcg_at_20_max": 0.317695,
        "nauc_ndcg_at_20_std": 0.032696,
        "nauc_ndcg_at_20_diff1": 0.338128,
        "nauc_ndcg_at_100_max": 0.329667,
        "nauc_ndcg_at_100_std": 0.068317,
        "nauc_ndcg_at_100_diff1": 0.362609,
        "nauc_ndcg_at_1000_max": 0.341447,
        "nauc_ndcg_at_1000_std": 0.087974,
        "nauc_ndcg_at_1000_diff1": 0.362816,
        "nauc_map_at_1_max": 0.396838,
        "nauc_map_at_1_std": 0.038731,
        "nauc_map_at_1_diff1": 0.442138,
        "nauc_map_at_3_max": 0.368414,
        "nauc_map_at_3_std": 0.062521,
        "nauc_map_at_3_diff1": 0.443248,
        "nauc_map_at_5_max": 0.377119,
        "nauc_map_at_5_std": 0.046292,
        "nauc_map_at_5_diff1": 0.429001,
        "nauc_map_at_10_max": 0.3717,
        "nauc_map_at_10_std": 0.040749,
        "nauc_map_at_10_diff1": 0.409791,
        "nauc_map_at_20_max": 0.362328,
        "nauc_map_at_20_std": 0.038934,
        "nauc_map_at_20_diff1": 0.403721,
        "nauc_map_at_100_max": 0.365153,
        "nauc_map_at_100_std": 0.045522,
        "nauc_map_at_100_diff1": 0.407676,
        "nauc_map_at_1000_max": 0.365862,
        "nauc_map_at_1000_std": 0.046751,
        "nauc_map_at_1000_diff1": 0.407668,
        "nauc_recall_at_1_max": 0.396838,
        "nauc_recall_at_1_std": 0.038731,
        "nauc_recall_at_1_diff1": 0.442138,
        "nauc_recall_at_3_max": 0.298692,
        "nauc_recall_at_3_std": 0.091145,
        "nauc_recall_at_3_diff1": 0.407003,
        "nauc_recall_at_5_max": 0.294559,
        "nauc_recall_at_5_std": 0.024387,
        "nauc_recall_at_5_diff1": 0.346757,
        "nauc_recall_at_10_max": 0.24433,
        "nauc_recall_at_10_std": 0.003638,
        "nauc_recall_at_10_diff1": 0.253089,
        "nauc_recall_at_20_max": 0.158465,
        "nauc_recall_at_20_std": -0.035613,
        "nauc_recall_at_20_diff1": 0.206827,
        "nauc_recall_at_100_max": 0.156151,
        "nauc_recall_at_100_std": 0.100269,
        "nauc_recall_at_100_diff1": 0.273398,
        "nauc_recall_at_1000_max": 0.152263,
        "nauc_recall_at_1000_std": 0.266505,
        "nauc_recall_at_1000_diff1": 0.278765,
        "nauc_precision_at_1_max": 0.460676,
        "nauc_precision_at_1_std": 0.080261,
        "nauc_precision_at_1_diff1": 0.374479,
        "nauc_precision_at_3_max": 0.411787,
        "nauc_precision_at_3_std": 0.122936,
        "nauc_precision_at_3_diff1": 0.342761,
        "nauc_precision_at_5_max": 0.434468,
        "nauc_precision_at_5_std": 0.083663,
        "nauc_precision_at_5_diff1": 0.305741,
        "nauc_precision_at_10_max": 0.392353,
        "nauc_precision_at_10_std": 0.053004,
        "nauc_precision_at_10_diff1": 0.213169,
        "nauc_precision_at_20_max": 0.248855,
        "nauc_precision_at_20_std": 0.018991,
        "nauc_precision_at_20_diff1": 0.177953,
        "nauc_precision_at_100_max": 0.240948,
        "nauc_precision_at_100_std": 0.093687,
        "nauc_precision_at_100_diff1": 0.182677,
        "nauc_precision_at_1000_max": 0.189486,
        "nauc_precision_at_1000_std": 0.112466,
        "nauc_precision_at_1000_diff1": 0.059702,
        "nauc_mrr_at_1_max": 0.460676,
        "nauc_mrr_at_1_std": 0.080261,
        "nauc_mrr_at_1_diff1": 0.374479,
        "nauc_mrr_at_3_max": 0.410985,
        "nauc_mrr_at_3_std": 0.100907,
        "nauc_mrr_at_3_diff1": 0.337137,
        "nauc_mrr_at_5_max": 0.402457,
        "nauc_mrr_at_5_std": 0.086101,
        "nauc_mrr_at_5_diff1": 0.32815,
        "nauc_mrr_at_10_max": 0.392251,
        "nauc_mrr_at_10_std": 0.082492,
        "nauc_mrr_at_10_diff1": 0.314981,
        "nauc_mrr_at_20_max": 0.385666,
        "nauc_mrr_at_20_std": 0.079028,
        "nauc_mrr_at_20_diff1": 0.319259,
        "nauc_mrr_at_100_max": 0.387686,
        "nauc_mrr_at_100_std": 0.080681,
        "nauc_mrr_at_100_diff1": 0.320909,
        "nauc_mrr_at_1000_max": 0.388221,
        "nauc_mrr_at_1000_std": 0.081169,
        "nauc_mrr_at_1000_diff1": 0.320834,
        "cv_recall_at_1": 0.15333,
        "cv_recall_at_3": 0.25333,
        "cv_recall_at_5": 0.30667,
        "cv_recall_at_10": 0.39333,
        "cv_recall_at_20": 0.49333,
        "cv_recall_at_100": 0.65333,
        "cv_recall_at_1000": 0.85333,
        "main_score": 0.19527,
        "hf_subset": "default",
        "languages": [
          "eng-Latn"
        ]
      }
    ]
  },
  "evaluation_time": 1022.3929455280304,
  "kg_co2_emissions": null,
  "date": null
}