{
  "dataset_revision": "b457ea43db9ae5db74c3a3e5be0a213d0f85ac3a",
  "task_name": "R2MEDMedXpertQAExamRetrieval",
  "mteb_version": "2.9.0",
  "scores": {
    "test": [
      {
        "ndcg_at_1": 0.03093,
        "ndcg_at_3": 0.02851,
        "ndcg_at_5": 0.03129,
        "ndcg_at_10": 0.04827,
        "ndcg_at_20": 0.05933,
        "ndcg_at_100": 0.0902,
        "ndcg_at_1000": 0.13638,
        "map_at_1": 0.01522,
        "map_at_3": 0.01951,
        "map_at_5": 0.0214,
        "map_at_10": 0.02799,
        "map_at_20": 0.0301,
        "map_at_100": 0.03412,
        "map_at_1000": 0.03588,
        "recall_at_1": 0.01522,
        "recall_at_3": 0.02467,
        "recall_at_5": 0.03326,
        "recall_at_10": 0.07656,
        "recall_at_20": 0.11127,
        "recall_at_100": 0.24719,
        "recall_at_1000": 0.53374,
        "accuracy": 0.01522,
        "precision_at_1": 0.03093,
        "precision_at_3": 0.02062,
        "precision_at_5": 0.01649,
        "precision_at_10": 0.01856,
        "precision_at_20": 0.01392,
        "precision_at_100": 0.00639,
        "precision_at_1000": 0.00148,
        "mrr_at_1": 0.030928,
        "mrr_at_3": 0.044674,
        "mrr_at_5": 0.049313,
        "mrr_at_10": 0.060019,
        "mrr_at_20": 0.065763,
        "mrr_at_100": 0.068911,
        "mrr_at_1000": 0.069896,
        "nauc_ndcg_at_1_max": 0.063353,
        "nauc_ndcg_at_1_std": -0.282359,
        "nauc_ndcg_at_1_diff1": 0.364445,
        "nauc_ndcg_at_3_max": 0.359602,
        "nauc_ndcg_at_3_std": -0.151736,
        "nauc_ndcg_at_3_diff1": 0.384575,
        "nauc_ndcg_at_5_max": 0.281364,
        "nauc_ndcg_at_5_std": -0.085897,
        "nauc_ndcg_at_5_diff1": 0.289381,
        "nauc_ndcg_at_10_max": 0.18775,
        "nauc_ndcg_at_10_std": -0.078163,
        "nauc_ndcg_at_10_diff1": 0.173572,
        "nauc_ndcg_at_20_max": 0.14091,
        "nauc_ndcg_at_20_std": -0.112425,
        "nauc_ndcg_at_20_diff1": 0.145128,
        "nauc_ndcg_at_100_max": 0.168525,
        "nauc_ndcg_at_100_std": 0.027849,
        "nauc_ndcg_at_100_diff1": 0.093156,
        "nauc_ndcg_at_1000_max": 0.229675,
        "nauc_ndcg_at_1000_std": 0.093997,
        "nauc_ndcg_at_1000_diff1": 0.008724,
        "nauc_map_at_1_max": 0.333293,
        "nauc_map_at_1_std": -0.309227,
        "nauc_map_at_1_diff1": 0.611964,
        "nauc_map_at_3_max": 0.406019,
        "nauc_map_at_3_std": -0.199679,
        "nauc_map_at_3_diff1": 0.496027,
        "nauc_map_at_5_max": 0.349948,
        "nauc_map_at_5_std": -0.154013,
        "nauc_map_at_5_diff1": 0.428509,
        "nauc_map_at_10_max": 0.278738,
        "nauc_map_at_10_std": -0.147347,
        "nauc_map_at_10_diff1": 0.332633,
        "nauc_map_at_20_max": 0.259329,
        "nauc_map_at_20_std": -0.157457,
        "nauc_map_at_20_diff1": 0.322558,
        "nauc_map_at_100_max": 0.266006,
        "nauc_map_at_100_std": -0.107882,
        "nauc_map_at_100_diff1": 0.303662,
        "nauc_map_at_1000_max": 0.267361,
        "nauc_map_at_1000_std": -0.102311,
        "nauc_map_at_1000_diff1": 0.290841,
        "nauc_recall_at_1_max": 0.333293,
        "nauc_recall_at_1_std": -0.309227,
        "nauc_recall_at_1_diff1": 0.611964,
        "nauc_recall_at_3_max": 0.4601,
        "nauc_recall_at_3_std": -0.121775,
        "nauc_recall_at_3_diff1": 0.389762,
        "nauc_recall_at_5_max": 0.286971,
        "nauc_recall_at_5_std": 0.01284,
        "nauc_recall_at_5_diff1": 0.218107,
        "nauc_recall_at_10_max": 0.109607,
        "nauc_recall_at_10_std": -0.036344,
        "nauc_recall_at_10_diff1": 0.093588,
        "nauc_recall_at_20_max": 0.037926,
        "nauc_recall_at_20_std": -0.111213,
        "nauc_recall_at_20_diff1": 0.082202,
        "nauc_recall_at_100_max": 0.105535,
        "nauc_recall_at_100_std": 0.133564,
        "nauc_recall_at_100_diff1": 0.014978,
        "nauc_recall_at_1000_max": 0.247312,
        "nauc_recall_at_1000_std": 0.250267,
        "nauc_recall_at_1000_diff1": -0.167931,
        "nauc_precision_at_1_max": 0.063353,
        "nauc_precision_at_1_std": -0.282359,
        "nauc_precision_at_1_diff1": 0.364445,
        "nauc_precision_at_3_max": 0.364093,
        "nauc_precision_at_3_std": -0.054605,
        "nauc_precision_at_3_diff1": 0.175959,
        "nauc_precision_at_5_max": 0.211908,
        "nauc_precision_at_5_std": 0.021352,
        "nauc_precision_at_5_diff1": 0.066112,
        "nauc_precision_at_10_max": 0.134703,
        "nauc_precision_at_10_std": -0.00307,
        "nauc_precision_at_10_diff1": -0.002238,
        "nauc_precision_at_20_max": 0.055003,
        "nauc_precision_at_20_std": -0.068163,
        "nauc_precision_at_20_diff1": -0.081982,
        "nauc_precision_at_100_max": 0.113515,
        "nauc_precision_at_100_std": 0.146243,
        "nauc_precision_at_100_diff1": -0.143415,
        "nauc_precision_at_1000_max": 0.20837,
        "nauc_precision_at_1000_std": 0.242866,
        "nauc_precision_at_1000_diff1": -0.196904,
        "nauc_mrr_at_1_max": 0.063353,
        "nauc_mrr_at_1_std": -0.282359,
        "nauc_mrr_at_1_diff1": 0.364445,
        "nauc_mrr_at_3_max": 0.248201,
        "nauc_mrr_at_3_std": -0.139263,
        "nauc_mrr_at_3_diff1": 0.267262,
        "nauc_mrr_at_5_max": 0.200033,
        "nauc_mrr_at_5_std": -0.110564,
        "nauc_mrr_at_5_diff1": 0.21793,
        "nauc_mrr_at_10_max": 0.156862,
        "nauc_mrr_at_10_std": -0.088834,
        "nauc_mrr_at_10_diff1": 0.16282,
        "nauc_mrr_at_20_max": 0.140405,
        "nauc_mrr_at_20_std": -0.097355,
        "nauc_mrr_at_20_diff1": 0.139889,
        "nauc_mrr_at_100_max": 0.148017,
        "nauc_mrr_at_100_std": -0.077344,
        "nauc_mrr_at_100_diff1": 0.137173,
        "nauc_mrr_at_1000_max": 0.150102,
        "nauc_mrr_at_1000_std": -0.077286,
        "nauc_mrr_at_1000_diff1": 0.13685,
        "cv_recall_at_1": 0.03093,
        "cv_recall_at_3": 0.06186,
        "cv_recall_at_5": 0.08247,
        "cv_recall_at_10": 0.16495,
        "cv_recall_at_20": 0.25773,
        "cv_recall_at_100": 0.42268,
        "cv_recall_at_1000": 0.69072,
        "main_score": 0.04827,
        "hf_subset": "default",
        "languages": [
          "eng-Latn"
        ]
      }
    ]
  },
  "evaluation_time": 2556.7809567451477,
  "kg_co2_emissions": null,
  "date": null
}