{
  "dataset_revision": "54d73a1ea11ea0ae4ec0214ec519c93db79dee88",
  "task_name": "TRECCOVID-VN",
  "mteb_version": "2.9.0",
  "scores": {
    "test": [
      {
        "ndcg_at_1": 0.31818,
        "ndcg_at_3": 0.30625,
        "ndcg_at_5": 0.29827,
        "ndcg_at_10": 0.28225,
        "ndcg_at_20": 0.25948,
        "ndcg_at_100": 0.19932,
        "ndcg_at_1000": 0.16657,
        "map_at_1": 0.00097,
        "map_at_3": 0.00223,
        "map_at_5": 0.00323,
        "map_at_10": 0.00526,
        "map_at_20": 0.00854,
        "map_at_100": 0.02619,
        "map_at_1000": 0.05322,
        "recall_at_1": 0.00097,
        "recall_at_3": 0.0026,
        "recall_at_5": 0.00404,
        "recall_at_10": 0.00751,
        "recall_at_20": 0.01308,
        "recall_at_100": 0.04759,
        "recall_at_1000": 0.15497,
        "accuracy": 0.00097,
        "precision_at_1": 0.36364,
        "precision_at_3": 0.34091,
        "precision_at_5": 0.32727,
        "precision_at_10": 0.3,
        "precision_at_20": 0.26932,
        "precision_at_100": 0.20068,
        "precision_at_1000": 0.07373,
        "mrr_at_1": 0.363636,
        "mrr_at_3": 0.469697,
        "mrr_at_5": 0.479924,
        "mrr_at_10": 0.493047,
        "mrr_at_20": 0.499957,
        "mrr_at_100": 0.503727,
        "mrr_at_1000": 0.503758,
        "nauc_ndcg_at_1_max": 0.383449,
        "nauc_ndcg_at_1_std": 0.430844,
        "nauc_ndcg_at_1_diff1": 0.141117,
        "nauc_ndcg_at_3_max": 0.41377,
        "nauc_ndcg_at_3_std": 0.518169,
        "nauc_ndcg_at_3_diff1": 0.045417,
        "nauc_ndcg_at_5_max": 0.454332,
        "nauc_ndcg_at_5_std": 0.532667,
        "nauc_ndcg_at_5_diff1": 0.025592,
        "nauc_ndcg_at_10_max": 0.450533,
        "nauc_ndcg_at_10_std": 0.587244,
        "nauc_ndcg_at_10_diff1": 0.007157,
        "nauc_ndcg_at_20_max": 0.507986,
        "nauc_ndcg_at_20_std": 0.643452,
        "nauc_ndcg_at_20_diff1": 0.004081,
        "nauc_ndcg_at_100_max": 0.515982,
        "nauc_ndcg_at_100_std": 0.711186,
        "nauc_ndcg_at_100_diff1": -0.001044,
        "nauc_ndcg_at_1000_max": 0.491702,
        "nauc_ndcg_at_1000_std": 0.701074,
        "nauc_ndcg_at_1000_diff1": 0.005453,
        "nauc_map_at_1_max": 0.183324,
        "nauc_map_at_1_std": 0.158831,
        "nauc_map_at_1_diff1": 0.098731,
        "nauc_map_at_3_max": 0.236104,
        "nauc_map_at_3_std": 0.326485,
        "nauc_map_at_3_diff1": -0.040811,
        "nauc_map_at_5_max": 0.279433,
        "nauc_map_at_5_std": 0.393215,
        "nauc_map_at_5_diff1": -0.061923,
        "nauc_map_at_10_max": 0.330484,
        "nauc_map_at_10_std": 0.536199,
        "nauc_map_at_10_diff1": -0.092949,
        "nauc_map_at_20_max": 0.415774,
        "nauc_map_at_20_std": 0.658909,
        "nauc_map_at_20_diff1": -0.084677,
        "nauc_map_at_100_max": 0.522899,
        "nauc_map_at_100_std": 0.813928,
        "nauc_map_at_100_diff1": -0.084002,
        "nauc_map_at_1000_max": 0.588876,
        "nauc_map_at_1000_std": 0.856638,
        "nauc_map_at_1000_diff1": -0.052367,
        "nauc_recall_at_1_max": 0.183324,
        "nauc_recall_at_1_std": 0.158831,
        "nauc_recall_at_1_diff1": 0.098731,
        "nauc_recall_at_3_max": 0.181947,
        "nauc_recall_at_3_std": 0.277573,
        "nauc_recall_at_3_diff1": -0.099893,
        "nauc_recall_at_5_max": 0.235621,
        "nauc_recall_at_5_std": 0.304514,
        "nauc_recall_at_5_diff1": -0.109852,
        "nauc_recall_at_10_max": 0.21582,
        "nauc_recall_at_10_std": 0.374557,
        "nauc_recall_at_10_diff1": -0.133604,
        "nauc_recall_at_20_max": 0.308995,
        "nauc_recall_at_20_std": 0.493482,
        "nauc_recall_at_20_diff1": -0.083343,
        "nauc_recall_at_100_max": 0.378561,
        "nauc_recall_at_100_std": 0.620123,
        "nauc_recall_at_100_diff1": -0.064279,
        "nauc_recall_at_1000_max": 0.45787,
        "nauc_recall_at_1000_std": 0.675131,
        "nauc_recall_at_1000_diff1": 0.020908,
        "nauc_precision_at_1_max": 0.391246,
        "nauc_precision_at_1_std": 0.383814,
        "nauc_precision_at_1_diff1": 0.234448,
        "nauc_precision_at_3_max": 0.443119,
        "nauc_precision_at_3_std": 0.532958,
        "nauc_precision_at_3_diff1": 0.019664,
        "nauc_precision_at_5_max": 0.488252,
        "nauc_precision_at_5_std": 0.51364,
        "nauc_precision_at_5_diff1": -0.012616,
        "nauc_precision_at_10_max": 0.437578,
        "nauc_precision_at_10_std": 0.573359,
        "nauc_precision_at_10_diff1": -0.049272,
        "nauc_precision_at_20_max": 0.521177,
        "nauc_precision_at_20_std": 0.654891,
        "nauc_precision_at_20_diff1": -0.031308,
        "nauc_precision_at_100_max": 0.510462,
        "nauc_precision_at_100_std": 0.708484,
        "nauc_precision_at_100_diff1": -0.024523,
        "nauc_precision_at_1000_max": 0.568909,
        "nauc_precision_at_1000_std": 0.716609,
        "nauc_precision_at_1000_diff1": 0.003156,
        "nauc_mrr_at_1_max": 0.391246,
        "nauc_mrr_at_1_std": 0.383814,
        "nauc_mrr_at_1_diff1": 0.234448,
        "nauc_mrr_at_3_max": 0.385094,
        "nauc_mrr_at_3_std": 0.335064,
        "nauc_mrr_at_3_diff1": 0.172194,
        "nauc_mrr_at_5_max": 0.409921,
        "nauc_mrr_at_5_std": 0.320894,
        "nauc_mrr_at_5_diff1": 0.180223,
        "nauc_mrr_at_10_max": 0.406682,
        "nauc_mrr_at_10_std": 0.320289,
        "nauc_mrr_at_10_diff1": 0.207789,
        "nauc_mrr_at_20_max": 0.411975,
        "nauc_mrr_at_20_std": 0.31745,
        "nauc_mrr_at_20_diff1": 0.199333,
        "nauc_mrr_at_100_max": 0.409386,
        "nauc_mrr_at_100_std": 0.319724,
        "nauc_mrr_at_100_diff1": 0.199354,
        "nauc_mrr_at_1000_max": 0.409341,
        "nauc_mrr_at_1000_std": 0.319811,
        "nauc_mrr_at_1000_diff1": 0.199389,
        "cv_recall_at_1": 0.36364,
        "cv_recall_at_3": 0.59091,
        "cv_recall_at_5": 0.63636,
        "cv_recall_at_10": 0.72727,
        "cv_recall_at_20": 0.81818,
        "cv_recall_at_100": 0.97727,
        "cv_recall_at_1000": 1.0,
        "main_score": 0.28225,
        "hf_subset": "default",
        "languages": [
          "vie-Latn"
        ]
      }
    ]
  },
  "evaluation_time": 11478.772376775742,
  "kg_co2_emissions": null,
  "date": null
}