{
  "dataset_revision": "6661dba4dfedff606537732d9f35f2c3738b081a",
  "task_name": "TVPLRetrieval",
  "mteb_version": "2.9.0",
  "scores": {
    "test": [
      {
        "ndcg_at_1": 0.34992,
        "ndcg_at_3": 0.41289,
        "ndcg_at_5": 0.43362,
        "ndcg_at_10": 0.45383,
        "ndcg_at_20": 0.46988,
        "ndcg_at_100": 0.49219,
        "ndcg_at_1000": 0.51168,
        "map_at_1": 0.33444,
        "map_at_3": 0.39247,
        "map_at_5": 0.40424,
        "map_at_10": 0.41265,
        "map_at_20": 0.41716,
        "map_at_100": 0.42025,
        "map_at_1000": 0.42093,
        "recall_at_1": 0.33444,
        "recall_at_3": 0.45939,
        "recall_at_5": 0.50884,
        "recall_at_10": 0.57024,
        "recall_at_20": 0.63215,
        "recall_at_100": 0.75013,
        "recall_at_1000": 0.90263,
        "accuracy": 0.33444,
        "precision_at_1": 0.34992,
        "precision_at_3": 0.16228,
        "precision_at_5": 0.10822,
        "precision_at_10": 0.06083,
        "precision_at_20": 0.03386,
        "precision_at_100": 0.00811,
        "precision_at_1000": 0.00099,
        "mrr_at_1": 0.349925,
        "mrr_at_3": 0.405458,
        "mrr_at_5": 0.41685,
        "mrr_at_10": 0.425201,
        "mrr_at_20": 0.429576,
        "mrr_at_100": 0.432516,
        "mrr_at_1000": 0.433115,
        "nauc_ndcg_at_1_max": 0.424671,
        "nauc_ndcg_at_1_std": 0.041794,
        "nauc_ndcg_at_1_diff1": 0.618954,
        "nauc_ndcg_at_3_max": 0.430848,
        "nauc_ndcg_at_3_std": 0.063772,
        "nauc_ndcg_at_3_diff1": 0.553376,
        "nauc_ndcg_at_5_max": 0.430081,
        "nauc_ndcg_at_5_std": 0.075362,
        "nauc_ndcg_at_5_diff1": 0.543823,
        "nauc_ndcg_at_10_max": 0.431592,
        "nauc_ndcg_at_10_std": 0.084855,
        "nauc_ndcg_at_10_diff1": 0.53783,
        "nauc_ndcg_at_20_max": 0.431489,
        "nauc_ndcg_at_20_std": 0.090182,
        "nauc_ndcg_at_20_diff1": 0.53414,
        "nauc_ndcg_at_100_max": 0.43099,
        "nauc_ndcg_at_100_std": 0.094662,
        "nauc_ndcg_at_100_diff1": 0.532646,
        "nauc_ndcg_at_1000_max": 0.431258,
        "nauc_ndcg_at_1000_std": 0.090994,
        "nauc_ndcg_at_1000_diff1": 0.538656,
        "nauc_map_at_1_max": 0.413471,
        "nauc_map_at_1_std": 0.041188,
        "nauc_map_at_1_diff1": 0.606949,
        "nauc_map_at_3_max": 0.427281,
        "nauc_map_at_3_std": 0.058028,
        "nauc_map_at_3_diff1": 0.565243,
        "nauc_map_at_5_max": 0.427146,
        "nauc_map_at_5_std": 0.064767,
        "nauc_map_at_5_diff1": 0.559954,
        "nauc_map_at_10_max": 0.427848,
        "nauc_map_at_10_std": 0.06867,
        "nauc_map_at_10_diff1": 0.557725,
        "nauc_map_at_20_max": 0.4279,
        "nauc_map_at_20_std": 0.070144,
        "nauc_map_at_20_diff1": 0.55682,
        "nauc_map_at_100_max": 0.427861,
        "nauc_map_at_100_std": 0.070761,
        "nauc_map_at_100_diff1": 0.556621,
        "nauc_map_at_1000_max": 0.427859,
        "nauc_map_at_1000_std": 0.070669,
        "nauc_map_at_1000_diff1": 0.556846,
        "nauc_recall_at_1_max": 0.413471,
        "nauc_recall_at_1_std": 0.041188,
        "nauc_recall_at_1_diff1": 0.606949,
        "nauc_recall_at_3_max": 0.432901,
        "nauc_recall_at_3_std": 0.077683,
        "nauc_recall_at_3_diff1": 0.508321,
        "nauc_recall_at_5_max": 0.428309,
        "nauc_recall_at_5_std": 0.105069,
        "nauc_recall_at_5_diff1": 0.481113,
        "nauc_recall_at_10_max": 0.433409,
        "nauc_recall_at_10_std": 0.138109,
        "nauc_recall_at_10_diff1": 0.457646,
        "nauc_recall_at_20_max": 0.429243,
        "nauc_recall_at_20_std": 0.164881,
        "nauc_recall_at_20_diff1": 0.430153,
        "nauc_recall_at_100_max": 0.423843,
        "nauc_recall_at_100_std": 0.221111,
        "nauc_recall_at_100_diff1": 0.387205,
        "nauc_recall_at_1000_max": 0.434029,
        "nauc_recall_at_1000_std": 0.28922,
        "nauc_recall_at_1000_diff1": 0.358549,
        "nauc_precision_at_1_max": 0.424671,
        "nauc_precision_at_1_std": 0.041794,
        "nauc_precision_at_1_diff1": 0.618954,
        "nauc_precision_at_3_max": 0.428545,
        "nauc_precision_at_3_std": 0.076641,
        "nauc_precision_at_3_diff1": 0.498164,
        "nauc_precision_at_5_max": 0.419435,
        "nauc_precision_at_5_std": 0.104611,
        "nauc_precision_at_5_diff1": 0.46516,
        "nauc_precision_at_10_max": 0.412186,
        "nauc_precision_at_10_std": 0.132521,
        "nauc_precision_at_10_diff1": 0.432011,
        "nauc_precision_at_20_max": 0.397701,
        "nauc_precision_at_20_std": 0.158822,
        "nauc_precision_at_20_diff1": 0.393845,
        "nauc_precision_at_100_max": 0.345275,
        "nauc_precision_at_100_std": 0.194336,
        "nauc_precision_at_100_diff1": 0.307393,
        "nauc_precision_at_1000_max": 0.171619,
        "nauc_precision_at_1000_std": 0.139648,
        "nauc_precision_at_1000_diff1": 0.131526,
        "nauc_mrr_at_1_max": 0.424671,
        "nauc_mrr_at_1_std": 0.041794,
        "nauc_mrr_at_1_diff1": 0.618954,
        "nauc_mrr_at_3_max": 0.43349,
        "nauc_mrr_at_3_std": 0.05992,
        "nauc_mrr_at_3_diff1": 0.574457,
        "nauc_mrr_at_5_max": 0.432408,
        "nauc_mrr_at_5_std": 0.065875,
        "nauc_mrr_at_5_diff1": 0.568997,
        "nauc_mrr_at_10_max": 0.432716,
        "nauc_mrr_at_10_std": 0.069221,
        "nauc_mrr_at_10_diff1": 0.566452,
        "nauc_mrr_at_20_max": 0.432809,
        "nauc_mrr_at_20_std": 0.070371,
        "nauc_mrr_at_20_diff1": 0.565726,
        "nauc_mrr_at_100_max": 0.432687,
        "nauc_mrr_at_100_std": 0.07077,
        "nauc_mrr_at_100_diff1": 0.56544,
        "nauc_mrr_at_1000_max": 0.432686,
        "nauc_mrr_at_1000_std": 0.07066,
        "nauc_mrr_at_1000_diff1": 0.565657,
        "cv_recall_at_1": 0.34992,
        "cv_recall_at_3": 0.47521,
        "cv_recall_at_5": 0.52509,
        "cv_recall_at_10": 0.58798,
        "cv_recall_at_20": 0.65088,
        "cv_recall_at_100": 0.77006,
        "cv_recall_at_1000": 0.91668,
        "main_score": 0.45383,
        "hf_subset": "default",
        "languages": [
          "vie-Latn"
        ]
      }
    ]
  },
  "evaluation_time": 778.7334363460541,
  "kg_co2_emissions": null,
  "date": null
}