{
  "dataset_revision": "local",
  "task_name": "WikiLV",
  "mteb_version": "2.12.27",
  "scores": {
    "test": [
      {
        "ndcg_at_1": 0.63896,
        "ndcg_at_3": 0.69084,
        "ndcg_at_5": 0.70487,
        "ndcg_at_10": 0.71695,
        "ndcg_at_20": 0.72613,
        "ndcg_at_100": 0.74085,
        "ndcg_at_1000": 0.75185,
        "map_at_1": 0.63896,
        "map_at_3": 0.67835,
        "map_at_5": 0.68616,
        "map_at_10": 0.69111,
        "map_at_20": 0.69362,
        "map_at_100": 0.69562,
        "map_at_1000": 0.69605,
        "recall_at_1": 0.63896,
        "recall_at_3": 0.72687,
        "recall_at_5": 0.76084,
        "recall_at_10": 0.7984,
        "recall_at_20": 0.83477,
        "recall_at_100": 0.91469,
        "recall_at_1000": 1.0,
        "accuracy": 0.63896,
        "precision_at_1": 0.63896,
        "precision_at_3": 0.24229,
        "precision_at_5": 0.15217,
        "precision_at_10": 0.07984,
        "precision_at_20": 0.04174,
        "precision_at_100": 0.00915,
        "precision_at_1000": 0.001,
        "mrr_at_1": 0.638961,
        "mrr_at_3": 0.678355,
        "mrr_at_5": 0.686157,
        "mrr_at_10": 0.691109,
        "mrr_at_20": 0.69362,
        "mrr_at_100": 0.695622,
        "mrr_at_1000": 0.696049,
        "nauc_ndcg_at_1_max": 0.689085,
        "nauc_ndcg_at_1_std": 0.085589,
        "nauc_ndcg_at_1_diff1": 0.857649,
        "nauc_ndcg_at_3_max": 0.687092,
        "nauc_ndcg_at_3_std": 0.105076,
        "nauc_ndcg_at_3_diff1": 0.821387,
        "nauc_ndcg_at_5_max": 0.688686,
        "nauc_ndcg_at_5_std": 0.105861,
        "nauc_ndcg_at_5_diff1": 0.814906,
        "nauc_ndcg_at_10_max": 0.686707,
        "nauc_ndcg_at_10_std": 0.11368,
        "nauc_ndcg_at_10_diff1": 0.80837,
        "nauc_ndcg_at_20_max": 0.689792,
        "nauc_ndcg_at_20_std": 0.121285,
        "nauc_ndcg_at_20_diff1": 0.80848,
        "nauc_ndcg_at_100_max": 0.688692,
        "nauc_ndcg_at_100_std": 0.120689,
        "nauc_ndcg_at_100_diff1": 0.809773,
        "nauc_ndcg_at_1000_max": 0.688554,
        "nauc_ndcg_at_1000_std": 0.112859,
        "nauc_ndcg_at_1000_diff1": 0.816687,
        "nauc_map_at_1_max": 0.689085,
        "nauc_map_at_1_std": 0.085589,
        "nauc_map_at_1_diff1": 0.857649,
        "nauc_map_at_3_max": 0.68753,
        "nauc_map_at_3_std": 0.10015,
        "nauc_map_at_3_diff1": 0.830192,
        "nauc_map_at_5_max": 0.688399,
        "nauc_map_at_5_std": 0.100448,
        "nauc_map_at_5_diff1": 0.826964,
        "nauc_map_at_10_max": 0.687699,
        "nauc_map_at_10_std": 0.103066,
        "nauc_map_at_10_diff1": 0.824657,
        "nauc_map_at_20_max": 0.688522,
        "nauc_map_at_20_std": 0.104957,
        "nauc_map_at_20_diff1": 0.824834,
        "nauc_map_at_100_max": 0.688318,
        "nauc_map_at_100_std": 0.104927,
        "nauc_map_at_100_diff1": 0.825025,
        "nauc_map_at_1000_max": 0.688325,
        "nauc_map_at_1000_std": 0.104704,
        "nauc_map_at_1000_diff1": 0.825275,
        "nauc_recall_at_1_max": 0.689085,
        "nauc_recall_at_1_std": 0.085589,
        "nauc_recall_at_1_diff1": 0.857649,
        "nauc_recall_at_3_max": 0.685706,
        "nauc_recall_at_3_std": 0.120982,
        "nauc_recall_at_3_diff1": 0.79313,
        "nauc_recall_at_5_max": 0.690004,
        "nauc_recall_at_5_std": 0.125088,
        "nauc_recall_at_5_diff1": 0.771418,
        "nauc_recall_at_10_max": 0.681818,
        "nauc_recall_at_10_std": 0.161465,
        "nauc_recall_at_10_diff1": 0.738683,
        "nauc_recall_at_20_max": 0.698664,
        "nauc_recall_at_20_std": 0.215253,
        "nauc_recall_at_20_diff1": 0.725259,
        "nauc_recall_at_100_max": 0.693421,
        "nauc_recall_at_100_std": 0.27848,
        "nauc_recall_at_100_diff1": 0.6777,
        "nauc_recall_at_1000_max": NaN,
        "nauc_recall_at_1000_std": NaN,
        "nauc_recall_at_1000_diff1": NaN,
        "nauc_precision_at_1_max": 0.689085,
        "nauc_precision_at_1_std": 0.085589,
        "nauc_precision_at_1_diff1": 0.857649,
        "nauc_precision_at_3_max": 0.685706,
        "nauc_precision_at_3_std": 0.120982,
        "nauc_precision_at_3_diff1": 0.79313,
        "nauc_precision_at_5_max": 0.690004,
        "nauc_precision_at_5_std": 0.125088,
        "nauc_precision_at_5_diff1": 0.771418,
        "nauc_precision_at_10_max": 0.681818,
        "nauc_precision_at_10_std": 0.161465,
        "nauc_precision_at_10_diff1": 0.738683,
        "nauc_precision_at_20_max": 0.698664,
        "nauc_precision_at_20_std": 0.215253,
        "nauc_precision_at_20_diff1": 0.725259,
        "nauc_precision_at_100_max": 0.693421,
        "nauc_precision_at_100_std": 0.27848,
        "nauc_precision_at_100_diff1": 0.6777,
        "nauc_precision_at_1000_max": 1.0,
        "nauc_precision_at_1000_std": 1.0,
        "nauc_precision_at_1000_diff1": 1.0,
        "nauc_mrr_at_1_max": 0.689085,
        "nauc_mrr_at_1_std": 0.085589,
        "nauc_mrr_at_1_diff1": 0.857649,
        "nauc_mrr_at_3_max": 0.68753,
        "nauc_mrr_at_3_std": 0.10015,
        "nauc_mrr_at_3_diff1": 0.830192,
        "nauc_mrr_at_5_max": 0.688399,
        "nauc_mrr_at_5_std": 0.100448,
        "nauc_mrr_at_5_diff1": 0.826964,
        "nauc_mrr_at_10_max": 0.687699,
        "nauc_mrr_at_10_std": 0.103066,
        "nauc_mrr_at_10_diff1": 0.824657,
        "nauc_mrr_at_20_max": 0.688522,
        "nauc_mrr_at_20_std": 0.104957,
        "nauc_mrr_at_20_diff1": 0.824834,
        "nauc_mrr_at_100_max": 0.688318,
        "nauc_mrr_at_100_std": 0.104927,
        "nauc_mrr_at_100_diff1": 0.825025,
        "nauc_mrr_at_1000_max": 0.688325,
        "nauc_mrr_at_1000_std": 0.104704,
        "nauc_mrr_at_1000_diff1": 0.825275,
        "hit_rate_at_1": 0.63896,
        "hit_rate_at_3": 0.72687,
        "hit_rate_at_5": 0.76084,
        "hit_rate_at_10": 0.7984,
        "hit_rate_at_20": 0.83477,
        "hit_rate_at_100": 0.91469,
        "hit_rate_at_1000": 1.0,
        "main_score": 0.71695,
        "hf_subset": "default",
        "languages": [
          "lav-Latn"
        ]
      }
    ]
  },
  "evaluation_time": 43.90733361244202,
  "kg_co2_emissions": null,
  "date": null
}