{
  "dataset_revision": "b0f12fa0c0dd67f59c95a5c33d02aeeb4c398c5f",
  "task_name": "CodeFeedbackMT",
  "mteb_version": "2.12.16",
  "scores": {
    "test": [
      {
        "ndcg_at_1": 0.21413,
        "ndcg_at_3": 0.27512,
        "ndcg_at_5": 0.29503,
        "ndcg_at_10": 0.3168,
        "ndcg_at_20": 0.33371,
        "ndcg_at_100": 0.36266,
        "ndcg_at_1000": 0.38469,
        "map_at_1": 0.21413,
        "map_at_3": 0.26016,
        "map_at_5": 0.27119,
        "map_at_10": 0.28025,
        "map_at_20": 0.2849,
        "map_at_100": 0.28882,
        "map_at_1000": 0.28957,
        "recall_at_1": 0.21413,
        "recall_at_3": 0.31837,
        "recall_at_5": 0.3668,
        "recall_at_10": 0.43376,
        "recall_at_20": 0.50049,
        "recall_at_100": 0.6579,
        "recall_at_1000": 0.83588,
        "accuracy": 0.21413,
        "precision_at_1": 0.21413,
        "precision_at_3": 0.10612,
        "precision_at_5": 0.07336,
        "precision_at_10": 0.04338,
        "precision_at_20": 0.02502,
        "precision_at_100": 0.00658,
        "precision_at_1000": 0.00084,
        "mrr_at_1": 0.21413,
        "mrr_at_3": 0.260162,
        "mrr_at_5": 0.271192,
        "mrr_at_10": 0.28025,
        "mrr_at_20": 0.284904,
        "mrr_at_100": 0.288821,
        "mrr_at_1000": 0.289572,
        "nauc_ndcg_at_1_max": 0.076306,
        "nauc_ndcg_at_1_std": -0.157284,
        "nauc_ndcg_at_1_diff1": 0.463894,
        "nauc_ndcg_at_3_max": 0.071278,
        "nauc_ndcg_at_3_std": -0.157363,
        "nauc_ndcg_at_3_diff1": 0.412067,
        "nauc_ndcg_at_5_max": 0.069425,
        "nauc_ndcg_at_5_std": -0.158886,
        "nauc_ndcg_at_5_diff1": 0.400988,
        "nauc_ndcg_at_10_max": 0.068013,
        "nauc_ndcg_at_10_std": -0.157793,
        "nauc_ndcg_at_10_diff1": 0.389939,
        "nauc_ndcg_at_20_max": 0.070736,
        "nauc_ndcg_at_20_std": -0.150875,
        "nauc_ndcg_at_20_diff1": 0.383337,
        "nauc_ndcg_at_100_max": 0.081413,
        "nauc_ndcg_at_100_std": -0.132425,
        "nauc_ndcg_at_100_diff1": 0.378694,
        "nauc_ndcg_at_1000_max": 0.086442,
        "nauc_ndcg_at_1000_std": -0.12385,
        "nauc_ndcg_at_1000_diff1": 0.384039,
        "nauc_map_at_1_max": 0.076306,
        "nauc_map_at_1_std": -0.157284,
        "nauc_map_at_1_diff1": 0.463894,
        "nauc_map_at_3_max": 0.07232,
        "nauc_map_at_3_std": -0.157591,
        "nauc_map_at_3_diff1": 0.42348,
        "nauc_map_at_5_max": 0.071289,
        "nauc_map_at_5_std": -0.158467,
        "nauc_map_at_5_diff1": 0.417175,
        "nauc_map_at_10_max": 0.070689,
        "nauc_map_at_10_std": -0.158201,
        "nauc_map_at_10_diff1": 0.412354,
        "nauc_map_at_20_max": 0.071447,
        "nauc_map_at_20_std": -0.156375,
        "nauc_map_at_20_diff1": 0.410566,
        "nauc_map_at_100_max": 0.072859,
        "nauc_map_at_100_std": -0.153902,
        "nauc_map_at_100_diff1": 0.409963,
        "nauc_map_at_1000_max": 0.073062,
        "nauc_map_at_1000_std": -0.153527,
        "nauc_map_at_1000_diff1": 0.410138,
        "nauc_recall_at_1_max": 0.076306,
        "nauc_recall_at_1_std": -0.157284,
        "nauc_recall_at_1_diff1": 0.463894,
        "nauc_recall_at_3_max": 0.068545,
        "nauc_recall_at_3_std": -0.156663,
        "nauc_recall_at_3_diff1": 0.381839,
        "nauc_recall_at_5_max": 0.064313,
        "nauc_recall_at_5_std": -0.160077,
        "nauc_recall_at_5_diff1": 0.357289,
        "nauc_recall_at_10_max": 0.060272,
        "nauc_recall_at_10_std": -0.155998,
        "nauc_recall_at_10_diff1": 0.326377,
        "nauc_recall_at_20_max": 0.070338,
        "nauc_recall_at_20_std": -0.129363,
        "nauc_recall_at_20_diff1": 0.300108,
        "nauc_recall_at_100_max": 0.136081,
        "nauc_recall_at_100_std": -0.011707,
        "nauc_recall_at_100_diff1": 0.253708,
        "nauc_recall_at_1000_max": 0.252895,
        "nauc_recall_at_1000_std": 0.205355,
        "nauc_recall_at_1000_diff1": 0.241832,
        "nauc_precision_at_1_max": 0.076306,
        "nauc_precision_at_1_std": -0.157284,
        "nauc_precision_at_1_diff1": 0.463894,
        "nauc_precision_at_3_max": 0.068545,
        "nauc_precision_at_3_std": -0.156663,
        "nauc_precision_at_3_diff1": 0.381839,
        "nauc_precision_at_5_max": 0.064313,
        "nauc_precision_at_5_std": -0.160077,
        "nauc_precision_at_5_diff1": 0.357289,
        "nauc_precision_at_10_max": 0.060272,
        "nauc_precision_at_10_std": -0.155998,
        "nauc_precision_at_10_diff1": 0.326377,
        "nauc_precision_at_20_max": 0.070338,
        "nauc_precision_at_20_std": -0.129363,
        "nauc_precision_at_20_diff1": 0.300108,
        "nauc_precision_at_100_max": 0.136081,
        "nauc_precision_at_100_std": -0.011707,
        "nauc_precision_at_100_diff1": 0.253708,
        "nauc_precision_at_1000_max": 0.252895,
        "nauc_precision_at_1000_std": 0.205355,
        "nauc_precision_at_1000_diff1": 0.241832,
        "nauc_mrr_at_1_max": 0.076306,
        "nauc_mrr_at_1_std": -0.157284,
        "nauc_mrr_at_1_diff1": 0.463894,
        "nauc_mrr_at_3_max": 0.07232,
        "nauc_mrr_at_3_std": -0.157591,
        "nauc_mrr_at_3_diff1": 0.42348,
        "nauc_mrr_at_5_max": 0.071289,
        "nauc_mrr_at_5_std": -0.158467,
        "nauc_mrr_at_5_diff1": 0.417175,
        "nauc_mrr_at_10_max": 0.070689,
        "nauc_mrr_at_10_std": -0.158201,
        "nauc_mrr_at_10_diff1": 0.412354,
        "nauc_mrr_at_20_max": 0.071448,
        "nauc_mrr_at_20_std": -0.156375,
        "nauc_mrr_at_20_diff1": 0.410566,
        "nauc_mrr_at_100_max": 0.07286,
        "nauc_mrr_at_100_std": -0.153902,
        "nauc_mrr_at_100_diff1": 0.409963,
        "nauc_mrr_at_1000_max": 0.073063,
        "nauc_mrr_at_1000_std": -0.153527,
        "nauc_mrr_at_1000_diff1": 0.410138,
        "hit_rate_at_1": 0.21413,
        "hit_rate_at_3": 0.31837,
        "hit_rate_at_5": 0.3668,
        "hit_rate_at_10": 0.43376,
        "hit_rate_at_20": 0.50049,
        "hit_rate_at_100": 0.6579,
        "hit_rate_at_1000": 0.83588,
        "main_score": 0.3168,
        "hf_subset": "default",
        "languages": [
          "eng-Latn"
        ]
      }
    ]
  },
  "evaluation_time": 6296.772083282471,
  "kg_co2_emissions": null,
  "date": null
}