{
  "dataset_revision": "f22508f96b7a36c2415181ed8bb76f76e04ae2d5",
  "task_name": "AppsRetrieval",
  "mteb_version": "2.12.27",
  "scores": {
    "test": [
      {
        "ndcg_at_1": 0.73413,
        "ndcg_at_3": 0.80886,
        "ndcg_at_5": 0.82482,
        "ndcg_at_10": 0.83667,
        "ndcg_at_20": 0.84269,
        "ndcg_at_100": 0.84795,
        "ndcg_at_1000": 0.84961,
        "map_at_1": 0.73413,
        "map_at_3": 0.7915,
        "map_at_5": 0.80041,
        "map_at_10": 0.8053,
        "map_at_20": 0.80694,
        "map_at_100": 0.8077,
        "map_at_1000": 0.80776,
        "recall_at_1": 0.73413,
        "recall_at_3": 0.8587,
        "recall_at_5": 0.89721,
        "recall_at_10": 0.93386,
        "recall_at_20": 0.95777,
        "recall_at_100": 0.98566,
        "recall_at_1000": 0.99841,
        "accuracy": 0.73413,
        "precision_at_1": 0.73413,
        "precision_at_3": 0.28623,
        "precision_at_5": 0.17944,
        "precision_at_10": 0.09339,
        "precision_at_20": 0.04789,
        "precision_at_100": 0.00986,
        "precision_at_1000": 0.001,
        "mrr_at_1": 0.73413,
        "mrr_at_3": 0.791368,
        "mrr_at_5": 0.800345,
        "mrr_at_10": 0.805229,
        "mrr_at_20": 0.806869,
        "mrr_at_100": 0.80763,
        "mrr_at_1000": 0.807698,
        "nauc_ndcg_at_1_max": 0.628979,
        "nauc_ndcg_at_1_std": -0.333513,
        "nauc_ndcg_at_1_diff1": 0.814643,
        "nauc_ndcg_at_3_max": 0.677354,
        "nauc_ndcg_at_3_std": -0.306461,
        "nauc_ndcg_at_3_diff1": 0.777078,
        "nauc_ndcg_at_5_max": 0.671194,
        "nauc_ndcg_at_5_std": -0.306565,
        "nauc_ndcg_at_5_diff1": 0.77328,
        "nauc_ndcg_at_10_max": 0.668892,
        "nauc_ndcg_at_10_std": -0.303956,
        "nauc_ndcg_at_10_diff1": 0.777372,
        "nauc_ndcg_at_20_max": 0.669425,
        "nauc_ndcg_at_20_std": -0.302129,
        "nauc_ndcg_at_20_diff1": 0.780951,
        "nauc_ndcg_at_100_max": 0.66568,
        "nauc_ndcg_at_100_std": -0.304342,
        "nauc_ndcg_at_100_diff1": 0.783713,
        "nauc_ndcg_at_1000_max": 0.66429,
        "nauc_ndcg_at_1000_std": -0.307585,
        "nauc_ndcg_at_1000_diff1": 0.784765,
        "nauc_map_at_1_max": 0.628979,
        "nauc_map_at_1_std": -0.333513,
        "nauc_map_at_1_diff1": 0.814643,
        "nauc_map_at_3_max": 0.66414,
        "nauc_map_at_3_std": -0.314805,
        "nauc_map_at_3_diff1": 0.787409,
        "nauc_map_at_5_max": 0.660605,
        "nauc_map_at_5_std": -0.315162,
        "nauc_map_at_5_diff1": 0.785978,
        "nauc_map_at_10_max": 0.659657,
        "nauc_map_at_10_std": -0.31415,
        "nauc_map_at_10_diff1": 0.787814,
        "nauc_map_at_20_max": 0.65973,
        "nauc_map_at_20_std": -0.31402,
        "nauc_map_at_20_diff1": 0.788789,
        "nauc_map_at_100_max": 0.659319,
        "nauc_map_at_100_std": -0.314095,
        "nauc_map_at_100_diff1": 0.78912,
        "nauc_map_at_1000_max": 0.65928,
        "nauc_map_at_1000_std": -0.314155,
        "nauc_map_at_1000_diff1": 0.789161,
        "nauc_recall_at_1_max": 0.628979,
        "nauc_recall_at_1_std": -0.333513,
        "nauc_recall_at_1_diff1": 0.814643,
        "nauc_recall_at_3_max": 0.729815,
        "nauc_recall_at_3_std": -0.272735,
        "nauc_recall_at_3_diff1": 0.736016,
        "nauc_recall_at_5_max": 0.722813,
        "nauc_recall_at_5_std": -0.262471,
        "nauc_recall_at_5_diff1": 0.707999,
        "nauc_recall_at_10_max": 0.732972,
        "nauc_recall_at_10_std": -0.224649,
        "nauc_recall_at_10_diff1": 0.700089,
        "nauc_recall_at_20_max": 0.775046,
        "nauc_recall_at_20_std": -0.149399,
        "nauc_recall_at_20_diff1": 0.702419,
        "nauc_recall_at_100_max": 0.778632,
        "nauc_recall_at_100_std": -0.004293,
        "nauc_recall_at_100_diff1": 0.694737,
        "nauc_recall_at_1000_max": 0.722608,
        "nauc_recall_at_1000_std": -0.007727,
        "nauc_recall_at_1000_diff1": 0.658893,
        "nauc_precision_at_1_max": 0.628979,
        "nauc_precision_at_1_std": -0.333513,
        "nauc_precision_at_1_diff1": 0.814643,
        "nauc_precision_at_3_max": 0.729815,
        "nauc_precision_at_3_std": -0.272735,
        "nauc_precision_at_3_diff1": 0.736016,
        "nauc_precision_at_5_max": 0.722813,
        "nauc_precision_at_5_std": -0.262471,
        "nauc_precision_at_5_diff1": 0.707999,
        "nauc_precision_at_10_max": 0.732972,
        "nauc_precision_at_10_std": -0.224649,
        "nauc_precision_at_10_diff1": 0.700089,
        "nauc_precision_at_20_max": 0.775046,
        "nauc_precision_at_20_std": -0.149399,
        "nauc_precision_at_20_diff1": 0.702419,
        "nauc_precision_at_100_max": 0.778632,
        "nauc_precision_at_100_std": -0.004293,
        "nauc_precision_at_100_diff1": 0.694737,
        "nauc_precision_at_1000_max": 0.722608,
        "nauc_precision_at_1000_std": -0.007727,
        "nauc_precision_at_1000_diff1": 0.658893,
        "nauc_mrr_at_1_max": 0.628979,
        "nauc_mrr_at_1_std": -0.333513,
        "nauc_mrr_at_1_diff1": 0.814643,
        "nauc_mrr_at_3_max": 0.664255,
        "nauc_mrr_at_3_std": -0.314247,
        "nauc_mrr_at_3_diff1": 0.787156,
        "nauc_mrr_at_5_max": 0.66062,
        "nauc_mrr_at_5_std": -0.314945,
        "nauc_mrr_at_5_diff1": 0.785919,
        "nauc_mrr_at_10_max": 0.659672,
        "nauc_mrr_at_10_std": -0.313927,
        "nauc_mrr_at_10_diff1": 0.787753,
        "nauc_mrr_at_20_max": 0.659746,
        "nauc_mrr_at_20_std": -0.313794,
        "nauc_mrr_at_20_diff1": 0.788727,
        "nauc_mrr_at_100_max": 0.659335,
        "nauc_mrr_at_100_std": -0.313869,
        "nauc_mrr_at_100_diff1": 0.789058,
        "nauc_mrr_at_1000_max": 0.659296,
        "nauc_mrr_at_1000_std": -0.313929,
        "nauc_mrr_at_1000_diff1": 0.789098,
        "hit_rate_at_1": 0.73413,
        "hit_rate_at_3": 0.8587,
        "hit_rate_at_5": 0.89721,
        "hit_rate_at_10": 0.93386,
        "hit_rate_at_20": 0.95777,
        "hit_rate_at_100": 0.98566,
        "hit_rate_at_1000": 0.99841,
        "main_score": 0.83667,
        "hf_subset": "default",
        "languages": [
          "eng-Latn",
          "python-Code"
        ]
      }
    ]
  },
  "evaluation_time": 50.50165915489197,
  "kg_co2_emissions": null,
  "date": null
}