{
  "dataset_revision": "6184bc1440d2dbc7612be22b50686b8826d22b32",
  "task_name": "CQADupstackProgrammersRetrieval",
  "mteb_version": "2.12.27",
  "scores": {
    "test": [
      {
        "ndcg_at_1": 0.27968,
        "ndcg_at_3": 0.32734,
        "ndcg_at_5": 0.34918,
        "ndcg_at_10": 0.38142,
        "ndcg_at_20": 0.40507,
        "ndcg_at_100": 0.44474,
        "ndcg_at_1000": 0.46671,
        "map_at_1": 0.22655,
        "map_at_3": 0.2901,
        "map_at_5": 0.3074,
        "map_at_10": 0.32376,
        "map_at_20": 0.33127,
        "map_at_100": 0.33819,
        "map_at_1000": 0.3392,
        "recall_at_1": 0.22655,
        "recall_at_3": 0.35638,
        "recall_at_5": 0.41375,
        "recall_at_10": 0.50764,
        "recall_at_20": 0.59216,
        "recall_at_100": 0.77913,
        "recall_at_1000": 0.93098,
        "accuracy": 0.22655,
        "precision_at_1": 0.27968,
        "precision_at_3": 0.15982,
        "precision_at_5": 0.11553,
        "precision_at_10": 0.07283,
        "precision_at_20": 0.04395,
        "precision_at_100": 0.01233,
        "precision_at_1000": 0.00156,
        "mrr_at_1": 0.27968,
        "mrr_at_3": 0.344178,
        "mrr_at_5": 0.355822,
        "mrr_at_10": 0.369025,
        "mrr_at_20": 0.374636,
        "mrr_at_100": 0.378827,
        "mrr_at_1000": 0.379363,
        "nauc_ndcg_at_1_max": 0.32429,
        "nauc_ndcg_at_1_std": 0.068886,
        "nauc_ndcg_at_1_diff1": 0.384256,
        "nauc_ndcg_at_3_max": 0.298133,
        "nauc_ndcg_at_3_std": 0.067986,
        "nauc_ndcg_at_3_diff1": 0.339569,
        "nauc_ndcg_at_5_max": 0.31557,
        "nauc_ndcg_at_5_std": 0.080699,
        "nauc_ndcg_at_5_diff1": 0.333439,
        "nauc_ndcg_at_10_max": 0.317133,
        "nauc_ndcg_at_10_std": 0.106,
        "nauc_ndcg_at_10_diff1": 0.33364,
        "nauc_ndcg_at_20_max": 0.322091,
        "nauc_ndcg_at_20_std": 0.117209,
        "nauc_ndcg_at_20_diff1": 0.32493,
        "nauc_ndcg_at_100_max": 0.3454,
        "nauc_ndcg_at_100_std": 0.139651,
        "nauc_ndcg_at_100_diff1": 0.328572,
        "nauc_ndcg_at_1000_max": 0.340155,
        "nauc_ndcg_at_1000_std": 0.130846,
        "nauc_ndcg_at_1000_diff1": 0.334375,
        "nauc_map_at_1_max": 0.268535,
        "nauc_map_at_1_std": 0.024889,
        "nauc_map_at_1_diff1": 0.394777,
        "nauc_map_at_3_max": 0.279482,
        "nauc_map_at_3_std": 0.050512,
        "nauc_map_at_3_diff1": 0.356137,
        "nauc_map_at_5_max": 0.296585,
        "nauc_map_at_5_std": 0.062551,
        "nauc_map_at_5_diff1": 0.35234,
        "nauc_map_at_10_max": 0.302103,
        "nauc_map_at_10_std": 0.076682,
        "nauc_map_at_10_diff1": 0.351855,
        "nauc_map_at_20_max": 0.305133,
        "nauc_map_at_20_std": 0.080969,
        "nauc_map_at_20_diff1": 0.348432,
        "nauc_map_at_100_max": 0.31026,
        "nauc_map_at_100_std": 0.085262,
        "nauc_map_at_100_diff1": 0.348734,
        "nauc_map_at_1000_max": 0.310266,
        "nauc_map_at_1000_std": 0.085199,
        "nauc_map_at_1000_diff1": 0.348996,
        "nauc_recall_at_1_max": 0.268535,
        "nauc_recall_at_1_std": 0.024889,
        "nauc_recall_at_1_diff1": 0.394777,
        "nauc_recall_at_3_max": 0.267117,
        "nauc_recall_at_3_std": 0.063025,
        "nauc_recall_at_3_diff1": 0.304932,
        "nauc_recall_at_5_max": 0.297007,
        "nauc_recall_at_5_std": 0.087628,
        "nauc_recall_at_5_diff1": 0.284622,
        "nauc_recall_at_10_max": 0.297137,
        "nauc_recall_at_10_std": 0.159648,
        "nauc_recall_at_10_diff1": 0.281112,
        "nauc_recall_at_20_max": 0.302794,
        "nauc_recall_at_20_std": 0.202684,
        "nauc_recall_at_20_diff1": 0.242798,
        "nauc_recall_at_100_max": 0.443089,
        "nauc_recall_at_100_std": 0.40366,
        "nauc_recall_at_100_diff1": 0.241643,
        "nauc_recall_at_1000_max": 0.528016,
        "nauc_recall_at_1000_std": 0.642435,
        "nauc_recall_at_1000_diff1": 0.30531,
        "nauc_precision_at_1_max": 0.32429,
        "nauc_precision_at_1_std": 0.068886,
        "nauc_precision_at_1_diff1": 0.384256,
        "nauc_precision_at_3_max": 0.306944,
        "nauc_precision_at_3_std": 0.122315,
        "nauc_precision_at_3_diff1": 0.262741,
        "nauc_precision_at_5_max": 0.33831,
        "nauc_precision_at_5_std": 0.155326,
        "nauc_precision_at_5_diff1": 0.212017,
        "nauc_precision_at_10_max": 0.32688,
        "nauc_precision_at_10_std": 0.203166,
        "nauc_precision_at_10_diff1": 0.18211,
        "nauc_precision_at_20_max": 0.329709,
        "nauc_precision_at_20_std": 0.227064,
        "nauc_precision_at_20_diff1": 0.116644,
        "nauc_precision_at_100_max": 0.296889,
        "nauc_precision_at_100_std": 0.235101,
        "nauc_precision_at_100_diff1": 0.037785,
        "nauc_precision_at_1000_max": 0.127995,
        "nauc_precision_at_1000_std": 0.116971,
        "nauc_precision_at_1000_diff1": -0.037943,
        "nauc_mrr_at_1_max": 0.32429,
        "nauc_mrr_at_1_std": 0.068886,
        "nauc_mrr_at_1_diff1": 0.384256,
        "nauc_mrr_at_3_max": 0.327673,
        "nauc_mrr_at_3_std": 0.079689,
        "nauc_mrr_at_3_diff1": 0.341162,
        "nauc_mrr_at_5_max": 0.335448,
        "nauc_mrr_at_5_std": 0.085527,
        "nauc_mrr_at_5_diff1": 0.33489,
        "nauc_mrr_at_10_max": 0.335419,
        "nauc_mrr_at_10_std": 0.096832,
        "nauc_mrr_at_10_diff1": 0.333971,
        "nauc_mrr_at_20_max": 0.334934,
        "nauc_mrr_at_20_std": 0.097693,
        "nauc_mrr_at_20_diff1": 0.332752,
        "nauc_mrr_at_100_max": 0.336983,
        "nauc_mrr_at_100_std": 0.099027,
        "nauc_mrr_at_100_diff1": 0.333607,
        "nauc_mrr_at_1000_max": 0.33687,
        "nauc_mrr_at_1000_std": 0.098792,
        "nauc_mrr_at_1000_diff1": 0.333803,
        "hit_rate_at_1": 0.27968,
        "hit_rate_at_3": 0.42922,
        "hit_rate_at_5": 0.48059,
        "hit_rate_at_10": 0.57534,
        "hit_rate_at_20": 0.65868,
        "hit_rate_at_100": 0.82534,
        "hit_rate_at_1000": 0.9532,
        "main_score": 0.38142,
        "hf_subset": "default",
        "languages": [
          "eng-Latn"
        ]
      }
    ]
  },
  "evaluation_time": 92.14423632621765,
  "kg_co2_emissions": null,
  "date": null
}