{
  "dataset_revision": "9be4c0e46342e8e3aff577a89b9a1ec9bc6b4af3",
  "task_name": "CQADupstackAndroidRetrieval",
  "mteb_version": "2.12.27",
  "scores": {
    "test": [
      {
        "ndcg_at_1": 0.35622,
        "ndcg_at_3": 0.40718,
        "ndcg_at_5": 0.42957,
        "ndcg_at_10": 0.45822,
        "ndcg_at_20": 0.48436,
        "ndcg_at_100": 0.52037,
        "ndcg_at_1000": 0.54001,
        "map_at_1": 0.28751,
        "map_at_3": 0.36127,
        "map_at_5": 0.3791,
        "map_at_10": 0.39555,
        "map_at_20": 0.40543,
        "map_at_100": 0.41315,
        "map_at_1000": 0.41452,
        "recall_at_1": 0.28751,
        "recall_at_3": 0.43263,
        "recall_at_5": 0.49443,
        "recall_at_10": 0.57869,
        "recall_at_20": 0.67362,
        "recall_at_100": 0.8411,
        "recall_at_1000": 0.96361,
        "accuracy": 0.28751,
        "precision_at_1": 0.35622,
        "precision_at_3": 0.19838,
        "precision_at_5": 0.14392,
        "precision_at_10": 0.09142,
        "precision_at_20": 0.05615,
        "precision_at_100": 0.01578,
        "precision_at_1000": 0.00206,
        "mrr_at_1": 0.356223,
        "mrr_at_3": 0.422747,
        "mrr_at_5": 0.438841,
        "mrr_at_10": 0.448517,
        "mrr_at_20": 0.454418,
        "mrr_at_100": 0.457799,
        "mrr_at_1000": 0.458242,
        "nauc_ndcg_at_1_max": 0.315383,
        "nauc_ndcg_at_1_std": -0.065614,
        "nauc_ndcg_at_1_diff1": 0.449476,
        "nauc_ndcg_at_3_max": 0.320498,
        "nauc_ndcg_at_3_std": -0.037329,
        "nauc_ndcg_at_3_diff1": 0.44041,
        "nauc_ndcg_at_5_max": 0.338213,
        "nauc_ndcg_at_5_std": -0.025126,
        "nauc_ndcg_at_5_diff1": 0.438056,
        "nauc_ndcg_at_10_max": 0.332929,
        "nauc_ndcg_at_10_std": -0.018477,
        "nauc_ndcg_at_10_diff1": 0.429001,
        "nauc_ndcg_at_20_max": 0.326525,
        "nauc_ndcg_at_20_std": -0.00845,
        "nauc_ndcg_at_20_diff1": 0.426401,
        "nauc_ndcg_at_100_max": 0.333663,
        "nauc_ndcg_at_100_std": -0.001091,
        "nauc_ndcg_at_100_diff1": 0.42664,
        "nauc_ndcg_at_1000_max": 0.337415,
        "nauc_ndcg_at_1000_std": -0.007048,
        "nauc_ndcg_at_1000_diff1": 0.429218,
        "nauc_map_at_1_max": 0.271548,
        "nauc_map_at_1_std": -0.074033,
        "nauc_map_at_1_diff1": 0.47918,
        "nauc_map_at_3_max": 0.300028,
        "nauc_map_at_3_std": -0.061376,
        "nauc_map_at_3_diff1": 0.448966,
        "nauc_map_at_5_max": 0.317942,
        "nauc_map_at_5_std": -0.050803,
        "nauc_map_at_5_diff1": 0.446275,
        "nauc_map_at_10_max": 0.321947,
        "nauc_map_at_10_std": -0.044562,
        "nauc_map_at_10_diff1": 0.444981,
        "nauc_map_at_20_max": 0.323678,
        "nauc_map_at_20_std": -0.038424,
        "nauc_map_at_20_diff1": 0.44422,
        "nauc_map_at_100_max": 0.327403,
        "nauc_map_at_100_std": -0.035835,
        "nauc_map_at_100_diff1": 0.444932,
        "nauc_map_at_1000_max": 0.327683,
        "nauc_map_at_1000_std": -0.035923,
        "nauc_map_at_1000_diff1": 0.44484,
        "nauc_recall_at_1_max": 0.271548,
        "nauc_recall_at_1_std": -0.074033,
        "nauc_recall_at_1_diff1": 0.47918,
        "nauc_recall_at_3_max": 0.28471,
        "nauc_recall_at_3_std": -0.039473,
        "nauc_recall_at_3_diff1": 0.407268,
        "nauc_recall_at_5_max": 0.319243,
        "nauc_recall_at_5_std": -0.004254,
        "nauc_recall_at_5_diff1": 0.390432,
        "nauc_recall_at_10_max": 0.300345,
        "nauc_recall_at_10_std": 0.020162,
        "nauc_recall_at_10_diff1": 0.361471,
        "nauc_recall_at_20_max": 0.285137,
        "nauc_recall_at_20_std": 0.073037,
        "nauc_recall_at_20_diff1": 0.345075,
        "nauc_recall_at_100_max": 0.310075,
        "nauc_recall_at_100_std": 0.212825,
        "nauc_recall_at_100_diff1": 0.30499,
        "nauc_recall_at_1000_max": 0.610867,
        "nauc_recall_at_1000_std": 0.622947,
        "nauc_recall_at_1000_diff1": 0.243314,
        "nauc_precision_at_1_max": 0.315383,
        "nauc_precision_at_1_std": -0.065614,
        "nauc_precision_at_1_diff1": 0.449476,
        "nauc_precision_at_3_max": 0.327219,
        "nauc_precision_at_3_std": 0.031684,
        "nauc_precision_at_3_diff1": 0.299532,
        "nauc_precision_at_5_max": 0.358206,
        "nauc_precision_at_5_std": 0.076439,
        "nauc_precision_at_5_diff1": 0.245631,
        "nauc_precision_at_10_max": 0.294378,
        "nauc_precision_at_10_std": 0.110059,
        "nauc_precision_at_10_diff1": 0.147901,
        "nauc_precision_at_20_max": 0.21621,
        "nauc_precision_at_20_std": 0.142108,
        "nauc_precision_at_20_diff1": 0.072527,
        "nauc_precision_at_100_max": 0.131437,
        "nauc_precision_at_100_std": 0.14,
        "nauc_precision_at_100_diff1": -0.025131,
        "nauc_precision_at_1000_max": 0.002737,
        "nauc_precision_at_1000_std": 0.064455,
        "nauc_precision_at_1000_diff1": -0.101562,
        "nauc_mrr_at_1_max": 0.315383,
        "nauc_mrr_at_1_std": -0.065614,
        "nauc_mrr_at_1_diff1": 0.449476,
        "nauc_mrr_at_3_max": 0.326179,
        "nauc_mrr_at_3_std": -0.042341,
        "nauc_mrr_at_3_diff1": 0.439089,
        "nauc_mrr_at_5_max": 0.333296,
        "nauc_mrr_at_5_std": -0.031369,
        "nauc_mrr_at_5_diff1": 0.435581,
        "nauc_mrr_at_10_max": 0.32986,
        "nauc_mrr_at_10_std": -0.029041,
        "nauc_mrr_at_10_diff1": 0.431654,
        "nauc_mrr_at_20_max": 0.328961,
        "nauc_mrr_at_20_std": -0.029159,
        "nauc_mrr_at_20_diff1": 0.433239,
        "nauc_mrr_at_100_max": 0.329718,
        "nauc_mrr_at_100_std": -0.029262,
        "nauc_mrr_at_100_diff1": 0.433882,
        "nauc_mrr_at_1000_max": 0.329952,
        "nauc_mrr_at_1000_std": -0.029352,
        "nauc_mrr_at_1000_diff1": 0.433897,
        "hit_rate_at_1": 0.35622,
        "hit_rate_at_3": 0.51216,
        "hit_rate_at_5": 0.58369,
        "hit_rate_at_10": 0.65951,
        "hit_rate_at_20": 0.74392,
        "hit_rate_at_100": 0.88269,
        "hit_rate_at_1000": 0.97568,
        "main_score": 0.45822,
        "hf_subset": "default",
        "languages": [
          "eng-Latn"
        ]
      }
    ]
  },
  "evaluation_time": 62.95511484146118,
  "kg_co2_emissions": null,
  "date": null
}