{
  "dataset_revision": "7b46f5ebd2365278c1bb025986dda2fee893bbf5",
  "task_name": "StackOverflowQA",
  "mteb_version": "2.12.27",
  "scores": {
    "test": [
      {
        "ndcg_at_1": 0.84152,
        "ndcg_at_3": 0.88352,
        "ndcg_at_5": 0.89306,
        "ndcg_at_10": 0.89987,
        "ndcg_at_20": 0.9046,
        "ndcg_at_100": 0.90731,
        "ndcg_at_1000": 0.90818,
        "map_at_1": 0.84152,
        "map_at_3": 0.8737,
        "map_at_5": 0.87902,
        "map_at_10": 0.88182,
        "map_at_20": 0.88314,
        "map_at_100": 0.88352,
        "map_at_1000": 0.88355,
        "recall_at_1": 0.84152,
        "recall_at_3": 0.91174,
        "recall_at_5": 0.9348,
        "recall_at_10": 0.95587,
        "recall_at_20": 0.97442,
        "recall_at_100": 0.98897,
        "recall_at_1000": 0.99599,
        "accuracy": 0.84152,
        "precision_at_1": 0.84152,
        "precision_at_3": 0.30391,
        "precision_at_5": 0.18696,
        "precision_at_10": 0.09559,
        "precision_at_20": 0.04872,
        "precision_at_100": 0.00989,
        "precision_at_1000": 0.001,
        "mrr_at_1": 0.841525,
        "mrr_at_3": 0.873704,
        "mrr_at_5": 0.87902,
        "mrr_at_10": 0.881822,
        "mrr_at_20": 0.883143,
        "mrr_at_100": 0.88352,
        "mrr_at_1000": 0.88355,
        "nauc_ndcg_at_1_max": 0.786592,
        "nauc_ndcg_at_1_std": -0.166803,
        "nauc_ndcg_at_1_diff1": 0.888856,
        "nauc_ndcg_at_3_max": 0.800512,
        "nauc_ndcg_at_3_std": -0.148851,
        "nauc_ndcg_at_3_diff1": 0.862345,
        "nauc_ndcg_at_5_max": 0.806118,
        "nauc_ndcg_at_5_std": -0.135567,
        "nauc_ndcg_at_5_diff1": 0.866138,
        "nauc_ndcg_at_10_max": 0.806802,
        "nauc_ndcg_at_10_std": -0.137454,
        "nauc_ndcg_at_10_diff1": 0.867976,
        "nauc_ndcg_at_20_max": 0.803258,
        "nauc_ndcg_at_20_std": -0.144064,
        "nauc_ndcg_at_20_diff1": 0.869174,
        "nauc_ndcg_at_100_max": 0.803929,
        "nauc_ndcg_at_100_std": -0.140227,
        "nauc_ndcg_at_100_diff1": 0.870445,
        "nauc_ndcg_at_1000_max": 0.80307,
        "nauc_ndcg_at_1000_std": -0.142583,
        "nauc_ndcg_at_1000_diff1": 0.870817,
        "nauc_map_at_1_max": 0.786592,
        "nauc_map_at_1_std": -0.166803,
        "nauc_map_at_1_diff1": 0.888856,
        "nauc_map_at_3_max": 0.797218,
        "nauc_map_at_3_std": -0.153066,
        "nauc_map_at_3_diff1": 0.869336,
        "nauc_map_at_5_max": 0.800033,
        "nauc_map_at_5_std": -0.146569,
        "nauc_map_at_5_diff1": 0.87164,
        "nauc_map_at_10_max": 0.800174,
        "nauc_map_at_10_std": -0.147242,
        "nauc_map_at_10_diff1": 0.872385,
        "nauc_map_at_20_max": 0.799275,
        "nauc_map_at_20_std": -0.149069,
        "nauc_map_at_20_diff1": 0.87278,
        "nauc_map_at_100_max": 0.799405,
        "nauc_map_at_100_std": -0.148384,
        "nauc_map_at_100_diff1": 0.87294,
        "nauc_map_at_1000_max": 0.79938,
        "nauc_map_at_1000_std": -0.14844,
        "nauc_map_at_1000_diff1": 0.872948,
        "nauc_recall_at_1_max": 0.786592,
        "nauc_recall_at_1_std": -0.166803,
        "nauc_recall_at_1_diff1": 0.888856,
        "nauc_recall_at_3_max": 0.813203,
        "nauc_recall_at_3_std": -0.132631,
        "nauc_recall_at_3_diff1": 0.834894,
        "nauc_recall_at_5_max": 0.837921,
        "nauc_recall_at_5_std": -0.076468,
        "nauc_recall_at_5_diff1": 0.83901,
        "nauc_recall_at_10_max": 0.857081,
        "nauc_recall_at_10_std": -0.064719,
        "nauc_recall_at_10_diff1": 0.839062,
        "nauc_recall_at_20_max": 0.843691,
        "nauc_recall_at_20_std": -0.099146,
        "nauc_recall_at_20_diff1": 0.832874,
        "nauc_recall_at_100_max": 0.918842,
        "nauc_recall_at_100_std": 0.086666,
        "nauc_recall_at_100_diff1": 0.842134,
        "nauc_recall_at_1000_max": 0.967328,
        "nauc_recall_at_1000_std": 0.040636,
        "nauc_recall_at_1000_diff1": 0.863165,
        "nauc_precision_at_1_max": 0.786592,
        "nauc_precision_at_1_std": -0.166803,
        "nauc_precision_at_1_diff1": 0.888856,
        "nauc_precision_at_3_max": 0.813203,
        "nauc_precision_at_3_std": -0.132631,
        "nauc_precision_at_3_diff1": 0.834894,
        "nauc_precision_at_5_max": 0.837921,
        "nauc_precision_at_5_std": -0.076468,
        "nauc_precision_at_5_diff1": 0.83901,
        "nauc_precision_at_10_max": 0.857081,
        "nauc_precision_at_10_std": -0.064719,
        "nauc_precision_at_10_diff1": 0.839062,
        "nauc_precision_at_20_max": 0.843691,
        "nauc_precision_at_20_std": -0.099146,
        "nauc_precision_at_20_diff1": 0.832874,
        "nauc_precision_at_100_max": 0.918842,
        "nauc_precision_at_100_std": 0.086666,
        "nauc_precision_at_100_diff1": 0.842134,
        "nauc_precision_at_1000_max": 0.967328,
        "nauc_precision_at_1000_std": 0.040636,
        "nauc_precision_at_1000_diff1": 0.863165,
        "nauc_mrr_at_1_max": 0.786592,
        "nauc_mrr_at_1_std": -0.166803,
        "nauc_mrr_at_1_diff1": 0.888856,
        "nauc_mrr_at_3_max": 0.797218,
        "nauc_mrr_at_3_std": -0.153066,
        "nauc_mrr_at_3_diff1": 0.869336,
        "nauc_mrr_at_5_max": 0.800033,
        "nauc_mrr_at_5_std": -0.146569,
        "nauc_mrr_at_5_diff1": 0.87164,
        "nauc_mrr_at_10_max": 0.800174,
        "nauc_mrr_at_10_std": -0.147242,
        "nauc_mrr_at_10_diff1": 0.872385,
        "nauc_mrr_at_20_max": 0.799275,
        "nauc_mrr_at_20_std": -0.149069,
        "nauc_mrr_at_20_diff1": 0.87278,
        "nauc_mrr_at_100_max": 0.799405,
        "nauc_mrr_at_100_std": -0.148384,
        "nauc_mrr_at_100_diff1": 0.87294,
        "nauc_mrr_at_1000_max": 0.79938,
        "nauc_mrr_at_1000_std": -0.14844,
        "nauc_mrr_at_1000_diff1": 0.872948,
        "hit_rate_at_1": 0.84152,
        "hit_rate_at_3": 0.91174,
        "hit_rate_at_5": 0.9348,
        "hit_rate_at_10": 0.95587,
        "hit_rate_at_20": 0.97442,
        "hit_rate_at_100": 0.98897,
        "hit_rate_at_1000": 0.99599,
        "main_score": 0.89987,
        "hf_subset": "default",
        "languages": [
          "eng-Latn"
        ]
      }
    ]
  },
  "evaluation_time": 74.76333570480347,
  "kg_co2_emissions": null,
  "date": null
}