{
  "dataset_revision": "5014f29d7fdde6f9073a75b72be53ed73eed60c6",
  "task_name": "BillSumCA",
  "mteb_version": "2.9.0",
  "scores": {
    "test": [
      {
        "ndcg_at_1": 0.876,
        "ndcg_at_3": 0.93321,
        "ndcg_at_5": 0.93898,
        "ndcg_at_10": 0.94236,
        "ndcg_at_20": 0.94292,
        "ndcg_at_100": 0.94367,
        "ndcg_at_1000": 0.94367,
        "map_at_1": 0.876,
        "map_at_3": 0.92033,
        "map_at_5": 0.92353,
        "map_at_10": 0.92502,
        "map_at_20": 0.9252,
        "map_at_100": 0.9253,
        "map_at_1000": 0.9253,
        "recall_at_1": 0.876,
        "recall_at_3": 0.97,
        "recall_at_5": 0.984,
        "recall_at_10": 0.994,
        "recall_at_20": 0.996,
        "recall_at_100": 1.0,
        "recall_at_1000": 1.0,
        "accuracy": 0.876,
        "precision_at_1": 0.876,
        "precision_at_3": 0.32333,
        "precision_at_5": 0.1968,
        "precision_at_10": 0.0994,
        "precision_at_20": 0.0498,
        "precision_at_100": 0.01,
        "precision_at_1000": 0.001,
        "mrr_at_1": 0.876,
        "mrr_at_3": 0.920333,
        "mrr_at_5": 0.923533,
        "mrr_at_10": 0.925019,
        "mrr_at_20": 0.925201,
        "mrr_at_100": 0.925303,
        "mrr_at_1000": 0.925303,
        "nauc_ndcg_at_1_max": 0.552764,
        "nauc_ndcg_at_1_std": -0.308713,
        "nauc_ndcg_at_1_diff1": 0.869913,
        "nauc_ndcg_at_3_max": 0.634124,
        "nauc_ndcg_at_3_std": -0.30952,
        "nauc_ndcg_at_3_diff1": 0.832107,
        "nauc_ndcg_at_5_max": 0.618663,
        "nauc_ndcg_at_5_std": -0.298301,
        "nauc_ndcg_at_5_diff1": 0.848029,
        "nauc_ndcg_at_10_max": 0.610836,
        "nauc_ndcg_at_10_std": -0.310998,
        "nauc_ndcg_at_10_diff1": 0.854657,
        "nauc_ndcg_at_20_max": 0.608258,
        "nauc_ndcg_at_20_std": -0.308479,
        "nauc_ndcg_at_20_diff1": 0.853207,
        "nauc_ndcg_at_100_max": 0.603799,
        "nauc_ndcg_at_100_std": -0.303467,
        "nauc_ndcg_at_100_diff1": 0.852989,
        "nauc_ndcg_at_1000_max": 0.603799,
        "nauc_ndcg_at_1000_std": -0.303467,
        "nauc_ndcg_at_1000_diff1": 0.852989,
        "nauc_map_at_1_max": 0.552764,
        "nauc_map_at_1_std": -0.308713,
        "nauc_map_at_1_diff1": 0.869913,
        "nauc_map_at_3_max": 0.610202,
        "nauc_map_at_3_std": -0.302139,
        "nauc_map_at_3_diff1": 0.844201,
        "nauc_map_at_5_max": 0.602459,
        "nauc_map_at_5_std": -0.29626,
        "nauc_map_at_5_diff1": 0.852071,
        "nauc_map_at_10_max": 0.599657,
        "nauc_map_at_10_std": -0.302479,
        "nauc_map_at_10_diff1": 0.854454,
        "nauc_map_at_20_max": 0.598987,
        "nauc_map_at_20_std": -0.301831,
        "nauc_map_at_20_diff1": 0.854093,
        "nauc_map_at_100_max": 0.59851,
        "nauc_map_at_100_std": -0.301246,
        "nauc_map_at_100_diff1": 0.854072,
        "nauc_map_at_1000_max": 0.59851,
        "nauc_map_at_1000_std": -0.301246,
        "nauc_map_at_1000_diff1": 0.854072,
        "nauc_recall_at_1_max": 0.552764,
        "nauc_recall_at_1_std": -0.308713,
        "nauc_recall_at_1_diff1": 0.869913,
        "nauc_recall_at_3_max": 0.806909,
        "nauc_recall_at_3_std": -0.37258,
        "nauc_recall_at_3_diff1": 0.743417,
        "nauc_recall_at_5_max": 0.815009,
        "nauc_recall_at_5_std": -0.337243,
        "nauc_recall_at_5_diff1": 0.804797,
        "nauc_recall_at_10_max": 0.912854,
        "nauc_recall_at_10_std": -0.628852,
        "nauc_recall_at_10_diff1": 0.912854,
        "nauc_recall_at_20_max": 0.934641,
        "nauc_recall_at_20_std": -0.661531,
        "nauc_recall_at_20_diff1": 0.869281,
        "nauc_recall_at_100_max": NaN,
        "nauc_recall_at_100_std": NaN,
        "nauc_recall_at_100_diff1": NaN,
        "nauc_recall_at_1000_max": NaN,
        "nauc_recall_at_1000_std": NaN,
        "nauc_recall_at_1000_diff1": NaN,
        "nauc_precision_at_1_max": 0.552764,
        "nauc_precision_at_1_std": -0.308713,
        "nauc_precision_at_1_diff1": 0.869913,
        "nauc_precision_at_3_max": 0.806909,
        "nauc_precision_at_3_std": -0.37258,
        "nauc_precision_at_3_diff1": 0.743417,
        "nauc_precision_at_5_max": 0.815009,
        "nauc_precision_at_5_std": -0.337243,
        "nauc_precision_at_5_diff1": 0.804797,
        "nauc_precision_at_10_max": 0.912854,
        "nauc_precision_at_10_std": -0.628852,
        "nauc_precision_at_10_diff1": 0.912854,
        "nauc_precision_at_20_max": 0.934641,
        "nauc_precision_at_20_std": -0.661531,
        "nauc_precision_at_20_diff1": 0.869281,
        "nauc_precision_at_100_max": 1.0,
        "nauc_precision_at_100_std": 1.0,
        "nauc_precision_at_100_diff1": 1.0,
        "nauc_precision_at_1000_max": 1.0,
        "nauc_precision_at_1000_std": 1.0,
        "nauc_precision_at_1000_diff1": 1.0,
        "nauc_mrr_at_1_max": 0.552764,
        "nauc_mrr_at_1_std": -0.308713,
        "nauc_mrr_at_1_diff1": 0.869913,
        "nauc_mrr_at_3_max": 0.610202,
        "nauc_mrr_at_3_std": -0.302139,
        "nauc_mrr_at_3_diff1": 0.844201,
        "nauc_mrr_at_5_max": 0.602459,
        "nauc_mrr_at_5_std": -0.29626,
        "nauc_mrr_at_5_diff1": 0.852071,
        "nauc_mrr_at_10_max": 0.599657,
        "nauc_mrr_at_10_std": -0.302479,
        "nauc_mrr_at_10_diff1": 0.854454,
        "nauc_mrr_at_20_max": 0.598987,
        "nauc_mrr_at_20_std": -0.301831,
        "nauc_mrr_at_20_diff1": 0.854093,
        "nauc_mrr_at_100_max": 0.598506,
        "nauc_mrr_at_100_std": -0.301248,
        "nauc_mrr_at_100_diff1": 0.854071,
        "nauc_mrr_at_1000_max": 0.598506,
        "nauc_mrr_at_1000_std": -0.301248,
        "nauc_mrr_at_1000_diff1": 0.854071,
        "cv_recall_at_1": 0.876,
        "cv_recall_at_3": 0.97,
        "cv_recall_at_5": 0.984,
        "cv_recall_at_10": 0.994,
        "cv_recall_at_20": 0.996,
        "cv_recall_at_100": 1.0,
        "cv_recall_at_1000": 1.0,
        "main_score": 0.94236,
        "hf_subset": "default",
        "languages": [
          "eng-Latn"
        ]
      }
    ]
  },
  "evaluation_time": 83.57155179977417,
  "kg_co2_emissions": null,
  "date": null
}