{
  "dataset_revision": "0c063eb9b2f3085bbbc48f8d51f21a179254187e",
  "task_name": "BillSumUS",
  "mteb_version": "2.9.0",
  "scores": {
    "test": [
      {
        "ndcg_at_1": 0.988,
        "ndcg_at_3": 0.99305,
        "ndcg_at_5": 0.99305,
        "ndcg_at_10": 0.99305,
        "ndcg_at_20": 0.99305,
        "ndcg_at_100": 0.99383,
        "ndcg_at_1000": 0.99383,
        "map_at_1": 0.988,
        "map_at_3": 0.992,
        "map_at_5": 0.992,
        "map_at_10": 0.992,
        "map_at_20": 0.992,
        "map_at_100": 0.99212,
        "map_at_1000": 0.99212,
        "recall_at_1": 0.988,
        "recall_at_3": 0.996,
        "recall_at_5": 0.996,
        "recall_at_10": 0.996,
        "recall_at_20": 0.996,
        "recall_at_100": 1.0,
        "recall_at_1000": 1.0,
        "accuracy": 0.988,
        "precision_at_1": 0.988,
        "precision_at_3": 0.332,
        "precision_at_5": 0.1992,
        "precision_at_10": 0.0996,
        "precision_at_20": 0.0498,
        "precision_at_100": 0.01,
        "precision_at_1000": 0.001,
        "mrr_at_1": 0.988,
        "mrr_at_3": 0.992,
        "mrr_at_5": 0.992,
        "mrr_at_10": 0.992,
        "mrr_at_20": 0.992,
        "mrr_at_100": 0.992122,
        "mrr_at_1000": 0.992122,
        "nauc_ndcg_at_1_max": 0.978214,
        "nauc_ndcg_at_1_std": 0.572518,
        "nauc_ndcg_at_1_diff1": 0.978214,
        "nauc_ndcg_at_3_max": 0.986122,
        "nauc_ndcg_at_3_std": 0.72769,
        "nauc_ndcg_at_3_diff1": 0.962397,
        "nauc_ndcg_at_5_max": 0.986122,
        "nauc_ndcg_at_5_std": 0.72769,
        "nauc_ndcg_at_5_diff1": 0.962397,
        "nauc_ndcg_at_10_max": 0.986122,
        "nauc_ndcg_at_10_std": 0.72769,
        "nauc_ndcg_at_10_diff1": 0.962397,
        "nauc_ndcg_at_20_max": 0.986122,
        "nauc_ndcg_at_20_std": 0.72769,
        "nauc_ndcg_at_20_diff1": 0.962397,
        "nauc_ndcg_at_100_max": 0.984351,
        "nauc_ndcg_at_100_std": 0.692939,
        "nauc_ndcg_at_100_diff1": 0.966078,
        "nauc_ndcg_at_1000_max": 0.984351,
        "nauc_ndcg_at_1000_std": 0.692939,
        "nauc_ndcg_at_1000_diff1": 0.966078,
        "nauc_map_at_1_max": 0.978214,
        "nauc_map_at_1_std": 0.572518,
        "nauc_map_at_1_diff1": 0.978214,
        "nauc_map_at_3_max": 0.98366,
        "nauc_map_at_3_std": 0.679388,
        "nauc_map_at_3_diff1": 0.96732,
        "nauc_map_at_5_max": 0.98366,
        "nauc_map_at_5_std": 0.679388,
        "nauc_map_at_5_diff1": 0.96732,
        "nauc_map_at_10_max": 0.98366,
        "nauc_map_at_10_std": 0.679388,
        "nauc_map_at_10_diff1": 0.96732,
        "nauc_map_at_20_max": 0.98366,
        "nauc_map_at_20_std": 0.679388,
        "nauc_map_at_20_diff1": 0.96732,
        "nauc_map_at_100_max": 0.983408,
        "nauc_map_at_100_std": 0.674437,
        "nauc_map_at_100_diff1": 0.967886,
        "nauc_map_at_1000_max": 0.983408,
        "nauc_map_at_1000_std": 0.674437,
        "nauc_map_at_1000_diff1": 0.967886,
        "nauc_recall_at_1_max": 0.978214,
        "nauc_recall_at_1_std": 0.572518,
        "nauc_recall_at_1_diff1": 0.978214,
        "nauc_recall_at_3_max": 1.0,
        "nauc_recall_at_3_std": 1.0,
        "nauc_recall_at_3_diff1": 0.934641,
        "nauc_recall_at_5_max": 1.0,
        "nauc_recall_at_5_std": 1.0,
        "nauc_recall_at_5_diff1": 0.934641,
        "nauc_recall_at_10_max": 1.0,
        "nauc_recall_at_10_std": 1.0,
        "nauc_recall_at_10_diff1": 0.934641,
        "nauc_recall_at_20_max": 1.0,
        "nauc_recall_at_20_std": 1.0,
        "nauc_recall_at_20_diff1": 0.934641,
        "nauc_recall_at_100_max": NaN,
        "nauc_recall_at_100_std": NaN,
        "nauc_recall_at_100_diff1": NaN,
        "nauc_recall_at_1000_max": NaN,
        "nauc_recall_at_1000_std": NaN,
        "nauc_recall_at_1000_diff1": NaN,
        "nauc_precision_at_1_max": 0.978214,
        "nauc_precision_at_1_std": 0.572518,
        "nauc_precision_at_1_diff1": 0.978214,
        "nauc_precision_at_3_max": 1.0,
        "nauc_precision_at_3_std": 1.0,
        "nauc_precision_at_3_diff1": 0.934641,
        "nauc_precision_at_5_max": 1.0,
        "nauc_precision_at_5_std": 1.0,
        "nauc_precision_at_5_diff1": 0.934641,
        "nauc_precision_at_10_max": 1.0,
        "nauc_precision_at_10_std": 1.0,
        "nauc_precision_at_10_diff1": 0.934641,
        "nauc_precision_at_20_max": 1.0,
        "nauc_precision_at_20_std": 1.0,
        "nauc_precision_at_20_diff1": 0.934641,
        "nauc_precision_at_100_max": 1.0,
        "nauc_precision_at_100_std": 1.0,
        "nauc_precision_at_100_diff1": 1.0,
        "nauc_precision_at_1000_max": 1.0,
        "nauc_precision_at_1000_std": 1.0,
        "nauc_precision_at_1000_diff1": 1.0,
        "nauc_mrr_at_1_max": 0.978214,
        "nauc_mrr_at_1_std": 0.572518,
        "nauc_mrr_at_1_diff1": 0.978214,
        "nauc_mrr_at_3_max": 0.98366,
        "nauc_mrr_at_3_std": 0.679388,
        "nauc_mrr_at_3_diff1": 0.96732,
        "nauc_mrr_at_5_max": 0.98366,
        "nauc_mrr_at_5_std": 0.679388,
        "nauc_mrr_at_5_diff1": 0.96732,
        "nauc_mrr_at_10_max": 0.98366,
        "nauc_mrr_at_10_std": 0.679388,
        "nauc_mrr_at_10_diff1": 0.96732,
        "nauc_mrr_at_20_max": 0.98366,
        "nauc_mrr_at_20_std": 0.679388,
        "nauc_mrr_at_20_diff1": 0.96732,
        "nauc_mrr_at_100_max": 0.983408,
        "nauc_mrr_at_100_std": 0.674437,
        "nauc_mrr_at_100_diff1": 0.967886,
        "nauc_mrr_at_1000_max": 0.983408,
        "nauc_mrr_at_1000_std": 0.674437,
        "nauc_mrr_at_1000_diff1": 0.967886,
        "cv_recall_at_1": 0.988,
        "cv_recall_at_3": 0.996,
        "cv_recall_at_5": 0.996,
        "cv_recall_at_10": 0.996,
        "cv_recall_at_20": 0.996,
        "cv_recall_at_100": 1.0,
        "cv_recall_at_1000": 1.0,
        "main_score": 0.99305,
        "hf_subset": "default",
        "languages": [
          "eng-Latn"
        ]
      }
    ]
  },
  "evaluation_time": 71.94660186767578,
  "kg_co2_emissions": null,
  "date": null
}