{
  "dataset_revision": "3d593fde907860102a282b4a6ea7fb1e1f1f83dd",
  "task_name": "BIRCO-Relic",
  "mteb_version": "2.9.0",
  "scores": {
    "test": [
      {
        "ndcg_at_1": 0.04,
        "ndcg_at_3": 0.06393,
        "ndcg_at_5": 0.07553,
        "ndcg_at_10": 0.08266,
        "ndcg_at_20": 0.10539,
        "ndcg_at_100": 0.15092,
        "ndcg_at_1000": 0.19992,
        "map_at_1": 0.04,
        "map_at_3": 0.05833,
        "map_at_5": 0.06433,
        "map_at_10": 0.06767,
        "map_at_20": 0.07387,
        "map_at_100": 0.0805,
        "map_at_1000": 0.08211,
        "recall_at_1": 0.04,
        "recall_at_3": 0.08,
        "recall_at_5": 0.11,
        "recall_at_10": 0.13,
        "recall_at_20": 0.22,
        "recall_at_100": 0.46,
        "recall_at_1000": 0.86,
        "accuracy": 0.04,
        "precision_at_1": 0.04,
        "precision_at_3": 0.02667,
        "precision_at_5": 0.022,
        "precision_at_10": 0.013,
        "precision_at_20": 0.011,
        "precision_at_100": 0.0046,
        "precision_at_1000": 0.00086,
        "mrr_at_1": 0.04,
        "mrr_at_3": 0.058333,
        "mrr_at_5": 0.064333,
        "mrr_at_10": 0.067667,
        "mrr_at_20": 0.073874,
        "mrr_at_100": 0.080503,
        "mrr_at_1000": 0.082105,
        "nauc_ndcg_at_1_max": -0.20318,
        "nauc_ndcg_at_1_std": -0.368862,
        "nauc_ndcg_at_1_diff1": 0.529514,
        "nauc_ndcg_at_3_max": -0.280547,
        "nauc_ndcg_at_3_std": -0.341475,
        "nauc_ndcg_at_3_diff1": 0.348078,
        "nauc_ndcg_at_5_max": -0.245359,
        "nauc_ndcg_at_5_std": -0.289654,
        "nauc_ndcg_at_5_diff1": 0.271288,
        "nauc_ndcg_at_10_max": -0.262531,
        "nauc_ndcg_at_10_std": -0.30418,
        "nauc_ndcg_at_10_diff1": 0.221981,
        "nauc_ndcg_at_20_max": -0.219919,
        "nauc_ndcg_at_20_std": -0.255601,
        "nauc_ndcg_at_20_diff1": 0.19872,
        "nauc_ndcg_at_100_max": -0.111858,
        "nauc_ndcg_at_100_std": -0.180915,
        "nauc_ndcg_at_100_diff1": 0.244272,
        "nauc_ndcg_at_1000_max": -0.158229,
        "nauc_ndcg_at_1000_std": -0.166992,
        "nauc_ndcg_at_1000_diff1": 0.195419,
        "nauc_map_at_1_max": -0.20318,
        "nauc_map_at_1_std": -0.368862,
        "nauc_map_at_1_diff1": 0.529514,
        "nauc_map_at_3_max": -0.266365,
        "nauc_map_at_3_std": -0.342857,
        "nauc_map_at_3_diff1": 0.376588,
        "nauc_map_at_5_max": -0.246339,
        "nauc_map_at_5_std": -0.311502,
        "nauc_map_at_5_diff1": 0.327912,
        "nauc_map_at_10_max": -0.255936,
        "nauc_map_at_10_std": -0.318917,
        "nauc_map_at_10_diff1": 0.298365,
        "nauc_map_at_20_max": -0.239778,
        "nauc_map_at_20_std": -0.299173,
        "nauc_map_at_20_diff1": 0.286087,
        "nauc_map_at_100_max": -0.217565,
        "nauc_map_at_100_std": -0.289832,
        "nauc_map_at_100_diff1": 0.293786,
        "nauc_map_at_1000_max": -0.220011,
        "nauc_map_at_1000_std": -0.289157,
        "nauc_map_at_1000_diff1": 0.291697,
        "nauc_recall_at_1_max": -0.20318,
        "nauc_recall_at_1_std": -0.368862,
        "nauc_recall_at_1_diff1": 0.529514,
        "nauc_recall_at_3_max": -0.310806,
        "nauc_recall_at_3_std": -0.339516,
        "nauc_recall_at_3_diff1": 0.288536,
        "nauc_recall_at_5_max": -0.239928,
        "nauc_recall_at_5_std": -0.246747,
        "nauc_recall_at_5_diff1": 0.165211,
        "nauc_recall_at_10_max": -0.27228,
        "nauc_recall_at_10_std": -0.278346,
        "nauc_recall_at_10_diff1": 0.08576,
        "nauc_recall_at_20_max": -0.182195,
        "nauc_recall_at_20_std": -0.187339,
        "nauc_recall_at_20_diff1": 0.077571,
        "nauc_recall_at_100_max": 0.08804,
        "nauc_recall_at_100_std": 0.02155,
        "nauc_recall_at_100_diff1": 0.213017,
        "nauc_recall_at_1000_max": 0.005716,
        "nauc_recall_at_1000_std": 0.441077,
        "nauc_recall_at_1000_diff1": -0.243869,
        "nauc_precision_at_1_max": -0.20318,
        "nauc_precision_at_1_std": -0.368862,
        "nauc_precision_at_1_diff1": 0.529514,
        "nauc_precision_at_3_max": -0.310806,
        "nauc_precision_at_3_std": -0.339516,
        "nauc_precision_at_3_diff1": 0.288536,
        "nauc_precision_at_5_max": -0.239928,
        "nauc_precision_at_5_std": -0.246747,
        "nauc_precision_at_5_diff1": 0.165211,
        "nauc_precision_at_10_max": -0.27228,
        "nauc_precision_at_10_std": -0.278346,
        "nauc_precision_at_10_diff1": 0.08576,
        "nauc_precision_at_20_max": -0.182195,
        "nauc_precision_at_20_std": -0.187339,
        "nauc_precision_at_20_diff1": 0.077571,
        "nauc_precision_at_100_max": 0.08804,
        "nauc_precision_at_100_std": 0.02155,
        "nauc_precision_at_100_diff1": 0.213017,
        "nauc_precision_at_1000_max": 0.005716,
        "nauc_precision_at_1000_std": 0.441077,
        "nauc_precision_at_1000_diff1": -0.243869,
        "nauc_mrr_at_1_max": -0.20318,
        "nauc_mrr_at_1_std": -0.368862,
        "nauc_mrr_at_1_diff1": 0.529514,
        "nauc_mrr_at_3_max": -0.266365,
        "nauc_mrr_at_3_std": -0.342857,
        "nauc_mrr_at_3_diff1": 0.376588,
        "nauc_mrr_at_5_max": -0.246339,
        "nauc_mrr_at_5_std": -0.311502,
        "nauc_mrr_at_5_diff1": 0.327912,
        "nauc_mrr_at_10_max": -0.255936,
        "nauc_mrr_at_10_std": -0.318917,
        "nauc_mrr_at_10_diff1": 0.298365,
        "nauc_mrr_at_20_max": -0.239778,
        "nauc_mrr_at_20_std": -0.299173,
        "nauc_mrr_at_20_diff1": 0.286087,
        "nauc_mrr_at_100_max": -0.217565,
        "nauc_mrr_at_100_std": -0.289832,
        "nauc_mrr_at_100_diff1": 0.293786,
        "nauc_mrr_at_1000_max": -0.220011,
        "nauc_mrr_at_1000_std": -0.289157,
        "nauc_mrr_at_1000_diff1": 0.291697,
        "cv_recall_at_1": 0.04,
        "cv_recall_at_3": 0.08,
        "cv_recall_at_5": 0.11,
        "cv_recall_at_10": 0.13,
        "cv_recall_at_20": 0.22,
        "cv_recall_at_100": 0.46,
        "cv_recall_at_1000": 0.86,
        "main_score": 0.08266,
        "hf_subset": "default",
        "languages": [
          "eng-Latn"
        ]
      }
    ]
  },
  "evaluation_time": 117.22041893005371,
  "kg_co2_emissions": null,
  "date": null
}