{
  "dataset_revision": "5377aa18f309ec440ff6325a4c2cd3362c2cb8d7",
  "task_name": "ChemRxivRetrieval",
  "mteb_version": "2.9.0",
  "scores": {
    "test": [
      {
        "ndcg_at_1": 0.688,
        "ndcg_at_3": 0.78816,
        "ndcg_at_5": 0.80744,
        "ndcg_at_10": 0.81996,
        "ndcg_at_20": 0.82549,
        "ndcg_at_100": 0.83024,
        "ndcg_at_1000": 0.83158,
        "map_at_1": 0.688,
        "map_at_3": 0.76427,
        "map_at_5": 0.77502,
        "map_at_10": 0.78032,
        "map_at_20": 0.78187,
        "map_at_100": 0.78259,
        "map_at_1000": 0.78265,
        "recall_at_1": 0.688,
        "recall_at_3": 0.857,
        "recall_at_5": 0.9036,
        "recall_at_10": 0.9416,
        "recall_at_20": 0.9632,
        "recall_at_100": 0.988,
        "recall_at_1000": 0.9984,
        "accuracy": 0.688,
        "precision_at_1": 0.688,
        "precision_at_3": 0.28567,
        "precision_at_5": 0.18072,
        "precision_at_10": 0.09416,
        "precision_at_20": 0.04816,
        "precision_at_100": 0.00988,
        "precision_at_1000": 0.001,
        "mrr_at_1": 0.6884,
        "mrr_at_3": 0.764467,
        "mrr_at_5": 0.775177,
        "mrr_at_10": 0.780522,
        "mrr_at_20": 0.782072,
        "mrr_at_100": 0.78279,
        "mrr_at_1000": 0.782844,
        "nauc_ndcg_at_1_max": 0.34042,
        "nauc_ndcg_at_1_std": -0.165795,
        "nauc_ndcg_at_1_diff1": 0.748013,
        "nauc_ndcg_at_3_max": 0.397195,
        "nauc_ndcg_at_3_std": -0.138982,
        "nauc_ndcg_at_3_diff1": 0.710618,
        "nauc_ndcg_at_5_max": 0.403645,
        "nauc_ndcg_at_5_std": -0.119922,
        "nauc_ndcg_at_5_diff1": 0.70862,
        "nauc_ndcg_at_10_max": 0.411034,
        "nauc_ndcg_at_10_std": -0.110417,
        "nauc_ndcg_at_10_diff1": 0.718137,
        "nauc_ndcg_at_20_max": 0.404278,
        "nauc_ndcg_at_20_std": -0.114447,
        "nauc_ndcg_at_20_diff1": 0.718764,
        "nauc_ndcg_at_100_max": 0.394578,
        "nauc_ndcg_at_100_std": -0.123168,
        "nauc_ndcg_at_100_diff1": 0.720279,
        "nauc_ndcg_at_1000_max": 0.391529,
        "nauc_ndcg_at_1000_std": -0.127332,
        "nauc_ndcg_at_1000_diff1": 0.720811,
        "nauc_map_at_1_max": 0.34042,
        "nauc_map_at_1_std": -0.165795,
        "nauc_map_at_1_diff1": 0.748013,
        "nauc_map_at_3_max": 0.37966,
        "nauc_map_at_3_std": -0.147577,
        "nauc_map_at_3_diff1": 0.719745,
        "nauc_map_at_5_max": 0.381868,
        "nauc_map_at_5_std": -0.138813,
        "nauc_map_at_5_diff1": 0.719135,
        "nauc_map_at_10_max": 0.383695,
        "nauc_map_at_10_std": -0.13604,
        "nauc_map_at_10_diff1": 0.722742,
        "nauc_map_at_20_max": 0.382003,
        "nauc_map_at_20_std": -0.137173,
        "nauc_map_at_20_diff1": 0.722888,
        "nauc_map_at_100_max": 0.380855,
        "nauc_map_at_100_std": -0.138163,
        "nauc_map_at_100_diff1": 0.723129,
        "nauc_map_at_1000_max": 0.380761,
        "nauc_map_at_1000_std": -0.138277,
        "nauc_map_at_1000_diff1": 0.723143,
        "nauc_recall_at_1_max": 0.34042,
        "nauc_recall_at_1_std": -0.165795,
        "nauc_recall_at_1_diff1": 0.748013,
        "nauc_recall_at_3_max": 0.474152,
        "nauc_recall_at_3_std": -0.101066,
        "nauc_recall_at_3_diff1": 0.672074,
        "nauc_recall_at_5_max": 0.535697,
        "nauc_recall_at_5_std": -0.001398,
        "nauc_recall_at_5_diff1": 0.647628,
        "nauc_recall_at_10_max": 0.686342,
        "nauc_recall_at_10_std": 0.155847,
        "nauc_recall_at_10_diff1": 0.687985,
        "nauc_recall_at_20_max": 0.734023,
        "nauc_recall_at_20_std": 0.246237,
        "nauc_recall_at_20_diff1": 0.681938,
        "nauc_recall_at_100_max": 0.761212,
        "nauc_recall_at_100_std": 0.391254,
        "nauc_recall_at_100_diff1": 0.695331,
        "nauc_recall_at_1000_max": 0.893207,
        "nauc_recall_at_1000_std": 0.596289,
        "nauc_recall_at_1000_diff1": 0.930556,
        "nauc_precision_at_1_max": 0.34042,
        "nauc_precision_at_1_std": -0.165795,
        "nauc_precision_at_1_diff1": 0.748013,
        "nauc_precision_at_3_max": 0.474152,
        "nauc_precision_at_3_std": -0.101066,
        "nauc_precision_at_3_diff1": 0.672074,
        "nauc_precision_at_5_max": 0.535697,
        "nauc_precision_at_5_std": -0.001398,
        "nauc_precision_at_5_diff1": 0.647628,
        "nauc_precision_at_10_max": 0.686342,
        "nauc_precision_at_10_std": 0.155847,
        "nauc_precision_at_10_diff1": 0.687985,
        "nauc_precision_at_20_max": 0.734023,
        "nauc_precision_at_20_std": 0.246237,
        "nauc_precision_at_20_diff1": 0.681938,
        "nauc_precision_at_100_max": 0.761212,
        "nauc_precision_at_100_std": 0.391254,
        "nauc_precision_at_100_diff1": 0.695331,
        "nauc_precision_at_1000_max": 0.893207,
        "nauc_precision_at_1000_std": 0.596289,
        "nauc_precision_at_1000_diff1": 0.930556,
        "nauc_mrr_at_1_max": 0.340711,
        "nauc_mrr_at_1_std": -0.165779,
        "nauc_mrr_at_1_diff1": 0.747131,
        "nauc_mrr_at_3_max": 0.379872,
        "nauc_mrr_at_3_std": -0.147275,
        "nauc_mrr_at_3_diff1": 0.719169,
        "nauc_mrr_at_5_max": 0.381897,
        "nauc_mrr_at_5_std": -0.138916,
        "nauc_mrr_at_5_diff1": 0.718587,
        "nauc_mrr_at_10_max": 0.383889,
        "nauc_mrr_at_10_std": -0.13597,
        "nauc_mrr_at_10_diff1": 0.722142,
        "nauc_mrr_at_20_max": 0.382198,
        "nauc_mrr_at_20_std": -0.137103,
        "nauc_mrr_at_20_diff1": 0.722283,
        "nauc_mrr_at_100_max": 0.381051,
        "nauc_mrr_at_100_std": -0.138089,
        "nauc_mrr_at_100_diff1": 0.722522,
        "nauc_mrr_at_1000_max": 0.380957,
        "nauc_mrr_at_1000_std": -0.138203,
        "nauc_mrr_at_1000_diff1": 0.722536,
        "cv_recall_at_1": 0.6884,
        "cv_recall_at_3": 0.857,
        "cv_recall_at_5": 0.9034,
        "cv_recall_at_10": 0.9416,
        "cv_recall_at_20": 0.9632,
        "cv_recall_at_100": 0.988,
        "cv_recall_at_1000": 0.9984,
        "main_score": 0.81996,
        "hf_subset": "default",
        "languages": [
          "eng-Latn"
        ]
      }
    ]
  },
  "evaluation_time": 3655.1957037448883,
  "kg_co2_emissions": null,
  "date": null
}