{
  "dataset_revision": "bdd1903ce03153129480bfc14b710e3d612c1efd",
  "task_name": "FinQARetrieval",
  "mteb_version": "2.9.0",
  "scores": {
    "test": [
      {
        "ndcg_at_1": 0.36643,
        "ndcg_at_3": 0.44597,
        "ndcg_at_5": 0.46733,
        "ndcg_at_10": 0.49886,
        "ndcg_at_20": 0.51843,
        "ndcg_at_100": 0.54775,
        "ndcg_at_1000": 0.56284,
        "map_at_1": 0.36643,
        "map_at_3": 0.42692,
        "map_at_5": 0.43878,
        "map_at_10": 0.45162,
        "map_at_20": 0.45689,
        "map_at_100": 0.46105,
        "map_at_1000": 0.46167,
        "recall_at_1": 0.36643,
        "recall_at_3": 0.50088,
        "recall_at_5": 0.55272,
        "recall_at_10": 0.65114,
        "recall_at_20": 0.72935,
        "recall_at_100": 0.88576,
        "recall_at_1000": 1.0,
        "accuracy": 0.36643,
        "precision_at_1": 0.36643,
        "precision_at_3": 0.16696,
        "precision_at_5": 0.11054,
        "precision_at_10": 0.06511,
        "precision_at_20": 0.03647,
        "precision_at_100": 0.00886,
        "precision_at_1000": 0.001,
        "mrr_at_1": 0.366432,
        "mrr_at_3": 0.426919,
        "mrr_at_5": 0.438781,
        "mrr_at_10": 0.45162,
        "mrr_at_20": 0.456891,
        "mrr_at_100": 0.461048,
        "mrr_at_1000": 0.461672,
        "nauc_ndcg_at_1_max": 0.351249,
        "nauc_ndcg_at_1_std": -0.007424,
        "nauc_ndcg_at_1_diff1": 0.605153,
        "nauc_ndcg_at_3_max": 0.363444,
        "nauc_ndcg_at_3_std": 0.003848,
        "nauc_ndcg_at_3_diff1": 0.539363,
        "nauc_ndcg_at_5_max": 0.363315,
        "nauc_ndcg_at_5_std": 0.018323,
        "nauc_ndcg_at_5_diff1": 0.530737,
        "nauc_ndcg_at_10_max": 0.369162,
        "nauc_ndcg_at_10_std": 0.038021,
        "nauc_ndcg_at_10_diff1": 0.518016,
        "nauc_ndcg_at_20_max": 0.371718,
        "nauc_ndcg_at_20_std": 0.044876,
        "nauc_ndcg_at_20_diff1": 0.517073,
        "nauc_ndcg_at_100_max": 0.369635,
        "nauc_ndcg_at_100_std": 0.038719,
        "nauc_ndcg_at_100_diff1": 0.528334,
        "nauc_ndcg_at_1000_max": 0.366568,
        "nauc_ndcg_at_1000_std": 0.028477,
        "nauc_ndcg_at_1000_diff1": 0.534253,
        "nauc_map_at_1_max": 0.351249,
        "nauc_map_at_1_std": -0.007424,
        "nauc_map_at_1_diff1": 0.605153,
        "nauc_map_at_3_max": 0.359286,
        "nauc_map_at_3_std": 0.000207,
        "nauc_map_at_3_diff1": 0.554526,
        "nauc_map_at_5_max": 0.359146,
        "nauc_map_at_5_std": 0.008085,
        "nauc_map_at_5_diff1": 0.549949,
        "nauc_map_at_10_max": 0.361464,
        "nauc_map_at_10_std": 0.015498,
        "nauc_map_at_10_diff1": 0.54511,
        "nauc_map_at_20_max": 0.362088,
        "nauc_map_at_20_std": 0.017015,
        "nauc_map_at_20_diff1": 0.545146,
        "nauc_map_at_100_max": 0.36188,
        "nauc_map_at_100_std": 0.016283,
        "nauc_map_at_100_diff1": 0.546675,
        "nauc_map_at_1000_max": 0.361824,
        "nauc_map_at_1000_std": 0.015968,
        "nauc_map_at_1000_diff1": 0.546915,
        "nauc_recall_at_1_max": 0.351249,
        "nauc_recall_at_1_std": -0.007424,
        "nauc_recall_at_1_diff1": 0.605153,
        "nauc_recall_at_3_max": 0.376091,
        "nauc_recall_at_3_std": 0.014861,
        "nauc_recall_at_3_diff1": 0.495408,
        "nauc_recall_at_5_max": 0.376557,
        "nauc_recall_at_5_std": 0.052153,
        "nauc_recall_at_5_diff1": 0.471268,
        "nauc_recall_at_10_max": 0.399162,
        "nauc_recall_at_10_std": 0.129539,
        "nauc_recall_at_10_diff1": 0.417051,
        "nauc_recall_at_20_max": 0.418468,
        "nauc_recall_at_20_std": 0.184806,
        "nauc_recall_at_20_diff1": 0.391529,
        "nauc_recall_at_100_max": 0.435834,
        "nauc_recall_at_100_std": 0.242463,
        "nauc_recall_at_100_diff1": 0.416576,
        "nauc_recall_at_1000_max": NaN,
        "nauc_recall_at_1000_std": NaN,
        "nauc_recall_at_1000_diff1": NaN,
        "nauc_precision_at_1_max": 0.351249,
        "nauc_precision_at_1_std": -0.007424,
        "nauc_precision_at_1_diff1": 0.605153,
        "nauc_precision_at_3_max": 0.376091,
        "nauc_precision_at_3_std": 0.014861,
        "nauc_precision_at_3_diff1": 0.495408,
        "nauc_precision_at_5_max": 0.376557,
        "nauc_precision_at_5_std": 0.052153,
        "nauc_precision_at_5_diff1": 0.471268,
        "nauc_precision_at_10_max": 0.399162,
        "nauc_precision_at_10_std": 0.129539,
        "nauc_precision_at_10_diff1": 0.417051,
        "nauc_precision_at_20_max": 0.418468,
        "nauc_precision_at_20_std": 0.184806,
        "nauc_precision_at_20_diff1": 0.391529,
        "nauc_precision_at_100_max": 0.435834,
        "nauc_precision_at_100_std": 0.242463,
        "nauc_precision_at_100_diff1": 0.416576,
        "nauc_precision_at_1000_max": 1.0,
        "nauc_precision_at_1000_std": 1.0,
        "nauc_precision_at_1000_diff1": 1.0,
        "nauc_mrr_at_1_max": 0.351249,
        "nauc_mrr_at_1_std": -0.007424,
        "nauc_mrr_at_1_diff1": 0.605153,
        "nauc_mrr_at_3_max": 0.359286,
        "nauc_mrr_at_3_std": 0.000207,
        "nauc_mrr_at_3_diff1": 0.554526,
        "nauc_mrr_at_5_max": 0.359146,
        "nauc_mrr_at_5_std": 0.008085,
        "nauc_mrr_at_5_diff1": 0.549949,
        "nauc_mrr_at_10_max": 0.361464,
        "nauc_mrr_at_10_std": 0.015498,
        "nauc_mrr_at_10_diff1": 0.54511,
        "nauc_mrr_at_20_max": 0.362088,
        "nauc_mrr_at_20_std": 0.017015,
        "nauc_mrr_at_20_diff1": 0.545146,
        "nauc_mrr_at_100_max": 0.36188,
        "nauc_mrr_at_100_std": 0.016283,
        "nauc_mrr_at_100_diff1": 0.546675,
        "nauc_mrr_at_1000_max": 0.361824,
        "nauc_mrr_at_1000_std": 0.015968,
        "nauc_mrr_at_1000_diff1": 0.546915,
        "cv_recall_at_1": 0.36643,
        "cv_recall_at_3": 0.50088,
        "cv_recall_at_5": 0.55272,
        "cv_recall_at_10": 0.65114,
        "cv_recall_at_20": 0.72935,
        "cv_recall_at_100": 0.88576,
        "cv_recall_at_1000": 1.0,
        "main_score": 0.49886,
        "hf_subset": "default",
        "languages": [
          "eng-Latn"
        ]
      }
    ]
  },
  "evaluation_time": 42.28649830818176,
  "kg_co2_emissions": null,
  "date": null
}