{
  "dataset_revision": "7a20df1abe4dafc46f93f9a7965bf9c6968bdf04",
  "task_name": "FreshStackRetrieval",
  "mteb_version": "2.9.0",
  "scores": {
    "test": [
      {
        "ndcg_at_1": 0.31399,
        "ndcg_at_3": 0.26471,
        "ndcg_at_5": 0.2458,
        "ndcg_at_10": 0.24857,
        "ndcg_at_20": 0.27801,
        "ndcg_at_100": 0.37761,
        "ndcg_at_1000": 0.4638,
        "map_at_1": 0.05093,
        "map_at_3": 0.0916,
        "map_at_5": 0.10986,
        "map_at_10": 0.13496,
        "map_at_20": 0.15629,
        "map_at_100": 0.18418,
        "map_at_1000": 0.19349,
        "recall_at_1": 0.05093,
        "recall_at_3": 0.11361,
        "recall_at_5": 0.15212,
        "recall_at_10": 0.22757,
        "recall_at_20": 0.32497,
        "recall_at_100": 0.618,
        "recall_at_1000": 0.96822,
        "accuracy": 0.05093,
        "precision_at_1": 0.31399,
        "precision_at_3": 0.24355,
        "precision_at_5": 0.20744,
        "precision_at_10": 0.16518,
        "precision_at_20": 0.12098,
        "precision_at_100": 0.0475,
        "precision_at_1000": 0.00782,
        "mrr_at_1": 0.313988,
        "mrr_at_3": 0.392113,
        "mrr_at_5": 0.409747,
        "mrr_at_10": 0.423404,
        "mrr_at_20": 0.430572,
        "mrr_at_100": 0.434674,
        "mrr_at_1000": 0.435011,
        "nauc_ndcg_at_1_max": 0.263573,
        "nauc_ndcg_at_1_std": 0.137961,
        "nauc_ndcg_at_1_diff1": 0.274862,
        "nauc_ndcg_at_3_max": 0.279389,
        "nauc_ndcg_at_3_std": 0.172361,
        "nauc_ndcg_at_3_diff1": 0.231084,
        "nauc_ndcg_at_5_max": 0.283602,
        "nauc_ndcg_at_5_std": 0.181653,
        "nauc_ndcg_at_5_diff1": 0.222841,
        "nauc_ndcg_at_10_max": 0.260928,
        "nauc_ndcg_at_10_std": 0.201987,
        "nauc_ndcg_at_10_diff1": 0.220093,
        "nauc_ndcg_at_20_max": 0.236075,
        "nauc_ndcg_at_20_std": 0.199841,
        "nauc_ndcg_at_20_diff1": 0.233072,
        "nauc_ndcg_at_100_max": 0.262859,
        "nauc_ndcg_at_100_std": 0.24009,
        "nauc_ndcg_at_100_diff1": 0.232855,
        "nauc_ndcg_at_1000_max": 0.306508,
        "nauc_ndcg_at_1000_std": 0.224225,
        "nauc_ndcg_at_1000_diff1": 0.221674,
        "nauc_map_at_1_max": 0.156242,
        "nauc_map_at_1_std": 0.038341,
        "nauc_map_at_1_diff1": 0.284037,
        "nauc_map_at_3_max": 0.192546,
        "nauc_map_at_3_std": 0.110358,
        "nauc_map_at_3_diff1": 0.24774,
        "nauc_map_at_5_max": 0.194935,
        "nauc_map_at_5_std": 0.12468,
        "nauc_map_at_5_diff1": 0.246875,
        "nauc_map_at_10_max": 0.202136,
        "nauc_map_at_10_std": 0.153654,
        "nauc_map_at_10_diff1": 0.227875,
        "nauc_map_at_20_max": 0.214366,
        "nauc_map_at_20_std": 0.171035,
        "nauc_map_at_20_diff1": 0.227362,
        "nauc_map_at_100_max": 0.236939,
        "nauc_map_at_100_std": 0.195668,
        "nauc_map_at_100_diff1": 0.226213,
        "nauc_map_at_1000_max": 0.24466,
        "nauc_map_at_1000_std": 0.197988,
        "nauc_map_at_1000_diff1": 0.223423,
        "nauc_recall_at_1_max": 0.156242,
        "nauc_recall_at_1_std": 0.038341,
        "nauc_recall_at_1_diff1": 0.284037,
        "nauc_recall_at_3_max": 0.162576,
        "nauc_recall_at_3_std": 0.128421,
        "nauc_recall_at_3_diff1": 0.219497,
        "nauc_recall_at_5_max": 0.160324,
        "nauc_recall_at_5_std": 0.154123,
        "nauc_recall_at_5_diff1": 0.202916,
        "nauc_recall_at_10_max": 0.139148,
        "nauc_recall_at_10_std": 0.195471,
        "nauc_recall_at_10_diff1": 0.179189,
        "nauc_recall_at_20_max": 0.133488,
        "nauc_recall_at_20_std": 0.195397,
        "nauc_recall_at_20_diff1": 0.169995,
        "nauc_recall_at_100_max": 0.111977,
        "nauc_recall_at_100_std": 0.248167,
        "nauc_recall_at_100_diff1": 0.154314,
        "nauc_recall_at_1000_max": 0.150088,
        "nauc_recall_at_1000_std": 0.41527,
        "nauc_recall_at_1000_diff1": 0.165823,
        "nauc_precision_at_1_max": 0.263573,
        "nauc_precision_at_1_std": 0.137961,
        "nauc_precision_at_1_diff1": 0.274862,
        "nauc_precision_at_3_max": 0.283151,
        "nauc_precision_at_3_std": 0.189049,
        "nauc_precision_at_3_diff1": 0.213246,
        "nauc_precision_at_5_max": 0.287262,
        "nauc_precision_at_5_std": 0.195858,
        "nauc_precision_at_5_diff1": 0.187704,
        "nauc_precision_at_10_max": 0.287955,
        "nauc_precision_at_10_std": 0.231517,
        "nauc_precision_at_10_diff1": 0.124354,
        "nauc_precision_at_20_max": 0.295649,
        "nauc_precision_at_20_std": 0.226803,
        "nauc_precision_at_20_diff1": 0.115774,
        "nauc_precision_at_100_max": 0.306499,
        "nauc_precision_at_100_std": 0.210209,
        "nauc_precision_at_100_diff1": 0.050103,
        "nauc_precision_at_1000_max": 0.288116,
        "nauc_precision_at_1000_std": 0.059912,
        "nauc_precision_at_1000_diff1": -0.042621,
        "nauc_mrr_at_1_max": 0.263573,
        "nauc_mrr_at_1_std": 0.137961,
        "nauc_mrr_at_1_diff1": 0.274862,
        "nauc_mrr_at_3_max": 0.255353,
        "nauc_mrr_at_3_std": 0.159355,
        "nauc_mrr_at_3_diff1": 0.267884,
        "nauc_mrr_at_5_max": 0.264668,
        "nauc_mrr_at_5_std": 0.170913,
        "nauc_mrr_at_5_diff1": 0.260329,
        "nauc_mrr_at_10_max": 0.262015,
        "nauc_mrr_at_10_std": 0.169318,
        "nauc_mrr_at_10_diff1": 0.260613,
        "nauc_mrr_at_20_max": 0.262789,
        "nauc_mrr_at_20_std": 0.166272,
        "nauc_mrr_at_20_diff1": 0.262218,
        "nauc_mrr_at_100_max": 0.2633,
        "nauc_mrr_at_100_std": 0.167191,
        "nauc_mrr_at_100_diff1": 0.262115,
        "nauc_mrr_at_1000_max": 0.263308,
        "nauc_mrr_at_1000_std": 0.167005,
        "nauc_mrr_at_1000_diff1": 0.262086,
        "cv_recall_at_1": 0.31399,
        "cv_recall_at_3": 0.49256,
        "cv_recall_at_5": 0.56994,
        "cv_recall_at_10": 0.67708,
        "cv_recall_at_20": 0.77679,
        "cv_recall_at_100": 0.93304,
        "cv_recall_at_1000": 1.0,
        "main_score": 0.24857,
        "hf_subset": "default",
        "languages": [
          "eng-Latn",
          "python-Code",
          "javascript-Code",
          "go-Code"
        ]
      }
    ]
  },
  "evaluation_time": 371.52822399139404,
  "kg_co2_emissions": null,
  "date": null
}