{
  "dataset_revision": "4482db2a053706c0aef0ab7bf1878d29bb0295f8",
  "task_name": "GovReport",
  "mteb_version": "2.9.0",
  "scores": {
    "test": [
      {
        "ndcg_at_1": 0.85979,
        "ndcg_at_3": 0.93025,
        "ndcg_at_5": 0.93451,
        "ndcg_at_10": 0.93871,
        "ndcg_at_20": 0.939,
        "ndcg_at_100": 0.939,
        "ndcg_at_1000": 0.939,
        "map_at_1": 0.85876,
        "map_at_3": 0.91418,
        "map_at_5": 0.91655,
        "map_at_10": 0.91839,
        "map_at_20": 0.91849,
        "map_at_100": 0.91849,
        "map_at_1000": 0.91849,
        "recall_at_1": 0.85876,
        "recall_at_3": 0.97629,
        "recall_at_5": 0.9866,
        "recall_at_10": 0.99897,
        "recall_at_20": 1.0,
        "recall_at_100": 1.0,
        "recall_at_1000": 1.0,
        "accuracy": 0.85876,
        "precision_at_1": 0.85979,
        "precision_at_3": 0.32646,
        "precision_at_5": 0.19794,
        "precision_at_10": 0.10021,
        "precision_at_20": 0.05015,
        "precision_at_100": 0.01003,
        "precision_at_1000": 0.001,
        "mrr_at_1": 0.859794,
        "mrr_at_3": 0.914089,
        "mrr_at_5": 0.91646,
        "mrr_at_10": 0.918306,
        "mrr_at_20": 0.918399,
        "mrr_at_100": 0.918399,
        "mrr_at_1000": 0.918399,
        "nauc_ndcg_at_1_max": 0.399994,
        "nauc_ndcg_at_1_std": -0.304078,
        "nauc_ndcg_at_1_diff1": 0.843961,
        "nauc_ndcg_at_3_max": 0.421917,
        "nauc_ndcg_at_3_std": -0.36618,
        "nauc_ndcg_at_3_diff1": 0.824713,
        "nauc_ndcg_at_5_max": 0.408873,
        "nauc_ndcg_at_5_std": -0.371502,
        "nauc_ndcg_at_5_diff1": 0.826488,
        "nauc_ndcg_at_10_max": 0.414771,
        "nauc_ndcg_at_10_std": -0.322947,
        "nauc_ndcg_at_10_diff1": 0.83055,
        "nauc_ndcg_at_20_max": 0.412559,
        "nauc_ndcg_at_20_std": -0.328751,
        "nauc_ndcg_at_20_diff1": 0.83285,
        "nauc_ndcg_at_100_max": 0.412559,
        "nauc_ndcg_at_100_std": -0.328751,
        "nauc_ndcg_at_100_diff1": 0.83285,
        "nauc_ndcg_at_1000_max": 0.412559,
        "nauc_ndcg_at_1000_std": -0.328751,
        "nauc_ndcg_at_1000_diff1": 0.83285,
        "nauc_map_at_1_max": 0.398807,
        "nauc_map_at_1_std": -0.313044,
        "nauc_map_at_1_diff1": 0.845983,
        "nauc_map_at_3_max": 0.415416,
        "nauc_map_at_3_std": -0.340497,
        "nauc_map_at_3_diff1": 0.830913,
        "nauc_map_at_5_max": 0.409869,
        "nauc_map_at_5_std": -0.341774,
        "nauc_map_at_5_diff1": 0.831903,
        "nauc_map_at_10_max": 0.41207,
        "nauc_map_at_10_std": -0.324615,
        "nauc_map_at_10_diff1": 0.833345,
        "nauc_map_at_20_max": 0.411527,
        "nauc_map_at_20_std": -0.326033,
        "nauc_map_at_20_diff1": 0.83391,
        "nauc_map_at_100_max": 0.411527,
        "nauc_map_at_100_std": -0.326033,
        "nauc_map_at_100_diff1": 0.83391,
        "nauc_map_at_1000_max": 0.411527,
        "nauc_map_at_1000_std": -0.326033,
        "nauc_map_at_1000_diff1": 0.83391,
        "nauc_recall_at_1_max": 0.398807,
        "nauc_recall_at_1_std": -0.313044,
        "nauc_recall_at_1_diff1": 0.845983,
        "nauc_recall_at_3_max": 0.484472,
        "nauc_recall_at_3_std": -0.628161,
        "nauc_recall_at_3_diff1": 0.763853,
        "nauc_recall_at_5_max": 0.374057,
        "nauc_recall_at_5_std": -0.898226,
        "nauc_recall_at_5_diff1": 0.736623,
        "nauc_recall_at_10_max": 0.869281,
        "nauc_recall_at_10_std": 0.869281,
        "nauc_recall_at_10_diff1": 0.358077,
        "nauc_recall_at_20_max": NaN,
        "nauc_recall_at_20_std": NaN,
        "nauc_recall_at_20_diff1": NaN,
        "nauc_recall_at_100_max": NaN,
        "nauc_recall_at_100_std": NaN,
        "nauc_recall_at_100_diff1": NaN,
        "nauc_recall_at_1000_max": NaN,
        "nauc_recall_at_1000_std": NaN,
        "nauc_recall_at_1000_diff1": NaN,
        "nauc_precision_at_1_max": 0.399994,
        "nauc_precision_at_1_std": -0.304078,
        "nauc_precision_at_1_diff1": 0.843961,
        "nauc_precision_at_3_max": 0.350489,
        "nauc_precision_at_3_std": -0.389531,
        "nauc_precision_at_3_diff1": 0.526097,
        "nauc_precision_at_5_max": 0.19817,
        "nauc_precision_at_5_std": -0.451252,
        "nauc_precision_at_5_diff1": 0.376175,
        "nauc_precision_at_10_max": -0.061548,
        "nauc_precision_at_10_std": 0.695264,
        "nauc_precision_at_10_diff1": -0.380095,
        "nauc_precision_at_20_max": -0.239871,
        "nauc_precision_at_20_std": 0.661926,
        "nauc_precision_at_20_diff1": -0.52151,
        "nauc_precision_at_100_max": -0.239871,
        "nauc_precision_at_100_std": 0.661926,
        "nauc_precision_at_100_diff1": -0.52151,
        "nauc_precision_at_1000_max": -0.239871,
        "nauc_precision_at_1000_std": 0.661926,
        "nauc_precision_at_1000_diff1": -0.52151,
        "nauc_mrr_at_1_max": 0.399994,
        "nauc_mrr_at_1_std": -0.304078,
        "nauc_mrr_at_1_diff1": 0.843961,
        "nauc_mrr_at_3_max": 0.41594,
        "nauc_mrr_at_3_std": -0.340773,
        "nauc_mrr_at_3_diff1": 0.830913,
        "nauc_mrr_at_5_max": 0.410413,
        "nauc_mrr_at_5_std": -0.342057,
        "nauc_mrr_at_5_diff1": 0.831902,
        "nauc_mrr_at_10_max": 0.412626,
        "nauc_mrr_at_10_std": -0.324921,
        "nauc_mrr_at_10_diff1": 0.833343,
        "nauc_mrr_at_20_max": 0.412084,
        "nauc_mrr_at_20_std": -0.326338,
        "nauc_mrr_at_20_diff1": 0.833907,
        "nauc_mrr_at_100_max": 0.412084,
        "nauc_mrr_at_100_std": -0.326338,
        "nauc_mrr_at_100_diff1": 0.833907,
        "nauc_mrr_at_1000_max": 0.412084,
        "nauc_mrr_at_1000_std": -0.326338,
        "nauc_mrr_at_1000_diff1": 0.833907,
        "cv_recall_at_1": 0.85979,
        "cv_recall_at_3": 0.97629,
        "cv_recall_at_5": 0.9866,
        "cv_recall_at_10": 0.99897,
        "cv_recall_at_20": 1.0,
        "cv_recall_at_100": 1.0,
        "cv_recall_at_1000": 1.0,
        "main_score": 0.93871,
        "hf_subset": "default",
        "languages": [
          "eng-Latn"
        ]
      }
    ]
  },
  "evaluation_time": 186.86170482635498,
  "kg_co2_emissions": null,
  "date": null
}