{
  "dataset_revision": "fda6fad068f2ed814d99f29dc95dbb28ac586943",
  "task_name": "HC3FinanceRetrieval",
  "mteb_version": "2.9.0",
  "scores": {
    "test": [
      {
        "ndcg_at_1": 0.30361,
        "ndcg_at_3": 0.42306,
        "ndcg_at_5": 0.45708,
        "ndcg_at_10": 0.49736,
        "ndcg_at_20": 0.51805,
        "ndcg_at_100": 0.54941,
        "ndcg_at_1000": 0.55421,
        "map_at_1": 0.30361,
        "map_at_3": 0.39357,
        "map_at_5": 0.41261,
        "map_at_10": 0.42954,
        "map_at_20": 0.43522,
        "map_at_100": 0.43958,
        "map_at_1000": 0.43979,
        "recall_at_1": 0.30361,
        "recall_at_3": 0.50843,
        "recall_at_5": 0.59036,
        "recall_at_10": 0.71325,
        "recall_at_20": 0.79518,
        "recall_at_100": 0.96386,
        "recall_at_1000": 1.0,
        "accuracy": 0.30361,
        "precision_at_1": 0.30361,
        "precision_at_3": 0.16948,
        "precision_at_5": 0.11807,
        "precision_at_10": 0.07133,
        "precision_at_20": 0.03976,
        "precision_at_100": 0.00964,
        "precision_at_1000": 0.001,
        "mrr_at_1": 0.303614,
        "mrr_at_3": 0.393574,
        "mrr_at_5": 0.41261,
        "mrr_at_10": 0.429545,
        "mrr_at_20": 0.435221,
        "mrr_at_100": 0.43958,
        "mrr_at_1000": 0.439785,
        "nauc_ndcg_at_1_max": 0.236557,
        "nauc_ndcg_at_1_std": 0.01451,
        "nauc_ndcg_at_1_diff1": 0.380635,
        "nauc_ndcg_at_3_max": 0.259474,
        "nauc_ndcg_at_3_std": 0.024119,
        "nauc_ndcg_at_3_diff1": 0.324511,
        "nauc_ndcg_at_5_max": 0.256946,
        "nauc_ndcg_at_5_std": 0.04257,
        "nauc_ndcg_at_5_diff1": 0.320641,
        "nauc_ndcg_at_10_max": 0.260412,
        "nauc_ndcg_at_10_std": 0.045296,
        "nauc_ndcg_at_10_diff1": 0.310527,
        "nauc_ndcg_at_20_max": 0.262549,
        "nauc_ndcg_at_20_std": 0.052183,
        "nauc_ndcg_at_20_diff1": 0.31425,
        "nauc_ndcg_at_100_max": 0.25761,
        "nauc_ndcg_at_100_std": 0.044474,
        "nauc_ndcg_at_100_diff1": 0.321325,
        "nauc_ndcg_at_1000_max": 0.257347,
        "nauc_ndcg_at_1000_std": 0.040266,
        "nauc_ndcg_at_1000_diff1": 0.326278,
        "nauc_map_at_1_max": 0.236557,
        "nauc_map_at_1_std": 0.01451,
        "nauc_map_at_1_diff1": 0.380635,
        "nauc_map_at_3_max": 0.256013,
        "nauc_map_at_3_std": 0.021545,
        "nauc_map_at_3_diff1": 0.339313,
        "nauc_map_at_5_max": 0.254492,
        "nauc_map_at_5_std": 0.031495,
        "nauc_map_at_5_diff1": 0.337763,
        "nauc_map_at_10_max": 0.255061,
        "nauc_map_at_10_std": 0.031488,
        "nauc_map_at_10_diff1": 0.333586,
        "nauc_map_at_20_max": 0.256009,
        "nauc_map_at_20_std": 0.033987,
        "nauc_map_at_20_diff1": 0.334865,
        "nauc_map_at_100_max": 0.255,
        "nauc_map_at_100_std": 0.032794,
        "nauc_map_at_100_diff1": 0.335709,
        "nauc_map_at_1000_max": 0.255048,
        "nauc_map_at_1000_std": 0.032688,
        "nauc_map_at_1000_diff1": 0.335974,
        "nauc_recall_at_1_max": 0.236557,
        "nauc_recall_at_1_std": 0.01451,
        "nauc_recall_at_1_diff1": 0.380635,
        "nauc_recall_at_3_max": 0.268659,
        "nauc_recall_at_3_std": 0.031691,
        "nauc_recall_at_3_diff1": 0.281069,
        "nauc_recall_at_5_max": 0.263336,
        "nauc_recall_at_5_std": 0.080052,
        "nauc_recall_at_5_diff1": 0.265943,
        "nauc_recall_at_10_max": 0.283425,
        "nauc_recall_at_10_std": 0.106239,
        "nauc_recall_at_10_diff1": 0.216724,
        "nauc_recall_at_20_max": 0.29763,
        "nauc_recall_at_20_std": 0.155898,
        "nauc_recall_at_20_diff1": 0.210141,
        "nauc_recall_at_100_max": 0.296021,
        "nauc_recall_at_100_std": 0.298038,
        "nauc_recall_at_100_diff1": 0.077068,
        "nauc_recall_at_1000_max": NaN,
        "nauc_recall_at_1000_std": NaN,
        "nauc_recall_at_1000_diff1": NaN,
        "nauc_precision_at_1_max": 0.236557,
        "nauc_precision_at_1_std": 0.01451,
        "nauc_precision_at_1_diff1": 0.380635,
        "nauc_precision_at_3_max": 0.268659,
        "nauc_precision_at_3_std": 0.031691,
        "nauc_precision_at_3_diff1": 0.281069,
        "nauc_precision_at_5_max": 0.263336,
        "nauc_precision_at_5_std": 0.080052,
        "nauc_precision_at_5_diff1": 0.265943,
        "nauc_precision_at_10_max": 0.283425,
        "nauc_precision_at_10_std": 0.106239,
        "nauc_precision_at_10_diff1": 0.216724,
        "nauc_precision_at_20_max": 0.29763,
        "nauc_precision_at_20_std": 0.155898,
        "nauc_precision_at_20_diff1": 0.210141,
        "nauc_precision_at_100_max": 0.296021,
        "nauc_precision_at_100_std": 0.298038,
        "nauc_precision_at_100_diff1": 0.077068,
        "nauc_precision_at_1000_max": 1.0,
        "nauc_precision_at_1000_std": 1.0,
        "nauc_precision_at_1000_diff1": 1.0,
        "nauc_mrr_at_1_max": 0.236557,
        "nauc_mrr_at_1_std": 0.01451,
        "nauc_mrr_at_1_diff1": 0.380635,
        "nauc_mrr_at_3_max": 0.256013,
        "nauc_mrr_at_3_std": 0.021545,
        "nauc_mrr_at_3_diff1": 0.339313,
        "nauc_mrr_at_5_max": 0.254492,
        "nauc_mrr_at_5_std": 0.031495,
        "nauc_mrr_at_5_diff1": 0.337763,
        "nauc_mrr_at_10_max": 0.255061,
        "nauc_mrr_at_10_std": 0.031488,
        "nauc_mrr_at_10_diff1": 0.333586,
        "nauc_mrr_at_20_max": 0.256009,
        "nauc_mrr_at_20_std": 0.033987,
        "nauc_mrr_at_20_diff1": 0.334865,
        "nauc_mrr_at_100_max": 0.255,
        "nauc_mrr_at_100_std": 0.032794,
        "nauc_mrr_at_100_diff1": 0.335709,
        "nauc_mrr_at_1000_max": 0.255048,
        "nauc_mrr_at_1000_std": 0.032688,
        "nauc_mrr_at_1000_diff1": 0.335974,
        "cv_recall_at_1": 0.30361,
        "cv_recall_at_3": 0.50843,
        "cv_recall_at_5": 0.59036,
        "cv_recall_at_10": 0.71325,
        "cv_recall_at_20": 0.79518,
        "cv_recall_at_100": 0.96386,
        "cv_recall_at_1000": 1.0,
        "main_score": 0.49736,
        "hf_subset": "default",
        "languages": [
          "eng-Latn"
        ]
      }
    ]
  },
  "evaluation_time": 21.79429817199707,
  "kg_co2_emissions": null,
  "date": null
}