{
  "dataset_revision": "ed1f48aca747f10bac146795328e2f03326e7625",
  "task_name": "HumanEvalRetrieval",
  "mteb_version": "2.9.0",
  "scores": {
    "test": [
      {
        "ndcg_at_1": 0.62658,
        "ndcg_at_3": 0.73561,
        "ndcg_at_5": 0.76148,
        "ndcg_at_10": 0.78383,
        "ndcg_at_20": 0.78722,
        "ndcg_at_100": 0.7948,
        "ndcg_at_1000": 0.7948,
        "map_at_1": 0.62658,
        "map_at_3": 0.70781,
        "map_at_5": 0.72205,
        "map_at_10": 0.73117,
        "map_at_20": 0.7322,
        "map_at_100": 0.73343,
        "map_at_1000": 0.73343,
        "recall_at_1": 0.62658,
        "recall_at_3": 0.81646,
        "recall_at_5": 0.87975,
        "recall_at_10": 0.94937,
        "recall_at_20": 0.96203,
        "recall_at_100": 1.0,
        "recall_at_1000": 1.0,
        "accuracy": 0.62658,
        "precision_at_1": 0.62658,
        "precision_at_3": 0.27215,
        "precision_at_5": 0.17595,
        "precision_at_10": 0.09494,
        "precision_at_20": 0.0481,
        "precision_at_100": 0.01,
        "precision_at_1000": 0.001,
        "mrr_at_1": 0.626582,
        "mrr_at_3": 0.707806,
        "mrr_at_5": 0.722046,
        "mrr_at_10": 0.731168,
        "mrr_at_20": 0.732196,
        "mrr_at_100": 0.733426,
        "mrr_at_1000": 0.733426,
        "nauc_ndcg_at_1_max": 0.3347,
        "nauc_ndcg_at_1_std": -0.033077,
        "nauc_ndcg_at_1_diff1": 0.59643,
        "nauc_ndcg_at_3_max": 0.345913,
        "nauc_ndcg_at_3_std": -0.037016,
        "nauc_ndcg_at_3_diff1": 0.50555,
        "nauc_ndcg_at_5_max": 0.327746,
        "nauc_ndcg_at_5_std": -0.031826,
        "nauc_ndcg_at_5_diff1": 0.517434,
        "nauc_ndcg_at_10_max": 0.316514,
        "nauc_ndcg_at_10_std": -0.044173,
        "nauc_ndcg_at_10_diff1": 0.531736,
        "nauc_ndcg_at_20_max": 0.334467,
        "nauc_ndcg_at_20_std": -0.044663,
        "nauc_ndcg_at_20_diff1": 0.533547,
        "nauc_ndcg_at_100_max": 0.334171,
        "nauc_ndcg_at_100_std": -0.037496,
        "nauc_ndcg_at_100_diff1": 0.536594,
        "nauc_ndcg_at_1000_max": 0.334171,
        "nauc_ndcg_at_1000_std": -0.037496,
        "nauc_ndcg_at_1000_diff1": 0.536594,
        "nauc_map_at_1_max": 0.3347,
        "nauc_map_at_1_std": -0.033077,
        "nauc_map_at_1_diff1": 0.59643,
        "nauc_map_at_3_max": 0.341877,
        "nauc_map_at_3_std": -0.035989,
        "nauc_map_at_3_diff1": 0.530395,
        "nauc_map_at_5_max": 0.334143,
        "nauc_map_at_5_std": -0.033385,
        "nauc_map_at_5_diff1": 0.537458,
        "nauc_map_at_10_max": 0.330094,
        "nauc_map_at_10_std": -0.037082,
        "nauc_map_at_10_diff1": 0.541476,
        "nauc_map_at_20_max": 0.334168,
        "nauc_map_at_20_std": -0.037221,
        "nauc_map_at_20_diff1": 0.541857,
        "nauc_map_at_100_max": 0.334598,
        "nauc_map_at_100_std": -0.036231,
        "nauc_map_at_100_diff1": 0.542396,
        "nauc_map_at_1000_max": 0.334598,
        "nauc_map_at_1000_std": -0.036231,
        "nauc_map_at_1000_diff1": 0.542396,
        "nauc_recall_at_1_max": 0.3347,
        "nauc_recall_at_1_std": -0.033077,
        "nauc_recall_at_1_diff1": 0.59643,
        "nauc_recall_at_3_max": 0.362985,
        "nauc_recall_at_3_std": -0.041173,
        "nauc_recall_at_3_diff1": 0.404246,
        "nauc_recall_at_5_max": 0.283229,
        "nauc_recall_at_5_std": -0.02136,
        "nauc_recall_at_5_diff1": 0.407467,
        "nauc_recall_at_10_max": 0.10998,
        "nauc_recall_at_10_std": -0.159822,
        "nauc_recall_at_10_diff1": 0.459731,
        "nauc_recall_at_20_max": 0.375092,
        "nauc_recall_at_20_std": -0.204971,
        "nauc_recall_at_20_diff1": 0.472188,
        "nauc_recall_at_100_max": NaN,
        "nauc_recall_at_100_std": NaN,
        "nauc_recall_at_100_diff1": NaN,
        "nauc_recall_at_1000_max": NaN,
        "nauc_recall_at_1000_std": NaN,
        "nauc_recall_at_1000_diff1": NaN,
        "nauc_precision_at_1_max": 0.3347,
        "nauc_precision_at_1_std": -0.033077,
        "nauc_precision_at_1_diff1": 0.59643,
        "nauc_precision_at_3_max": 0.362985,
        "nauc_precision_at_3_std": -0.041173,
        "nauc_precision_at_3_diff1": 0.404246,
        "nauc_precision_at_5_max": 0.283229,
        "nauc_precision_at_5_std": -0.02136,
        "nauc_precision_at_5_diff1": 0.407467,
        "nauc_precision_at_10_max": 0.10998,
        "nauc_precision_at_10_std": -0.159822,
        "nauc_precision_at_10_diff1": 0.459731,
        "nauc_precision_at_20_max": 0.375092,
        "nauc_precision_at_20_std": -0.204971,
        "nauc_precision_at_20_diff1": 0.472188,
        "nauc_precision_at_100_max": 1.0,
        "nauc_precision_at_100_std": 1.0,
        "nauc_precision_at_100_diff1": 1.0,
        "nauc_precision_at_1000_max": 1.0,
        "nauc_precision_at_1000_std": 1.0,
        "nauc_precision_at_1000_diff1": 1.0,
        "nauc_mrr_at_1_max": 0.3347,
        "nauc_mrr_at_1_std": -0.033077,
        "nauc_mrr_at_1_diff1": 0.59643,
        "nauc_mrr_at_3_max": 0.341877,
        "nauc_mrr_at_3_std": -0.035989,
        "nauc_mrr_at_3_diff1": 0.530395,
        "nauc_mrr_at_5_max": 0.334143,
        "nauc_mrr_at_5_std": -0.033385,
        "nauc_mrr_at_5_diff1": 0.537458,
        "nauc_mrr_at_10_max": 0.330094,
        "nauc_mrr_at_10_std": -0.037082,
        "nauc_mrr_at_10_diff1": 0.541476,
        "nauc_mrr_at_20_max": 0.334168,
        "nauc_mrr_at_20_std": -0.037221,
        "nauc_mrr_at_20_diff1": 0.541857,
        "nauc_mrr_at_100_max": 0.334598,
        "nauc_mrr_at_100_std": -0.036231,
        "nauc_mrr_at_100_diff1": 0.542396,
        "nauc_mrr_at_1000_max": 0.334598,
        "nauc_mrr_at_1000_std": -0.036231,
        "nauc_mrr_at_1000_diff1": 0.542396,
        "cv_recall_at_1": 0.62658,
        "cv_recall_at_3": 0.81646,
        "cv_recall_at_5": 0.87975,
        "cv_recall_at_10": 0.94937,
        "cv_recall_at_20": 0.96203,
        "cv_recall_at_100": 1.0,
        "cv_recall_at_1000": 1.0,
        "main_score": 0.78383,
        "hf_subset": "default",
        "languages": [
          "eng-Latn",
          "python-Code"
        ]
      }
    ]
  },
  "evaluation_time": 8.426859378814697,
  "kg_co2_emissions": null,
  "date": null
}