{
  "dataset_revision": "67c0b4f7f15946e0b15cf6cf3b8993d04cb3efc6",
  "task_name": "MSMARCOHardNegatives",
  "mteb_version": "2.9.0",
  "scores": {
    "test": [
      {
        "ndcg_at_1": 0.71705,
        "ndcg_at_3": 0.72005,
        "ndcg_at_5": 0.72686,
        "ndcg_at_10": 0.73065,
        "ndcg_at_20": 0.71713,
        "ndcg_at_100": 0.73741,
        "ndcg_at_1000": 0.84802,
        "map_at_1": 0.0211,
        "map_at_3": 0.05852,
        "map_at_5": 0.09214,
        "map_at_10": 0.16101,
        "map_at_20": 0.25671,
        "map_at_100": 0.49829,
        "map_at_1000": 0.6782,
        "recall_at_1": 0.0211,
        "recall_at_3": 0.06042,
        "recall_at_5": 0.09972,
        "recall_at_10": 0.17739,
        "recall_at_20": 0.29205,
        "recall_at_100": 0.659,
        "recall_at_1000": 0.97793,
        "accuracy": 0.0211,
        "precision_at_1": 0.83721,
        "precision_at_3": 0.85271,
        "precision_at_5": 0.86512,
        "precision_at_10": 0.83721,
        "precision_at_20": 0.76628,
        "precision_at_100": 0.48651,
        "precision_at_1000": 0.09363,
        "mrr_at_1": 0.837209,
        "mrr_at_3": 0.887597,
        "mrr_at_5": 0.898062,
        "mrr_at_10": 0.898062,
        "mrr_at_20": 0.898062,
        "mrr_at_100": 0.898062,
        "mrr_at_1000": 0.898062,
        "nauc_ndcg_at_1_max": 0.050081,
        "nauc_ndcg_at_1_std": -0.043172,
        "nauc_ndcg_at_1_diff1": 0.18579,
        "nauc_ndcg_at_3_max": 0.12381,
        "nauc_ndcg_at_3_std": -0.010927,
        "nauc_ndcg_at_3_diff1": 0.13675,
        "nauc_ndcg_at_5_max": 0.171795,
        "nauc_ndcg_at_5_std": 0.051003,
        "nauc_ndcg_at_5_diff1": 0.074824,
        "nauc_ndcg_at_10_max": 0.165456,
        "nauc_ndcg_at_10_std": 0.09658,
        "nauc_ndcg_at_10_diff1": 0.081555,
        "nauc_ndcg_at_20_max": 0.129091,
        "nauc_ndcg_at_20_std": 0.179608,
        "nauc_ndcg_at_20_diff1": 0.028295,
        "nauc_ndcg_at_100_max": 0.157707,
        "nauc_ndcg_at_100_std": 0.217218,
        "nauc_ndcg_at_100_diff1": -0.1012,
        "nauc_ndcg_at_1000_max": 0.216496,
        "nauc_ndcg_at_1000_std": 0.357063,
        "nauc_ndcg_at_1000_diff1": -0.177704,
        "nauc_map_at_1_max": -0.330513,
        "nauc_map_at_1_std": -0.418467,
        "nauc_map_at_1_diff1": 0.396441,
        "nauc_map_at_3_max": -0.28369,
        "nauc_map_at_3_std": -0.408704,
        "nauc_map_at_3_diff1": 0.35977,
        "nauc_map_at_5_max": -0.249719,
        "nauc_map_at_5_std": -0.404385,
        "nauc_map_at_5_diff1": 0.368425,
        "nauc_map_at_10_max": -0.166318,
        "nauc_map_at_10_std": -0.375434,
        "nauc_map_at_10_diff1": 0.379953,
        "nauc_map_at_20_max": -0.086938,
        "nauc_map_at_20_std": -0.321133,
        "nauc_map_at_20_diff1": 0.361872,
        "nauc_map_at_100_max": -0.002842,
        "nauc_map_at_100_std": -0.046106,
        "nauc_map_at_100_diff1": 0.092458,
        "nauc_map_at_1000_max": 0.149437,
        "nauc_map_at_1000_std": 0.400579,
        "nauc_map_at_1000_diff1": -0.291166,
        "nauc_recall_at_1_max": -0.330513,
        "nauc_recall_at_1_std": -0.418467,
        "nauc_recall_at_1_diff1": 0.396441,
        "nauc_recall_at_3_max": -0.276276,
        "nauc_recall_at_3_std": -0.418859,
        "nauc_recall_at_3_diff1": 0.375417,
        "nauc_recall_at_5_max": -0.265005,
        "nauc_recall_at_5_std": -0.434778,
        "nauc_recall_at_5_diff1": 0.386857,
        "nauc_recall_at_10_max": -0.181565,
        "nauc_recall_at_10_std": -0.40001,
        "nauc_recall_at_10_diff1": 0.401979,
        "nauc_recall_at_20_max": -0.118352,
        "nauc_recall_at_20_std": -0.364244,
        "nauc_recall_at_20_diff1": 0.380297,
        "nauc_recall_at_100_max": -0.056915,
        "nauc_recall_at_100_std": -0.202462,
        "nauc_recall_at_100_diff1": 0.154877,
        "nauc_recall_at_1000_max": 0.084865,
        "nauc_recall_at_1000_std": 0.899004,
        "nauc_recall_at_1000_diff1": -1.278294,
        "nauc_precision_at_1_max": -0.080894,
        "nauc_precision_at_1_std": 0.068589,
        "nauc_precision_at_1_diff1": 0.05531,
        "nauc_precision_at_3_max": 0.101756,
        "nauc_precision_at_3_std": 0.069214,
        "nauc_precision_at_3_diff1": -0.021808,
        "nauc_precision_at_5_max": 0.270254,
        "nauc_precision_at_5_std": 0.237626,
        "nauc_precision_at_5_diff1": -0.131234,
        "nauc_precision_at_10_max": 0.365503,
        "nauc_precision_at_10_std": 0.37634,
        "nauc_precision_at_10_diff1": -0.116805,
        "nauc_precision_at_20_max": 0.296615,
        "nauc_precision_at_20_std": 0.464154,
        "nauc_precision_at_20_diff1": -0.277045,
        "nauc_precision_at_100_max": 0.179499,
        "nauc_precision_at_100_std": 0.531539,
        "nauc_precision_at_100_diff1": -0.467203,
        "nauc_precision_at_1000_max": 0.124647,
        "nauc_precision_at_1000_std": 0.449776,
        "nauc_precision_at_1000_diff1": -0.420669,
        "nauc_mrr_at_1_max": -0.080894,
        "nauc_mrr_at_1_std": 0.068589,
        "nauc_mrr_at_1_diff1": 0.05531,
        "nauc_mrr_at_3_max": 0.134533,
        "nauc_mrr_at_3_std": 0.114053,
        "nauc_mrr_at_3_diff1": 0.154717,
        "nauc_mrr_at_5_max": 0.062904,
        "nauc_mrr_at_5_std": 0.101547,
        "nauc_mrr_at_5_diff1": 0.123555,
        "nauc_mrr_at_10_max": 0.062904,
        "nauc_mrr_at_10_std": 0.101547,
        "nauc_mrr_at_10_diff1": 0.123555,
        "nauc_mrr_at_20_max": 0.062904,
        "nauc_mrr_at_20_std": 0.101547,
        "nauc_mrr_at_20_diff1": 0.123555,
        "nauc_mrr_at_100_max": 0.062904,
        "nauc_mrr_at_100_std": 0.101547,
        "nauc_mrr_at_100_diff1": 0.123555,
        "nauc_mrr_at_1000_max": 0.062904,
        "nauc_mrr_at_1000_std": 0.101547,
        "nauc_mrr_at_1000_diff1": 0.123555,
        "cv_recall_at_1": 0.83721,
        "cv_recall_at_3": 0.95349,
        "cv_recall_at_5": 1.0,
        "cv_recall_at_10": 1.0,
        "cv_recall_at_20": 1.0,
        "cv_recall_at_100": 1.0,
        "cv_recall_at_1000": 1.0,
        "main_score": 0.73065,
        "hf_subset": "default",
        "languages": [
          "eng-Latn"
        ]
      }
    ]
  },
  "evaluation_time": 162.27152943611145,
  "kg_co2_emissions": null,
  "date": null
}