{
  "dataset_revision": "53c489a44a3664ba352c07550b72b4525a5968d5",
  "task_name": "R2MEDPMCTreatmentRetrieval",
  "mteb_version": "2.9.0",
  "scores": {
    "test": [
      {
        "ndcg_at_1": 0.16,
        "ndcg_at_3": 0.15605,
        "ndcg_at_5": 0.15918,
        "ndcg_at_10": 0.17432,
        "ndcg_at_20": 0.18324,
        "ndcg_at_100": 0.21244,
        "ndcg_at_1000": 0.24853,
        "map_at_1": 0.10744,
        "map_at_3": 0.13013,
        "map_at_5": 0.13391,
        "map_at_10": 0.14096,
        "map_at_20": 0.14319,
        "map_at_100": 0.14756,
        "map_at_1000": 0.14896,
        "recall_at_1": 0.10744,
        "recall_at_3": 0.15122,
        "recall_at_5": 0.16644,
        "recall_at_10": 0.20522,
        "recall_at_20": 0.23644,
        "recall_at_100": 0.368,
        "recall_at_1000": 0.60922,
        "accuracy": 0.10744,
        "precision_at_1": 0.16,
        "precision_at_3": 0.08889,
        "precision_at_5": 0.06,
        "precision_at_10": 0.038,
        "precision_at_20": 0.022,
        "precision_at_100": 0.00693,
        "precision_at_1000": 0.00122,
        "mrr_at_1": 0.16,
        "mrr_at_3": 0.201111,
        "mrr_at_5": 0.206778,
        "mrr_at_10": 0.213146,
        "mrr_at_20": 0.216025,
        "mrr_at_100": 0.220686,
        "mrr_at_1000": 0.221544,
        "nauc_ndcg_at_1_max": 0.113343,
        "nauc_ndcg_at_1_std": -0.089684,
        "nauc_ndcg_at_1_diff1": 0.363906,
        "nauc_ndcg_at_3_max": 0.203461,
        "nauc_ndcg_at_3_std": -0.01329,
        "nauc_ndcg_at_3_diff1": 0.395929,
        "nauc_ndcg_at_5_max": 0.170491,
        "nauc_ndcg_at_5_std": -0.04217,
        "nauc_ndcg_at_5_diff1": 0.386792,
        "nauc_ndcg_at_10_max": 0.147417,
        "nauc_ndcg_at_10_std": -0.044351,
        "nauc_ndcg_at_10_diff1": 0.356143,
        "nauc_ndcg_at_20_max": 0.146213,
        "nauc_ndcg_at_20_std": -0.047328,
        "nauc_ndcg_at_20_diff1": 0.346065,
        "nauc_ndcg_at_100_max": 0.135692,
        "nauc_ndcg_at_100_std": -0.045915,
        "nauc_ndcg_at_100_diff1": 0.299699,
        "nauc_ndcg_at_1000_max": 0.168548,
        "nauc_ndcg_at_1000_std": -0.009253,
        "nauc_ndcg_at_1000_diff1": 0.325303,
        "nauc_map_at_1_max": 0.137149,
        "nauc_map_at_1_std": -0.090924,
        "nauc_map_at_1_diff1": 0.39258,
        "nauc_map_at_3_max": 0.196892,
        "nauc_map_at_3_std": -0.04437,
        "nauc_map_at_3_diff1": 0.414422,
        "nauc_map_at_5_max": 0.179489,
        "nauc_map_at_5_std": -0.056975,
        "nauc_map_at_5_diff1": 0.401853,
        "nauc_map_at_10_max": 0.165425,
        "nauc_map_at_10_std": -0.057743,
        "nauc_map_at_10_diff1": 0.384024,
        "nauc_map_at_20_max": 0.165164,
        "nauc_map_at_20_std": -0.057481,
        "nauc_map_at_20_diff1": 0.380215,
        "nauc_map_at_100_max": 0.162202,
        "nauc_map_at_100_std": -0.058958,
        "nauc_map_at_100_diff1": 0.371422,
        "nauc_map_at_1000_max": 0.16341,
        "nauc_map_at_1000_std": -0.057033,
        "nauc_map_at_1000_diff1": 0.373046,
        "nauc_recall_at_1_max": 0.137149,
        "nauc_recall_at_1_std": -0.090924,
        "nauc_recall_at_1_diff1": 0.39258,
        "nauc_recall_at_3_max": 0.226582,
        "nauc_recall_at_3_std": -0.011055,
        "nauc_recall_at_3_diff1": 0.41007,
        "nauc_recall_at_5_max": 0.155589,
        "nauc_recall_at_5_std": -0.064275,
        "nauc_recall_at_5_diff1": 0.366185,
        "nauc_recall_at_10_max": 0.093364,
        "nauc_recall_at_10_std": -0.066733,
        "nauc_recall_at_10_diff1": 0.280341,
        "nauc_recall_at_20_max": 0.086326,
        "nauc_recall_at_20_std": -0.076488,
        "nauc_recall_at_20_diff1": 0.243554,
        "nauc_recall_at_100_max": 0.047723,
        "nauc_recall_at_100_std": -0.055122,
        "nauc_recall_at_100_diff1": 0.065554,
        "nauc_recall_at_1000_max": 0.199576,
        "nauc_recall_at_1000_std": 0.121398,
        "nauc_recall_at_1000_diff1": 0.1161,
        "nauc_precision_at_1_max": 0.113343,
        "nauc_precision_at_1_std": -0.089684,
        "nauc_precision_at_1_diff1": 0.363906,
        "nauc_precision_at_3_max": 0.254254,
        "nauc_precision_at_3_std": 0.09272,
        "nauc_precision_at_3_diff1": 0.377813,
        "nauc_precision_at_5_max": 0.163795,
        "nauc_precision_at_5_std": 0.018638,
        "nauc_precision_at_5_diff1": 0.344752,
        "nauc_precision_at_10_max": 0.10837,
        "nauc_precision_at_10_std": 0.022586,
        "nauc_precision_at_10_diff1": 0.256896,
        "nauc_precision_at_20_max": 0.109393,
        "nauc_precision_at_20_std": 0.025512,
        "nauc_precision_at_20_diff1": 0.222345,
        "nauc_precision_at_100_max": 0.086662,
        "nauc_precision_at_100_std": 0.033628,
        "nauc_precision_at_100_diff1": 0.089243,
        "nauc_precision_at_1000_max": 0.217757,
        "nauc_precision_at_1000_std": 0.204263,
        "nauc_precision_at_1000_diff1": 0.160538,
        "nauc_mrr_at_1_max": 0.113343,
        "nauc_mrr_at_1_std": -0.089684,
        "nauc_mrr_at_1_diff1": 0.363906,
        "nauc_mrr_at_3_max": 0.178764,
        "nauc_mrr_at_3_std": 0.008403,
        "nauc_mrr_at_3_diff1": 0.370608,
        "nauc_mrr_at_5_max": 0.157359,
        "nauc_mrr_at_5_std": -0.009828,
        "nauc_mrr_at_5_diff1": 0.366429,
        "nauc_mrr_at_10_max": 0.151302,
        "nauc_mrr_at_10_std": -0.013128,
        "nauc_mrr_at_10_diff1": 0.355966,
        "nauc_mrr_at_20_max": 0.151804,
        "nauc_mrr_at_20_std": -0.014525,
        "nauc_mrr_at_20_diff1": 0.354308,
        "nauc_mrr_at_100_max": 0.149579,
        "nauc_mrr_at_100_std": -0.015579,
        "nauc_mrr_at_100_diff1": 0.347501,
        "nauc_mrr_at_1000_max": 0.150759,
        "nauc_mrr_at_1000_std": -0.014625,
        "nauc_mrr_at_1000_diff1": 0.349106,
        "cv_recall_at_1": 0.16,
        "cv_recall_at_3": 0.25333,
        "cv_recall_at_5": 0.28,
        "cv_recall_at_10": 0.32667,
        "cv_recall_at_20": 0.37333,
        "cv_recall_at_100": 0.53333,
        "cv_recall_at_1000": 0.75333,
        "main_score": 0.17432,
        "hf_subset": "default",
        "languages": [
          "eng-Latn"
        ]
      }
    ]
  },
  "evaluation_time": 1024.8437676429749,
  "kg_co2_emissions": null,
  "date": null
}