{
  "dataset_revision": "49c07b6",
  "task_name": "BarExamQA",
  "mteb_version": "2.12.20",
  "scores": {
    "test": [
      {
        "ndcg_at_1": 0.18803,
        "ndcg_at_3": 0.29029,
        "ndcg_at_5": 0.32155,
        "ndcg_at_10": 0.3405,
        "ndcg_at_20": 0.37528,
        "ndcg_at_100": 0.44355,
        "ndcg_at_1000": 0.44355,
        "map_at_1": 0.18803,
        "map_at_3": 0.26638,
        "map_at_5": 0.28348,
        "map_at_10": 0.29107,
        "map_at_20": 0.30074,
        "map_at_100": 0.31009,
        "map_at_1000": 0.31009,
        "recall_at_1": 0.18803,
        "recall_at_3": 0.35897,
        "recall_at_5": 0.4359,
        "recall_at_10": 0.49573,
        "recall_at_20": 0.63248,
        "recall_at_100": 1.0,
        "recall_at_1000": 1.0,
        "accuracy": 0.18803,
        "precision_at_1": 0.18803,
        "precision_at_3": 0.11966,
        "precision_at_5": 0.08718,
        "precision_at_10": 0.04957,
        "precision_at_20": 0.03162,
        "precision_at_100": 0.01,
        "precision_at_1000": 0.001,
        "mrr_at_1": 0.188034,
        "mrr_at_3": 0.266382,
        "mrr_at_5": 0.283476,
        "mrr_at_10": 0.29107,
        "mrr_at_20": 0.300736,
        "mrr_at_100": 0.310088,
        "mrr_at_1000": 0.310088,
        "nauc_ndcg_at_1_max": -0.028836,
        "nauc_ndcg_at_1_std": -0.035129,
        "nauc_ndcg_at_1_diff1": 0.06171,
        "nauc_ndcg_at_3_max": 0.094644,
        "nauc_ndcg_at_3_std": -0.011016,
        "nauc_ndcg_at_3_diff1": 0.021408,
        "nauc_ndcg_at_5_max": 0.102211,
        "nauc_ndcg_at_5_std": -0.01766,
        "nauc_ndcg_at_5_diff1": 0.029834,
        "nauc_ndcg_at_10_max": 0.084865,
        "nauc_ndcg_at_10_std": -0.004076,
        "nauc_ndcg_at_10_diff1": 0.023535,
        "nauc_ndcg_at_20_max": 0.103213,
        "nauc_ndcg_at_20_std": -0.011131,
        "nauc_ndcg_at_20_diff1": -0.005109,
        "nauc_ndcg_at_100_max": 0.073636,
        "nauc_ndcg_at_100_std": -0.014339,
        "nauc_ndcg_at_100_diff1": 0.01015,
        "nauc_ndcg_at_1000_max": 0.073636,
        "nauc_ndcg_at_1000_std": -0.014339,
        "nauc_ndcg_at_1000_diff1": 0.01015,
        "nauc_map_at_1_max": -0.028836,
        "nauc_map_at_1_std": -0.035129,
        "nauc_map_at_1_diff1": 0.06171,
        "nauc_map_at_3_max": 0.06573,
        "nauc_map_at_3_std": -0.016745,
        "nauc_map_at_3_diff1": 0.021526,
        "nauc_map_at_5_max": 0.070285,
        "nauc_map_at_5_std": -0.019468,
        "nauc_map_at_5_diff1": 0.025324,
        "nauc_map_at_10_max": 0.062403,
        "nauc_map_at_10_std": -0.015298,
        "nauc_map_at_10_diff1": 0.022867,
        "nauc_map_at_20_max": 0.068251,
        "nauc_map_at_20_std": -0.017064,
        "nauc_map_at_20_diff1": 0.014755,
        "nauc_map_at_100_max": 0.062395,
        "nauc_map_at_100_std": -0.017476,
        "nauc_map_at_100_diff1": 0.016283,
        "nauc_map_at_1000_max": 0.062395,
        "nauc_map_at_1000_std": -0.017476,
        "nauc_map_at_1000_diff1": 0.016283,
        "nauc_recall_at_1_max": -0.028836,
        "nauc_recall_at_1_std": -0.035129,
        "nauc_recall_at_1_diff1": 0.06171,
        "nauc_recall_at_3_max": 0.169661,
        "nauc_recall_at_3_std": 0.003876,
        "nauc_recall_at_3_diff1": 0.024199,
        "nauc_recall_at_5_max": 0.18534,
        "nauc_recall_at_5_std": -0.014905,
        "nauc_recall_at_5_diff1": 0.046648,
        "nauc_recall_at_10_max": 0.139352,
        "nauc_recall_at_10_std": 0.031657,
        "nauc_recall_at_10_diff1": 0.027819,
        "nauc_recall_at_20_max": 0.217048,
        "nauc_recall_at_20_std": 0.006483,
        "nauc_recall_at_20_diff1": -0.088074,
        "nauc_recall_at_100_max": NaN,
        "nauc_recall_at_100_std": NaN,
        "nauc_recall_at_100_diff1": NaN,
        "nauc_recall_at_1000_max": NaN,
        "nauc_recall_at_1000_std": NaN,
        "nauc_recall_at_1000_diff1": NaN,
        "nauc_precision_at_1_max": -0.028836,
        "nauc_precision_at_1_std": -0.035129,
        "nauc_precision_at_1_diff1": 0.06171,
        "nauc_precision_at_3_max": 0.169661,
        "nauc_precision_at_3_std": 0.003876,
        "nauc_precision_at_3_diff1": 0.024199,
        "nauc_precision_at_5_max": 0.18534,
        "nauc_precision_at_5_std": -0.014905,
        "nauc_precision_at_5_diff1": 0.046648,
        "nauc_precision_at_10_max": 0.139352,
        "nauc_precision_at_10_std": 0.031657,
        "nauc_precision_at_10_diff1": 0.027819,
        "nauc_precision_at_20_max": 0.217048,
        "nauc_precision_at_20_std": 0.006483,
        "nauc_precision_at_20_diff1": -0.088074,
        "nauc_precision_at_100_max": NaN,
        "nauc_precision_at_100_std": NaN,
        "nauc_precision_at_100_diff1": NaN,
        "nauc_precision_at_1000_max": 1.0,
        "nauc_precision_at_1000_std": 1.0,
        "nauc_precision_at_1000_diff1": 1.0,
        "nauc_mrr_at_1_max": -0.028836,
        "nauc_mrr_at_1_std": -0.035129,
        "nauc_mrr_at_1_diff1": 0.06171,
        "nauc_mrr_at_3_max": 0.06573,
        "nauc_mrr_at_3_std": -0.016745,
        "nauc_mrr_at_3_diff1": 0.021526,
        "nauc_mrr_at_5_max": 0.070285,
        "nauc_mrr_at_5_std": -0.019468,
        "nauc_mrr_at_5_diff1": 0.025324,
        "nauc_mrr_at_10_max": 0.062403,
        "nauc_mrr_at_10_std": -0.015298,
        "nauc_mrr_at_10_diff1": 0.022867,
        "nauc_mrr_at_20_max": 0.068251,
        "nauc_mrr_at_20_std": -0.017064,
        "nauc_mrr_at_20_diff1": 0.014755,
        "nauc_mrr_at_100_max": 0.062395,
        "nauc_mrr_at_100_std": -0.017476,
        "nauc_mrr_at_100_diff1": 0.016283,
        "nauc_mrr_at_1000_max": 0.062395,
        "nauc_mrr_at_1000_std": -0.017476,
        "nauc_mrr_at_1000_diff1": 0.016283,
        "hit_rate_at_1": 0.18803,
        "hit_rate_at_3": 0.35897,
        "hit_rate_at_5": 0.4359,
        "hit_rate_at_10": 0.49573,
        "hit_rate_at_20": 0.63248,
        "hit_rate_at_100": 1.0,
        "hit_rate_at_1000": 1.0,
        "main_score": 0.3405,
        "hf_subset": "default",
        "languages": [
          "eng-Latn"
        ]
      }
    ]
  },
  "evaluation_time": 0.941615104675293,
  "kg_co2_emissions": null,
  "date": null
}