{
  "dataset_revision": "5014f29d7fdde6f9073a75b72be53ed73eed60c6",
  "task_name": "BillSumCA",
  "mteb_version": "2.12.20",
  "scores": {
    "test": [
      {
        "ndcg_at_1": 0.908,
        "ndcg_at_3": 0.95533,
        "ndcg_at_5": 0.95946,
        "ndcg_at_10": 0.96013,
        "ndcg_at_20": 0.96013,
        "ndcg_at_100": 0.96013,
        "ndcg_at_1000": 0.96013,
        "map_at_1": 0.908,
        "map_at_3": 0.944,
        "map_at_5": 0.9463,
        "map_at_10": 0.94659,
        "map_at_20": 0.94659,
        "map_at_100": 0.94659,
        "map_at_1000": 0.94659,
        "recall_at_1": 0.908,
        "recall_at_3": 0.988,
        "recall_at_5": 0.998,
        "recall_at_10": 1.0,
        "recall_at_20": 1.0,
        "recall_at_100": 1.0,
        "recall_at_1000": 1.0,
        "accuracy": 0.908,
        "precision_at_1": 0.908,
        "precision_at_3": 0.32933,
        "precision_at_5": 0.1996,
        "precision_at_10": 0.1,
        "precision_at_20": 0.05,
        "precision_at_100": 0.01,
        "precision_at_1000": 0.001,
        "mrr_at_1": 0.908,
        "mrr_at_3": 0.944,
        "mrr_at_5": 0.9463,
        "mrr_at_10": 0.946586,
        "mrr_at_20": 0.946586,
        "mrr_at_100": 0.946586,
        "mrr_at_1000": 0.946586,
        "nauc_ndcg_at_1_max": 0.357143,
        "nauc_ndcg_at_1_std": -0.254709,
        "nauc_ndcg_at_1_diff1": 0.875939,
        "nauc_ndcg_at_3_max": 0.440723,
        "nauc_ndcg_at_3_std": -0.232851,
        "nauc_ndcg_at_3_diff1": 0.885585,
        "nauc_ndcg_at_5_max": 0.413921,
        "nauc_ndcg_at_5_std": -0.227567,
        "nauc_ndcg_at_5_diff1": 0.881974,
        "nauc_ndcg_at_10_max": 0.404121,
        "nauc_ndcg_at_10_std": -0.243449,
        "nauc_ndcg_at_10_diff1": 0.88,
        "nauc_ndcg_at_20_max": 0.404121,
        "nauc_ndcg_at_20_std": -0.243449,
        "nauc_ndcg_at_20_diff1": 0.88,
        "nauc_ndcg_at_100_max": 0.404121,
        "nauc_ndcg_at_100_std": -0.243449,
        "nauc_ndcg_at_100_diff1": 0.88,
        "nauc_ndcg_at_1000_max": 0.404121,
        "nauc_ndcg_at_1000_std": -0.243449,
        "nauc_ndcg_at_1000_diff1": 0.88,
        "nauc_map_at_1_max": 0.357143,
        "nauc_map_at_1_std": -0.254709,
        "nauc_map_at_1_diff1": 0.875939,
        "nauc_map_at_3_max": 0.416269,
        "nauc_map_at_3_std": -0.242086,
        "nauc_map_at_3_diff1": 0.881919,
        "nauc_map_at_5_max": 0.403974,
        "nauc_map_at_5_std": -0.239748,
        "nauc_map_at_5_diff1": 0.88027,
        "nauc_map_at_10_max": 0.400786,
        "nauc_map_at_10_std": -0.244894,
        "nauc_map_at_10_diff1": 0.879629,
        "nauc_map_at_20_max": 0.400786,
        "nauc_map_at_20_std": -0.244894,
        "nauc_map_at_20_diff1": 0.879629,
        "nauc_map_at_100_max": 0.400786,
        "nauc_map_at_100_std": -0.244894,
        "nauc_map_at_100_diff1": 0.879629,
        "nauc_map_at_1000_max": 0.400786,
        "nauc_map_at_1000_std": -0.244894,
        "nauc_map_at_1000_diff1": 0.879629,
        "nauc_recall_at_1_max": 0.357143,
        "nauc_recall_at_1_std": -0.254709,
        "nauc_recall_at_1_diff1": 0.875939,
        "nauc_recall_at_3_max": 0.753346,
        "nauc_recall_at_3_std": -0.107376,
        "nauc_recall_at_3_diff1": 0.934641,
        "nauc_recall_at_5_max": 1.0,
        "nauc_recall_at_5_std": 0.722222,
        "nauc_recall_at_5_diff1": 1.0,
        "nauc_recall_at_10_max": NaN,
        "nauc_recall_at_10_std": NaN,
        "nauc_recall_at_10_diff1": NaN,
        "nauc_recall_at_20_max": NaN,
        "nauc_recall_at_20_std": NaN,
        "nauc_recall_at_20_diff1": NaN,
        "nauc_recall_at_100_max": NaN,
        "nauc_recall_at_100_std": NaN,
        "nauc_recall_at_100_diff1": NaN,
        "nauc_recall_at_1000_max": NaN,
        "nauc_recall_at_1000_std": NaN,
        "nauc_recall_at_1000_diff1": NaN,
        "nauc_precision_at_1_max": 0.357143,
        "nauc_precision_at_1_std": -0.254709,
        "nauc_precision_at_1_diff1": 0.875939,
        "nauc_precision_at_3_max": 0.753346,
        "nauc_precision_at_3_std": -0.107376,
        "nauc_precision_at_3_diff1": 0.934641,
        "nauc_precision_at_5_max": 1.0,
        "nauc_precision_at_5_std": 0.722222,
        "nauc_precision_at_5_diff1": 1.0,
        "nauc_precision_at_10_max": 1.0,
        "nauc_precision_at_10_std": 1.0,
        "nauc_precision_at_10_diff1": 1.0,
        "nauc_precision_at_20_max": 1.0,
        "nauc_precision_at_20_std": 1.0,
        "nauc_precision_at_20_diff1": 1.0,
        "nauc_precision_at_100_max": 1.0,
        "nauc_precision_at_100_std": 1.0,
        "nauc_precision_at_100_diff1": 1.0,
        "nauc_precision_at_1000_max": 1.0,
        "nauc_precision_at_1000_std": 1.0,
        "nauc_precision_at_1000_diff1": 1.0,
        "nauc_mrr_at_1_max": 0.357143,
        "nauc_mrr_at_1_std": -0.254709,
        "nauc_mrr_at_1_diff1": 0.875939,
        "nauc_mrr_at_3_max": 0.416269,
        "nauc_mrr_at_3_std": -0.242086,
        "nauc_mrr_at_3_diff1": 0.881919,
        "nauc_mrr_at_5_max": 0.403974,
        "nauc_mrr_at_5_std": -0.239748,
        "nauc_mrr_at_5_diff1": 0.88027,
        "nauc_mrr_at_10_max": 0.400786,
        "nauc_mrr_at_10_std": -0.244894,
        "nauc_mrr_at_10_diff1": 0.879629,
        "nauc_mrr_at_20_max": 0.400786,
        "nauc_mrr_at_20_std": -0.244894,
        "nauc_mrr_at_20_diff1": 0.879629,
        "nauc_mrr_at_100_max": 0.400786,
        "nauc_mrr_at_100_std": -0.244894,
        "nauc_mrr_at_100_diff1": 0.879629,
        "nauc_mrr_at_1000_max": 0.400786,
        "nauc_mrr_at_1000_std": -0.244894,
        "nauc_mrr_at_1000_diff1": 0.879629,
        "hit_rate_at_1": 0.908,
        "hit_rate_at_3": 0.988,
        "hit_rate_at_5": 0.998,
        "hit_rate_at_10": 1.0,
        "hit_rate_at_20": 1.0,
        "hit_rate_at_100": 1.0,
        "hit_rate_at_1000": 1.0,
        "main_score": 0.96013,
        "hf_subset": "default",
        "languages": [
          "eng-Latn"
        ]
      }
    ]
  },
  "evaluation_time": 15.565401077270508,
  "kg_co2_emissions": null,
  "date": null
}