{
  "dataset_revision": "1840e8a5ac6ec752bbdd97d543ead0189bc7c25b",
  "task_name": "ChemHotpotQARetrieval",
  "mteb_version": "2.12.20",
  "scores": {
    "train": [
      {
        "ndcg_at_1": 0.82778,
        "ndcg_at_3": 0.85994,
        "ndcg_at_5": 0.86448,
        "ndcg_at_10": 0.87128,
        "ndcg_at_20": 0.87693,
        "ndcg_at_100": 0.88296,
        "ndcg_at_1000": 0.88614,
        "map_at_1": 0.80833,
        "map_at_3": 0.8463,
        "map_at_5": 0.8488,
        "map_at_10": 0.85214,
        "map_at_20": 0.8537,
        "map_at_100": 0.85446,
        "map_at_1000": 0.85457,
        "recall_at_1": 0.80833,
        "recall_at_3": 0.88889,
        "recall_at_5": 0.9,
        "recall_at_10": 0.91944,
        "recall_at_20": 0.94167,
        "recall_at_100": 0.975,
        "recall_at_1000": 1.0,
        "accuracy": 0.80833,
        "precision_at_1": 0.82778,
        "precision_at_3": 0.30556,
        "precision_at_5": 0.18556,
        "precision_at_10": 0.095,
        "precision_at_20": 0.04861,
        "precision_at_100": 0.01011,
        "precision_at_1000": 0.00104,
        "mrr_at_1": 0.827778,
        "mrr_at_3": 0.858333,
        "mrr_at_5": 0.860833,
        "mrr_at_10": 0.863247,
        "mrr_at_20": 0.864812,
        "mrr_at_100": 0.865387,
        "mrr_at_1000": 0.865479,
        "nauc_ndcg_at_1_max": 0.649836,
        "nauc_ndcg_at_1_std": -0.298397,
        "nauc_ndcg_at_1_diff1": 0.896593,
        "nauc_ndcg_at_3_max": 0.51095,
        "nauc_ndcg_at_3_std": -0.278678,
        "nauc_ndcg_at_3_diff1": 0.7615,
        "nauc_ndcg_at_5_max": 0.513473,
        "nauc_ndcg_at_5_std": -0.295062,
        "nauc_ndcg_at_5_diff1": 0.765956,
        "nauc_ndcg_at_10_max": 0.501913,
        "nauc_ndcg_at_10_std": -0.302674,
        "nauc_ndcg_at_10_diff1": 0.765582,
        "nauc_ndcg_at_20_max": 0.492625,
        "nauc_ndcg_at_20_std": -0.302869,
        "nauc_ndcg_at_20_diff1": 0.759169,
        "nauc_ndcg_at_100_max": 0.507516,
        "nauc_ndcg_at_100_std": -0.302625,
        "nauc_ndcg_at_100_diff1": 0.773188,
        "nauc_ndcg_at_1000_max": 0.520737,
        "nauc_ndcg_at_1000_std": -0.297186,
        "nauc_ndcg_at_1000_diff1": 0.779456,
        "nauc_map_at_1_max": 0.491771,
        "nauc_map_at_1_std": -0.31217,
        "nauc_map_at_1_diff1": 0.779088,
        "nauc_map_at_3_max": 0.50552,
        "nauc_map_at_3_std": -0.28249,
        "nauc_map_at_3_diff1": 0.748344,
        "nauc_map_at_5_max": 0.506382,
        "nauc_map_at_5_std": -0.29142,
        "nauc_map_at_5_diff1": 0.750416,
        "nauc_map_at_10_max": 0.501438,
        "nauc_map_at_10_std": -0.298639,
        "nauc_map_at_10_diff1": 0.749949,
        "nauc_map_at_20_max": 0.499243,
        "nauc_map_at_20_std": -0.29853,
        "nauc_map_at_20_diff1": 0.748235,
        "nauc_map_at_100_max": 0.50149,
        "nauc_map_at_100_std": -0.297549,
        "nauc_map_at_100_diff1": 0.750074,
        "nauc_map_at_1000_max": 0.501767,
        "nauc_map_at_1000_std": -0.297516,
        "nauc_map_at_1000_diff1": 0.750226,
        "nauc_recall_at_1_max": 0.491771,
        "nauc_recall_at_1_std": -0.31217,
        "nauc_recall_at_1_diff1": 0.779088,
        "nauc_recall_at_3_max": 0.400946,
        "nauc_recall_at_3_std": -0.274066,
        "nauc_recall_at_3_diff1": 0.670506,
        "nauc_recall_at_5_max": 0.3956,
        "nauc_recall_at_5_std": -0.319848,
        "nauc_recall_at_5_diff1": 0.669218,
        "nauc_recall_at_10_max": 0.314804,
        "nauc_recall_at_10_std": -0.338758,
        "nauc_recall_at_10_diff1": 0.642986,
        "nauc_recall_at_20_max": 0.169823,
        "nauc_recall_at_20_std": -0.356431,
        "nauc_recall_at_20_diff1": 0.545885,
        "nauc_recall_at_100_max": 0.044662,
        "nauc_recall_at_100_std": -0.517429,
        "nauc_recall_at_100_diff1": 0.575734,
        "nauc_recall_at_1000_max": NaN,
        "nauc_recall_at_1000_std": NaN,
        "nauc_recall_at_1000_diff1": NaN,
        "nauc_precision_at_1_max": 0.649836,
        "nauc_precision_at_1_std": -0.298397,
        "nauc_precision_at_1_diff1": 0.896593,
        "nauc_precision_at_3_max": 0.529304,
        "nauc_precision_at_3_std": -0.158453,
        "nauc_precision_at_3_diff1": 0.597101,
        "nauc_precision_at_5_max": 0.53937,
        "nauc_precision_at_5_std": -0.187798,
        "nauc_precision_at_5_diff1": 0.593228,
        "nauc_precision_at_10_max": 0.434065,
        "nauc_precision_at_10_std": -0.184451,
        "nauc_precision_at_10_diff1": 0.484773,
        "nauc_precision_at_20_max": 0.368572,
        "nauc_precision_at_20_std": -0.157404,
        "nauc_precision_at_20_diff1": 0.381238,
        "nauc_precision_at_100_max": 0.397931,
        "nauc_precision_at_100_std": -0.020045,
        "nauc_precision_at_100_diff1": 0.283608,
        "nauc_precision_at_1000_max": 0.526697,
        "nauc_precision_at_1000_std": 0.214688,
        "nauc_precision_at_1000_diff1": 0.194948,
        "nauc_mrr_at_1_max": 0.649836,
        "nauc_mrr_at_1_std": -0.298397,
        "nauc_mrr_at_1_diff1": 0.896593,
        "nauc_mrr_at_3_max": 0.623731,
        "nauc_mrr_at_3_std": -0.274027,
        "nauc_mrr_at_3_diff1": 0.876145,
        "nauc_mrr_at_5_max": 0.626871,
        "nauc_mrr_at_5_std": -0.283497,
        "nauc_mrr_at_5_diff1": 0.880768,
        "nauc_mrr_at_10_max": 0.624582,
        "nauc_mrr_at_10_std": -0.282263,
        "nauc_mrr_at_10_diff1": 0.881971,
        "nauc_mrr_at_20_max": 0.623709,
        "nauc_mrr_at_20_std": -0.281949,
        "nauc_mrr_at_20_diff1": 0.881722,
        "nauc_mrr_at_100_max": 0.62407,
        "nauc_mrr_at_100_std": -0.281258,
        "nauc_mrr_at_100_diff1": 0.881909,
        "nauc_mrr_at_1000_max": 0.624215,
        "nauc_mrr_at_1000_std": -0.28131,
        "nauc_mrr_at_1000_diff1": 0.881904,
        "hit_rate_at_1": 0.82778,
        "hit_rate_at_3": 0.9,
        "hit_rate_at_5": 0.91111,
        "hit_rate_at_10": 0.92778,
        "hit_rate_at_20": 0.95,
        "hit_rate_at_100": 0.97778,
        "hit_rate_at_1000": 1.0,
        "main_score": 0.87128,
        "hf_subset": "default",
        "languages": [
          "eng-Latn"
        ]
      }
    ],
    "dev": [
      {
        "ndcg_at_1": 0.875,
        "ndcg_at_3": 0.875,
        "ndcg_at_5": 0.875,
        "ndcg_at_10": 0.875,
        "ndcg_at_20": 0.90699,
        "ndcg_at_100": 0.90699,
        "ndcg_at_1000": 0.90699,
        "map_at_1": 0.875,
        "map_at_3": 0.875,
        "map_at_5": 0.875,
        "map_at_10": 0.875,
        "map_at_20": 0.88393,
        "map_at_100": 0.88393,
        "map_at_1000": 0.88393,
        "recall_at_1": 0.875,
        "recall_at_3": 0.875,
        "recall_at_5": 0.875,
        "recall_at_10": 0.875,
        "recall_at_20": 1.0,
        "recall_at_100": 1.0,
        "recall_at_1000": 1.0,
        "accuracy": 0.875,
        "precision_at_1": 0.875,
        "precision_at_3": 0.29167,
        "precision_at_5": 0.175,
        "precision_at_10": 0.0875,
        "precision_at_20": 0.05,
        "precision_at_100": 0.01,
        "precision_at_1000": 0.001,
        "mrr_at_1": 0.875,
        "mrr_at_3": 0.875,
        "mrr_at_5": 0.875,
        "mrr_at_10": 0.875,
        "mrr_at_20": 0.883929,
        "mrr_at_100": 0.883929,
        "mrr_at_1000": 0.883929,
        "nauc_ndcg_at_1_max": 1.0,
        "nauc_ndcg_at_1_std": 0.128291,
        "nauc_ndcg_at_1_diff1": 0.865546,
        "nauc_ndcg_at_3_max": 1.0,
        "nauc_ndcg_at_3_std": 0.128291,
        "nauc_ndcg_at_3_diff1": 0.865546,
        "nauc_ndcg_at_5_max": 1.0,
        "nauc_ndcg_at_5_std": 0.128291,
        "nauc_ndcg_at_5_diff1": 0.865546,
        "nauc_ndcg_at_10_max": 1.0,
        "nauc_ndcg_at_10_std": 0.128291,
        "nauc_ndcg_at_10_diff1": 0.865546,
        "nauc_ndcg_at_20_max": 1.0,
        "nauc_ndcg_at_20_std": 0.128291,
        "nauc_ndcg_at_20_diff1": 0.865546,
        "nauc_ndcg_at_100_max": 1.0,
        "nauc_ndcg_at_100_std": 0.128291,
        "nauc_ndcg_at_100_diff1": 0.865546,