{
  "dataset_revision": "5377aa18f309ec440ff6325a4c2cd3362c2cb8d7",
  "task_name": "ChemRxivRetrieval",
  "mteb_version": "2.12.26",
  "scores": {
    "test": [
      {
        "ndcg_at_1": 0.6376,
        "ndcg_at_3": 0.74619,
        "ndcg_at_5": 0.77006,
        "ndcg_at_10": 0.78596,
        "ndcg_at_20": 0.79288,
        "ndcg_at_100": 0.79888,
        "ndcg_at_1000": 0.80051,
        "map_at_1": 0.6376,
        "map_at_3": 0.71993,
        "map_at_5": 0.73321,
        "map_at_10": 0.73992,
        "map_at_20": 0.74187,
        "map_at_100": 0.74278,
        "map_at_1000": 0.74284,
        "recall_at_1": 0.6376,
        "recall_at_3": 0.822,
        "recall_at_5": 0.8798,
        "recall_at_10": 0.9282,
        "recall_at_20": 0.9552,
        "recall_at_100": 0.9864,
        "recall_at_1000": 0.9992,
        "accuracy": 0.6376,
        "precision_at_1": 0.6376,
        "precision_at_3": 0.274,
        "precision_at_5": 0.17596,
        "precision_at_10": 0.09282,
        "precision_at_20": 0.04776,
        "precision_at_100": 0.00986,
        "precision_at_1000": 0.001,
        "mrr_at_1": 0.638,
        "mrr_at_3": 0.7202,
        "mrr_at_5": 0.73338,
        "mrr_at_10": 0.740147,
        "mrr_at_20": 0.742076,
        "mrr_at_100": 0.742989,
        "mrr_at_1000": 0.743051,
        "nauc_ndcg_at_1_max": 0.361623,
        "nauc_ndcg_at_1_std": -0.121006,
        "nauc_ndcg_at_1_diff1": 0.69554,
        "nauc_ndcg_at_3_max": 0.408238,
        "nauc_ndcg_at_3_std": -0.105881,
        "nauc_ndcg_at_3_diff1": 0.652584,
        "nauc_ndcg_at_5_max": 0.414955,
        "nauc_ndcg_at_5_std": -0.09733,
        "nauc_ndcg_at_5_diff1": 0.650673,
        "nauc_ndcg_at_10_max": 0.424269,
        "nauc_ndcg_at_10_std": -0.077579,
        "nauc_ndcg_at_10_diff1": 0.655019,
        "nauc_ndcg_at_20_max": 0.418758,
        "nauc_ndcg_at_20_std": -0.081808,
        "nauc_ndcg_at_20_diff1": 0.660915,
        "nauc_ndcg_at_100_max": 0.411663,
        "nauc_ndcg_at_100_std": -0.088618,
        "nauc_ndcg_at_100_diff1": 0.66341,
        "nauc_ndcg_at_1000_max": 0.407985,
        "nauc_ndcg_at_1000_std": -0.094327,
        "nauc_ndcg_at_1000_diff1": 0.664303,
        "nauc_map_at_1_max": 0.361623,
        "nauc_map_at_1_std": -0.121006,
        "nauc_map_at_1_diff1": 0.69554,
        "nauc_map_at_3_max": 0.395469,
        "nauc_map_at_3_std": -0.111309,
        "nauc_map_at_3_diff1": 0.6646,
        "nauc_map_at_5_max": 0.398257,
        "nauc_map_at_5_std": -0.107463,
        "nauc_map_at_5_diff1": 0.664252,
        "nauc_map_at_10_max": 0.401118,
        "nauc_map_at_10_std": -0.100901,
        "nauc_map_at_10_diff1": 0.666224,
        "nauc_map_at_20_max": 0.399715,
        "nauc_map_at_20_std": -0.102028,
        "nauc_map_at_20_diff1": 0.667769,
        "nauc_map_at_100_max": 0.39887,
        "nauc_map_at_100_std": -0.1029,
        "nauc_map_at_100_diff1": 0.668157,
        "nauc_map_at_1000_max": 0.398753,
        "nauc_map_at_1000_std": -0.103086,
        "nauc_map_at_1000_diff1": 0.668185,
        "nauc_recall_at_1_max": 0.361623,
        "nauc_recall_at_1_std": -0.121006,
        "nauc_recall_at_1_diff1": 0.69554,
        "nauc_recall_at_3_max": 0.459966,
        "nauc_recall_at_3_std": -0.083077,
        "nauc_recall_at_3_diff1": 0.603751,
        "nauc_recall_at_5_max": 0.508478,
        "nauc_recall_at_5_std": -0.03768,
        "nauc_recall_at_5_diff1": 0.575217,
        "nauc_recall_at_10_max": 0.640026,
        "nauc_recall_at_10_std": 0.156863,
        "nauc_recall_at_10_diff1": 0.560211,
        "nauc_recall_at_20_max": 0.682402,
        "nauc_recall_at_20_std": 0.230915,
        "nauc_recall_at_20_diff1": 0.59072,
        "nauc_recall_at_100_max": 0.801539,
        "nauc_recall_at_100_std": 0.491748,
        "nauc_recall_at_100_diff1": 0.580882,
        "nauc_recall_at_1000_max": 0.96732,
        "nauc_recall_at_1000_std": 0.462068,
        "nauc_recall_at_1000_diff1": 0.74148,
        "nauc_precision_at_1_max": 0.361623,
        "nauc_precision_at_1_std": -0.121006,
        "nauc_precision_at_1_diff1": 0.69554,
        "nauc_precision_at_3_max": 0.459966,
        "nauc_precision_at_3_std": -0.083077,
        "nauc_precision_at_3_diff1": 0.603751,
        "nauc_precision_at_5_max": 0.508478,
        "nauc_precision_at_5_std": -0.03768,
        "nauc_precision_at_5_diff1": 0.575217,
        "nauc_precision_at_10_max": 0.640026,
        "nauc_precision_at_10_std": 0.156863,
        "nauc_precision_at_10_diff1": 0.560211,
        "nauc_precision_at_20_max": 0.682402,
        "nauc_precision_at_20_std": 0.230915,
        "nauc_precision_at_20_diff1": 0.59072,
        "nauc_precision_at_100_max": 0.801539,
        "nauc_precision_at_100_std": 0.491748,
        "nauc_precision_at_100_diff1": 0.580882,
        "nauc_precision_at_1000_max": 0.96732,
        "nauc_precision_at_1000_std": 0.462068,
        "nauc_precision_at_1000_diff1": 0.74148,
        "nauc_mrr_at_1_max": 0.361768,
        "nauc_mrr_at_1_std": -0.121225,
        "nauc_mrr_at_1_diff1": 0.694702,
        "nauc_mrr_at_3_max": 0.395468,
        "nauc_mrr_at_3_std": -0.111418,
        "nauc_mrr_at_3_diff1": 0.664107,
        "nauc_mrr_at_5_max": 0.398311,
        "nauc_mrr_at_5_std": -0.107955,
        "nauc_mrr_at_5_diff1": 0.663792,
        "nauc_mrr_at_10_max": 0.401224,
        "nauc_mrr_at_10_std": -0.100967,
        "nauc_mrr_at_10_diff1": 0.665705,
        "nauc_mrr_at_20_max": 0.399817,
        "nauc_mrr_at_20_std": -0.102227,
        "nauc_mrr_at_20_diff1": 0.667235,
        "nauc_mrr_at_100_max": 0.398971,
        "nauc_mrr_at_100_std": -0.103101,
        "nauc_mrr_at_100_diff1": 0.667621,
        "nauc_mrr_at_1000_max": 0.398854,
        "nauc_mrr_at_1000_std": -0.103287,
        "nauc_mrr_at_1000_diff1": 0.667649,
        "hit_rate_at_1": 0.6376,
        "hit_rate_at_3": 0.822,
        "hit_rate_at_5": 0.8798,
        "hit_rate_at_10": 0.9282,
        "hit_rate_at_20": 0.9552,
        "hit_rate_at_100": 0.9864,
        "hit_rate_at_1000": 0.9992,
        "main_score": 0.78596,
        "hf_subset": "default",
        "languages": [
          "eng-Latn"
        ]
      }
    ]
  },
  "evaluation_time": 95.37581419944763,
  "kg_co2_emissions": null,
  "date": null
}