{
  "dataset_revision": "8a17afc1b3e112c65fd6938b75692846afda97f8",
  "task_name": "FeedbackQARetrieval",
  "mteb_version": "2.12.26",
  "scores": {
    "test": [
      {
        "ndcg_at_1": 0.50602,
        "ndcg_at_3": 0.60639,
        "ndcg_at_5": 0.63379,
        "ndcg_at_10": 0.66084,
        "ndcg_at_20": 0.67594,
        "ndcg_at_100": 0.68868,
        "ndcg_at_1000": 0.69417,
        "map_at_1": 0.50602,
        "map_at_3": 0.58174,
        "map_at_5": 0.597,
        "map_at_10": 0.60823,
        "map_at_20": 0.61252,
        "map_at_100": 0.61434,
        "map_at_1000": 0.61458,
        "recall_at_1": 0.50602,
        "recall_at_3": 0.67771,
        "recall_at_5": 0.74398,
        "recall_at_10": 0.82731,
        "recall_at_20": 0.88604,
        "recall_at_100": 0.95382,
        "recall_at_1000": 0.99548,
        "accuracy": 0.50602,
        "precision_at_1": 0.50602,
        "precision_at_3": 0.2259,
        "precision_at_5": 0.1488,
        "precision_at_10": 0.08273,
        "precision_at_20": 0.0443,
        "precision_at_100": 0.00954,
        "precision_at_1000": 0.001,
        "mrr_at_1": 0.506024,
        "mrr_at_3": 0.581744,
        "mrr_at_5": 0.597005,
        "mrr_at_10": 0.608234,
        "mrr_at_20": 0.612516,
        "mrr_at_100": 0.614345,
        "mrr_at_1000": 0.614582,
        "nauc_ndcg_at_1_max": 0.269035,
        "nauc_ndcg_at_1_std": -0.189214,
        "nauc_ndcg_at_1_diff1": 0.664986,
        "nauc_ndcg_at_3_max": 0.285936,
        "nauc_ndcg_at_3_std": -0.201242,
        "nauc_ndcg_at_3_diff1": 0.593456,
        "nauc_ndcg_at_5_max": 0.287958,
        "nauc_ndcg_at_5_std": -0.207797,
        "nauc_ndcg_at_5_diff1": 0.588094,
        "nauc_ndcg_at_10_max": 0.281818,
        "nauc_ndcg_at_10_std": -0.199569,
        "nauc_ndcg_at_10_diff1": 0.586789,
        "nauc_ndcg_at_20_max": 0.282127,
        "nauc_ndcg_at_20_std": -0.197146,
        "nauc_ndcg_at_20_diff1": 0.584016,
        "nauc_ndcg_at_100_max": 0.279417,
        "nauc_ndcg_at_100_std": -0.190889,
        "nauc_ndcg_at_100_diff1": 0.591388,
        "nauc_ndcg_at_1000_max": 0.279792,
        "nauc_ndcg_at_1000_std": -0.192485,
        "nauc_ndcg_at_1000_diff1": 0.597786,
        "nauc_map_at_1_max": 0.269035,
        "nauc_map_at_1_std": -0.189214,
        "nauc_map_at_1_diff1": 0.664986,
        "nauc_map_at_3_max": 0.281961,
        "nauc_map_at_3_std": -0.197906,
        "nauc_map_at_3_diff1": 0.611329,
        "nauc_map_at_5_max": 0.282967,
        "nauc_map_at_5_std": -0.201127,
        "nauc_map_at_5_diff1": 0.609019,
        "nauc_map_at_10_max": 0.280512,
        "nauc_map_at_10_std": -0.197863,
        "nauc_map_at_10_diff1": 0.609017,
        "nauc_map_at_20_max": 0.280664,
        "nauc_map_at_20_std": -0.197007,
        "nauc_map_at_20_diff1": 0.608676,
        "nauc_map_at_100_max": 0.280047,
        "nauc_map_at_100_std": -0.196118,
        "nauc_map_at_100_diff1": 0.609594,
        "nauc_map_at_1000_max": 0.280084,
        "nauc_map_at_1000_std": -0.19607,
        "nauc_map_at_1000_diff1": 0.609876,
        "nauc_recall_at_1_max": 0.269035,
        "nauc_recall_at_1_std": -0.189214,
        "nauc_recall_at_1_diff1": 0.664986,
        "nauc_recall_at_3_max": 0.29901,
        "nauc_recall_at_3_std": -0.212491,
        "nauc_recall_at_3_diff1": 0.534086,
        "nauc_recall_at_5_max": 0.307248,
        "nauc_recall_at_5_std": -0.235127,
        "nauc_recall_at_5_diff1": 0.506811,
        "nauc_recall_at_10_max": 0.284381,
        "nauc_recall_at_10_std": -0.204861,
        "nauc_recall_at_10_diff1": 0.469407,
        "nauc_recall_at_20_max": 0.286402,
        "nauc_recall_at_20_std": -0.190927,
        "nauc_recall_at_20_diff1": 0.390761,
        "nauc_recall_at_100_max": 0.24483,
        "nauc_recall_at_100_std": -0.020752,
        "nauc_recall_at_100_diff1": 0.328643,
        "nauc_recall_at_1000_max": 0.006961,
        "nauc_recall_at_1000_std": 0.582743,
        "nauc_recall_at_1000_diff1": 0.286628,
        "nauc_precision_at_1_max": 0.269035,
        "nauc_precision_at_1_std": -0.189214,
        "nauc_precision_at_1_diff1": 0.664986,
        "nauc_precision_at_3_max": 0.29901,
        "nauc_precision_at_3_std": -0.212491,
        "nauc_precision_at_3_diff1": 0.534086,
        "nauc_precision_at_5_max": 0.307248,
        "nauc_precision_at_5_std": -0.235127,
        "nauc_precision_at_5_diff1": 0.506811,
        "nauc_precision_at_10_max": 0.284381,
        "nauc_precision_at_10_std": -0.204861,
        "nauc_precision_at_10_diff1": 0.469407,
        "nauc_precision_at_20_max": 0.286402,
        "nauc_precision_at_20_std": -0.190927,
        "nauc_precision_at_20_diff1": 0.390761,
        "nauc_precision_at_100_max": 0.24483,
        "nauc_precision_at_100_std": -0.020752,
        "nauc_precision_at_100_diff1": 0.328643,
        "nauc_precision_at_1000_max": 0.006961,
        "nauc_precision_at_1000_std": 0.582743,
        "nauc_precision_at_1000_diff1": 0.286628,
        "nauc_mrr_at_1_max": 0.269035,
        "nauc_mrr_at_1_std": -0.189214,
        "nauc_mrr_at_1_diff1": 0.664986,
        "nauc_mrr_at_3_max": 0.281961,
        "nauc_mrr_at_3_std": -0.197906,
        "nauc_mrr_at_3_diff1": 0.611329,
        "nauc_mrr_at_5_max": 0.282967,
        "nauc_mrr_at_5_std": -0.201127,
        "nauc_mrr_at_5_diff1": 0.609019,
        "nauc_mrr_at_10_max": 0.280512,
        "nauc_mrr_at_10_std": -0.197863,
        "nauc_mrr_at_10_diff1": 0.609017,
        "nauc_mrr_at_20_max": 0.280664,
        "nauc_mrr_at_20_std": -0.197007,
        "nauc_mrr_at_20_diff1": 0.608676,
        "nauc_mrr_at_100_max": 0.280047,
        "nauc_mrr_at_100_std": -0.196118,
        "nauc_mrr_at_100_diff1": 0.609594,
        "nauc_mrr_at_1000_max": 0.280084,
        "nauc_mrr_at_1000_std": -0.19607,
        "nauc_mrr_at_1000_diff1": 0.609876,
        "hit_rate_at_1": 0.50602,
        "hit_rate_at_3": 0.67771,
        "hit_rate_at_5": 0.74398,
        "hit_rate_at_10": 0.82731,
        "hit_rate_at_20": 0.88604,
        "hit_rate_at_100": 0.95382,
        "hit_rate_at_1000": 0.99548,
        "main_score": 0.50602,
        "hf_subset": "default",
        "languages": [
          "eng-Latn"
        ]
      }
    ]
  },
  "evaluation_time": 8.368718385696411,
  "kg_co2_emissions": null,
  "date": null
}