{
  "dataset_revision": "f69691c650464e62546d7f2a4536f8f87c891e38",
  "task_name": "LegalBenchCorporateLobbying",
  "mteb_version": "2.12.26",
  "scores": {
    "test": [
      {
        "ndcg_at_1": 0.85294,
        "ndcg_at_3": 0.9237,
        "ndcg_at_5": 0.92724,
        "ndcg_at_10": 0.92829,
        "ndcg_at_20": 0.93205,
        "ndcg_at_100": 0.93205,
        "ndcg_at_1000": 0.93243,
        "map_at_1": 0.85294,
        "map_at_3": 0.90735,
        "map_at_5": 0.90926,
        "map_at_10": 0.90975,
        "map_at_20": 0.9108,
        "map_at_100": 0.9108,
        "map_at_1000": 0.91082,
        "recall_at_1": 0.85294,
        "recall_at_3": 0.97059,
        "recall_at_5": 0.97941,
        "recall_at_10": 0.98235,
        "recall_at_20": 0.99706,
        "recall_at_100": 0.99706,
        "recall_at_1000": 1.0,
        "accuracy": 0.85294,
        "precision_at_1": 0.85294,
        "precision_at_3": 0.32353,
        "precision_at_5": 0.19588,
        "precision_at_10": 0.09824,
        "precision_at_20": 0.04985,
        "precision_at_100": 0.00997,
        "precision_at_1000": 0.001,
        "mrr_at_1": 0.852941,
        "mrr_at_3": 0.907353,
        "mrr_at_5": 0.909265,
        "mrr_at_10": 0.909755,
        "mrr_at_20": 0.910804,
        "mrr_at_100": 0.910804,
        "mrr_at_1000": 0.910818,
        "nauc_ndcg_at_1_max": 0.310427,
        "nauc_ndcg_at_1_std": -0.173455,
        "nauc_ndcg_at_1_diff1": 0.888531,
        "nauc_ndcg_at_3_max": 0.441425,
        "nauc_ndcg_at_3_std": -0.098075,
        "nauc_ndcg_at_3_diff1": 0.867977,
        "nauc_ndcg_at_5_max": 0.417574,
        "nauc_ndcg_at_5_std": -0.108869,
        "nauc_ndcg_at_5_diff1": 0.863452,
        "nauc_ndcg_at_10_max": 0.410759,
        "nauc_ndcg_at_10_std": -0.093135,
        "nauc_ndcg_at_10_diff1": 0.861391,
        "nauc_ndcg_at_20_max": 0.393574,
        "nauc_ndcg_at_20_std": -0.112534,
        "nauc_ndcg_at_20_diff1": 0.870495,
        "nauc_ndcg_at_100_max": 0.393574,
        "nauc_ndcg_at_100_std": -0.112534,
        "nauc_ndcg_at_100_diff1": 0.870495,
        "nauc_ndcg_at_1000_max": 0.390036,
        "nauc_ndcg_at_1000_std": -0.119024,
        "nauc_ndcg_at_1000_diff1": 0.870502,
        "nauc_map_at_1_max": 0.310427,
        "nauc_map_at_1_std": -0.173455,
        "nauc_map_at_1_diff1": 0.888531,
        "nauc_map_at_3_max": 0.399069,
        "nauc_map_at_3_std": -0.123547,
        "nauc_map_at_3_diff1": 0.873814,
        "nauc_map_at_5_max": 0.387718,
        "nauc_map_at_5_std": -0.129342,
        "nauc_map_at_5_diff1": 0.871939,
        "nauc_map_at_10_max": 0.38501,
        "nauc_map_at_10_std": -0.123593,
        "nauc_map_at_10_diff1": 0.871219,
        "nauc_map_at_20_max": 0.380483,
        "nauc_map_at_20_std": -0.128751,
        "nauc_map_at_20_diff1": 0.873018,
        "nauc_map_at_100_max": 0.380483,
        "nauc_map_at_100_std": -0.128751,
        "nauc_map_at_100_diff1": 0.873018,
        "nauc_map_at_1000_max": 0.380382,
        "nauc_map_at_1000_std": -0.128935,
        "nauc_map_at_1000_diff1": 0.873018,
        "nauc_recall_at_1_max": 0.310427,
        "nauc_recall_at_1_std": -0.173455,
        "nauc_recall_at_1_diff1": 0.888531,
        "nauc_recall_at_3_max": 0.804435,
        "nauc_recall_at_3_std": 0.121849,
        "nauc_recall_at_3_diff1": 0.819141,
        "nauc_recall_at_5_max": 0.75797,
        "nauc_recall_at_5_std": 0.133854,
        "nauc_recall_at_5_diff1": 0.760304,
        "nauc_recall_at_10_max": 0.739418,
        "nauc_recall_at_10_std": 0.348117,
        "nauc_recall_at_10_diff1": 0.720355,
        "nauc_recall_at_20_max": 1.0,
        "nauc_recall_at_20_std": 1.0,
        "nauc_recall_at_20_diff1": 0.869281,
        "nauc_recall_at_100_max": 1.0,
        "nauc_recall_at_100_std": 1.0,
        "nauc_recall_at_100_diff1": 0.869281,
        "nauc_recall_at_1000_max": NaN,
        "nauc_recall_at_1000_std": NaN,
        "nauc_recall_at_1000_diff1": NaN,
        "nauc_precision_at_1_max": 0.310427,
        "nauc_precision_at_1_std": -0.173455,
        "nauc_precision_at_1_diff1": 0.888531,
        "nauc_precision_at_3_max": 0.804435,
        "nauc_precision_at_3_std": 0.121849,
        "nauc_precision_at_3_diff1": 0.819141,
        "nauc_precision_at_5_max": 0.75797,
        "nauc_precision_at_5_std": 0.133854,
        "nauc_precision_at_5_diff1": 0.760304,
        "nauc_precision_at_10_max": 0.739418,
        "nauc_precision_at_10_std": 0.348117,
        "nauc_precision_at_10_diff1": 0.720355,
        "nauc_precision_at_20_max": 1.0,
        "nauc_precision_at_20_std": 1.0,
        "nauc_precision_at_20_diff1": 0.869281,
        "nauc_precision_at_100_max": 1.0,
        "nauc_precision_at_100_std": 1.0,
        "nauc_precision_at_100_diff1": 0.869281,
        "nauc_precision_at_1000_max": 1.0,
        "nauc_precision_at_1000_std": 1.0,
        "nauc_precision_at_1000_diff1": 1.0,
        "nauc_mrr_at_1_max": 0.310427,
        "nauc_mrr_at_1_std": -0.173455,
        "nauc_mrr_at_1_diff1": 0.888531,
        "nauc_mrr_at_3_max": 0.399069,
        "nauc_mrr_at_3_std": -0.123547,
        "nauc_mrr_at_3_diff1": 0.873814,
        "nauc_mrr_at_5_max": 0.387718,
        "nauc_mrr_at_5_std": -0.129342,
        "nauc_mrr_at_5_diff1": 0.871939,
        "nauc_mrr_at_10_max": 0.38501,
        "nauc_mrr_at_10_std": -0.123593,
        "nauc_mrr_at_10_diff1": 0.871219,
        "nauc_mrr_at_20_max": 0.380483,
        "nauc_mrr_at_20_std": -0.128751,
        "nauc_mrr_at_20_diff1": 0.873018,
        "nauc_mrr_at_100_max": 0.380483,
        "nauc_mrr_at_100_std": -0.128751,
        "nauc_mrr_at_100_diff1": 0.873018,
        "nauc_mrr_at_1000_max": 0.380382,
        "nauc_mrr_at_1000_std": -0.128935,
        "nauc_mrr_at_1000_diff1": 0.873018,
        "hit_rate_at_1": 0.85294,
        "hit_rate_at_3": 0.97059,
        "hit_rate_at_5": 0.97941,
        "hit_rate_at_10": 0.98235,
        "hit_rate_at_20": 0.99706,
        "hit_rate_at_100": 0.99706,
        "hit_rate_at_1000": 1.0,
        "main_score": 0.92829,
        "hf_subset": "default",
        "languages": [
          "eng-Latn"
        ]
      }
    ]
  },
  "evaluation_time": 1.4003856182098389,
  "kg_co2_emissions": null,
  "date": null
}