{
  "dataset_revision": "b23590301ec94e8087e2850b21d43d4956b1cca9",
  "task_name": "LegalBenchConsumerContractsQA",
  "mteb_version": "2.12.20",
  "scores": {
    "test": [
      {
        "ndcg_at_1": 0.56566,
        "ndcg_at_3": 0.68055,
        "ndcg_at_5": 0.70772,
        "ndcg_at_10": 0.73544,
        "ndcg_at_20": 0.74579,
        "ndcg_at_100": 0.75412,
        "ndcg_at_1000": 0.75412,
        "map_at_1": 0.56566,
        "map_at_3": 0.65067,
        "map_at_5": 0.66582,
        "map_at_10": 0.67771,
        "map_at_20": 0.68063,
        "map_at_100": 0.68189,
        "map_at_1000": 0.68189,
        "recall_at_1": 0.56566,
        "recall_at_3": 0.76768,
        "recall_at_5": 0.83333,
        "recall_at_10": 0.91667,
        "recall_at_20": 0.95707,
        "recall_at_100": 1.0,
        "recall_at_1000": 1.0,
        "accuracy": 0.56566,
        "precision_at_1": 0.56566,
        "precision_at_3": 0.25589,
        "precision_at_5": 0.16667,
        "precision_at_10": 0.09167,
        "precision_at_20": 0.04785,
        "precision_at_100": 0.01,
        "precision_at_1000": 0.001,
        "mrr_at_1": 0.565657,
        "mrr_at_3": 0.650673,
        "mrr_at_5": 0.665825,
        "mrr_at_10": 0.677714,
        "mrr_at_20": 0.680629,
        "mrr_at_100": 0.681892,
        "mrr_at_1000": 0.681892,
        "nauc_ndcg_at_1_max": 0.441976,
        "nauc_ndcg_at_1_std": 0.154706,
        "nauc_ndcg_at_1_diff1": 0.515329,
        "nauc_ndcg_at_3_max": 0.476568,
        "nauc_ndcg_at_3_std": 0.131283,
        "nauc_ndcg_at_3_diff1": 0.428678,
        "nauc_ndcg_at_5_max": 0.480429,
        "nauc_ndcg_at_5_std": 0.119812,
        "nauc_ndcg_at_5_diff1": 0.42651,
        "nauc_ndcg_at_10_max": 0.475292,
        "nauc_ndcg_at_10_std": 0.176047,
        "nauc_ndcg_at_10_diff1": 0.448969,
        "nauc_ndcg_at_20_max": 0.477425,
        "nauc_ndcg_at_20_std": 0.160567,
        "nauc_ndcg_at_20_diff1": 0.46271,
        "nauc_ndcg_at_100_max": 0.470737,
        "nauc_ndcg_at_100_std": 0.153762,
        "nauc_ndcg_at_100_diff1": 0.458733,
        "nauc_ndcg_at_1000_max": 0.470737,
        "nauc_ndcg_at_1000_std": 0.153762,
        "nauc_ndcg_at_1000_diff1": 0.458733,
        "nauc_map_at_1_max": 0.441976,
        "nauc_map_at_1_std": 0.154706,
        "nauc_map_at_1_diff1": 0.515329,
        "nauc_map_at_3_max": 0.46877,
        "nauc_map_at_3_std": 0.13923,
        "nauc_map_at_3_diff1": 0.452103,
        "nauc_map_at_5_max": 0.470544,
        "nauc_map_at_5_std": 0.133743,
        "nauc_map_at_5_diff1": 0.451634,
        "nauc_map_at_10_max": 0.467331,
        "nauc_map_at_10_std": 0.154854,
        "nauc_map_at_10_diff1": 0.460164,
        "nauc_map_at_20_max": 0.467587,
        "nauc_map_at_20_std": 0.150975,
        "nauc_map_at_20_diff1": 0.463549,
        "nauc_map_at_100_max": 0.467088,
        "nauc_map_at_100_std": 0.150625,
        "nauc_map_at_100_diff1": 0.463204,
        "nauc_map_at_1000_max": 0.467088,
        "nauc_map_at_1000_std": 0.150625,
        "nauc_map_at_1000_diff1": 0.463204,
        "nauc_recall_at_1_max": 0.441976,
        "nauc_recall_at_1_std": 0.154706,
        "nauc_recall_at_1_diff1": 0.515329,
        "nauc_recall_at_3_max": 0.505379,
        "nauc_recall_at_3_std": 0.100091,
        "nauc_recall_at_3_diff1": 0.339458,
        "nauc_recall_at_5_max": 0.527761,
        "nauc_recall_at_5_std": 0.048317,
        "nauc_recall_at_5_diff1": 0.305027,
        "nauc_recall_at_10_max": 0.545769,
        "nauc_recall_at_10_std": 0.415805,
        "nauc_recall_at_10_diff1": 0.379962,
        "nauc_recall_at_20_max": 0.659083,
        "nauc_recall_at_20_std": 0.358016,
        "nauc_recall_at_20_diff1": 0.565853,
        "nauc_recall_at_100_max": NaN,
        "nauc_recall_at_100_std": NaN,
        "nauc_recall_at_100_diff1": NaN,
        "nauc_recall_at_1000_max": NaN,
        "nauc_recall_at_1000_std": NaN,
        "nauc_recall_at_1000_diff1": NaN,
        "nauc_precision_at_1_max": 0.441976,
        "nauc_precision_at_1_std": 0.154706,
        "nauc_precision_at_1_diff1": 0.515329,
        "nauc_precision_at_3_max": 0.505379,
        "nauc_precision_at_3_std": 0.100091,
        "nauc_precision_at_3_diff1": 0.339458,
        "nauc_precision_at_5_max": 0.527761,
        "nauc_precision_at_5_std": 0.048317,
        "nauc_precision_at_5_diff1": 0.305027,
        "nauc_precision_at_10_max": 0.545769,
        "nauc_precision_at_10_std": 0.415805,
        "nauc_precision_at_10_diff1": 0.379962,
        "nauc_precision_at_20_max": 0.659083,
        "nauc_precision_at_20_std": 0.358016,
        "nauc_precision_at_20_diff1": 0.565853,
        "nauc_precision_at_100_max": NaN,
        "nauc_precision_at_100_std": NaN,
        "nauc_precision_at_100_diff1": NaN,
        "nauc_precision_at_1000_max": NaN,
        "nauc_precision_at_1000_std": NaN,
        "nauc_precision_at_1000_diff1": NaN,
        "nauc_mrr_at_1_max": 0.434476,
        "nauc_mrr_at_1_std": 0.133278,
        "nauc_mrr_at_1_diff1": 0.515329,
        "nauc_mrr_at_3_max": 0.464383,
        "nauc_mrr_at_3_std": 0.126695,
        "nauc_mrr_at_3_diff1": 0.452103,
        "nauc_mrr_at_5_max": 0.465961,
        "nauc_mrr_at_5_std": 0.120648,
        "nauc_mrr_at_5_diff1": 0.451634,
        "nauc_mrr_at_10_max": 0.462559,
        "nauc_mrr_at_10_std": 0.141219,
        "nauc_mrr_at_10_diff1": 0.460164,
        "nauc_mrr_at_20_max": 0.46276,
        "nauc_mrr_at_20_std": 0.137184,
        "nauc_mrr_at_20_diff1": 0.463549,
        "nauc_mrr_at_100_max": 0.462238,
        "nauc_mrr_at_100_std": 0.136764,
        "nauc_mrr_at_100_diff1": 0.463204,
        "nauc_mrr_at_1000_max": 0.462238,
        "nauc_mrr_at_1000_std": 0.136764,
        "nauc_mrr_at_1000_diff1": 0.463204,
        "hit_rate_at_1": 0.56566,
        "hit_rate_at_3": 0.76768,
        "hit_rate_at_5": 0.83333,
        "hit_rate_at_10": 0.91667,
        "hit_rate_at_20": 0.95707,
        "hit_rate_at_100": 1.0,
        "hit_rate_at_1000": 1.0,
        "main_score": 0.73544,
        "hf_subset": "default",
        "languages": [
          "eng-Latn"
        ]
      }
    ]
  },
  "evaluation_time": 10.163776397705078,
  "kg_co2_emissions": null,
  "date": null
}