{
  "dataset_revision": "67c0b4f7f15946e0b15cf6cf3b8993d04cb3efc6",
  "task_name": "MSMARCOHardNegatives",
  "mteb_version": "2.12.20",
  "scores": {
    "test": [
      {
        "ndcg_at_1": 0.66667,
        "ndcg_at_3": 0.65668,
        "ndcg_at_5": 0.64045,
        "ndcg_at_10": 0.63222,
        "ndcg_at_20": 0.6349,
        "ndcg_at_100": 0.68352,
        "ndcg_at_1000": 0.80506,
        "map_at_1": 0.01675,
        "map_at_3": 0.04667,
        "map_at_5": 0.07282,
        "map_at_10": 0.12129,
        "map_at_20": 0.20679,
        "map_at_100": 0.44567,
        "map_at_1000": 0.62812,
        "recall_at_1": 0.01675,
        "recall_at_3": 0.04879,
        "recall_at_5": 0.07768,
        "recall_at_10": 0.14045,
        "recall_at_20": 0.25991,
        "recall_at_100": 0.63974,
        "recall_at_1000": 0.96415,
        "accuracy": 0.01675,
        "precision_at_1": 0.88372,
        "precision_at_3": 0.82946,
        "precision_at_5": 0.7907,
        "precision_at_10": 0.74884,
        "precision_at_20": 0.69884,
        "precision_at_100": 0.47419,
        "precision_at_1000": 0.09247,
        "mrr_at_1": 0.883721,
        "mrr_at_3": 0.906977,
        "mrr_at_5": 0.911628,
        "mrr_at_10": 0.917829,
        "mrr_at_20": 0.917829,
        "mrr_at_100": 0.917829,
        "mrr_at_1000": 0.917829,
        "nauc_ndcg_at_1_max": 0.302635,
        "nauc_ndcg_at_1_std": 0.34646,
        "nauc_ndcg_at_1_diff1": 0.151871,
        "nauc_ndcg_at_3_max": 0.338968,
        "nauc_ndcg_at_3_std": 0.458475,
        "nauc_ndcg_at_3_diff1": 0.166338,
        "nauc_ndcg_at_5_max": 0.390648,
        "nauc_ndcg_at_5_std": 0.431003,
        "nauc_ndcg_at_5_diff1": 0.215165,
        "nauc_ndcg_at_10_max": 0.507897,
        "nauc_ndcg_at_10_std": 0.421004,
        "nauc_ndcg_at_10_diff1": 0.276652,
        "nauc_ndcg_at_20_max": 0.568876,
        "nauc_ndcg_at_20_std": 0.421825,
        "nauc_ndcg_at_20_diff1": 0.236341,
        "nauc_ndcg_at_100_max": 0.579913,
        "nauc_ndcg_at_100_std": 0.488064,
        "nauc_ndcg_at_100_diff1": 0.185361,
        "nauc_ndcg_at_1000_max": 0.651555,
        "nauc_ndcg_at_1000_std": 0.681543,
        "nauc_ndcg_at_1000_diff1": 0.22721,
        "nauc_map_at_1_max": -0.051054,
        "nauc_map_at_1_std": -0.24745,
        "nauc_map_at_1_diff1": 0.087544,
        "nauc_map_at_3_max": -0.031246,
        "nauc_map_at_3_std": -0.241784,
        "nauc_map_at_3_diff1": 0.07896,
        "nauc_map_at_5_max": -0.001906,
        "nauc_map_at_5_std": -0.24601,
        "nauc_map_at_5_diff1": 0.086678,
        "nauc_map_at_10_max": 0.091853,
        "nauc_map_at_10_std": -0.240531,
        "nauc_map_at_10_diff1": 0.139617,
        "nauc_map_at_20_max": 0.197709,
        "nauc_map_at_20_std": -0.2092,
        "nauc_map_at_20_diff1": 0.129849,
        "nauc_map_at_100_max": 0.402176,
        "nauc_map_at_100_std": 0.138119,
        "nauc_map_at_100_diff1": 0.188483,
        "nauc_map_at_1000_max": 0.548739,
        "nauc_map_at_1000_std": 0.58793,
        "nauc_map_at_1000_diff1": 0.102277,
        "nauc_recall_at_1_max": -0.051054,
        "nauc_recall_at_1_std": -0.24745,
        "nauc_recall_at_1_diff1": 0.087544,
        "nauc_recall_at_3_max": -0.055272,
        "nauc_recall_at_3_std": -0.262652,
        "nauc_recall_at_3_diff1": 0.064978,
        "nauc_recall_at_5_max": -0.023695,
        "nauc_recall_at_5_std": -0.268712,
        "nauc_recall_at_5_diff1": 0.093138,
        "nauc_recall_at_10_max": -0.006846,
        "nauc_recall_at_10_std": -0.339793,
        "nauc_recall_at_10_diff1": 0.122316,
        "nauc_recall_at_20_max": 0.0194,
        "nauc_recall_at_20_std": -0.327835,
        "nauc_recall_at_20_diff1": 0.051924,
        "nauc_recall_at_100_max": 0.123616,
        "nauc_recall_at_100_std": -0.123715,
        "nauc_recall_at_100_diff1": 0.163039,
        "nauc_recall_at_1000_max": 0.844179,
        "nauc_recall_at_1000_std": 0.966737,
        "nauc_recall_at_1000_diff1": 0.383793,
        "nauc_precision_at_1_max": 0.677778,
        "nauc_precision_at_1_std": 0.761595,
        "nauc_precision_at_1_diff1": 0.3482,
        "nauc_precision_at_3_max": 0.535394,
        "nauc_precision_at_3_std": 0.583199,
        "nauc_precision_at_3_diff1": 0.35087,
        "nauc_precision_at_5_max": 0.540983,
        "nauc_precision_at_5_std": 0.471865,
        "nauc_precision_at_5_diff1": 0.388971,
        "nauc_precision_at_10_max": 0.571162,
        "nauc_precision_at_10_std": 0.439938,
        "nauc_precision_at_10_diff1": 0.39138,
        "nauc_precision_at_20_max": 0.623983,
        "nauc_precision_at_20_std": 0.513971,
        "nauc_precision_at_20_diff1": 0.235625,
        "nauc_precision_at_100_max": 0.360645,
        "nauc_precision_at_100_std": 0.607179,
        "nauc_precision_at_100_diff1": 0.056816,
        "nauc_precision_at_1000_max": 0.268246,
        "nauc_precision_at_1000_std": 0.554385,
        "nauc_precision_at_1000_diff1": -0.023677,
        "nauc_mrr_at_1_max": 0.677778,
        "nauc_mrr_at_1_std": 0.761595,
        "nauc_mrr_at_1_diff1": 0.3482,
        "nauc_mrr_at_3_max": 0.784121,
        "nauc_mrr_at_3_std": 0.835989,
        "nauc_mrr_at_3_diff1": 0.483028,
        "nauc_mrr_at_5_max": 0.772562,
        "nauc_mrr_at_5_std": 0.834153,
        "nauc_mrr_at_5_diff1": 0.455347,
        "nauc_mrr_at_10_max": 0.758816,
        "nauc_mrr_at_10_std": 0.821402,
        "nauc_mrr_at_10_diff1": 0.447849,
        "nauc_mrr_at_20_max": 0.758816,
        "nauc_mrr_at_20_std": 0.821402,
        "nauc_mrr_at_20_diff1": 0.447849,
        "nauc_mrr_at_100_max": 0.758816,
        "nauc_mrr_at_100_std": 0.821402,
        "nauc_mrr_at_100_diff1": 0.447849,
        "nauc_mrr_at_1000_max": 0.758816,
        "nauc_mrr_at_1000_std": 0.821402,
        "nauc_mrr_at_1000_diff1": 0.447849,
        "hit_rate_at_1": 0.88372,
        "hit_rate_at_3": 0.93023,
        "hit_rate_at_5": 0.95349,
        "hit_rate_at_10": 1.0,
        "hit_rate_at_20": 1.0,
        "hit_rate_at_100": 1.0,
        "hit_rate_at_1000": 1.0,
        "main_score": 0.63222,
        "hf_subset": "default",
        "languages": [
          "eng-Latn"
        ]
      }
    ]
  },
  "evaluation_time": 37.5581910610199,
  "kg_co2_emissions": null,
  "date": null
}