{
  "dataset_revision": "local",
  "task_name": "MultiEupV2LV",
  "mteb_version": "2.12.30",
  "scores": {
    "test": [
      {
        "ndcg_at_1": 0.40909,
        "ndcg_at_3": 0.45883,
        "ndcg_at_5": 0.48296,
        "ndcg_at_10": 0.51597,
        "ndcg_at_20": 0.54629,
        "ndcg_at_100": 0.57811,
        "ndcg_at_1000": 0.58631,
        "map_at_1": 0.379,
        "map_at_3": 0.43474,
        "map_at_5": 0.44816,
        "map_at_10": 0.46264,
        "map_at_20": 0.47152,
        "map_at_100": 0.47622,
        "map_at_1000": 0.47671,
        "recall_at_1": 0.379,
        "recall_at_3": 0.5013,
        "recall_at_5": 0.56082,
        "recall_at_10": 0.66169,
        "recall_at_20": 0.77771,
        "recall_at_100": 0.94481,
        "recall_at_1000": 1.0,
        "accuracy": 0.379,
        "precision_at_1": 0.40909,
        "precision_at_3": 0.18182,
        "precision_at_5": 0.12338,
        "precision_at_10": 0.07338,
        "precision_at_20": 0.04351,
        "precision_at_100": 0.01078,
        "precision_at_1000": 0.00114,
        "mrr_at_1": 0.409091,
        "mrr_at_3": 0.463203,
        "mrr_at_5": 0.477489,
        "mrr_at_10": 0.488804,
        "mrr_at_20": 0.496065,
        "mrr_at_100": 0.499753,
        "mrr_at_1000": 0.500173,
        "nauc_ndcg_at_1_max": 0.363734,
        "nauc_ndcg_at_1_std": -0.110512,
        "nauc_ndcg_at_1_diff1": 0.558352,
        "nauc_ndcg_at_3_max": 0.339635,
        "nauc_ndcg_at_3_std": -0.150802,
        "nauc_ndcg_at_3_diff1": 0.547173,
        "nauc_ndcg_at_5_max": 0.373381,
        "nauc_ndcg_at_5_std": -0.108206,
        "nauc_ndcg_at_5_diff1": 0.552683,
        "nauc_ndcg_at_10_max": 0.368985,
        "nauc_ndcg_at_10_std": -0.106564,
        "nauc_ndcg_at_10_diff1": 0.557167,
        "nauc_ndcg_at_20_max": 0.374935,
        "nauc_ndcg_at_20_std": -0.092481,
        "nauc_ndcg_at_20_diff1": 0.552177,
        "nauc_ndcg_at_100_max": 0.360155,
        "nauc_ndcg_at_100_std": -0.10088,
        "nauc_ndcg_at_100_diff1": 0.548616,
        "nauc_ndcg_at_1000_max": 0.365599,
        "nauc_ndcg_at_1000_std": -0.105391,
        "nauc_ndcg_at_1000_diff1": 0.55206,
        "nauc_map_at_1_max": 0.344395,
        "nauc_map_at_1_std": -0.153594,
        "nauc_map_at_1_diff1": 0.573685,
        "nauc_map_at_3_max": 0.342125,
        "nauc_map_at_3_std": -0.157427,
        "nauc_map_at_3_diff1": 0.565074,
        "nauc_map_at_5_max": 0.361087,
        "nauc_map_at_5_std": -0.134174,
        "nauc_map_at_5_diff1": 0.567202,
        "nauc_map_at_10_max": 0.358331,
        "nauc_map_at_10_std": -0.132964,
        "nauc_map_at_10_diff1": 0.565502,
        "nauc_map_at_20_max": 0.360009,
        "nauc_map_at_20_std": -0.128332,
        "nauc_map_at_20_diff1": 0.563406,
        "nauc_map_at_100_max": 0.358513,
        "nauc_map_at_100_std": -0.12856,
        "nauc_map_at_100_diff1": 0.562302,
        "nauc_map_at_1000_max": 0.358858,
        "nauc_map_at_1000_std": -0.128718,
        "nauc_map_at_1000_diff1": 0.56252,
        "nauc_recall_at_1_max": 0.344395,
        "nauc_recall_at_1_std": -0.153594,
        "nauc_recall_at_1_diff1": 0.573685,
        "nauc_recall_at_3_max": 0.308784,
        "nauc_recall_at_3_std": -0.172441,
        "nauc_recall_at_3_diff1": 0.513731,
        "nauc_recall_at_5_max": 0.394431,
        "nauc_recall_at_5_std": -0.066911,
        "nauc_recall_at_5_diff1": 0.519775,
        "nauc_recall_at_10_max": 0.383611,
        "nauc_recall_at_10_std": -0.054013,
        "nauc_recall_at_10_diff1": 0.542827,
        "nauc_recall_at_20_max": 0.429675,
        "nauc_recall_at_20_std": 0.035124,
        "nauc_recall_at_20_diff1": 0.524618,
        "nauc_recall_at_100_max": 0.178612,
        "nauc_recall_at_100_std": 0.055348,
        "nauc_recall_at_100_diff1": 0.44185,
        "nauc_recall_at_1000_max": NaN,
        "nauc_recall_at_1000_std": NaN,
        "nauc_recall_at_1000_diff1": NaN,
        "nauc_precision_at_1_max": 0.363734,
        "nauc_precision_at_1_std": -0.110512,
        "nauc_precision_at_1_diff1": 0.558352,
        "nauc_precision_at_3_max": 0.342136,
        "nauc_precision_at_3_std": -0.122411,
        "nauc_precision_at_3_diff1": 0.503391,
        "nauc_precision_at_5_max": 0.414852,
        "nauc_precision_at_5_std": 0.022027,
        "nauc_precision_at_5_diff1": 0.481788,
        "nauc_precision_at_10_max": 0.355438,
        "nauc_precision_at_10_std": 0.064156,
        "nauc_precision_at_10_diff1": 0.398503,
        "nauc_precision_at_20_max": 0.312625,
        "nauc_precision_at_20_std": 0.186001,
        "nauc_precision_at_20_diff1": 0.257231,
        "nauc_precision_at_100_max": 0.08634,
        "nauc_precision_at_100_std": 0.250523,
        "nauc_precision_at_100_diff1": -0.002258,
        "nauc_precision_at_1000_max": 0.038392,
        "nauc_precision_at_1000_std": 0.25611,
        "nauc_precision_at_1000_diff1": -0.101924,
        "nauc_mrr_at_1_max": 0.363734,
        "nauc_mrr_at_1_std": -0.110512,
        "nauc_mrr_at_1_diff1": 0.558352,
        "nauc_mrr_at_3_max": 0.355911,
        "nauc_mrr_at_3_std": -0.111793,
        "nauc_mrr_at_3_diff1": 0.535165,
        "nauc_mrr_at_5_max": 0.372,
        "nauc_mrr_at_5_std": -0.08771,
        "nauc_mrr_at_5_diff1": 0.536917,
        "nauc_mrr_at_10_max": 0.370603,
        "nauc_mrr_at_10_std": -0.0886,
        "nauc_mrr_at_10_diff1": 0.541324,
        "nauc_mrr_at_20_max": 0.371388,
        "nauc_mrr_at_20_std": -0.088087,
        "nauc_mrr_at_20_diff1": 0.540511,
        "nauc_mrr_at_100_max": 0.369649,
        "nauc_mrr_at_100_std": -0.088922,
        "nauc_mrr_at_100_diff1": 0.539386,
        "nauc_mrr_at_1000_max": 0.369891,
        "nauc_mrr_at_1000_std": -0.089061,
        "nauc_mrr_at_1000_diff1": 0.539392,
        "hit_rate_at_1": 0.40909,
        "hit_rate_at_3": 0.53247,
        "hit_rate_at_5": 0.5974,
        "hit_rate_at_10": 0.68831,
        "hit_rate_at_20": 0.79221,
        "hit_rate_at_100": 0.94805,
        "hit_rate_at_1000": 1.0,
        "main_score": 0.51597,
        "hf_subset": "default",
        "languages": [
          "lav-Latn"
        ]
      }
    ]
  },
  "evaluation_time": 9.92713451385498,
  "kg_co2_emissions": null,
  "date": null
}