{
  "dataset_revision": "6f4b0968eb87e010bb5c4afb9d826018ff7c0458",
  "task_name": "NLPJournalTitleAbsRetrieval",
  "mteb_version": "2.12.23",
  "scores": {
    "test": [
      {
        "ndcg_at_1": 0.5495,
        "ndcg_at_3": 0.62618,
        "ndcg_at_5": 0.65366,
        "ndcg_at_10": 0.67439,
        "ndcg_at_20": 0.68689,
        "ndcg_at_100": 0.70368,
        "ndcg_at_1000": 0.71072,
        "map_at_1": 0.5495,
        "map_at_3": 0.60809,
        "map_at_5": 0.62331,
        "map_at_10": 0.63182,
        "map_at_20": 0.63524,
        "map_at_100": 0.63766,
        "map_at_1000": 0.63799,
        "recall_at_1": 0.5495,
        "recall_at_3": 0.67822,
        "recall_at_5": 0.74505,
        "recall_at_10": 0.80941,
        "recall_at_20": 0.85891,
        "recall_at_100": 0.94802,
        "recall_at_1000": 1.0,
        "accuracy": 0.5495,
        "precision_at_1": 0.5495,
        "precision_at_3": 0.22607,
        "precision_at_5": 0.14901,
        "precision_at_10": 0.08094,
        "precision_at_20": 0.04295,
        "precision_at_100": 0.00948,
        "precision_at_1000": 0.001,
        "mrr_at_1": 0.549505,
        "mrr_at_3": 0.608086,
        "mrr_at_5": 0.623309,
        "mrr_at_10": 0.631822,
        "mrr_at_20": 0.635243,
        "mrr_at_100": 0.637661,
        "mrr_at_1000": 0.637992,
        "nauc_ndcg_at_1_max": 0.394422,
        "nauc_ndcg_at_1_std": -0.157749,
        "nauc_ndcg_at_1_diff1": 0.756675,
        "nauc_ndcg_at_3_max": 0.465701,
        "nauc_ndcg_at_3_std": -0.077957,
        "nauc_ndcg_at_3_diff1": 0.710631,
        "nauc_ndcg_at_5_max": 0.471315,
        "nauc_ndcg_at_5_std": -0.072178,
        "nauc_ndcg_at_5_diff1": 0.692673,
        "nauc_ndcg_at_10_max": 0.463983,
        "nauc_ndcg_at_10_std": -0.07982,
        "nauc_ndcg_at_10_diff1": 0.693602,
        "nauc_ndcg_at_20_max": 0.460389,
        "nauc_ndcg_at_20_std": -0.083967,
        "nauc_ndcg_at_20_diff1": 0.695657,
        "nauc_ndcg_at_100_max": 0.459645,
        "nauc_ndcg_at_100_std": -0.08826,
        "nauc_ndcg_at_100_diff1": 0.704138,
        "nauc_ndcg_at_1000_max": 0.453739,
        "nauc_ndcg_at_1000_std": -0.092632,
        "nauc_ndcg_at_1000_diff1": 0.705726,
        "nauc_map_at_1_max": 0.394422,
        "nauc_map_at_1_std": -0.157749,
        "nauc_map_at_1_diff1": 0.756675,
        "nauc_map_at_3_max": 0.448014,
        "nauc_map_at_3_std": -0.099256,
        "nauc_map_at_3_diff1": 0.720677,
        "nauc_map_at_5_max": 0.450898,
        "nauc_map_at_5_std": -0.097102,
        "nauc_map_at_5_diff1": 0.711831,
        "nauc_map_at_10_max": 0.447511,
        "nauc_map_at_10_std": -0.100735,
        "nauc_map_at_10_diff1": 0.71257,
        "nauc_map_at_20_max": 0.446417,
        "nauc_map_at_20_std": -0.101868,
        "nauc_map_at_20_diff1": 0.713334,
        "nauc_map_at_100_max": 0.44593,
        "nauc_map_at_100_std": -0.102552,
        "nauc_map_at_100_diff1": 0.714169,
        "nauc_map_at_1000_max": 0.4457,
        "nauc_map_at_1000_std": -0.102663,
        "nauc_map_at_1000_diff1": 0.714205,
        "nauc_recall_at_1_max": 0.394422,
        "nauc_recall_at_1_std": -0.157749,
        "nauc_recall_at_1_diff1": 0.756675,
        "nauc_recall_at_3_max": 0.522654,
        "nauc_recall_at_3_std": -0.008636,
        "nauc_recall_at_3_diff1": 0.678961,
        "nauc_recall_at_5_max": 0.547608,
        "nauc_recall_at_5_std": 0.022987,
        "nauc_recall_at_5_diff1": 0.618114,
        "nauc_recall_at_10_max": 0.536395,
        "nauc_recall_at_10_std": 0.015659,
        "nauc_recall_at_10_diff1": 0.60252,
        "nauc_recall_at_20_max": 0.533778,
        "nauc_recall_at_20_std": 0.014093,
        "nauc_recall_at_20_diff1": 0.587521,
        "nauc_recall_at_100_max": 0.654867,
        "nauc_recall_at_100_std": 0.070886,
        "nauc_recall_at_100_diff1": 0.645,
        "nauc_recall_at_1000_max": NaN,
        "nauc_recall_at_1000_std": NaN,
        "nauc_recall_at_1000_diff1": NaN,
        "nauc_precision_at_1_max": 0.394422,
        "nauc_precision_at_1_std": -0.157749,
        "nauc_precision_at_1_diff1": 0.756675,
        "nauc_precision_at_3_max": 0.522654,
        "nauc_precision_at_3_std": -0.008636,
        "nauc_precision_at_3_diff1": 0.678961,
        "nauc_precision_at_5_max": 0.547608,
        "nauc_precision_at_5_std": 0.022987,
        "nauc_precision_at_5_diff1": 0.618114,
        "nauc_precision_at_10_max": 0.536395,
        "nauc_precision_at_10_std": 0.015659,
        "nauc_precision_at_10_diff1": 0.60252,
        "nauc_precision_at_20_max": 0.533778,
        "nauc_precision_at_20_std": 0.014093,
        "nauc_precision_at_20_diff1": 0.587521,
        "nauc_precision_at_100_max": 0.654867,
        "nauc_precision_at_100_std": 0.070886,
        "nauc_precision_at_100_diff1": 0.645,
        "nauc_precision_at_1000_max": NaN,
        "nauc_precision_at_1000_std": NaN,
        "nauc_precision_at_1000_diff1": NaN,
        "nauc_mrr_at_1_max": 0.394422,
        "nauc_mrr_at_1_std": -0.157749,
        "nauc_mrr_at_1_diff1": 0.756675,
        "nauc_mrr_at_3_max": 0.448014,
        "nauc_mrr_at_3_std": -0.099256,
        "nauc_mrr_at_3_diff1": 0.720677,
        "nauc_mrr_at_5_max": 0.450898,
        "nauc_mrr_at_5_std": -0.097102,
        "nauc_mrr_at_5_diff1": 0.711831,
        "nauc_mrr_at_10_max": 0.447511,
        "nauc_mrr_at_10_std": -0.100735,
        "nauc_mrr_at_10_diff1": 0.71257,
        "nauc_mrr_at_20_max": 0.446417,
        "nauc_mrr_at_20_std": -0.101868,
        "nauc_mrr_at_20_diff1": 0.713334,
        "nauc_mrr_at_100_max": 0.44593,
        "nauc_mrr_at_100_std": -0.102552,
        "nauc_mrr_at_100_diff1": 0.714169,
        "nauc_mrr_at_1000_max": 0.4457,
        "nauc_mrr_at_1000_std": -0.102663,
        "nauc_mrr_at_1000_diff1": 0.714205,
        "hit_rate_at_1": 0.5495,
        "hit_rate_at_3": 0.67822,
        "hit_rate_at_5": 0.74505,
        "hit_rate_at_10": 0.80941,
        "hit_rate_at_20": 0.85891,
        "hit_rate_at_100": 0.94802,
        "hit_rate_at_1000": 1.0,
        "main_score": 0.67439,
        "hf_subset": "default",
        "languages": [
          "jpn-Jpan"
        ]
      }
    ]
  },
  "evaluation_time": 15.522846460342407,
  "kg_co2_emissions": null,
  "date": null
}