{
  "dataset_revision": "8b9fec2db9eda4b5742d03732213fbaee8169556",
  "task_name": "R2MEDBiologyRetrieval",
  "mteb_version": "2.12.26",
  "scores": {
    "test": [
      {
        "ndcg_at_1": 0.15534,
        "ndcg_at_3": 0.13286,
        "ndcg_at_5": 0.12744,
        "ndcg_at_10": 0.13733,
        "ndcg_at_20": 0.16892,
        "ndcg_at_100": 0.22115,
        "ndcg_at_1000": 0.2979,
        "map_at_1": 0.04085,
        "map_at_3": 0.07116,
        "map_at_5": 0.07835,
        "map_at_10": 0.08902,
        "map_at_20": 0.10013,
        "map_at_100": 0.111,
        "map_at_1000": 0.11564,
        "recall_at_1": 0.04085,
        "recall_at_3": 0.0867,
        "recall_at_5": 0.10813,
        "recall_at_10": 0.15054,
        "recall_at_20": 0.24604,
        "recall_at_100": 0.43496,
        "recall_at_1000": 0.86671,
        "accuracy": 0.04085,
        "precision_at_1": 0.15534,
        "precision_at_3": 0.11327,
        "precision_at_5": 0.08932,
        "precision_at_10": 0.06214,
        "precision_at_20": 0.04709,
        "precision_at_100": 0.01718,
        "precision_at_1000": 0.00318,
        "mrr_at_1": 0.15534,
        "mrr_at_3": 0.18932,
        "mrr_at_5": 0.203883,
        "mrr_at_10": 0.21177,
        "mrr_at_20": 0.219213,
        "mrr_at_100": 0.223514,
        "mrr_at_1000": 0.224883,
        "nauc_ndcg_at_1_max": -0.064023,
        "nauc_ndcg_at_1_std": -0.194439,
        "nauc_ndcg_at_1_diff1": 0.177794,
        "nauc_ndcg_at_3_max": 0.015776,
        "nauc_ndcg_at_3_std": -0.160322,
        "nauc_ndcg_at_3_diff1": 0.081819,
        "nauc_ndcg_at_5_max": 0.019689,
        "nauc_ndcg_at_5_std": -0.184361,
        "nauc_ndcg_at_5_diff1": 0.056674,
        "nauc_ndcg_at_10_max": 0.018272,
        "nauc_ndcg_at_10_std": -0.181501,
        "nauc_ndcg_at_10_diff1": 0.069289,
        "nauc_ndcg_at_20_max": 0.014741,
        "nauc_ndcg_at_20_std": -0.147591,
        "nauc_ndcg_at_20_diff1": 0.070998,
        "nauc_ndcg_at_100_max": 0.03796,
        "nauc_ndcg_at_100_std": -0.124529,
        "nauc_ndcg_at_100_diff1": 0.069067,
        "nauc_ndcg_at_1000_max": 0.007818,
        "nauc_ndcg_at_1000_std": -0.118988,
        "nauc_ndcg_at_1000_diff1": 0.070389,
        "nauc_map_at_1_max": 0.106929,
        "nauc_map_at_1_std": -0.07227,
        "nauc_map_at_1_diff1": 0.079738,
        "nauc_map_at_3_max": 0.156134,
        "nauc_map_at_3_std": -0.108679,
        "nauc_map_at_3_diff1": 0.112382,
        "nauc_map_at_5_max": 0.128255,
        "nauc_map_at_5_std": -0.137262,
        "nauc_map_at_5_diff1": 0.091761,
        "nauc_map_at_10_max": 0.105441,
        "nauc_map_at_10_std": -0.146534,
        "nauc_map_at_10_diff1": 0.095863,
        "nauc_map_at_20_max": 0.090592,
        "nauc_map_at_20_std": -0.136701,
        "nauc_map_at_20_diff1": 0.095327,
        "nauc_map_at_100_max": 0.088781,
        "nauc_map_at_100_std": -0.129919,
        "nauc_map_at_100_diff1": 0.091368,
        "nauc_map_at_1000_max": 0.083566,
        "nauc_map_at_1000_std": -0.129074,
        "nauc_map_at_1000_diff1": 0.089109,
        "nauc_recall_at_1_max": 0.106929,
        "nauc_recall_at_1_std": -0.07227,
        "nauc_recall_at_1_diff1": 0.079738,
        "nauc_recall_at_3_max": 0.135478,
        "nauc_recall_at_3_std": -0.114067,
        "nauc_recall_at_3_diff1": 0.029377,
        "nauc_recall_at_5_max": 0.078902,
        "nauc_recall_at_5_std": -0.166243,
        "nauc_recall_at_5_diff1": 0.015291,
        "nauc_recall_at_10_max": 0.001146,
        "nauc_recall_at_10_std": -0.196085,
        "nauc_recall_at_10_diff1": 0.030286,
        "nauc_recall_at_20_max": -1.7e-05,
        "nauc_recall_at_20_std": -0.108354,
        "nauc_recall_at_20_diff1": 0.0425,
        "nauc_recall_at_100_max": 0.074344,
        "nauc_recall_at_100_std": -0.061786,
        "nauc_recall_at_100_diff1": 0.053725,
        "nauc_recall_at_1000_max": -0.000522,
        "nauc_recall_at_1000_std": 0.0971,
        "nauc_recall_at_1000_diff1": 0.145977,
        "nauc_precision_at_1_max": -0.064023,
        "nauc_precision_at_1_std": -0.194439,
        "nauc_precision_at_1_diff1": 0.177794,
        "nauc_precision_at_3_max": 0.001651,
        "nauc_precision_at_3_std": -0.173108,
        "nauc_precision_at_3_diff1": 0.075559,
        "nauc_precision_at_5_max": -0.059057,
        "nauc_precision_at_5_std": -0.223467,
        "nauc_precision_at_5_diff1": 0.020702,
        "nauc_precision_at_10_max": -0.115998,
        "nauc_precision_at_10_std": -0.233383,
        "nauc_precision_at_10_diff1": 0.060822,
        "nauc_precision_at_20_max": -0.129818,
        "nauc_precision_at_20_std": -0.153177,
        "nauc_precision_at_20_diff1": 0.032639,
        "nauc_precision_at_100_max": -0.083185,
        "nauc_precision_at_100_std": -0.084176,
        "nauc_precision_at_100_diff1": 0.017721,
        "nauc_precision_at_1000_max": -0.183695,
        "nauc_precision_at_1000_std": -0.09821,
        "nauc_precision_at_1000_diff1": -0.037101,
        "nauc_mrr_at_1_max": -0.064023,
        "nauc_mrr_at_1_std": -0.194439,
        "nauc_mrr_at_1_diff1": 0.177794,
        "nauc_mrr_at_3_max": -0.005452,
        "nauc_mrr_at_3_std": -0.157019,
        "nauc_mrr_at_3_diff1": 0.099074,
        "nauc_mrr_at_5_max": -0.020308,
        "nauc_mrr_at_5_std": -0.16787,
        "nauc_mrr_at_5_diff1": 0.089737,
        "nauc_mrr_at_10_max": -0.039043,
        "nauc_mrr_at_10_std": -0.18312,
        "nauc_mrr_at_10_diff1": 0.089326,
        "nauc_mrr_at_20_max": -0.039464,
        "nauc_mrr_at_20_std": -0.17879,
        "nauc_mrr_at_20_diff1": 0.083909,
        "nauc_mrr_at_100_max": -0.034873,
        "nauc_mrr_at_100_std": -0.177624,
        "nauc_mrr_at_100_diff1": 0.084457,
        "nauc_mrr_at_1000_max": -0.035368,
        "nauc_mrr_at_1000_std": -0.177576,
        "nauc_mrr_at_1000_diff1": 0.085655,
        "hit_rate_at_1": 0.15534,
        "hit_rate_at_3": 0.23301,
        "hit_rate_at_5": 0.30097,
        "hit_rate_at_10": 0.35922,
        "hit_rate_at_20": 0.46602,
        "hit_rate_at_100": 0.66019,
        "hit_rate_at_1000": 0.94175,
        "main_score": 0.13733,
        "hf_subset": "default",
        "languages": [
          "eng-Latn"
        ]
      }
    ]
  },
  "evaluation_time": 38.804396629333496,
  "kg_co2_emissions": null,
  "date": null
}