{
  "dataset_revision": "78b585990279cc01a493f876c1b0cf09557fba57",
  "task_name": "R2MEDMedQADiagRetrieval",
  "mteb_version": "2.12.20",
  "scores": {
    "test": [
      {
        "ndcg_at_1": 0.0678,
        "ndcg_at_3": 0.0614,
        "ndcg_at_5": 0.07046,
        "ndcg_at_10": 0.0842,
        "ndcg_at_20": 0.09734,
        "ndcg_at_100": 0.13596,
        "ndcg_at_1000": 0.19112,
        "map_at_1": 0.01787,
        "map_at_3": 0.03628,
        "map_at_5": 0.04636,
        "map_at_10": 0.05394,
        "map_at_20": 0.05762,
        "map_at_100": 0.06358,
        "map_at_1000": 0.06619,
        "recall_at_1": 0.01787,
        "recall_at_3": 0.04605,
        "recall_at_5": 0.07516,
        "recall_at_10": 0.10835,
        "recall_at_20": 0.14184,
        "recall_at_100": 0.28577,
        "recall_at_1000": 0.58033,
        "accuracy": 0.01787,
        "precision_at_1": 0.0678,
        "precision_at_3": 0.0565,
        "precision_at_5": 0.05424,
        "precision_at_10": 0.03898,
        "precision_at_20": 0.02669,
        "precision_at_100": 0.01059,
        "precision_at_1000": 0.00236,
        "mrr_at_1": 0.067797,
        "mrr_at_3": 0.088983,
        "mrr_at_5": 0.107203,
        "mrr_at_10": 0.114383,
        "mrr_at_20": 0.118905,
        "mrr_at_100": 0.124768,
        "mrr_at_1000": 0.125661,
        "nauc_ndcg_at_1_max": 0.283297,
        "nauc_ndcg_at_1_std": 0.204004,
        "nauc_ndcg_at_1_diff1": 0.323455,
        "nauc_ndcg_at_3_max": 0.267124,
        "nauc_ndcg_at_3_std": 0.33822,
        "nauc_ndcg_at_3_diff1": 0.243499,
        "nauc_ndcg_at_5_max": 0.311459,
        "nauc_ndcg_at_5_std": 0.404588,
        "nauc_ndcg_at_5_diff1": 0.217406,
        "nauc_ndcg_at_10_max": 0.300345,
        "nauc_ndcg_at_10_std": 0.410587,
        "nauc_ndcg_at_10_diff1": 0.21785,
        "nauc_ndcg_at_20_max": 0.2868,
        "nauc_ndcg_at_20_std": 0.393486,
        "nauc_ndcg_at_20_diff1": 0.164779,
        "nauc_ndcg_at_100_max": 0.323407,
        "nauc_ndcg_at_100_std": 0.409349,
        "nauc_ndcg_at_100_diff1": 0.175929,
        "nauc_ndcg_at_1000_max": 0.297206,
        "nauc_ndcg_at_1000_std": 0.361883,
        "nauc_ndcg_at_1000_diff1": 0.180887,
        "nauc_map_at_1_max": 0.338749,
        "nauc_map_at_1_std": 0.276274,
        "nauc_map_at_1_diff1": 0.314697,
        "nauc_map_at_3_max": 0.314522,
        "nauc_map_at_3_std": 0.411054,
        "nauc_map_at_3_diff1": 0.235267,
        "nauc_map_at_5_max": 0.360383,
        "nauc_map_at_5_std": 0.459431,
        "nauc_map_at_5_diff1": 0.249782,
        "nauc_map_at_10_max": 0.3578,
        "nauc_map_at_10_std": 0.475401,
        "nauc_map_at_10_diff1": 0.250811,
        "nauc_map_at_20_max": 0.346584,
        "nauc_map_at_20_std": 0.46074,
        "nauc_map_at_20_diff1": 0.224487,
        "nauc_map_at_100_max": 0.355927,
        "nauc_map_at_100_std": 0.465394,
        "nauc_map_at_100_diff1": 0.22564,
        "nauc_map_at_1000_max": 0.354769,
        "nauc_map_at_1000_std": 0.463856,
        "nauc_map_at_1000_diff1": 0.222006,
        "nauc_recall_at_1_max": 0.338749,
        "nauc_recall_at_1_std": 0.276274,
        "nauc_recall_at_1_diff1": 0.314697,
        "nauc_recall_at_3_max": 0.253732,
        "nauc_recall_at_3_std": 0.401604,
        "nauc_recall_at_3_diff1": 0.173163,
        "nauc_recall_at_5_max": 0.317431,
        "nauc_recall_at_5_std": 0.442646,
        "nauc_recall_at_5_diff1": 0.185832,
        "nauc_recall_at_10_max": 0.287689,
        "nauc_recall_at_10_std": 0.432338,
        "nauc_recall_at_10_diff1": 0.16552,
        "nauc_recall_at_20_max": 0.264891,
        "nauc_recall_at_20_std": 0.396664,
        "nauc_recall_at_20_diff1": 0.07275,
        "nauc_recall_at_100_max": 0.304508,
        "nauc_recall_at_100_std": 0.376463,
        "nauc_recall_at_100_diff1": 0.109843,
        "nauc_recall_at_1000_max": 0.250821,
        "nauc_recall_at_1000_std": 0.240936,
        "nauc_recall_at_1000_diff1": 0.174257,
        "nauc_precision_at_1_max": 0.283297,
        "nauc_precision_at_1_std": 0.204004,
        "nauc_precision_at_1_diff1": 0.323455,
        "nauc_precision_at_3_max": 0.249665,
        "nauc_precision_at_3_std": 0.347433,
        "nauc_precision_at_3_diff1": 0.226518,
        "nauc_precision_at_5_max": 0.331841,
        "nauc_precision_at_5_std": 0.430062,
        "nauc_precision_at_5_diff1": 0.224361,
        "nauc_precision_at_10_max": 0.299298,
        "nauc_precision_at_10_std": 0.425254,
        "nauc_precision_at_10_diff1": 0.204367,
        "nauc_precision_at_20_max": 0.254775,
        "nauc_precision_at_20_std": 0.367598,
        "nauc_precision_at_20_diff1": 0.090429,
        "nauc_precision_at_100_max": 0.335347,
        "nauc_precision_at_100_std": 0.404117,
        "nauc_precision_at_100_diff1": 0.088734,
        "nauc_precision_at_1000_max": 0.137507,
        "nauc_precision_at_1000_std": 0.147107,
        "nauc_precision_at_1000_diff1": 0.052889,
        "nauc_mrr_at_1_max": 0.283297,
        "nauc_mrr_at_1_std": 0.204004,
        "nauc_mrr_at_1_diff1": 0.323455,
        "nauc_mrr_at_3_max": 0.224893,
        "nauc_mrr_at_3_std": 0.245117,
        "nauc_mrr_at_3_diff1": 0.24933,
        "nauc_mrr_at_5_max": 0.254912,
        "nauc_mrr_at_5_std": 0.270647,
        "nauc_mrr_at_5_diff1": 0.241708,
        "nauc_mrr_at_10_max": 0.236604,
        "nauc_mrr_at_10_std": 0.259077,
        "nauc_mrr_at_10_diff1": 0.236134,
        "nauc_mrr_at_20_max": 0.235103,
        "nauc_mrr_at_20_std": 0.259077,
        "nauc_mrr_at_20_diff1": 0.225164,
        "nauc_mrr_at_100_max": 0.238006,
        "nauc_mrr_at_100_std": 0.255797,
        "nauc_mrr_at_100_diff1": 0.231956,
        "nauc_mrr_at_1000_max": 0.23885,
        "nauc_mrr_at_1000_std": 0.256091,
        "nauc_mrr_at_1000_diff1": 0.232946,
        "hit_rate_at_1": 0.0678,
        "hit_rate_at_3": 0.11864,
        "hit_rate_at_5": 0.19492,
        "hit_rate_at_10": 0.24576,
        "hit_rate_at_20": 0.31356,
        "hit_rate_at_100": 0.55932,
        "hit_rate_at_1000": 0.81356,
        "main_score": 0.0842,
        "hf_subset": "default",
        "languages": [
          "eng-Latn"
        ]
      }
    ]
  },
  "evaluation_time": 579.6438648700714,
  "kg_co2_emissions": null,
  "date": null
}