{
  "dataset_revision": "b457ea43db9ae5db74c3a3e5be0a213d0f85ac3a",
  "task_name": "R2MEDMedXpertQAExamRetrieval",
  "mteb_version": "2.12.20",
  "scores": {
    "test": [
      {
        "ndcg_at_1": 0.02062,
        "ndcg_at_3": 0.01923,
        "ndcg_at_5": 0.01839,
        "ndcg_at_10": 0.02853,
        "ndcg_at_20": 0.03845,
        "ndcg_at_100": 0.07341,
        "ndcg_at_1000": 0.12257,
        "map_at_1": 0.00687,
        "map_at_3": 0.01289,
        "map_at_5": 0.01289,
        "map_at_10": 0.01619,
        "map_at_20": 0.01868,
        "map_at_100": 0.02297,
        "map_at_1000": 0.02472,
        "recall_at_1": 0.00687,
        "recall_at_3": 0.0189,
        "recall_at_5": 0.0189,
        "recall_at_10": 0.04099,
        "recall_at_20": 0.0715,
        "recall_at_100": 0.22601,
        "recall_at_1000": 0.53155,
        "accuracy": 0.00687,
        "precision_at_1": 0.02062,
        "precision_at_3": 0.01375,
        "precision_at_5": 0.00825,
        "precision_at_10": 0.01134,
        "precision_at_20": 0.00979,
        "precision_at_100": 0.00546,
        "precision_at_1000": 0.00145,
        "mrr_at_1": 0.020619,
        "mrr_at_3": 0.030928,
        "mrr_at_5": 0.030928,
        "mrr_at_10": 0.039875,
        "mrr_at_20": 0.043528,
        "mrr_at_100": 0.049785,
        "mrr_at_1000": 0.051051,
        "nauc_ndcg_at_1_max": -0.311868,
        "nauc_ndcg_at_1_std": -0.324735,
        "nauc_ndcg_at_1_diff1": -0.368659,
        "nauc_ndcg_at_3_max": -0.260916,
        "nauc_ndcg_at_3_std": -0.163456,
        "nauc_ndcg_at_3_diff1": -0.434696,
        "nauc_ndcg_at_5_max": -0.249839,
        "nauc_ndcg_at_5_std": -0.161468,
        "nauc_ndcg_at_5_diff1": -0.431619,
        "nauc_ndcg_at_10_max": -0.237255,
        "nauc_ndcg_at_10_std": -0.12245,
        "nauc_ndcg_at_10_diff1": -0.389477,
        "nauc_ndcg_at_20_max": -0.178961,
        "nauc_ndcg_at_20_std": -0.046197,
        "nauc_ndcg_at_20_diff1": -0.287282,
        "nauc_ndcg_at_100_max": -0.087402,
        "nauc_ndcg_at_100_std": 0.063562,
        "nauc_ndcg_at_100_diff1": -0.259652,
        "nauc_ndcg_at_1000_max": -0.018858,
        "nauc_ndcg_at_1000_std": 0.077813,
        "nauc_ndcg_at_1000_diff1": -0.178741,
        "nauc_map_at_1_max": -0.311868,
        "nauc_map_at_1_std": -0.324735,
        "nauc_map_at_1_diff1": -0.368659,
        "nauc_map_at_3_max": -0.228644,
        "nauc_map_at_3_std": -0.148279,
        "nauc_map_at_3_diff1": -0.430678,
        "nauc_map_at_5_max": -0.228644,
        "nauc_map_at_5_std": -0.148279,
        "nauc_map_at_5_diff1": -0.430678,
        "nauc_map_at_10_max": -0.218927,
        "nauc_map_at_10_std": -0.126582,
        "nauc_map_at_10_diff1": -0.404656,
        "nauc_map_at_20_max": -0.199081,
        "nauc_map_at_20_std": -0.079457,
        "nauc_map_at_20_diff1": -0.357445,
        "nauc_map_at_100_max": -0.156937,
        "nauc_map_at_100_std": -0.030518,
        "nauc_map_at_100_diff1": -0.340473,
        "nauc_map_at_1000_max": -0.148906,
        "nauc_map_at_1000_std": -0.03031,
        "nauc_map_at_1000_diff1": -0.331346,
        "nauc_recall_at_1_max": -0.311868,
        "nauc_recall_at_1_std": -0.324735,
        "nauc_recall_at_1_diff1": -0.368659,
        "nauc_recall_at_3_max": -0.198381,
        "nauc_recall_at_3_std": -0.084112,
        "nauc_recall_at_3_diff1": -0.45323,
        "nauc_recall_at_5_max": -0.198381,
        "nauc_recall_at_5_std": -0.084112,
        "nauc_recall_at_5_diff1": -0.45323,
        "nauc_recall_at_10_max": -0.215344,
        "nauc_recall_at_10_std": -0.050392,
        "nauc_recall_at_10_diff1": -0.393922,
        "nauc_recall_at_20_max": -0.121011,
        "nauc_recall_at_20_std": 0.033252,
        "nauc_recall_at_20_diff1": -0.165378,
        "nauc_recall_at_100_max": 0.014174,
        "nauc_recall_at_100_std": 0.194647,
        "nauc_recall_at_100_diff1": -0.176725,
        "nauc_recall_at_1000_max": 0.207198,
        "nauc_recall_at_1000_std": 0.281686,
        "nauc_recall_at_1000_diff1": 0.000177,
        "nauc_precision_at_1_max": -0.311868,
        "nauc_precision_at_1_std": -0.324735,
        "nauc_precision_at_1_diff1": -0.368659,
        "nauc_precision_at_3_max": -0.299371,
        "nauc_precision_at_3_std": -0.189846,
        "nauc_precision_at_3_diff1": -0.435108,
        "nauc_precision_at_5_max": -0.299371,
        "nauc_precision_at_5_std": -0.189846,
        "nauc_precision_at_5_diff1": -0.435108,
        "nauc_precision_at_10_max": -0.240747,
        "nauc_precision_at_10_std": -0.125336,
        "nauc_precision_at_10_diff1": -0.343015,
        "nauc_precision_at_20_max": -0.147753,
        "nauc_precision_at_20_std": 0.029595,
        "nauc_precision_at_20_diff1": -0.254343,
        "nauc_precision_at_100_max": -0.089484,
        "nauc_precision_at_100_std": 0.037561,
        "nauc_precision_at_100_diff1": -0.17263,
        "nauc_precision_at_1000_max": -0.08509,
        "nauc_precision_at_1000_std": -0.054248,
        "nauc_precision_at_1000_diff1": -0.044938,
        "nauc_mrr_at_1_max": -0.311868,
        "nauc_mrr_at_1_std": -0.324735,
        "nauc_mrr_at_1_diff1": -0.368659,
        "nauc_mrr_at_3_max": -0.303537,
        "nauc_mrr_at_3_std": -0.234809,
        "nauc_mrr_at_3_diff1": -0.412958,
        "nauc_mrr_at_5_max": -0.303537,
        "nauc_mrr_at_5_std": -0.234809,
        "nauc_mrr_at_5_diff1": -0.412958,
        "nauc_mrr_at_10_max": -0.297752,
        "nauc_mrr_at_10_std": -0.203954,
        "nauc_mrr_at_10_diff1": -0.386859,
        "nauc_mrr_at_20_max": -0.26223,
        "nauc_mrr_at_20_std": -0.177086,
        "nauc_mrr_at_20_diff1": -0.362026,
        "nauc_mrr_at_100_max": -0.244427,
        "nauc_mrr_at_100_std": -0.159048,
        "nauc_mrr_at_100_diff1": -0.349523,
        "nauc_mrr_at_1000_max": -0.244273,
        "nauc_mrr_at_1000_std": -0.16052,
        "nauc_mrr_at_1000_diff1": -0.348071,
        "hit_rate_at_1": 0.02062,
        "hit_rate_at_3": 0.04124,
        "hit_rate_at_5": 0.04124,
        "hit_rate_at_10": 0.10309,
        "hit_rate_at_20": 0.15464,
        "hit_rate_at_100": 0.40206,
        "hit_rate_at_1000": 0.74227,
        "main_score": 0.02853,
        "hf_subset": "default",
        "languages": [
          "eng-Latn"
        ]
      }
    ]
  },
  "evaluation_time": 535.1688492298126,
  "kg_co2_emissions": null,
  "date": null
}