{
  "dataset_revision": "49c07b6",
  "task_name": "BarExamQA",
  "mteb_version": "2.9.0",
  "scores": {
    "test": [
      {
        "ndcg_at_1": 0.17949,
        "ndcg_at_3": 0.28917,
        "ndcg_at_5": 0.32741,
        "ndcg_at_10": 0.36092,
        "ndcg_at_20": 0.39968,
        "ndcg_at_100": 0.45077,
        "ndcg_at_1000": 0.45077,
        "map_at_1": 0.17949,
        "map_at_3": 0.26211,
        "map_at_5": 0.28305,
        "map_at_10": 0.29706,
        "map_at_20": 0.30762,
        "map_at_100": 0.31421,
        "map_at_1000": 0.31421,
        "recall_at_1": 0.17949,
        "recall_at_3": 0.36752,
        "recall_at_5": 0.46154,
        "recall_at_10": 0.5641,
        "recall_at_20": 0.71795,
        "recall_at_100": 1.0,
        "recall_at_1000": 1.0,
        "accuracy": 0.17949,
        "precision_at_1": 0.17949,
        "precision_at_3": 0.12251,
        "precision_at_5": 0.09231,
        "precision_at_10": 0.05641,
        "precision_at_20": 0.0359,
        "precision_at_100": 0.01,
        "precision_at_1000": 0.001,
        "mrr_at_1": 0.179487,
        "mrr_at_3": 0.262108,
        "mrr_at_5": 0.283048,
        "mrr_at_10": 0.297063,
        "mrr_at_20": 0.307619,
        "mrr_at_100": 0.314212,
        "mrr_at_1000": 0.314212,
        "nauc_ndcg_at_1_max": 0.032962,
        "nauc_ndcg_at_1_std": -0.139723,
        "nauc_ndcg_at_1_diff1": 0.223117,
        "nauc_ndcg_at_3_max": 0.03948,
        "nauc_ndcg_at_3_std": -0.019842,
        "nauc_ndcg_at_3_diff1": 0.173511,
        "nauc_ndcg_at_5_max": 0.039043,
        "nauc_ndcg_at_5_std": 0.00793,
        "nauc_ndcg_at_5_diff1": 0.171869,
        "nauc_ndcg_at_10_max": 0.01536,
        "nauc_ndcg_at_10_std": -0.002294,
        "nauc_ndcg_at_10_diff1": 0.155712,
        "nauc_ndcg_at_20_max": 0.050232,
        "nauc_ndcg_at_20_std": 0.064018,
        "nauc_ndcg_at_20_diff1": 0.15623,
        "nauc_ndcg_at_100_max": 0.042001,
        "nauc_ndcg_at_100_std": 0.001783,
        "nauc_ndcg_at_100_diff1": 0.163887,
        "nauc_ndcg_at_1000_max": 0.042001,
        "nauc_ndcg_at_1000_std": 0.001783,
        "nauc_ndcg_at_1000_diff1": 0.163887,
        "nauc_map_at_1_max": 0.032962,
        "nauc_map_at_1_std": -0.139723,
        "nauc_map_at_1_diff1": 0.223117,
        "nauc_map_at_3_max": 0.042298,
        "nauc_map_at_3_std": -0.043842,
        "nauc_map_at_3_diff1": 0.180581,
        "nauc_map_at_5_max": 0.042249,
        "nauc_map_at_5_std": -0.027534,
        "nauc_map_at_5_diff1": 0.180194,
        "nauc_map_at_10_max": 0.032559,
        "nauc_map_at_10_std": -0.032218,
        "nauc_map_at_10_diff1": 0.173968,
        "nauc_map_at_20_max": 0.043686,
        "nauc_map_at_20_std": -0.013952,
        "nauc_map_at_20_diff1": 0.174571,
        "nauc_map_at_100_max": 0.042335,
        "nauc_map_at_100_std": -0.022538,
        "nauc_map_at_100_diff1": 0.17401,
        "nauc_map_at_1000_max": 0.042335,
        "nauc_map_at_1000_std": -0.022538,
        "nauc_map_at_1000_diff1": 0.17401,
        "nauc_recall_at_1_max": 0.032962,
        "nauc_recall_at_1_std": -0.139723,
        "nauc_recall_at_1_diff1": 0.223117,
        "nauc_recall_at_3_max": 0.030908,
        "nauc_recall_at_3_std": 0.040057,
        "nauc_recall_at_3_diff1": 0.156934,
        "nauc_recall_at_5_max": 0.029172,
        "nauc_recall_at_5_std": 0.100309,
        "nauc_recall_at_5_diff1": 0.151224,
        "nauc_recall_at_10_max": -0.042899,
        "nauc_recall_at_10_std": 0.077132,
        "nauc_recall_at_10_diff1": 0.099255,
        "nauc_recall_at_20_max": 0.088234,
        "nauc_recall_at_20_std": 0.404933,
        "nauc_recall_at_20_diff1": 0.081629,
        "nauc_recall_at_100_max": NaN,
        "nauc_recall_at_100_std": NaN,
        "nauc_recall_at_100_diff1": NaN,
        "nauc_recall_at_1000_max": NaN,
        "nauc_recall_at_1000_std": NaN,
        "nauc_recall_at_1000_diff1": NaN,
        "nauc_precision_at_1_max": 0.032962,
        "nauc_precision_at_1_std": -0.139723,
        "nauc_precision_at_1_diff1": 0.223117,
        "nauc_precision_at_3_max": 0.030908,
        "nauc_precision_at_3_std": 0.040057,
        "nauc_precision_at_3_diff1": 0.156934,
        "nauc_precision_at_5_max": 0.029172,
        "nauc_precision_at_5_std": 0.100309,
        "nauc_precision_at_5_diff1": 0.151224,
        "nauc_precision_at_10_max": -0.042899,
        "nauc_precision_at_10_std": 0.077132,
        "nauc_precision_at_10_diff1": 0.099255,
        "nauc_precision_at_20_max": 0.088234,
        "nauc_precision_at_20_std": 0.404933,
        "nauc_precision_at_20_diff1": 0.081629,
        "nauc_precision_at_100_max": NaN,
        "nauc_precision_at_100_std": NaN,
        "nauc_precision_at_100_diff1": NaN,
        "nauc_precision_at_1000_max": 1.0,
        "nauc_precision_at_1000_std": 1.0,
        "nauc_precision_at_1000_diff1": 1.0,
        "nauc_mrr_at_1_max": 0.032962,
        "nauc_mrr_at_1_std": -0.139723,
        "nauc_mrr_at_1_diff1": 0.223117,
        "nauc_mrr_at_3_max": 0.042298,
        "nauc_mrr_at_3_std": -0.043842,
        "nauc_mrr_at_3_diff1": 0.180581,
        "nauc_mrr_at_5_max": 0.042249,
        "nauc_mrr_at_5_std": -0.027534,
        "nauc_mrr_at_5_diff1": 0.180194,
        "nauc_mrr_at_10_max": 0.032559,
        "nauc_mrr_at_10_std": -0.032218,
        "nauc_mrr_at_10_diff1": 0.173968,
        "nauc_mrr_at_20_max": 0.043686,
        "nauc_mrr_at_20_std": -0.013952,
        "nauc_mrr_at_20_diff1": 0.174571,
        "nauc_mrr_at_100_max": 0.042335,
        "nauc_mrr_at_100_std": -0.022538,
        "nauc_mrr_at_100_diff1": 0.17401,
        "nauc_mrr_at_1000_max": 0.042335,
        "nauc_mrr_at_1000_std": -0.022538,
        "nauc_mrr_at_1000_diff1": 0.17401,
        "cv_recall_at_1": 0.17949,
        "cv_recall_at_3": 0.36752,
        "cv_recall_at_5": 0.46154,
        "cv_recall_at_10": 0.5641,
        "cv_recall_at_20": 0.71795,
        "cv_recall_at_100": 1.0,
        "cv_recall_at_1000": 1.0,
        "main_score": 0.36092,
        "hf_subset": "default",
        "languages": [
          "eng-Latn"
        ]
      }
    ]
  },
  "evaluation_time": 29.48048162460327,
  "kg_co2_emissions": null,
  "date": null
}