{
  "dataset_revision": "0c063eb9b2f3085bbbc48f8d51f21a179254187e",
  "task_name": "BillSumUS",
  "mteb_version": "2.9.0",
  "scores": {
    "test": [
      {
        "ndcg_at_1": 0.986,
        "ndcg_at_3": 0.98952,
        "ndcg_at_5": 0.98952,
        "ndcg_at_10": 0.99077,
        "ndcg_at_20": 0.99077,
        "ndcg_at_100": 0.99108,
        "ndcg_at_1000": 0.99134,
        "map_at_1": 0.986,
        "map_at_3": 0.98867,
        "map_at_5": 0.98867,
        "map_at_10": 0.98915,
        "map_at_20": 0.98915,
        "map_at_100": 0.98918,
        "map_at_1000": 0.98919,
        "recall_at_1": 0.986,
        "recall_at_3": 0.992,
        "recall_at_5": 0.992,
        "recall_at_10": 0.996,
        "recall_at_20": 0.996,
        "recall_at_100": 0.998,
        "recall_at_1000": 1.0,
        "accuracy": 0.986,
        "precision_at_1": 0.986,
        "precision_at_3": 0.33067,
        "precision_at_5": 0.1984,
        "precision_at_10": 0.0996,
        "precision_at_20": 0.0498,
        "precision_at_100": 0.00998,
        "precision_at_1000": 0.001,
        "mrr_at_1": 0.986,
        "mrr_at_3": 0.988667,
        "mrr_at_5": 0.988667,
        "mrr_at_10": 0.989152,
        "mrr_at_20": 0.989152,
        "mrr_at_100": 0.989176,
        "mrr_at_1000": 0.989186,
        "nauc_ndcg_at_1_max": 1.0,
        "nauc_ndcg_at_1_std": 0.274643,
        "nauc_ndcg_at_1_diff1": 0.981326,
        "nauc_ndcg_at_3_max": 1.0,
        "nauc_ndcg_at_3_std": 0.50731,
        "nauc_ndcg_at_3_diff1": 0.975045,
        "nauc_ndcg_at_5_max": 1.0,
        "nauc_ndcg_at_5_std": 0.50731,
        "nauc_ndcg_at_5_diff1": 0.975045,
        "nauc_ndcg_at_10_max": 1.0,
        "nauc_ndcg_at_10_std": 0.440875,
        "nauc_ndcg_at_10_diff1": 0.97168,
        "nauc_ndcg_at_20_max": 1.0,
        "nauc_ndcg_at_20_std": 0.440875,
        "nauc_ndcg_at_20_diff1": 0.97168,
        "nauc_ndcg_at_100_max": 1.0,
        "nauc_ndcg_at_100_std": 0.451943,
        "nauc_ndcg_at_100_diff1": 0.975243,
        "nauc_ndcg_at_1000_max": 1.0,
        "nauc_ndcg_at_1000_std": 0.435268,
        "nauc_ndcg_at_1000_diff1": 0.97449,
        "nauc_map_at_1_max": 1.0,
        "nauc_map_at_1_std": 0.274643,
        "nauc_map_at_1_diff1": 0.981326,
        "nauc_map_at_3_max": 1.0,
        "nauc_map_at_3_std": 0.440133,
        "nauc_map_at_3_diff1": 0.976932,
        "nauc_map_at_5_max": 1.0,
        "nauc_map_at_5_std": 0.440133,
        "nauc_map_at_5_diff1": 0.976932,
        "nauc_map_at_10_max": 1.0,
        "nauc_map_at_10_std": 0.415064,
        "nauc_map_at_10_diff1": 0.975899,
        "nauc_map_at_20_max": 1.0,
        "nauc_map_at_20_std": 0.415064,
        "nauc_map_at_20_diff1": 0.975899,
        "nauc_map_at_100_max": 1.0,
        "nauc_map_at_100_std": 0.415692,
        "nauc_map_at_100_diff1": 0.976128,
        "nauc_map_at_1000_max": 1.0,
        "nauc_map_at_1000_std": 0.415129,
        "nauc_map_at_1000_diff1": 0.976105,
        "nauc_recall_at_1_max": 1.0,
        "nauc_recall_at_1_std": 0.274643,
        "nauc_recall_at_1_diff1": 0.981326,
        "nauc_recall_at_3_max": 1.0,
        "nauc_recall_at_3_std": 0.780696,
        "nauc_recall_at_3_diff1": 0.96732,
        "nauc_recall_at_5_max": 1.0,
        "nauc_recall_at_5_std": 0.780696,
        "nauc_recall_at_5_diff1": 0.96732,
        "nauc_recall_at_10_max": 1.0,
        "nauc_recall_at_10_std": 0.561391,
        "nauc_recall_at_10_diff1": 0.934641,
        "nauc_recall_at_20_max": 1.0,
        "nauc_recall_at_20_std": 0.561391,
        "nauc_recall_at_20_diff1": 0.934641,
        "nauc_recall_at_100_max": 1.0,
        "nauc_recall_at_100_std": 1.0,
        "nauc_recall_at_100_diff1": 1.0,
        "nauc_recall_at_1000_max": NaN,
        "nauc_recall_at_1000_std": NaN,
        "nauc_recall_at_1000_diff1": NaN,
        "nauc_precision_at_1_max": 1.0,
        "nauc_precision_at_1_std": 0.274643,
        "nauc_precision_at_1_diff1": 0.981326,
        "nauc_precision_at_3_max": 1.0,
        "nauc_precision_at_3_std": 0.780696,
        "nauc_precision_at_3_diff1": 0.96732,
        "nauc_precision_at_5_max": 1.0,
        "nauc_precision_at_5_std": 0.780696,
        "nauc_precision_at_5_diff1": 0.96732,
        "nauc_precision_at_10_max": 1.0,
        "nauc_precision_at_10_std": 0.561391,
        "nauc_precision_at_10_diff1": 0.934641,
        "nauc_precision_at_20_max": 1.0,
        "nauc_precision_at_20_std": 0.561391,
        "nauc_precision_at_20_diff1": 0.934641,
        "nauc_precision_at_100_max": 1.0,
        "nauc_precision_at_100_std": 1.0,
        "nauc_precision_at_100_diff1": 1.0,
        "nauc_precision_at_1000_max": 1.0,
        "nauc_precision_at_1000_std": 1.0,
        "nauc_precision_at_1000_diff1": 1.0,
        "nauc_mrr_at_1_max": 1.0,
        "nauc_mrr_at_1_std": 0.274643,
        "nauc_mrr_at_1_diff1": 0.981326,
        "nauc_mrr_at_3_max": 1.0,
        "nauc_mrr_at_3_std": 0.440133,
        "nauc_mrr_at_3_diff1": 0.976932,
        "nauc_mrr_at_5_max": 1.0,
        "nauc_mrr_at_5_std": 0.440133,
        "nauc_mrr_at_5_diff1": 0.976932,
        "nauc_mrr_at_10_max": 1.0,
        "nauc_mrr_at_10_std": 0.415064,
        "nauc_mrr_at_10_diff1": 0.975899,
        "nauc_mrr_at_20_max": 1.0,
        "nauc_mrr_at_20_std": 0.415064,
        "nauc_mrr_at_20_diff1": 0.975899,
        "nauc_mrr_at_100_max": 1.0,
        "nauc_mrr_at_100_std": 0.415692,
        "nauc_mrr_at_100_diff1": 0.976128,
        "nauc_mrr_at_1000_max": 1.0,
        "nauc_mrr_at_1000_std": 0.415129,
        "nauc_mrr_at_1000_diff1": 0.976105,
        "cv_recall_at_1": 0.986,
        "cv_recall_at_3": 0.992,
        "cv_recall_at_5": 0.992,
        "cv_recall_at_10": 0.996,
        "cv_recall_at_20": 0.996,
        "cv_recall_at_100": 0.998,
        "cv_recall_at_1000": 1.0,
        "main_score": 0.99077,
        "hf_subset": "default",
        "languages": [
          "eng-Latn"
        ]
      }
    ]
  },
  "evaluation_time": 186.99351119995117,
  "kg_co2_emissions": null,
  "date": null
}