{
  "dataset_revision": "5014f29d7fdde6f9073a75b72be53ed73eed60c6",
  "task_name": "BillSumCA",
  "mteb_version": "2.9.0",
  "scores": {
    "test": [
      {
        "ndcg_at_1": 0.834,
        "ndcg_at_3": 0.90478,
        "ndcg_at_5": 0.91753,
        "ndcg_at_10": 0.91945,
        "ndcg_at_20": 0.91945,
        "ndcg_at_100": 0.92161,
        "ndcg_at_1000": 0.92161,
        "map_at_1": 0.834,
        "map_at_3": 0.88833,
        "map_at_5": 0.89563,
        "map_at_10": 0.89642,
        "map_at_20": 0.89642,
        "map_at_100": 0.89669,
        "map_at_1000": 0.89669,
        "recall_at_1": 0.834,
        "recall_at_3": 0.952,
        "recall_at_5": 0.982,
        "recall_at_10": 0.988,
        "recall_at_20": 0.988,
        "recall_at_100": 1.0,
        "recall_at_1000": 1.0,
        "accuracy": 0.834,
        "precision_at_1": 0.834,
        "precision_at_3": 0.31733,
        "precision_at_5": 0.1964,
        "precision_at_10": 0.0988,
        "precision_at_20": 0.0494,
        "precision_at_100": 0.01,
        "precision_at_1000": 0.001,
        "mrr_at_1": 0.834,
        "mrr_at_3": 0.888333,
        "mrr_at_5": 0.895633,
        "mrr_at_10": 0.896417,
        "mrr_at_20": 0.896417,
        "mrr_at_100": 0.896692,
        "mrr_at_1000": 0.896692,
        "nauc_ndcg_at_1_max": 0.567269,
        "nauc_ndcg_at_1_std": 0.06861,
        "nauc_ndcg_at_1_diff1": 0.84463,
        "nauc_ndcg_at_3_max": 0.620641,
        "nauc_ndcg_at_3_std": -0.046632,
        "nauc_ndcg_at_3_diff1": 0.802756,
        "nauc_ndcg_at_5_max": 0.610681,
        "nauc_ndcg_at_5_std": -0.009273,
        "nauc_ndcg_at_5_diff1": 0.823758,
        "nauc_ndcg_at_10_max": 0.608998,
        "nauc_ndcg_at_10_std": 0.016568,
        "nauc_ndcg_at_10_diff1": 0.824463,
        "nauc_ndcg_at_20_max": 0.608998,
        "nauc_ndcg_at_20_std": 0.016568,
        "nauc_ndcg_at_20_diff1": 0.824463,
        "nauc_ndcg_at_100_max": 0.601909,
        "nauc_ndcg_at_100_std": 0.017658,
        "nauc_ndcg_at_100_diff1": 0.826303,
        "nauc_ndcg_at_1000_max": 0.601909,
        "nauc_ndcg_at_1000_std": 0.017658,
        "nauc_ndcg_at_1000_diff1": 0.826303,
        "nauc_map_at_1_max": 0.567269,
        "nauc_map_at_1_std": 0.06861,
        "nauc_map_at_1_diff1": 0.84463,
        "nauc_map_at_3_max": 0.603266,
        "nauc_map_at_3_std": -0.008297,
        "nauc_map_at_3_diff1": 0.816772,
        "nauc_map_at_5_max": 0.597725,
        "nauc_map_at_5_std": 0.011514,
        "nauc_map_at_5_diff1": 0.827513,
        "nauc_map_at_10_max": 0.597265,
        "nauc_map_at_10_std": 0.020713,
        "nauc_map_at_10_diff1": 0.827912,
        "nauc_map_at_20_max": 0.597265,
        "nauc_map_at_20_std": 0.020713,
        "nauc_map_at_20_diff1": 0.827912,
        "nauc_map_at_100_max": 0.596605,
        "nauc_map_at_100_std": 0.021181,
        "nauc_map_at_100_diff1": 0.828108,
        "nauc_map_at_1000_max": 0.596605,
        "nauc_map_at_1000_std": 0.021181,
        "nauc_map_at_1000_diff1": 0.828108,
        "nauc_recall_at_1_max": 0.567269,
        "nauc_recall_at_1_std": 0.06861,
        "nauc_recall_at_1_diff1": 0.84463,
        "nauc_recall_at_3_max": 0.731404,
        "nauc_recall_at_3_std": -0.291822,
        "nauc_recall_at_3_diff1": 0.713021,
        "nauc_recall_at_5_max": 0.807034,
        "nauc_recall_at_5_std": -0.314452,
        "nauc_recall_at_5_diff1": 0.776948,
        "nauc_recall_at_10_max": 0.863834,
        "nauc_recall_at_10_std": 0.015951,
        "nauc_recall_at_10_diff1": 0.761516,
        "nauc_recall_at_20_max": 0.863834,
        "nauc_recall_at_20_std": 0.015951,
        "nauc_recall_at_20_diff1": 0.761516,
        "nauc_recall_at_100_max": NaN,
        "nauc_recall_at_100_std": NaN,
        "nauc_recall_at_100_diff1": NaN,
        "nauc_recall_at_1000_max": NaN,
        "nauc_recall_at_1000_std": NaN,
        "nauc_recall_at_1000_diff1": NaN,
        "nauc_precision_at_1_max": 0.567269,
        "nauc_precision_at_1_std": 0.06861,
        "nauc_precision_at_1_diff1": 0.84463,
        "nauc_precision_at_3_max": 0.731404,
        "nauc_precision_at_3_std": -0.291822,
        "nauc_precision_at_3_diff1": 0.713021,
        "nauc_precision_at_5_max": 0.807034,
        "nauc_precision_at_5_std": -0.314452,
        "nauc_precision_at_5_diff1": 0.776948,
        "nauc_precision_at_10_max": 0.863834,
        "nauc_precision_at_10_std": 0.015951,
        "nauc_precision_at_10_diff1": 0.761516,
        "nauc_precision_at_20_max": 0.863834,
        "nauc_precision_at_20_std": 0.015951,
        "nauc_precision_at_20_diff1": 0.761516,
        "nauc_precision_at_100_max": 1.0,
        "nauc_precision_at_100_std": 1.0,
        "nauc_precision_at_100_diff1": 1.0,
        "nauc_precision_at_1000_max": 1.0,
        "nauc_precision_at_1000_std": 1.0,
        "nauc_precision_at_1000_diff1": 1.0,
        "nauc_mrr_at_1_max": 0.567269,
        "nauc_mrr_at_1_std": 0.06861,
        "nauc_mrr_at_1_diff1": 0.84463,
        "nauc_mrr_at_3_max": 0.602353,
        "nauc_mrr_at_3_std": -0.008297,
        "nauc_mrr_at_3_diff1": 0.816772,
        "nauc_mrr_at_5_max": 0.59748,
        "nauc_mrr_at_5_std": 0.011514,
        "nauc_mrr_at_5_diff1": 0.827513,
        "nauc_mrr_at_10_max": 0.597019,
        "nauc_mrr_at_10_std": 0.020713,
        "nauc_mrr_at_10_diff1": 0.827912,
        "nauc_mrr_at_20_max": 0.597019,
        "nauc_mrr_at_20_std": 0.020713,
        "nauc_mrr_at_20_diff1": 0.827912,
        "nauc_mrr_at_100_max": 0.596355,
        "nauc_mrr_at_100_std": 0.02118,
        "nauc_mrr_at_100_diff1": 0.828107,
        "nauc_mrr_at_1000_max": 0.596355,
        "nauc_mrr_at_1000_std": 0.02118,
        "nauc_mrr_at_1000_diff1": 0.828107,
        "cv_recall_at_1": 0.834,
        "cv_recall_at_3": 0.952,
        "cv_recall_at_5": 0.982,
        "cv_recall_at_10": 0.988,
        "cv_recall_at_20": 0.988,
        "cv_recall_at_100": 1.0,
        "cv_recall_at_1000": 1.0,
        "main_score": 0.91945,
        "hf_subset": "default",
        "languages": [
          "eng-Latn"
        ]
      }
    ]
  },
  "evaluation_time": 216.88468837738037,
  "kg_co2_emissions": null,
  "date": null
}