{
  "dataset_revision": "ef7b3a7f08dd2f0f7bdf0cf23391f8a1a26ad477",
  "task_name": "BIRCO-ClinicalTrial",
  "mteb_version": "2.9.0",
  "scores": {
    "test": [
      {
        "ndcg_at_1": 0.21,
        "ndcg_at_3": 0.20126,
        "ndcg_at_5": 0.19286,
        "ndcg_at_10": 0.19677,
        "ndcg_at_20": 0.21611,
        "ndcg_at_100": 0.30816,
        "ndcg_at_1000": 0.4388,
        "map_at_1": 0.01808,
        "map_at_3": 0.04331,
        "map_at_5": 0.05488,
        "map_at_10": 0.07243,
        "map_at_20": 0.09581,
        "map_at_100": 0.13709,
        "map_at_1000": 0.15967,
        "recall_at_1": 0.01808,
        "recall_at_3": 0.05237,
        "recall_at_5": 0.08017,
        "recall_at_10": 0.12979,
        "recall_at_20": 0.20163,
        "recall_at_100": 0.44732,
        "recall_at_1000": 0.87188,
        "accuracy": 0.01808,
        "precision_at_1": 0.26,
        "precision_at_3": 0.25333,
        "precision_at_5": 0.232,
        "precision_at_10": 0.198,
        "precision_at_20": 0.165,
        "precision_at_100": 0.0836,
        "precision_at_1000": 0.01798,
        "mrr_at_1": 0.26,
        "mrr_at_3": 0.35,
        "mrr_at_5": 0.381,
        "mrr_at_10": 0.405405,
        "mrr_at_20": 0.409231,
        "mrr_at_100": 0.4134,
        "mrr_at_1000": 0.4134,
        "nauc_ndcg_at_1_max": 0.055767,
        "nauc_ndcg_at_1_std": -0.098966,
        "nauc_ndcg_at_1_diff1": 0.161743,
        "nauc_ndcg_at_3_max": 0.1548,
        "nauc_ndcg_at_3_std": 0.192575,
        "nauc_ndcg_at_3_diff1": 0.10816,
        "nauc_ndcg_at_5_max": 0.190188,
        "nauc_ndcg_at_5_std": 0.227248,
        "nauc_ndcg_at_5_diff1": 0.150031,
        "nauc_ndcg_at_10_max": 0.214557,
        "nauc_ndcg_at_10_std": 0.287086,
        "nauc_ndcg_at_10_diff1": 0.194252,
        "nauc_ndcg_at_20_max": 0.233097,
        "nauc_ndcg_at_20_std": 0.332241,
        "nauc_ndcg_at_20_diff1": 0.188403,
        "nauc_ndcg_at_100_max": 0.288103,
        "nauc_ndcg_at_100_std": 0.446802,
        "nauc_ndcg_at_100_diff1": 0.211563,
        "nauc_ndcg_at_1000_max": 0.290158,
        "nauc_ndcg_at_1000_std": 0.458356,
        "nauc_ndcg_at_1000_diff1": 0.104097,
        "nauc_map_at_1_max": 0.061088,
        "nauc_map_at_1_std": -0.127708,
        "nauc_map_at_1_diff1": 0.263971,
        "nauc_map_at_3_max": 0.225173,
        "nauc_map_at_3_std": 0.133524,
        "nauc_map_at_3_diff1": 0.146892,
        "nauc_map_at_5_max": 0.221265,
        "nauc_map_at_5_std": 0.145775,
        "nauc_map_at_5_diff1": 0.176111,
        "nauc_map_at_10_max": 0.212931,
        "nauc_map_at_10_std": 0.247088,
        "nauc_map_at_10_diff1": 0.181395,
        "nauc_map_at_20_max": 0.220701,
        "nauc_map_at_20_std": 0.304588,
        "nauc_map_at_20_diff1": 0.174521,
        "nauc_map_at_100_max": 0.257472,
        "nauc_map_at_100_std": 0.414875,
        "nauc_map_at_100_diff1": 0.150568,
        "nauc_map_at_1000_max": 0.25365,
        "nauc_map_at_1000_std": 0.435062,
        "nauc_map_at_1000_diff1": 0.109,
        "nauc_recall_at_1_max": 0.061088,
        "nauc_recall_at_1_std": -0.127708,
        "nauc_recall_at_1_diff1": 0.263971,
        "nauc_recall_at_3_max": 0.278952,
        "nauc_recall_at_3_std": 0.248843,
        "nauc_recall_at_3_diff1": 0.118444,
        "nauc_recall_at_5_max": 0.210292,
        "nauc_recall_at_5_std": 0.15872,
        "nauc_recall_at_5_diff1": 0.211477,
        "nauc_recall_at_10_max": 0.226645,
        "nauc_recall_at_10_std": 0.290223,
        "nauc_recall_at_10_diff1": 0.226833,
        "nauc_recall_at_20_max": 0.227164,
        "nauc_recall_at_20_std": 0.358954,
        "nauc_recall_at_20_diff1": 0.196823,
        "nauc_recall_at_100_max": 0.287506,
        "nauc_recall_at_100_std": 0.435615,
        "nauc_recall_at_100_diff1": 0.240659,
        "nauc_recall_at_1000_max": 0.269008,
        "nauc_recall_at_1000_std": 0.462962,
        "nauc_recall_at_1000_diff1": 0.200592,
        "nauc_precision_at_1_max": -0.017721,
        "nauc_precision_at_1_std": -0.140383,
        "nauc_precision_at_1_diff1": 0.178544,
        "nauc_precision_at_3_max": 0.145837,
        "nauc_precision_at_3_std": 0.272305,
        "nauc_precision_at_3_diff1": 0.042931,
        "nauc_precision_at_5_max": 0.165413,
        "nauc_precision_at_5_std": 0.343834,
        "nauc_precision_at_5_diff1": 0.093048,
        "nauc_precision_at_10_max": 0.189506,
        "nauc_precision_at_10_std": 0.464254,
        "nauc_precision_at_10_diff1": 0.101714,
        "nauc_precision_at_20_max": 0.180268,
        "nauc_precision_at_20_std": 0.499121,
        "nauc_precision_at_20_diff1": 0.049219,
        "nauc_precision_at_100_max": 0.1153,
        "nauc_precision_at_100_std": 0.42143,
        "nauc_precision_at_100_diff1": -0.135323,
        "nauc_precision_at_1000_max": 0.01704,
        "nauc_precision_at_1000_std": 0.184513,
        "nauc_precision_at_1000_diff1": -0.3335,
        "nauc_mrr_at_1_max": -0.017721,
        "nauc_mrr_at_1_std": -0.140383,
        "nauc_mrr_at_1_diff1": 0.178544,
        "nauc_mrr_at_3_max": 0.097922,
        "nauc_mrr_at_3_std": 0.07806,
        "nauc_mrr_at_3_diff1": 0.148234,
        "nauc_mrr_at_5_max": 0.077774,
        "nauc_mrr_at_5_std": 0.075446,
        "nauc_mrr_at_5_diff1": 0.176028,
        "nauc_mrr_at_10_max": 0.086847,
        "nauc_mrr_at_10_std": 0.068045,
        "nauc_mrr_at_10_diff1": 0.187069,
        "nauc_mrr_at_20_max": 0.078753,
        "nauc_mrr_at_20_std": 0.065813,
        "nauc_mrr_at_20_diff1": 0.184412,
        "nauc_mrr_at_100_max": 0.075002,
        "nauc_mrr_at_100_std": 0.059898,
        "nauc_mrr_at_100_diff1": 0.180188,
        "nauc_mrr_at_1000_max": 0.075002,
        "nauc_mrr_at_1000_std": 0.059898,
        "nauc_mrr_at_1000_diff1": 0.180188,
        "cv_recall_at_1": 0.26,
        "cv_recall_at_3": 0.46,
        "cv_recall_at_5": 0.6,
        "cv_recall_at_10": 0.78,
        "cv_recall_at_20": 0.84,
        "cv_recall_at_100": 1.0,
        "cv_recall_at_1000": 1.0,
        "main_score": 0.19677,
        "hf_subset": "default",
        "languages": [
          "eng-Latn"
        ]
      }
    ]
  },
  "evaluation_time": 494.6303086280823,
  "kg_co2_emissions": null,
  "date": null
}