{
  "dataset_revision": "5377aa18f309ec440ff6325a4c2cd3362c2cb8d7",
  "task_name": "ChemRxivRetrieval",
  "mteb_version": "2.9.0",
  "scores": {
    "test": [
      {
        "ndcg_at_1": 0.6454,
        "ndcg_at_3": 0.75269,
        "ndcg_at_5": 0.7729,
        "ndcg_at_10": 0.78746,
        "ndcg_at_20": 0.79473,
        "ndcg_at_100": 0.80028,
        "ndcg_at_1000": 0.80239,
        "map_at_1": 0.6454,
        "map_at_3": 0.72687,
        "map_at_5": 0.7381,
        "map_at_10": 0.74415,
        "map_at_20": 0.74616,
        "map_at_100": 0.74697,
        "map_at_1000": 0.74704,
        "recall_at_1": 0.6454,
        "recall_at_3": 0.8272,
        "recall_at_5": 0.8762,
        "recall_at_10": 0.921,
        "recall_at_20": 0.9496,
        "recall_at_100": 0.979,
        "recall_at_1000": 0.9958,
        "accuracy": 0.6454,
        "precision_at_1": 0.6454,
        "precision_at_3": 0.27573,
        "precision_at_5": 0.17524,
        "precision_at_10": 0.0921,
        "precision_at_20": 0.04748,
        "precision_at_100": 0.00979,
        "precision_at_1000": 0.001,
        "mrr_at_1": 0.6458,
        "mrr_at_3": 0.726967,
        "mrr_at_5": 0.738247,
        "mrr_at_10": 0.74429,
        "mrr_at_20": 0.746306,
        "mrr_at_100": 0.74711,
        "mrr_at_1000": 0.747187,
        "nauc_ndcg_at_1_max": 0.331556,
        "nauc_ndcg_at_1_std": -0.120035,
        "nauc_ndcg_at_1_diff1": 0.718387,
        "nauc_ndcg_at_3_max": 0.373151,
        "nauc_ndcg_at_3_std": -0.109954,
        "nauc_ndcg_at_3_diff1": 0.672159,
        "nauc_ndcg_at_5_max": 0.384561,
        "nauc_ndcg_at_5_std": -0.096628,
        "nauc_ndcg_at_5_diff1": 0.669739,
        "nauc_ndcg_at_10_max": 0.390172,
        "nauc_ndcg_at_10_std": -0.085852,
        "nauc_ndcg_at_10_diff1": 0.676449,
        "nauc_ndcg_at_20_max": 0.38905,
        "nauc_ndcg_at_20_std": -0.082062,
        "nauc_ndcg_at_20_diff1": 0.679214,
        "nauc_ndcg_at_100_max": 0.382376,
        "nauc_ndcg_at_100_std": -0.086121,
        "nauc_ndcg_at_100_diff1": 0.682749,
        "nauc_ndcg_at_1000_max": 0.377706,
        "nauc_ndcg_at_1000_std": -0.09254,
        "nauc_ndcg_at_1000_diff1": 0.683471,
        "nauc_map_at_1_max": 0.331556,
        "nauc_map_at_1_std": -0.120035,
        "nauc_map_at_1_diff1": 0.718387,
        "nauc_map_at_3_max": 0.361158,
        "nauc_map_at_3_std": -0.113909,
        "nauc_map_at_3_diff1": 0.684765,
        "nauc_map_at_5_max": 0.366342,
        "nauc_map_at_5_std": -0.107562,
        "nauc_map_at_5_diff1": 0.684229,
        "nauc_map_at_10_max": 0.367763,
        "nauc_map_at_10_std": -0.104226,
        "nauc_map_at_10_diff1": 0.686924,
        "nauc_map_at_20_max": 0.367252,
        "nauc_map_at_20_std": -0.103516,
        "nauc_map_at_20_diff1": 0.687633,
        "nauc_map_at_100_max": 0.366508,
        "nauc_map_at_100_std": -0.103899,
        "nauc_map_at_100_diff1": 0.688113,
        "nauc_map_at_1000_max": 0.366368,
        "nauc_map_at_1000_std": -0.104085,
        "nauc_map_at_1000_diff1": 0.688124,
        "nauc_recall_at_1_max": 0.331556,
        "nauc_recall_at_1_std": -0.120035,
        "nauc_recall_at_1_diff1": 0.718387,
        "nauc_recall_at_3_max": 0.422466,
        "nauc_recall_at_3_std": -0.093048,
        "nauc_recall_at_3_diff1": 0.62077,
        "nauc_recall_at_5_max": 0.484518,
        "nauc_recall_at_5_std": -0.033811,
        "nauc_recall_at_5_diff1": 0.592199,
        "nauc_recall_at_10_max": 0.578885,
        "nauc_recall_at_10_std": 0.079226,
        "nauc_recall_at_10_diff1": 0.600017,
        "nauc_recall_at_20_max": 0.671878,
        "nauc_recall_at_20_std": 0.224638,
        "nauc_recall_at_20_diff1": 0.595355,
        "nauc_recall_at_100_max": 0.763568,
        "nauc_recall_at_100_std": 0.454342,
        "nauc_recall_at_100_diff1": 0.624179,
        "nauc_recall_at_1000_max": 0.790827,
        "nauc_recall_at_1000_std": 0.541572,
        "nauc_recall_at_1000_diff1": 0.655351,
        "nauc_precision_at_1_max": 0.331556,
        "nauc_precision_at_1_std": -0.120035,
        "nauc_precision_at_1_diff1": 0.718387,
        "nauc_precision_at_3_max": 0.422466,
        "nauc_precision_at_3_std": -0.093048,
        "nauc_precision_at_3_diff1": 0.62077,
        "nauc_precision_at_5_max": 0.484518,
        "nauc_precision_at_5_std": -0.033811,
        "nauc_precision_at_5_diff1": 0.592199,
        "nauc_precision_at_10_max": 0.578885,
        "nauc_precision_at_10_std": 0.079226,
        "nauc_precision_at_10_diff1": 0.600017,
        "nauc_precision_at_20_max": 0.671878,
        "nauc_precision_at_20_std": 0.224638,
        "nauc_precision_at_20_diff1": 0.595355,
        "nauc_precision_at_100_max": 0.763568,
        "nauc_precision_at_100_std": 0.454342,
        "nauc_precision_at_100_diff1": 0.624179,
        "nauc_precision_at_1000_max": 0.790827,
        "nauc_precision_at_1000_std": 0.541572,
        "nauc_precision_at_1000_diff1": 0.655351,
        "nauc_mrr_at_1_max": 0.332359,
        "nauc_mrr_at_1_std": -0.119619,
        "nauc_mrr_at_1_diff1": 0.717554,
        "nauc_mrr_at_3_max": 0.361913,
        "nauc_mrr_at_3_std": -0.113699,
        "nauc_mrr_at_3_diff1": 0.684345,
        "nauc_mrr_at_5_max": 0.366939,
        "nauc_mrr_at_5_std": -0.107486,
        "nauc_mrr_at_5_diff1": 0.683729,
        "nauc_mrr_at_10_max": 0.368441,
        "nauc_mrr_at_10_std": -0.10417,
        "nauc_mrr_at_10_diff1": 0.686425,
        "nauc_mrr_at_20_max": 0.367936,
        "nauc_mrr_at_20_std": -0.103459,
        "nauc_mrr_at_20_diff1": 0.68713,
        "nauc_mrr_at_100_max": 0.367195,
        "nauc_mrr_at_100_std": -0.10384,
        "nauc_mrr_at_100_diff1": 0.687607,
        "nauc_mrr_at_1000_max": 0.367054,
        "nauc_mrr_at_1000_std": -0.104027,
        "nauc_mrr_at_1000_diff1": 0.687618,
        "cv_recall_at_1": 0.6458,
        "cv_recall_at_3": 0.827,
        "cv_recall_at_5": 0.8762,
        "cv_recall_at_10": 0.921,
        "cv_recall_at_20": 0.9496,
        "cv_recall_at_100": 0.979,
        "cv_recall_at_1000": 0.9958,
        "main_score": 0.78746,
        "hf_subset": "default",
        "languages": [
          "eng-Latn"
        ]
      }
    ]
  },
  "evaluation_time": 9515.195400238037,
  "kg_co2_emissions": null,
  "date": null
}