{
  "dataset_revision": "4482db2a053706c0aef0ab7bf1878d29bb0295f8",
  "task_name": "GovReport",
  "mteb_version": "2.9.0",
  "scores": {
    "test": [
      {
        "ndcg_at_1": 0.83711,
        "ndcg_at_3": 0.91266,
        "ndcg_at_5": 0.91937,
        "ndcg_at_10": 0.92343,
        "ndcg_at_20": 0.92447,
        "ndcg_at_100": 0.9253,
        "ndcg_at_1000": 0.9253,
        "map_at_1": 0.8366,
        "map_at_3": 0.89493,
        "map_at_5": 0.8988,
        "map_at_10": 0.90051,
        "map_at_20": 0.90079,
        "map_at_100": 0.90093,
        "map_at_1000": 0.90093,
        "recall_at_1": 0.8366,
        "recall_at_3": 0.9634,
        "recall_at_5": 0.97938,
        "recall_at_10": 0.99175,
        "recall_at_20": 0.99588,
        "recall_at_100": 1.0,
        "recall_at_1000": 1.0,
        "accuracy": 0.8366,
        "precision_at_1": 0.83711,
        "precision_at_3": 0.32199,
        "precision_at_5": 0.19649,
        "precision_at_10": 0.09948,
        "precision_at_20": 0.04995,
        "precision_at_100": 0.01003,
        "precision_at_1000": 0.001,
        "mrr_at_1": 0.837113,
        "mrr_at_3": 0.895017,
        "mrr_at_5": 0.898625,
        "mrr_at_10": 0.900334,
        "mrr_at_20": 0.90062,
        "mrr_at_100": 0.900755,
        "mrr_at_1000": 0.900755,
        "nauc_ndcg_at_1_max": 0.429374,
        "nauc_ndcg_at_1_std": -0.265621,
        "nauc_ndcg_at_1_diff1": 0.826949,
        "nauc_ndcg_at_3_max": 0.476625,
        "nauc_ndcg_at_3_std": -0.33596,
        "nauc_ndcg_at_3_diff1": 0.790651,
        "nauc_ndcg_at_5_max": 0.471697,
        "nauc_ndcg_at_5_std": -0.309473,
        "nauc_ndcg_at_5_diff1": 0.790991,
        "nauc_ndcg_at_10_max": 0.462686,
        "nauc_ndcg_at_10_std": -0.29154,
        "nauc_ndcg_at_10_diff1": 0.793819,
        "nauc_ndcg_at_20_max": 0.464048,
        "nauc_ndcg_at_20_std": -0.296842,
        "nauc_ndcg_at_20_diff1": 0.804409,
        "nauc_ndcg_at_100_max": 0.462079,
        "nauc_ndcg_at_100_std": -0.293544,
        "nauc_ndcg_at_100_diff1": 0.80332,
        "nauc_ndcg_at_1000_max": 0.462079,
        "nauc_ndcg_at_1000_std": -0.293544,
        "nauc_ndcg_at_1000_diff1": 0.80332,
        "nauc_map_at_1_max": 0.429324,
        "nauc_map_at_1_std": -0.270636,
        "nauc_map_at_1_diff1": 0.827883,
        "nauc_map_at_3_max": 0.464711,
        "nauc_map_at_3_std": -0.311269,
        "nauc_map_at_3_diff1": 0.802532,
        "nauc_map_at_5_max": 0.461734,
        "nauc_map_at_5_std": -0.297262,
        "nauc_map_at_5_diff1": 0.80302,
        "nauc_map_at_10_max": 0.4591,
        "nauc_map_at_10_std": -0.290597,
        "nauc_map_at_10_diff1": 0.803985,
        "nauc_map_at_20_max": 0.459374,
        "nauc_map_at_20_std": -0.29166,
        "nauc_map_at_20_diff1": 0.806222,
        "nauc_map_at_100_max": 0.459143,
        "nauc_map_at_100_std": -0.291155,
        "nauc_map_at_100_diff1": 0.806085,
        "nauc_map_at_1000_max": 0.459143,
        "nauc_map_at_1000_std": -0.291155,
        "nauc_map_at_1000_diff1": 0.806085,
        "nauc_recall_at_1_max": 0.429324,
        "nauc_recall_at_1_std": -0.270636,
        "nauc_recall_at_1_diff1": 0.827883,
        "nauc_recall_at_3_max": 0.566648,
        "nauc_recall_at_3_std": -0.540504,
        "nauc_recall_at_3_diff1": 0.699083,
        "nauc_recall_at_5_max": 0.594048,
        "nauc_recall_at_5_std": -0.461718,
        "nauc_recall_at_5_diff1": 0.630882,
        "nauc_recall_at_10_max": 0.505019,
        "nauc_recall_at_10_std": -0.239788,
        "nauc_recall_at_10_diff1": 0.477824,
        "nauc_recall_at_20_max": 0.641807,
        "nauc_recall_at_20_std": -0.563142,
        "nauc_recall_at_20_diff1": 0.897876,
        "nauc_recall_at_100_max": NaN,
        "nauc_recall_at_100_std": NaN,
        "nauc_recall_at_100_diff1": NaN,
        "nauc_recall_at_1000_max": NaN,
        "nauc_recall_at_1000_std": NaN,
        "nauc_recall_at_1000_diff1": NaN,
        "nauc_precision_at_1_max": 0.429374,
        "nauc_precision_at_1_std": -0.265621,
        "nauc_precision_at_1_diff1": 0.826949,
        "nauc_precision_at_3_max": 0.481486,
        "nauc_precision_at_3_std": -0.426369,
        "nauc_precision_at_3_diff1": 0.579977,
        "nauc_precision_at_5_max": 0.393791,
        "nauc_precision_at_5_std": -0.221377,
        "nauc_precision_at_5_diff1": 0.381352,
        "nauc_precision_at_10_max": 0.158138,
        "nauc_precision_at_10_std": 0.131087,
        "nauc_precision_at_10_diff1": 0.062224,
        "nauc_precision_at_20_max": 0.066991,
        "nauc_precision_at_20_std": 0.151704,
        "nauc_precision_at_20_diff1": 0.064155,
        "nauc_precision_at_100_max": -0.373491,
        "nauc_precision_at_100_std": 0.69949,
        "nauc_precision_at_100_diff1": -0.574725,
        "nauc_precision_at_1000_max": -0.373491,
        "nauc_precision_at_1000_std": 0.69949,
        "nauc_precision_at_1000_diff1": -0.574725,
        "nauc_mrr_at_1_max": 0.429374,
        "nauc_mrr_at_1_std": -0.265621,
        "nauc_mrr_at_1_diff1": 0.826949,
        "nauc_mrr_at_3_max": 0.464669,
        "nauc_mrr_at_3_std": -0.308751,
        "nauc_mrr_at_3_diff1": 0.802454,
        "nauc_mrr_at_5_max": 0.462377,
        "nauc_mrr_at_5_std": -0.298459,
        "nauc_mrr_at_5_diff1": 0.803461,
        "nauc_mrr_at_10_max": 0.459759,
        "nauc_mrr_at_10_std": -0.291827,
        "nauc_mrr_at_10_diff1": 0.804432,
        "nauc_mrr_at_20_max": 0.460035,
        "nauc_mrr_at_20_std": -0.292892,
        "nauc_mrr_at_20_diff1": 0.806667,
        "nauc_mrr_at_100_max": 0.459805,
        "nauc_mrr_at_100_std": -0.292389,
        "nauc_mrr_at_100_diff1": 0.80653,
        "nauc_mrr_at_1000_max": 0.459805,
        "nauc_mrr_at_1000_std": -0.292389,
        "nauc_mrr_at_1000_diff1": 0.80653,
        "cv_recall_at_1": 0.83711,
        "cv_recall_at_3": 0.96392,
        "cv_recall_at_5": 0.97938,
        "cv_recall_at_10": 0.99175,
        "cv_recall_at_20": 0.99588,
        "cv_recall_at_100": 1.0,
        "cv_recall_at_1000": 1.0,
        "main_score": 0.92343,
        "hf_subset": "default",
        "languages": [
          "eng-Latn"
        ]
      }
    ]
  },
  "evaluation_time": 481.6280417442322,
  "kg_co2_emissions": null,
  "date": null
}