{
  "dataset_revision": "67c0b4f7f15946e0b15cf6cf3b8993d04cb3efc6",
  "task_name": "MSMARCOHardNegatives",
  "mteb_version": "2.9.0",
  "scores": {
    "test": [
      {
        "ndcg_at_1": 0.78682,
        "ndcg_at_3": 0.77106,
        "ndcg_at_5": 0.75355,
        "ndcg_at_10": 0.73469,
        "ndcg_at_20": 0.719,
        "ndcg_at_100": 0.74273,
        "ndcg_at_1000": 0.8569,
        "map_at_1": 0.02299,
        "map_at_3": 0.06805,
        "map_at_5": 0.10048,
        "map_at_10": 0.16467,
        "map_at_20": 0.25391,
        "map_at_100": 0.49604,
        "map_at_1000": 0.6799,
        "recall_at_1": 0.02299,
        "recall_at_3": 0.06963,
        "recall_at_5": 0.104,
        "recall_at_10": 0.17588,
        "recall_at_20": 0.28424,
        "recall_at_100": 0.66001,
        "recall_at_1000": 0.98243,
        "accuracy": 0.02299,
        "precision_at_1": 0.93023,
        "precision_at_3": 0.91473,
        "precision_at_5": 0.88837,
        "precision_at_10": 0.82791,
        "precision_at_20": 0.75581,
        "precision_at_100": 0.48674,
        "precision_at_1000": 0.09412,
        "mrr_at_1": 0.930233,
        "mrr_at_3": 0.949612,
        "mrr_at_5": 0.955426,
        "mrr_at_10": 0.955426,
        "mrr_at_20": 0.955426,
        "mrr_at_100": 0.955426,
        "mrr_at_1000": 0.955426,
        "nauc_ndcg_at_1_max": 0.28406,
        "nauc_ndcg_at_1_std": -0.113878,
        "nauc_ndcg_at_1_diff1": 0.358624,
        "nauc_ndcg_at_3_max": 0.278254,
        "nauc_ndcg_at_3_std": -0.071693,
        "nauc_ndcg_at_3_diff1": 0.183124,
        "nauc_ndcg_at_5_max": 0.277317,
        "nauc_ndcg_at_5_std": -0.020137,
        "nauc_ndcg_at_5_diff1": 0.062725,
        "nauc_ndcg_at_10_max": 0.247885,
        "nauc_ndcg_at_10_std": 0.119271,
        "nauc_ndcg_at_10_diff1": -0.049382,
        "nauc_ndcg_at_20_max": 0.226406,
        "nauc_ndcg_at_20_std": 0.237501,
        "nauc_ndcg_at_20_diff1": -0.187612,
        "nauc_ndcg_at_100_max": 0.243692,
        "nauc_ndcg_at_100_std": 0.277918,
        "nauc_ndcg_at_100_diff1": -0.195977,
        "nauc_ndcg_at_1000_max": 0.293446,
        "nauc_ndcg_at_1000_std": 0.420935,
        "nauc_ndcg_at_1000_diff1": -0.391588,
        "nauc_map_at_1_max": -0.263466,
        "nauc_map_at_1_std": -0.464045,
        "nauc_map_at_1_diff1": 0.395704,
        "nauc_map_at_3_max": -0.275498,
        "nauc_map_at_3_std": -0.472893,
        "nauc_map_at_3_diff1": 0.383594,
        "nauc_map_at_5_max": -0.212331,
        "nauc_map_at_5_std": -0.457644,
        "nauc_map_at_5_diff1": 0.372089,
        "nauc_map_at_10_max": -0.119189,
        "nauc_map_at_10_std": -0.412227,
        "nauc_map_at_10_diff1": 0.235534,
        "nauc_map_at_20_max": -0.026439,
        "nauc_map_at_20_std": -0.372869,
        "nauc_map_at_20_diff1": 0.176385,
        "nauc_map_at_100_max": 0.043861,
        "nauc_map_at_100_std": -0.079256,
        "nauc_map_at_100_diff1": -0.061571,
        "nauc_map_at_1000_max": 0.16492,
        "nauc_map_at_1000_std": 0.468703,
        "nauc_map_at_1000_diff1": -0.417497,
        "nauc_recall_at_1_max": -0.263466,
        "nauc_recall_at_1_std": -0.464045,
        "nauc_recall_at_1_diff1": 0.395704,
        "nauc_recall_at_3_max": -0.287233,
        "nauc_recall_at_3_std": -0.48971,
        "nauc_recall_at_3_diff1": 0.382803,
        "nauc_recall_at_5_max": -0.224455,
        "nauc_recall_at_5_std": -0.47408,
        "nauc_recall_at_5_diff1": 0.366611,
        "nauc_recall_at_10_max": -0.134912,
        "nauc_recall_at_10_std": -0.430113,
        "nauc_recall_at_10_diff1": 0.223519,
        "nauc_recall_at_20_max": -0.05373,
        "nauc_recall_at_20_std": -0.405408,
        "nauc_recall_at_20_diff1": 0.186556,
        "nauc_recall_at_100_max": 0.002506,
        "nauc_recall_at_100_std": -0.273047,
        "nauc_recall_at_100_diff1": 0.090175,
        "nauc_recall_at_1000_max": 0.350687,
        "nauc_recall_at_1000_std": 0.911446,
        "nauc_recall_at_1000_diff1": -1.472411,
        "nauc_precision_at_1_max": 0.513774,
        "nauc_precision_at_1_std": 0.032394,
        "nauc_precision_at_1_diff1": 0.39042,
        "nauc_precision_at_3_max": 0.374495,
        "nauc_precision_at_3_std": 0.041818,
        "nauc_precision_at_3_diff1": 0.075648,
        "nauc_precision_at_5_max": 0.459465,
        "nauc_precision_at_5_std": 0.344348,
        "nauc_precision_at_5_diff1": -0.237832,
        "nauc_precision_at_10_max": 0.39663,
        "nauc_precision_at_10_std": 0.467909,
        "nauc_precision_at_10_diff1": -0.455069,
        "nauc_precision_at_20_max": 0.323782,
        "nauc_precision_at_20_std": 0.543855,
        "nauc_precision_at_20_diff1": -0.530946,
        "nauc_precision_at_100_max": 0.153017,
        "nauc_precision_at_100_std": 0.608826,
        "nauc_precision_at_100_diff1": -0.409023,
        "nauc_precision_at_1000_max": 0.095279,
        "nauc_precision_at_1000_std": 0.545195,
        "nauc_precision_at_1000_diff1": -0.362931,
        "nauc_mrr_at_1_max": 0.513774,
        "nauc_mrr_at_1_std": 0.032394,
        "nauc_mrr_at_1_diff1": 0.39042,
        "nauc_mrr_at_3_max": 0.50833,
        "nauc_mrr_at_3_std": -0.211106,
        "nauc_mrr_at_3_diff1": 0.538071,
        "nauc_mrr_at_5_max": 0.480525,
        "nauc_mrr_at_5_std": -0.091067,
        "nauc_mrr_at_5_diff1": 0.494738,
        "nauc_mrr_at_10_max": 0.480525,
        "nauc_mrr_at_10_std": -0.091067,
        "nauc_mrr_at_10_diff1": 0.494738,
        "nauc_mrr_at_20_max": 0.480525,
        "nauc_mrr_at_20_std": -0.091067,
        "nauc_mrr_at_20_diff1": 0.494738,
        "nauc_mrr_at_100_max": 0.480525,
        "nauc_mrr_at_100_std": -0.091067,
        "nauc_mrr_at_100_diff1": 0.494738,
        "nauc_mrr_at_1000_max": 0.480525,
        "nauc_mrr_at_1000_std": -0.091067,
        "nauc_mrr_at_1000_diff1": 0.494738,
        "cv_recall_at_1": 0.93023,
        "cv_recall_at_3": 0.97674,
        "cv_recall_at_5": 1.0,
        "cv_recall_at_10": 1.0,
        "cv_recall_at_20": 1.0,
        "cv_recall_at_100": 1.0,
        "cv_recall_at_1000": 1.0,
        "main_score": 0.73469,
        "hf_subset": "default",
        "languages": [
          "eng-Latn"
        ]
      }
    ]
  },
  "evaluation_time": 429.0805335044861,
  "kg_co2_emissions": null,
  "date": null
}