{
  "dataset_revision": "local",
  "task_name": "MultiEupV2LV",
  "mteb_version": "2.12.30",
  "scores": {
    "test": [
      {
        "ndcg_at_1": 0.40909,
        "ndcg_at_3": 0.48958,
        "ndcg_at_5": 0.51031,
        "ndcg_at_10": 0.53251,
        "ndcg_at_20": 0.55678,
        "ndcg_at_100": 0.59035,
        "ndcg_at_1000": 0.60037,
        "map_at_1": 0.37684,
        "map_at_3": 0.45801,
        "map_at_5": 0.47024,
        "map_at_10": 0.47967,
        "map_at_20": 0.48723,
        "map_at_100": 0.49243,
        "map_at_1000": 0.49307,
        "recall_at_1": 0.37684,
        "recall_at_3": 0.55433,
        "recall_at_5": 0.60519,
        "recall_at_10": 0.67229,
        "recall_at_20": 0.76147,
        "recall_at_100": 0.93268,
        "recall_at_1000": 1.0,
        "accuracy": 0.37684,
        "precision_at_1": 0.40909,
        "precision_at_3": 0.19913,
        "precision_at_5": 0.13117,
        "precision_at_10": 0.07338,
        "precision_at_20": 0.04286,
        "precision_at_100": 0.01058,
        "precision_at_1000": 0.00114,
        "mrr_at_1": 0.409091,
        "mrr_at_3": 0.485931,
        "mrr_at_5": 0.497944,
        "mrr_at_10": 0.506303,
        "mrr_at_20": 0.511642,
        "mrr_at_100": 0.516109,
        "mrr_at_1000": 0.516558,
        "nauc_ndcg_at_1_max": 0.543818,
        "nauc_ndcg_at_1_std": -0.191748,
        "nauc_ndcg_at_1_diff1": 0.841258,
        "nauc_ndcg_at_3_max": 0.478696,
        "nauc_ndcg_at_3_std": -0.153842,
        "nauc_ndcg_at_3_diff1": 0.722777,
        "nauc_ndcg_at_5_max": 0.482783,
        "nauc_ndcg_at_5_std": -0.160553,
        "nauc_ndcg_at_5_diff1": 0.713272,
        "nauc_ndcg_at_10_max": 0.469546,
        "nauc_ndcg_at_10_std": -0.157161,
        "nauc_ndcg_at_10_diff1": 0.693825,
        "nauc_ndcg_at_20_max": 0.472698,
        "nauc_ndcg_at_20_std": -0.133967,
        "nauc_ndcg_at_20_diff1": 0.694913,
        "nauc_ndcg_at_100_max": 0.489496,
        "nauc_ndcg_at_100_std": -0.145243,
        "nauc_ndcg_at_100_diff1": 0.708378,
        "nauc_ndcg_at_1000_max": 0.49333,
        "nauc_ndcg_at_1000_std": -0.150939,
        "nauc_ndcg_at_1000_diff1": 0.724937,
        "nauc_map_at_1_max": 0.492563,
        "nauc_map_at_1_std": -0.258727,
        "nauc_map_at_1_diff1": 0.838419,
        "nauc_map_at_3_max": 0.477581,
        "nauc_map_at_3_std": -0.185917,
        "nauc_map_at_3_diff1": 0.747793,
        "nauc_map_at_5_max": 0.48379,
        "nauc_map_at_5_std": -0.188558,
        "nauc_map_at_5_diff1": 0.744732,
        "nauc_map_at_10_max": 0.480766,
        "nauc_map_at_10_std": -0.184741,
        "nauc_map_at_10_diff1": 0.738991,
        "nauc_map_at_20_max": 0.482677,
        "nauc_map_at_20_std": -0.178411,
        "nauc_map_at_20_diff1": 0.74046,
        "nauc_map_at_100_max": 0.485194,
        "nauc_map_at_100_std": -0.178742,
        "nauc_map_at_100_diff1": 0.742146,
        "nauc_map_at_1000_max": 0.485695,
        "nauc_map_at_1000_std": -0.179038,
        "nauc_map_at_1000_diff1": 0.743095,
        "nauc_recall_at_1_max": 0.492563,
        "nauc_recall_at_1_std": -0.258727,
        "nauc_recall_at_1_diff1": 0.838419,
        "nauc_recall_at_3_max": 0.415869,
        "nauc_recall_at_3_std": -0.10427,
        "nauc_recall_at_3_diff1": 0.612616,
        "nauc_recall_at_5_max": 0.428959,
        "nauc_recall_at_5_std": -0.117392,
        "nauc_recall_at_5_diff1": 0.583129,
        "nauc_recall_at_10_max": 0.366054,
        "nauc_recall_at_10_std": -0.109325,
        "nauc_recall_at_10_diff1": 0.493994,
        "nauc_recall_at_20_max": 0.341772,
        "nauc_recall_at_20_std": 0.01647,
        "nauc_recall_at_20_diff1": 0.449712,
        "nauc_recall_at_100_max": 0.414614,
        "nauc_recall_at_100_std": 0.016137,
        "nauc_recall_at_100_diff1": 0.243142,
        "nauc_recall_at_1000_max": NaN,
        "nauc_recall_at_1000_std": NaN,
        "nauc_recall_at_1000_diff1": NaN,
        "nauc_precision_at_1_max": 0.543818,
        "nauc_precision_at_1_std": -0.191748,
        "nauc_precision_at_1_diff1": 0.841258,
        "nauc_precision_at_3_max": 0.479387,
        "nauc_precision_at_3_std": -0.003986,
        "nauc_precision_at_3_diff1": 0.59398,
        "nauc_precision_at_5_max": 0.47902,
        "nauc_precision_at_5_std": 0.001713,
        "nauc_precision_at_5_diff1": 0.542326,
        "nauc_precision_at_10_max": 0.402562,
        "nauc_precision_at_10_std": 0.040848,
        "nauc_precision_at_10_diff1": 0.428883,
        "nauc_precision_at_20_max": 0.342956,
        "nauc_precision_at_20_std": 0.172242,
        "nauc_precision_at_20_diff1": 0.266691,
        "nauc_precision_at_100_max": 0.280131,
        "nauc_precision_at_100_std": 0.253927,
        "nauc_precision_at_100_diff1": 0.033429,
        "nauc_precision_at_1000_max": 0.227594,
        "nauc_precision_at_1000_std": 0.285107,
        "nauc_precision_at_1000_diff1": -0.038111,
        "nauc_mrr_at_1_max": 0.543818,
        "nauc_mrr_at_1_std": -0.191748,
        "nauc_mrr_at_1_diff1": 0.841258,
        "nauc_mrr_at_3_max": 0.520479,
        "nauc_mrr_at_3_std": -0.136342,
        "nauc_mrr_at_3_diff1": 0.757511,
        "nauc_mrr_at_5_max": 0.525889,
        "nauc_mrr_at_5_std": -0.133608,
        "nauc_mrr_at_5_diff1": 0.752965,
        "nauc_mrr_at_10_max": 0.520463,
        "nauc_mrr_at_10_std": -0.135578,
        "nauc_mrr_at_10_diff1": 0.744288,
        "nauc_mrr_at_20_max": 0.520351,
        "nauc_mrr_at_20_std": -0.129244,
        "nauc_mrr_at_20_diff1": 0.744285,
        "nauc_mrr_at_100_max": 0.52313,
        "nauc_mrr_at_100_std": -0.130896,
        "nauc_mrr_at_100_diff1": 0.746896,
        "nauc_mrr_at_1000_max": 0.523121,
        "nauc_mrr_at_1000_std": -0.131216,
        "nauc_mrr_at_1000_diff1": 0.747575,
        "hit_rate_at_1": 0.40909,
        "hit_rate_at_3": 0.58442,
        "hit_rate_at_5": 0.63636,
        "hit_rate_at_10": 0.7013,
        "hit_rate_at_20": 0.77922,
        "hit_rate_at_100": 0.94156,
        "hit_rate_at_1000": 1.0,
        "main_score": 0.53251,
        "hf_subset": "default",
        "languages": [
          "lav-Latn"
        ]
      }
    ]
  },
  "evaluation_time": 2.903193473815918,
  "kg_co2_emissions": null,
  "date": null
}