{
  "dataset_revision": "dd542a7efb9ad2136b9e00768b60fca9038f8156",
  "task_name": "NanoNFCorpusRetrieval",
  "mteb_version": "2.9.0",
  "scores": {
    "train": [
      {
        "ndcg_at_1": 0.4,
        "ndcg_at_3": 0.40939,
        "ndcg_at_5": 0.3846,
        "ndcg_at_10": 0.37008,
        "ndcg_at_20": 0.34606,
        "ndcg_at_100": 0.33416,
        "ndcg_at_1000": 0.44981,
        "map_at_1": 0.04477,
        "map_at_3": 0.08095,
        "map_at_5": 0.09774,
        "map_at_10": 0.12375,
        "map_at_20": 0.14698,
        "map_at_100": 0.17383,
        "map_at_1000": 0.19707,
        "recall_at_1": 0.04477,
        "recall_at_3": 0.08797,
        "recall_at_5": 0.11178,
        "recall_at_10": 0.17276,
        "recall_at_20": 0.23157,
        "recall_at_100": 0.36029,
        "recall_at_1000": 0.69359,
        "accuracy": 0.04477,
        "precision_at_1": 0.4,
        "precision_at_3": 0.39333,
        "precision_at_5": 0.348,
        "precision_at_10": 0.31,
        "precision_at_20": 0.241,
        "precision_at_100": 0.1064,
        "precision_at_1000": 0.0306,
        "mrr_at_1": 0.4,
        "mrr_at_3": 0.476667,
        "mrr_at_5": 0.484667,
        "mrr_at_10": 0.506968,
        "mrr_at_20": 0.511882,
        "mrr_at_100": 0.51401,
        "mrr_at_1000": 0.514362,
        "nauc_ndcg_at_1_max": 0.505046,
        "nauc_ndcg_at_1_std": 0.142714,
        "nauc_ndcg_at_1_diff1": 0.429712,
        "nauc_ndcg_at_3_max": 0.472026,
        "nauc_ndcg_at_3_std": 0.248737,
        "nauc_ndcg_at_3_diff1": 0.344678,
        "nauc_ndcg_at_5_max": 0.486288,
        "nauc_ndcg_at_5_std": 0.28733,
        "nauc_ndcg_at_5_diff1": 0.292243,
        "nauc_ndcg_at_10_max": 0.454876,
        "nauc_ndcg_at_10_std": 0.29728,
        "nauc_ndcg_at_10_diff1": 0.285098,
        "nauc_ndcg_at_20_max": 0.413289,
        "nauc_ndcg_at_20_std": 0.279487,
        "nauc_ndcg_at_20_diff1": 0.257177,
        "nauc_ndcg_at_100_max": 0.275319,
        "nauc_ndcg_at_100_std": 0.207572,
        "nauc_ndcg_at_100_diff1": 0.266538,
        "nauc_ndcg_at_1000_max": 0.366157,
        "nauc_ndcg_at_1000_std": 0.292799,
        "nauc_ndcg_at_1000_diff1": 0.153925,
        "nauc_map_at_1_max": -0.133583,
        "nauc_map_at_1_std": -0.290209,
        "nauc_map_at_1_diff1": 0.079206,
        "nauc_map_at_3_max": -0.05239,
        "nauc_map_at_3_std": -0.209486,
        "nauc_map_at_3_diff1": 0.131039,
        "nauc_map_at_5_max": 0.04144,
        "nauc_map_at_5_std": -0.150874,
        "nauc_map_at_5_diff1": 0.130147,
        "nauc_map_at_10_max": 0.10858,
        "nauc_map_at_10_std": -0.054088,
        "nauc_map_at_10_diff1": 0.164257,
        "nauc_map_at_20_max": 0.153608,
        "nauc_map_at_20_std": 0.015293,
        "nauc_map_at_20_diff1": 0.179174,
        "nauc_map_at_100_max": 0.21151,
        "nauc_map_at_100_std": 0.087642,
        "nauc_map_at_100_diff1": 0.202347,
        "nauc_map_at_1000_max": 0.226707,
        "nauc_map_at_1000_std": 0.147695,
        "nauc_map_at_1000_diff1": 0.20292,
        "nauc_recall_at_1_max": -0.133583,
        "nauc_recall_at_1_std": -0.290209,
        "nauc_recall_at_1_diff1": 0.079206,
        "nauc_recall_at_3_max": -0.050373,
        "nauc_recall_at_3_std": -0.185216,
        "nauc_recall_at_3_diff1": 0.114546,
        "nauc_recall_at_5_max": 0.02844,
        "nauc_recall_at_5_std": -0.130983,
        "nauc_recall_at_5_diff1": 0.090951,
        "nauc_recall_at_10_max": -0.040489,
        "nauc_recall_at_10_std": -0.157325,
        "nauc_recall_at_10_diff1": 0.120739,
        "nauc_recall_at_20_max": -0.02657,
        "nauc_recall_at_20_std": -0.120243,
        "nauc_recall_at_20_diff1": 0.100717,
        "nauc_recall_at_100_max": 0.003263,
        "nauc_recall_at_100_std": -0.054025,
        "nauc_recall_at_100_diff1": 0.058542,
        "nauc_recall_at_1000_max": -0.04538,
        "nauc_recall_at_1000_std": 0.047539,
        "nauc_recall_at_1000_diff1": -0.295549,
        "nauc_precision_at_1_max": 0.505046,
        "nauc_precision_at_1_std": 0.142714,
        "nauc_precision_at_1_diff1": 0.429712,
        "nauc_precision_at_3_max": 0.514118,
        "nauc_precision_at_3_std": 0.333977,
        "nauc_precision_at_3_diff1": 0.336084,
        "nauc_precision_at_5_max": 0.555473,
        "nauc_precision_at_5_std": 0.401872,
        "nauc_precision_at_5_diff1": 0.257942,
        "nauc_precision_at_10_max": 0.563688,
        "nauc_precision_at_10_std": 0.454329,
        "nauc_precision_at_10_diff1": 0.277789,
        "nauc_precision_at_20_max": 0.545936,
        "nauc_precision_at_20_std": 0.51595,
        "nauc_precision_at_20_diff1": 0.261454,
        "nauc_precision_at_100_max": 0.361747,
        "nauc_precision_at_100_std": 0.573194,
        "nauc_precision_at_100_diff1": 0.186994,
        "nauc_precision_at_1000_max": 0.108116,
        "nauc_precision_at_1000_std": 0.491543,
        "nauc_precision_at_1000_diff1": 0.055252,
        "nauc_mrr_at_1_max": 0.505046,
        "nauc_mrr_at_1_std": 0.142714,
        "nauc_mrr_at_1_diff1": 0.429712,
        "nauc_mrr_at_3_max": 0.483797,
        "nauc_mrr_at_3_std": 0.251046,
        "nauc_mrr_at_3_diff1": 0.398073,
        "nauc_mrr_at_5_max": 0.474639,
        "nauc_mrr_at_5_std": 0.256108,
        "nauc_mrr_at_5_diff1": 0.392649,
        "nauc_mrr_at_10_max": 0.48644,
        "nauc_mrr_at_10_std": 0.236352,
        "nauc_mrr_at_10_diff1": 0.391601,
        "nauc_mrr_at_20_max": 0.495799,
        "nauc_mrr_at_20_std": 0.239853,
        "nauc_mrr_at_20_diff1": 0.391479,
        "nauc_mrr_at_100_max": 0.495762,
        "nauc_mrr_at_100_std": 0.23813,
        "nauc_mrr_at_100_diff1": 0.390018,
        "nauc_mrr_at_1000_max": 0.495382,
        "nauc_mrr_at_1000_std": 0.23825,
        "nauc_mrr_at_1000_diff1": 0.389678,
        "cv_recall_at_1": 0.4,
        "cv_recall_at_3": 0.58,
        "cv_recall_at_5": 0.62,
        "cv_recall_at_10": 0.78,
        "cv_recall_at_20": 0.84,
        "cv_recall_at_100": 0.92,
        "cv_recall_at_1000": 0.98,
        "main_score": 0.37008,
        "hf_subset": "default",
        "languages": [
          "eng-Latn"
        ]
      }
    ]
  },
  "evaluation_time": 591.5016267299652,
  "kg_co2_emissions": null,
  "date": null
}