{
  "dataset_revision": "local",
  "task_name": "WikiLV",
  "mteb_version": "2.12.27",
  "scores": {
    "test": [
      {
        "ndcg_at_1": 0.6004,
        "ndcg_at_3": 0.65579,
        "ndcg_at_5": 0.67045,
        "ndcg_at_10": 0.68498,
        "ndcg_at_20": 0.69497,
        "ndcg_at_100": 0.71257,
        "ndcg_at_1000": 0.72403,
        "map_at_1": 0.6004,
        "map_at_3": 0.64232,
        "map_at_5": 0.65042,
        "map_at_10": 0.65636,
        "map_at_20": 0.65905,
        "map_at_100": 0.66146,
        "map_at_1000": 0.6619,
        "recall_at_1": 0.6004,
        "recall_at_3": 0.69471,
        "recall_at_5": 0.73047,
        "recall_at_10": 0.77562,
        "recall_at_20": 0.81558,
        "recall_at_100": 0.91089,
        "recall_at_1000": 1.0,
        "accuracy": 0.6004,
        "precision_at_1": 0.6004,
        "precision_at_3": 0.23157,
        "precision_at_5": 0.14609,
        "precision_at_10": 0.07756,
        "precision_at_20": 0.04078,
        "precision_at_100": 0.00911,
        "precision_at_1000": 0.001,
        "mrr_at_1": 0.6004,
        "mrr_at_3": 0.642324,
        "mrr_at_5": 0.650416,
        "mrr_at_10": 0.656364,
        "mrr_at_20": 0.659053,
        "mrr_at_100": 0.661456,
        "mrr_at_1000": 0.661898,
        "nauc_ndcg_at_1_max": 0.669603,
        "nauc_ndcg_at_1_std": 0.041299,
        "nauc_ndcg_at_1_diff1": 0.817873,
        "nauc_ndcg_at_3_max": 0.674538,
        "nauc_ndcg_at_3_std": 0.042158,
        "nauc_ndcg_at_3_diff1": 0.784752,
        "nauc_ndcg_at_5_max": 0.67188,
        "nauc_ndcg_at_5_std": 0.045103,
        "nauc_ndcg_at_5_diff1": 0.780008,
        "nauc_ndcg_at_10_max": 0.673908,
        "nauc_ndcg_at_10_std": 0.048934,
        "nauc_ndcg_at_10_diff1": 0.777784,
        "nauc_ndcg_at_20_max": 0.672684,
        "nauc_ndcg_at_20_std": 0.049274,
        "nauc_ndcg_at_20_diff1": 0.774846,
        "nauc_ndcg_at_100_max": 0.6725,
        "nauc_ndcg_at_100_std": 0.054173,
        "nauc_ndcg_at_100_diff1": 0.777292,
        "nauc_ndcg_at_1000_max": 0.672989,
        "nauc_ndcg_at_1000_std": 0.048554,
        "nauc_ndcg_at_1000_diff1": 0.782972,
        "nauc_map_at_1_max": 0.669603,
        "nauc_map_at_1_std": 0.041299,
        "nauc_map_at_1_diff1": 0.817873,
        "nauc_map_at_3_max": 0.673852,
        "nauc_map_at_3_std": 0.041619,
        "nauc_map_at_3_diff1": 0.793444,
        "nauc_map_at_5_max": 0.672322,
        "nauc_map_at_5_std": 0.043163,
        "nauc_map_at_5_diff1": 0.79102,
        "nauc_map_at_10_max": 0.673139,
        "nauc_map_at_10_std": 0.044476,
        "nauc_map_at_10_diff1": 0.790235,
        "nauc_map_at_20_max": 0.672764,
        "nauc_map_at_20_std": 0.044467,
        "nauc_map_at_20_diff1": 0.789541,
        "nauc_map_at_100_max": 0.672806,
        "nauc_map_at_100_std": 0.045007,
        "nauc_map_at_100_diff1": 0.789987,
        "nauc_map_at_1000_max": 0.67283,
        "nauc_map_at_1000_std": 0.044854,
        "nauc_map_at_1000_diff1": 0.790191,
        "nauc_recall_at_1_max": 0.669603,
        "nauc_recall_at_1_std": 0.041299,
        "nauc_recall_at_1_diff1": 0.817873,
        "nauc_recall_at_3_max": 0.676461,
        "nauc_recall_at_3_std": 0.044029,
        "nauc_recall_at_3_diff1": 0.756858,
        "nauc_recall_at_5_max": 0.669739,
        "nauc_recall_at_5_std": 0.052525,
        "nauc_recall_at_5_diff1": 0.741014,
        "nauc_recall_at_10_max": 0.677242,
        "nauc_recall_at_10_std": 0.069894,
        "nauc_recall_at_10_diff1": 0.726648,
        "nauc_recall_at_20_max": 0.671478,
        "nauc_recall_at_20_std": 0.076411,
        "nauc_recall_at_20_diff1": 0.700972,
        "nauc_recall_at_100_max": 0.664833,
        "nauc_recall_at_100_std": 0.172456,
        "nauc_recall_at_100_diff1": 0.664785,
        "nauc_recall_at_1000_max": NaN,
        "nauc_recall_at_1000_std": NaN,
        "nauc_recall_at_1000_diff1": NaN,
        "nauc_precision_at_1_max": 0.669603,
        "nauc_precision_at_1_std": 0.041299,
        "nauc_precision_at_1_diff1": 0.817873,
        "nauc_precision_at_3_max": 0.676461,
        "nauc_precision_at_3_std": 0.044029,
        "nauc_precision_at_3_diff1": 0.756858,
        "nauc_precision_at_5_max": 0.669739,
        "nauc_precision_at_5_std": 0.052525,
        "nauc_precision_at_5_diff1": 0.741014,
        "nauc_precision_at_10_max": 0.677242,
        "nauc_precision_at_10_std": 0.069894,
        "nauc_precision_at_10_diff1": 0.726648,
        "nauc_precision_at_20_max": 0.671478,
        "nauc_precision_at_20_std": 0.076411,
        "nauc_precision_at_20_diff1": 0.700972,
        "nauc_precision_at_100_max": 0.664833,
        "nauc_precision_at_100_std": 0.172456,
        "nauc_precision_at_100_diff1": 0.664785,
        "nauc_precision_at_1000_max": 1.0,
        "nauc_precision_at_1000_std": 1.0,
        "nauc_precision_at_1000_diff1": 1.0,
        "nauc_mrr_at_1_max": 0.669603,
        "nauc_mrr_at_1_std": 0.041299,
        "nauc_mrr_at_1_diff1": 0.817873,
        "nauc_mrr_at_3_max": 0.673852,
        "nauc_mrr_at_3_std": 0.041619,
        "nauc_mrr_at_3_diff1": 0.793444,
        "nauc_mrr_at_5_max": 0.672322,
        "nauc_mrr_at_5_std": 0.043163,
        "nauc_mrr_at_5_diff1": 0.79102,
        "nauc_mrr_at_10_max": 0.673139,
        "nauc_mrr_at_10_std": 0.044476,
        "nauc_mrr_at_10_diff1": 0.790235,
        "nauc_mrr_at_20_max": 0.672764,
        "nauc_mrr_at_20_std": 0.044467,
        "nauc_mrr_at_20_diff1": 0.789541,
        "nauc_mrr_at_100_max": 0.672806,
        "nauc_mrr_at_100_std": 0.045007,
        "nauc_mrr_at_100_diff1": 0.789987,
        "nauc_mrr_at_1000_max": 0.67283,
        "nauc_mrr_at_1000_std": 0.044854,
        "nauc_mrr_at_1000_diff1": 0.790191,
        "hit_rate_at_1": 0.6004,
        "hit_rate_at_3": 0.69471,
        "hit_rate_at_5": 0.73047,
        "hit_rate_at_10": 0.77562,
        "hit_rate_at_20": 0.81558,
        "hit_rate_at_100": 0.91089,
        "hit_rate_at_1000": 1.0,
        "main_score": 0.68498,
        "hf_subset": "default",
        "languages": [
          "lav-Latn"
        ]
      }
    ]
  },
  "evaluation_time": 113.1743688583374,
  "kg_co2_emissions": null,
  "date": null
}