{
  "dataset_revision": "49c07b6",
  "task_name": "BarExamQA",
  "mteb_version": "2.9.0",
  "scores": {
    "test": [
      {
        "ndcg_at_1": 0.20513,
        "ndcg_at_3": 0.32875,
        "ndcg_at_5": 0.37105,
        "ndcg_at_10": 0.39035,
        "ndcg_at_20": 0.4116,
        "ndcg_at_100": 0.46953,
        "ndcg_at_1000": 0.47205,
        "map_at_1": 0.20513,
        "map_at_3": 0.29772,
        "map_at_5": 0.32123,
        "map_at_10": 0.32915,
        "map_at_20": 0.3348,
        "map_at_100": 0.3425,
        "map_at_1000": 0.34265,
        "recall_at_1": 0.20513,
        "recall_at_3": 0.4188,
        "recall_at_5": 0.52137,
        "recall_at_10": 0.5812,
        "recall_at_20": 0.66667,
        "recall_at_100": 0.98291,
        "recall_at_1000": 1.0,
        "accuracy": 0.20513,
        "precision_at_1": 0.20513,
        "precision_at_3": 0.1396,
        "precision_at_5": 0.10427,
        "precision_at_10": 0.05812,
        "precision_at_20": 0.03333,
        "precision_at_100": 0.00983,
        "precision_at_1000": 0.001,
        "mrr_at_1": 0.205128,
        "mrr_at_3": 0.297721,
        "mrr_at_5": 0.321225,
        "mrr_at_10": 0.329151,
        "mrr_at_20": 0.334802,
        "mrr_at_100": 0.342497,
        "mrr_at_1000": 0.342652,
        "nauc_ndcg_at_1_max": 0.211989,
        "nauc_ndcg_at_1_std": 0.085102,
        "nauc_ndcg_at_1_diff1": 0.356873,
        "nauc_ndcg_at_3_max": 0.219256,
        "nauc_ndcg_at_3_std": 0.078113,
        "nauc_ndcg_at_3_diff1": 0.276301,
        "nauc_ndcg_at_5_max": 0.237498,
        "nauc_ndcg_at_5_std": 0.1077,
        "nauc_ndcg_at_5_diff1": 0.286486,
        "nauc_ndcg_at_10_max": 0.220039,
        "nauc_ndcg_at_10_std": 0.103738,
        "nauc_ndcg_at_10_diff1": 0.290931,
        "nauc_ndcg_at_20_max": 0.235778,
        "nauc_ndcg_at_20_std": 0.133594,
        "nauc_ndcg_at_20_diff1": 0.297007,
        "nauc_ndcg_at_100_max": 0.233553,
        "nauc_ndcg_at_100_std": 0.11514,
        "nauc_ndcg_at_100_diff1": 0.298583,
        "nauc_ndcg_at_1000_max": 0.226124,
        "nauc_ndcg_at_1000_std": 0.106563,
        "nauc_ndcg_at_1000_diff1": 0.292413,
        "nauc_map_at_1_max": 0.211989,
        "nauc_map_at_1_std": 0.085102,
        "nauc_map_at_1_diff1": 0.356873,
        "nauc_map_at_3_max": 0.217986,
        "nauc_map_at_3_std": 0.07825,
        "nauc_map_at_3_diff1": 0.287046,
        "nauc_map_at_5_max": 0.230171,
        "nauc_map_at_5_std": 0.096222,
        "nauc_map_at_5_diff1": 0.294063,
        "nauc_map_at_10_max": 0.222806,
        "nauc_map_at_10_std": 0.094112,
        "nauc_map_at_10_diff1": 0.296266,
        "nauc_map_at_20_max": 0.227956,
        "nauc_map_at_20_std": 0.10023,
        "nauc_map_at_20_diff1": 0.297538,
        "nauc_map_at_100_max": 0.225719,
        "nauc_map_at_100_std": 0.097557,
        "nauc_map_at_100_diff1": 0.296531,
        "nauc_map_at_1000_max": 0.22533,
        "nauc_map_at_1000_std": 0.097104,
        "nauc_map_at_1000_diff1": 0.296209,
        "nauc_recall_at_1_max": 0.211989,
        "nauc_recall_at_1_std": 0.085102,
        "nauc_recall_at_1_diff1": 0.356873,
        "nauc_recall_at_3_max": 0.222447,
        "nauc_recall_at_3_std": 0.078269,
        "nauc_recall_at_3_diff1": 0.250864,
        "nauc_recall_at_5_max": 0.257489,
        "nauc_recall_at_5_std": 0.141898,
        "nauc_recall_at_5_diff1": 0.268793,
        "nauc_recall_at_10_max": 0.205327,
        "nauc_recall_at_10_std": 0.133629,
        "nauc_recall_at_10_diff1": 0.279879,
        "nauc_recall_at_20_max": 0.264741,
        "nauc_recall_at_20_std": 0.285805,
        "nauc_recall_at_20_diff1": 0.307977,
        "nauc_recall_at_100_max": 1.0,
        "nauc_recall_at_100_std": 1.0,
        "nauc_recall_at_100_diff1": 0.934454,
        "nauc_recall_at_1000_max": NaN,
        "nauc_recall_at_1000_std": NaN,
        "nauc_recall_at_1000_diff1": NaN,
        "nauc_precision_at_1_max": 0.211989,
        "nauc_precision_at_1_std": 0.085102,
        "nauc_precision_at_1_diff1": 0.356873,
        "nauc_precision_at_3_max": 0.222447,
        "nauc_precision_at_3_std": 0.078269,
        "nauc_precision_at_3_diff1": 0.250864,
        "nauc_precision_at_5_max": 0.257489,
        "nauc_precision_at_5_std": 0.141898,
        "nauc_precision_at_5_diff1": 0.268793,
        "nauc_precision_at_10_max": 0.205327,
        "nauc_precision_at_10_std": 0.133629,
        "nauc_precision_at_10_diff1": 0.279879,
        "nauc_precision_at_20_max": 0.264741,
        "nauc_precision_at_20_std": 0.285805,
        "nauc_precision_at_20_diff1": 0.307977,
        "nauc_precision_at_100_max": 1.0,
        "nauc_precision_at_100_std": 1.0,
        "nauc_precision_at_100_diff1": 0.934454,
        "nauc_precision_at_1000_max": 1.0,
        "nauc_precision_at_1000_std": 1.0,
        "nauc_precision_at_1000_diff1": 1.0,
        "nauc_mrr_at_1_max": 0.211989,
        "nauc_mrr_at_1_std": 0.085102,
        "nauc_mrr_at_1_diff1": 0.356873,
        "nauc_mrr_at_3_max": 0.217986,
        "nauc_mrr_at_3_std": 0.07825,
        "nauc_mrr_at_3_diff1": 0.287046,
        "nauc_mrr_at_5_max": 0.230171,
        "nauc_mrr_at_5_std": 0.096222,
        "nauc_mrr_at_5_diff1": 0.294063,
        "nauc_mrr_at_10_max": 0.222806,
        "nauc_mrr_at_10_std": 0.094112,
        "nauc_mrr_at_10_diff1": 0.296266,
        "nauc_mrr_at_20_max": 0.227956,
        "nauc_mrr_at_20_std": 0.10023,
        "nauc_mrr_at_20_diff1": 0.297538,
        "nauc_mrr_at_100_max": 0.225719,
        "nauc_mrr_at_100_std": 0.097557,
        "nauc_mrr_at_100_diff1": 0.296531,
        "nauc_mrr_at_1000_max": 0.22533,
        "nauc_mrr_at_1000_std": 0.097104,
        "nauc_mrr_at_1000_diff1": 0.296209,
        "cv_recall_at_1": 0.20513,
        "cv_recall_at_3": 0.4188,
        "cv_recall_at_5": 0.52137,
        "cv_recall_at_10": 0.5812,
        "cv_recall_at_20": 0.66667,
        "cv_recall_at_100": 0.98291,
        "cv_recall_at_1000": 1.0,
        "main_score": 0.39035,
        "hf_subset": "default",
        "languages": [
          "eng-Latn"
        ]
      }
    ]
  },
  "evaluation_time": 37.66972064971924,
  "kg_co2_emissions": null,
  "date": null
}