{
  "dataset_revision": "ef7b3a7f08dd2f0f7bdf0cf23391f8a1a26ad477",
  "task_name": "BIRCO-ClinicalTrial",
  "mteb_version": "2.9.0",
  "scores": {
    "test": [
      {
        "ndcg_at_1": 0.19,
        "ndcg_at_3": 0.1456,
        "ndcg_at_5": 0.13558,
        "ndcg_at_10": 0.14443,
        "ndcg_at_20": 0.1621,
        "ndcg_at_100": 0.23412,
        "ndcg_at_1000": 0.35102,
        "map_at_1": 0.01881,
        "map_at_3": 0.02879,
        "map_at_5": 0.03541,
        "map_at_10": 0.04799,
        "map_at_20": 0.06378,
        "map_at_100": 0.09392,
        "map_at_1000": 0.1083,
        "recall_at_1": 0.01881,
        "recall_at_3": 0.03638,
        "recall_at_5": 0.04882,
        "recall_at_10": 0.08825,
        "recall_at_20": 0.15185,
        "recall_at_100": 0.3392,
        "recall_at_1000": 0.72905,
        "accuracy": 0.01881,
        "precision_at_1": 0.26,
        "precision_at_3": 0.17333,
        "precision_at_5": 0.144,
        "precision_at_10": 0.14,
        "precision_at_20": 0.123,
        "precision_at_100": 0.0634,
        "precision_at_1000": 0.01484,
        "mrr_at_1": 0.26,
        "mrr_at_3": 0.333333,
        "mrr_at_5": 0.346333,
        "mrr_at_10": 0.367127,
        "mrr_at_20": 0.374476,
        "mrr_at_100": 0.378923,
        "mrr_at_1000": 0.379449,
        "nauc_ndcg_at_1_max": 0.151653,
        "nauc_ndcg_at_1_std": 0.24829,
        "nauc_ndcg_at_1_diff1": 0.368556,
        "nauc_ndcg_at_3_max": 0.188744,
        "nauc_ndcg_at_3_std": 0.226561,
        "nauc_ndcg_at_3_diff1": 0.239768,
        "nauc_ndcg_at_5_max": 0.272739,
        "nauc_ndcg_at_5_std": 0.221553,
        "nauc_ndcg_at_5_diff1": 0.151255,
        "nauc_ndcg_at_10_max": 0.30163,
        "nauc_ndcg_at_10_std": 0.252959,
        "nauc_ndcg_at_10_diff1": 0.189989,
        "nauc_ndcg_at_20_max": 0.330797,
        "nauc_ndcg_at_20_std": 0.326681,
        "nauc_ndcg_at_20_diff1": 0.203888,
        "nauc_ndcg_at_100_max": 0.424004,
        "nauc_ndcg_at_100_std": 0.490024,
        "nauc_ndcg_at_100_diff1": 0.220895,
        "nauc_ndcg_at_1000_max": 0.415539,
        "nauc_ndcg_at_1000_std": 0.50992,
        "nauc_ndcg_at_1000_diff1": 0.145255,
        "nauc_map_at_1_max": 0.120758,
        "nauc_map_at_1_std": 0.125103,
        "nauc_map_at_1_diff1": 0.282229,
        "nauc_map_at_3_max": 0.080534,
        "nauc_map_at_3_std": 0.049007,
        "nauc_map_at_3_diff1": 0.174173,
        "nauc_map_at_5_max": 0.155871,
        "nauc_map_at_5_std": 0.076659,
        "nauc_map_at_5_diff1": 0.13963,
        "nauc_map_at_10_max": 0.191123,
        "nauc_map_at_10_std": 0.142872,
        "nauc_map_at_10_diff1": 0.146182,
        "nauc_map_at_20_max": 0.277872,
        "nauc_map_at_20_std": 0.269082,
        "nauc_map_at_20_diff1": 0.154338,
        "nauc_map_at_100_max": 0.427534,
        "nauc_map_at_100_std": 0.493569,
        "nauc_map_at_100_diff1": 0.151799,
        "nauc_map_at_1000_max": 0.433298,
        "nauc_map_at_1000_std": 0.528969,
        "nauc_map_at_1000_diff1": 0.106535,
        "nauc_recall_at_1_max": 0.120758,
        "nauc_recall_at_1_std": 0.125103,
        "nauc_recall_at_1_diff1": 0.282229,
        "nauc_recall_at_3_max": 0.068379,
        "nauc_recall_at_3_std": -0.005779,
        "nauc_recall_at_3_diff1": 0.154682,
        "nauc_recall_at_5_max": 0.210121,
        "nauc_recall_at_5_std": 0.062034,
        "nauc_recall_at_5_diff1": 0.125586,
        "nauc_recall_at_10_max": 0.236564,
        "nauc_recall_at_10_std": 0.147133,
        "nauc_recall_at_10_diff1": 0.216136,
        "nauc_recall_at_20_max": 0.291291,
        "nauc_recall_at_20_std": 0.278427,
        "nauc_recall_at_20_diff1": 0.216056,
        "nauc_recall_at_100_max": 0.37652,
        "nauc_recall_at_100_std": 0.509198,
        "nauc_recall_at_100_diff1": 0.234129,
        "nauc_recall_at_1000_max": 0.32172,
        "nauc_recall_at_1000_std": 0.441099,
        "nauc_recall_at_1000_diff1": 0.088171,
        "nauc_precision_at_1_max": 0.130294,
        "nauc_precision_at_1_std": 0.248764,
        "nauc_precision_at_1_diff1": 0.255327,
        "nauc_precision_at_3_max": 0.152005,
        "nauc_precision_at_3_std": 0.208692,
        "nauc_precision_at_3_diff1": 0.067942,
        "nauc_precision_at_5_max": 0.238336,
        "nauc_precision_at_5_std": 0.207284,
        "nauc_precision_at_5_diff1": -0.059617,
        "nauc_precision_at_10_max": 0.332282,
        "nauc_precision_at_10_std": 0.36042,
        "nauc_precision_at_10_diff1": 0.013757,
        "nauc_precision_at_20_max": 0.411666,
        "nauc_precision_at_20_std": 0.543448,
        "nauc_precision_at_20_diff1": -0.016963,
        "nauc_precision_at_100_max": 0.482507,
        "nauc_precision_at_100_std": 0.721651,
        "nauc_precision_at_100_diff1": -0.046804,
        "nauc_precision_at_1000_max": 0.217523,
        "nauc_precision_at_1000_std": 0.409198,
        "nauc_precision_at_1000_diff1": -0.197248,
        "nauc_mrr_at_1_max": 0.130294,
        "nauc_mrr_at_1_std": 0.248764,
        "nauc_mrr_at_1_diff1": 0.255327,
        "nauc_mrr_at_3_max": 0.181718,
        "nauc_mrr_at_3_std": 0.236046,
        "nauc_mrr_at_3_diff1": 0.252407,
        "nauc_mrr_at_5_max": 0.193522,
        "nauc_mrr_at_5_std": 0.253735,
        "nauc_mrr_at_5_diff1": 0.232472,
        "nauc_mrr_at_10_max": 0.172807,
        "nauc_mrr_at_10_std": 0.237102,
        "nauc_mrr_at_10_diff1": 0.241886,
        "nauc_mrr_at_20_max": 0.178337,
        "nauc_mrr_at_20_std": 0.245548,
        "nauc_mrr_at_20_diff1": 0.2446,
        "nauc_mrr_at_100_max": 0.179914,
        "nauc_mrr_at_100_std": 0.249124,
        "nauc_mrr_at_100_diff1": 0.243605,
        "nauc_mrr_at_1000_max": 0.179379,
        "nauc_mrr_at_1000_std": 0.24835,
        "nauc_mrr_at_1000_diff1": 0.24326,
        "cv_recall_at_1": 0.26,
        "cv_recall_at_3": 0.44,
        "cv_recall_at_5": 0.5,
        "cv_recall_at_10": 0.64,
        "cv_recall_at_20": 0.74,
        "cv_recall_at_100": 0.9,
        "cv_recall_at_1000": 1.0,
        "main_score": 0.14443,
        "hf_subset": "default",
        "languages": [
          "eng-Latn"
        ]
      }
    ]
  },
  "evaluation_time": 570.4286592006683,
  "kg_co2_emissions": null,
  "date": null
}