{
  "dataset_revision": "fd7df84ac089bbec763b1c6bb1b56e985df5cc5c",
  "task_name": "AutoRAGRetrieval",
  "mteb_version": "2.9.0",
  "scores": {
    "test": [
      {
        "ndcg_at_1": 0.02632,
        "ndcg_at_3": 0.04062,
        "ndcg_at_5": 0.05951,
        "ndcg_at_10": 0.06215,
        "ndcg_at_20": 0.07334,
        "ndcg_at_100": 0.12078,
        "ndcg_at_1000": 0.19401,
        "map_at_1": 0.02632,
        "map_at_3": 0.03655,
        "map_at_5": 0.04751,
        "map_at_10": 0.04849,
        "map_at_20": 0.05162,
        "map_at_100": 0.05771,
        "map_at_1000": 0.06021,
        "recall_at_1": 0.02632,
        "recall_at_3": 0.05263,
        "recall_at_5": 0.09649,
        "recall_at_10": 0.10526,
        "recall_at_20": 0.14912,
        "recall_at_100": 0.41228,
        "recall_at_1000": 1.0,
        "accuracy": 0.02632,
        "precision_at_1": 0.02632,
        "precision_at_3": 0.01754,
        "precision_at_5": 0.0193,
        "precision_at_10": 0.01053,
        "precision_at_20": 0.00746,
        "precision_at_100": 0.00412,
        "precision_at_1000": 0.001,
        "mrr_at_1": 0.026316,
        "mrr_at_3": 0.03655,
        "mrr_at_5": 0.047515,
        "mrr_at_10": 0.048489,
        "mrr_at_20": 0.051618,
        "mrr_at_100": 0.057712,
        "mrr_at_1000": 0.060215,
        "nauc_ndcg_at_1_max": -0.544592,
        "nauc_ndcg_at_1_std": -0.544592,
        "nauc_ndcg_at_1_diff1": 0.768626,
        "nauc_ndcg_at_3_max": -0.438881,
        "nauc_ndcg_at_3_std": -0.34132,
        "nauc_ndcg_at_3_diff1": 0.480994,
        "nauc_ndcg_at_5_max": -0.432005,
        "nauc_ndcg_at_5_std": -0.34933,
        "nauc_ndcg_at_5_diff1": 0.233899,
        "nauc_ndcg_at_10_max": -0.391685,
        "nauc_ndcg_at_10_std": -0.348271,
        "nauc_ndcg_at_10_diff1": 0.270435,
        "nauc_ndcg_at_20_max": -0.342411,
        "nauc_ndcg_at_20_std": -0.305577,
        "nauc_ndcg_at_20_diff1": 0.240256,
        "nauc_ndcg_at_100_max": -0.217838,
        "nauc_ndcg_at_100_std": -0.174804,
        "nauc_ndcg_at_100_diff1": 0.180117,
        "nauc_ndcg_at_1000_max": -0.301636,
        "nauc_ndcg_at_1000_std": -0.26472,
        "nauc_ndcg_at_1000_diff1": 0.249736,
        "nauc_map_at_1_max": -0.544592,
        "nauc_map_at_1_std": -0.544592,
        "nauc_map_at_1_diff1": 0.768626,
        "nauc_map_at_3_max": -0.461908,
        "nauc_map_at_3_std": -0.389619,
        "nauc_map_at_3_diff1": 0.534845,
        "nauc_map_at_5_max": -0.451594,
        "nauc_map_at_5_std": -0.384297,
        "nauc_map_at_5_diff1": 0.342768,
        "nauc_map_at_10_max": -0.432409,
        "nauc_map_at_10_std": -0.383338,
        "nauc_map_at_10_diff1": 0.35848,
        "nauc_map_at_20_max": -0.407444,
        "nauc_map_at_20_std": -0.3621,
        "nauc_map_at_20_diff1": 0.344543,
        "nauc_map_at_100_max": -0.377129,
        "nauc_map_at_100_std": -0.331496,
        "nauc_map_at_100_diff1": 0.331444,
        "nauc_map_at_1000_max": -0.381174,
        "nauc_map_at_1000_std": -0.337166,
        "nauc_map_at_1000_diff1": 0.335578,
        "nauc_recall_at_1_max": -0.544592,
        "nauc_recall_at_1_std": -0.544592,
        "nauc_recall_at_1_diff1": 0.768626,
        "nauc_recall_at_3_max": -0.391396,
        "nauc_recall_at_3_std": -0.240796,
        "nauc_recall_at_3_diff1": 0.371954,
        "nauc_recall_at_5_max": -0.403133,
        "nauc_recall_at_5_std": -0.297959,
        "nauc_recall_at_5_diff1": 0.067662,
        "nauc_recall_at_10_max": -0.324512,
        "nauc_recall_at_10_std": -0.298731,
        "nauc_recall_at_10_diff1": 0.149686,
        "nauc_recall_at_20_max": -0.250955,
        "nauc_recall_at_20_std": -0.232068,
        "nauc_recall_at_20_diff1": 0.110687,
        "nauc_recall_at_100_max": -0.010535,
        "nauc_recall_at_100_std": 0.030018,
        "nauc_recall_at_100_diff1": 0.014716,
        "nauc_recall_at_1000_max": NaN,
        "nauc_recall_at_1000_std": NaN,
        "nauc_recall_at_1000_diff1": NaN,
        "nauc_precision_at_1_max": -0.544592,
        "nauc_precision_at_1_std": -0.544592,
        "nauc_precision_at_1_diff1": 0.768626,
        "nauc_precision_at_3_max": -0.391396,
        "nauc_precision_at_3_std": -0.240796,
        "nauc_precision_at_3_diff1": 0.371954,
        "nauc_precision_at_5_max": -0.403133,
        "nauc_precision_at_5_std": -0.297959,
        "nauc_precision_at_5_diff1": 0.067662,
        "nauc_precision_at_10_max": -0.324512,
        "nauc_precision_at_10_std": -0.298731,
        "nauc_precision_at_10_diff1": 0.149686,
        "nauc_precision_at_20_max": -0.250955,
        "nauc_precision_at_20_std": -0.232068,
        "nauc_precision_at_20_diff1": 0.110687,
        "nauc_precision_at_100_max": -0.010535,
        "nauc_precision_at_100_std": 0.030018,
        "nauc_precision_at_100_diff1": 0.014716,
        "nauc_precision_at_1000_max": 1.0,
        "nauc_precision_at_1000_std": 1.0,
        "nauc_precision_at_1000_diff1": 1.0,
        "nauc_mrr_at_1_max": -0.544592,
        "nauc_mrr_at_1_std": -0.544592,
        "nauc_mrr_at_1_diff1": 0.768626,
        "nauc_mrr_at_3_max": -0.461908,
        "nauc_mrr_at_3_std": -0.389619,
        "nauc_mrr_at_3_diff1": 0.534845,
        "nauc_mrr_at_5_max": -0.451594,
        "nauc_mrr_at_5_std": -0.384297,
        "nauc_mrr_at_5_diff1": 0.342768,
        "nauc_mrr_at_10_max": -0.432409,
        "nauc_mrr_at_10_std": -0.383338,
        "nauc_mrr_at_10_diff1": 0.35848,
        "nauc_mrr_at_20_max": -0.407444,
        "nauc_mrr_at_20_std": -0.3621,
        "nauc_mrr_at_20_diff1": 0.344543,
        "nauc_mrr_at_100_max": -0.377129,
        "nauc_mrr_at_100_std": -0.331496,
        "nauc_mrr_at_100_diff1": 0.331444,
        "nauc_mrr_at_1000_max": -0.381174,
        "nauc_mrr_at_1000_std": -0.337166,
        "nauc_mrr_at_1000_diff1": 0.335578,
        "cv_recall_at_1": 0.02632,
        "cv_recall_at_3": 0.05263,
        "cv_recall_at_5": 0.09649,
        "cv_recall_at_10": 0.10526,
        "cv_recall_at_20": 0.14912,
        "cv_recall_at_100": 0.41228,
        "cv_recall_at_1000": 1.0,
        "main_score": 0.06215,
        "hf_subset": "default",
        "languages": [
          "kor-Hang"
        ]
      }
    ]
  },
  "evaluation_time": 5.626410484313965,
  "kg_co2_emissions": null,
  "date": null
}