{
  "dataset_revision": "5014f29d7fdde6f9073a75b72be53ed73eed60c6",
  "task_name": "BillSumCA",
  "mteb_version": "2.9.0",
  "scores": {
    "test": [
      {
        "ndcg_at_1": 0.706,
        "ndcg_at_3": 0.7964,
        "ndcg_at_5": 0.81207,
        "ndcg_at_10": 0.82547,
        "ndcg_at_20": 0.83123,
        "ndcg_at_100": 0.83796,
        "ndcg_at_1000": 0.83849,
        "map_at_1": 0.706,
        "map_at_3": 0.775,
        "map_at_5": 0.7837,
        "map_at_10": 0.78912,
        "map_at_20": 0.79081,
        "map_at_100": 0.79176,
        "map_at_1000": 0.79178,
        "recall_at_1": 0.706,
        "recall_at_3": 0.858,
        "recall_at_5": 0.896,
        "recall_at_10": 0.938,
        "recall_at_20": 0.96,
        "recall_at_100": 0.996,
        "recall_at_1000": 1.0,
        "accuracy": 0.706,
        "precision_at_1": 0.706,
        "precision_at_3": 0.286,
        "precision_at_5": 0.1792,
        "precision_at_10": 0.0938,
        "precision_at_20": 0.048,
        "precision_at_100": 0.00996,
        "precision_at_1000": 0.001,
        "mrr_at_1": 0.706,
        "mrr_at_3": 0.774667,
        "mrr_at_5": 0.783367,
        "mrr_at_10": 0.788784,
        "mrr_at_20": 0.790473,
        "mrr_at_100": 0.791423,
        "mrr_at_1000": 0.791447,
        "nauc_ndcg_at_1_max": 0.61101,
        "nauc_ndcg_at_1_std": -0.068341,
        "nauc_ndcg_at_1_diff1": 0.773866,
        "nauc_ndcg_at_3_max": 0.641807,
        "nauc_ndcg_at_3_std": -0.027961,
        "nauc_ndcg_at_3_diff1": 0.730266,
        "nauc_ndcg_at_5_max": 0.632874,
        "nauc_ndcg_at_5_std": -0.034214,
        "nauc_ndcg_at_5_diff1": 0.728373,
        "nauc_ndcg_at_10_max": 0.635206,
        "nauc_ndcg_at_10_std": -0.035124,
        "nauc_ndcg_at_10_diff1": 0.739802,
        "nauc_ndcg_at_20_max": 0.633721,
        "nauc_ndcg_at_20_std": -0.039016,
        "nauc_ndcg_at_20_diff1": 0.741814,
        "nauc_ndcg_at_100_max": 0.632149,
        "nauc_ndcg_at_100_std": -0.039846,
        "nauc_ndcg_at_100_diff1": 0.741708,
        "nauc_ndcg_at_1000_max": 0.631043,
        "nauc_ndcg_at_1000_std": -0.041641,
        "nauc_ndcg_at_1000_diff1": 0.742948,
        "nauc_map_at_1_max": 0.61101,
        "nauc_map_at_1_std": -0.068341,
        "nauc_map_at_1_diff1": 0.773866,
        "nauc_map_at_3_max": 0.632377,
        "nauc_map_at_3_std": -0.039567,
        "nauc_map_at_3_diff1": 0.742151,
        "nauc_map_at_5_max": 0.627775,
        "nauc_map_at_5_std": -0.043114,
        "nauc_map_at_5_diff1": 0.741341,
        "nauc_map_at_10_max": 0.628417,
        "nauc_map_at_10_std": -0.043385,
        "nauc_map_at_10_diff1": 0.745958,
        "nauc_map_at_20_max": 0.627944,
        "nauc_map_at_20_std": -0.04467,
        "nauc_map_at_20_diff1": 0.746551,
        "nauc_map_at_100_max": 0.627926,
        "nauc_map_at_100_std": -0.044799,
        "nauc_map_at_100_diff1": 0.74644,
        "nauc_map_at_1000_max": 0.62789,
        "nauc_map_at_1000_std": -0.044877,
        "nauc_map_at_1000_diff1": 0.746491,
        "nauc_recall_at_1_max": 0.61101,
        "nauc_recall_at_1_std": -0.068341,
        "nauc_recall_at_1_diff1": 0.773866,
        "nauc_recall_at_3_max": 0.682056,
        "nauc_recall_at_3_std": 0.021115,
        "nauc_recall_at_3_diff1": 0.680428,
        "nauc_recall_at_5_max": 0.657908,
        "nauc_recall_at_5_std": 0.011902,
        "nauc_recall_at_5_diff1": 0.659604,
        "nauc_recall_at_10_max": 0.693594,
        "nauc_recall_at_10_std": 0.030978,
        "nauc_recall_at_10_diff1": 0.698774,
        "nauc_recall_at_20_max": 0.706162,
        "nauc_recall_at_20_std": 0.021452,
        "nauc_recall_at_20_diff1": 0.703245,
        "nauc_recall_at_100_max": 0.934641,
        "nauc_recall_at_100_std": 0.414332,
        "nauc_recall_at_100_diff1": 0.422502,
        "nauc_recall_at_1000_max": NaN,
        "nauc_recall_at_1000_std": NaN,
        "nauc_recall_at_1000_diff1": NaN,
        "nauc_precision_at_1_max": 0.61101,
        "nauc_precision_at_1_std": -0.068341,
        "nauc_precision_at_1_diff1": 0.773866,
        "nauc_precision_at_3_max": 0.682056,
        "nauc_precision_at_3_std": 0.021115,
        "nauc_precision_at_3_diff1": 0.680428,
        "nauc_precision_at_5_max": 0.657908,
        "nauc_precision_at_5_std": 0.011902,
        "nauc_precision_at_5_diff1": 0.659604,
        "nauc_precision_at_10_max": 0.693594,
        "nauc_precision_at_10_std": 0.030978,
        "nauc_precision_at_10_diff1": 0.698774,
        "nauc_precision_at_20_max": 0.706162,
        "nauc_precision_at_20_std": 0.021452,
        "nauc_precision_at_20_diff1": 0.703245,
        "nauc_precision_at_100_max": 0.934641,
        "nauc_precision_at_100_std": 0.414332,
        "nauc_precision_at_100_diff1": 0.422502,
        "nauc_precision_at_1000_max": 1.0,
        "nauc_precision_at_1000_std": 1.0,
        "nauc_precision_at_1000_diff1": 1.0,
        "nauc_mrr_at_1_max": 0.61101,
        "nauc_mrr_at_1_std": -0.068341,
        "nauc_mrr_at_1_diff1": 0.773866,
        "nauc_mrr_at_3_max": 0.632385,
        "nauc_mrr_at_3_std": -0.039793,
        "nauc_mrr_at_3_diff1": 0.74252,
        "nauc_mrr_at_5_max": 0.62779,
        "nauc_mrr_at_5_std": -0.043343,
        "nauc_mrr_at_5_diff1": 0.741726,
        "nauc_mrr_at_10_max": 0.628431,
        "nauc_mrr_at_10_std": -0.043621,
        "nauc_mrr_at_10_diff1": 0.746347,
        "nauc_mrr_at_20_max": 0.627959,
        "nauc_mrr_at_20_std": -0.044906,
        "nauc_mrr_at_20_diff1": 0.746943,
        "nauc_mrr_at_100_max": 0.627946,
        "nauc_mrr_at_100_std": -0.045068,
        "nauc_mrr_at_100_diff1": 0.746837,
        "nauc_mrr_at_1000_max": 0.627909,
        "nauc_mrr_at_1000_std": -0.045146,
        "nauc_mrr_at_1000_diff1": 0.746888,
        "cv_recall_at_1": 0.706,
        "cv_recall_at_3": 0.858,
        "cv_recall_at_5": 0.896,
        "cv_recall_at_10": 0.938,
        "cv_recall_at_20": 0.96,
        "cv_recall_at_100": 0.996,
        "cv_recall_at_1000": 1.0,
        "main_score": 0.82547,
        "hf_subset": "default",
        "languages": [
          "eng-Latn"
        ]
      }
    ]
  },
  "evaluation_time": 7.870323657989502,
  "kg_co2_emissions": null,
  "date": null
}