{
  "dataset_revision": "6536329882b0f06bf6406fdafedc434603fe8ed9",
  "task_name": "CQADupstack-Programmers-PL",
  "mteb_version": "2.9.0",
  "scores": {
    "test": [
      {
        "ndcg_at_1": 0.06621,
        "ndcg_at_3": 0.08396,
        "ndcg_at_5": 0.08991,
        "ndcg_at_10": 0.10277,
        "ndcg_at_20": 0.1118,
        "ndcg_at_100": 0.13258,
        "ndcg_at_1000": 0.16091,
        "map_at_1": 0.05626,
        "map_at_3": 0.07269,
        "map_at_5": 0.07715,
        "map_at_10": 0.08285,
        "map_at_20": 0.08526,
        "map_at_100": 0.08828,
        "map_at_1000": 0.08922,
        "recall_at_1": 0.05626,
        "recall_at_3": 0.09424,
        "recall_at_5": 0.11126,
        "recall_at_10": 0.14901,
        "recall_at_20": 0.18153,
        "recall_at_100": 0.2848,
        "recall_at_1000": 0.49575,
        "accuracy": 0.05626,
        "precision_at_1": 0.06621,
        "precision_at_3": 0.04148,
        "precision_at_5": 0.02991,
        "precision_at_10": 0.02021,
        "precision_at_20": 0.01261,
        "precision_at_100": 0.00403,
        "precision_at_1000": 0.00076,
        "mrr_at_1": 0.06621,
        "mrr_at_3": 0.08828,
        "mrr_at_5": 0.092333,
        "mrr_at_10": 0.097791,
        "mrr_at_20": 0.10067,
        "mrr_at_100": 0.103701,
        "mrr_at_1000": 0.104553,
        "nauc_ndcg_at_1_max": -0.002775,
        "nauc_ndcg_at_1_std": 0.126346,
        "nauc_ndcg_at_1_diff1": 0.514196,
        "nauc_ndcg_at_3_max": -0.031588,
        "nauc_ndcg_at_3_std": 0.109577,
        "nauc_ndcg_at_3_diff1": 0.393168,
        "nauc_ndcg_at_5_max": -0.021946,
        "nauc_ndcg_at_5_std": 0.1073,
        "nauc_ndcg_at_5_diff1": 0.370432,
        "nauc_ndcg_at_10_max": -0.020275,
        "nauc_ndcg_at_10_std": 0.1331,
        "nauc_ndcg_at_10_diff1": 0.34517,
        "nauc_ndcg_at_20_max": -0.035564,
        "nauc_ndcg_at_20_std": 0.133002,
        "nauc_ndcg_at_20_diff1": 0.320768,
        "nauc_ndcg_at_100_max": -0.029722,
        "nauc_ndcg_at_100_std": 0.16997,
        "nauc_ndcg_at_100_diff1": 0.304188,
        "nauc_ndcg_at_1000_max": -0.020378,
        "nauc_ndcg_at_1000_std": 0.199884,
        "nauc_ndcg_at_1000_diff1": 0.286738,
        "nauc_map_at_1_max": 0.033681,
        "nauc_map_at_1_std": 0.093713,
        "nauc_map_at_1_diff1": 0.530566,
        "nauc_map_at_3_max": -0.020852,
        "nauc_map_at_3_std": 0.092948,
        "nauc_map_at_3_diff1": 0.424717,
        "nauc_map_at_5_max": -0.015177,
        "nauc_map_at_5_std": 0.099001,
        "nauc_map_at_5_diff1": 0.409202,
        "nauc_map_at_10_max": -0.011934,
        "nauc_map_at_10_std": 0.116805,
        "nauc_map_at_10_diff1": 0.394946,
        "nauc_map_at_20_max": -0.017339,
        "nauc_map_at_20_std": 0.116184,
        "nauc_map_at_20_diff1": 0.385274,
        "nauc_map_at_100_max": -0.016597,
        "nauc_map_at_100_std": 0.123022,
        "nauc_map_at_100_diff1": 0.381595,
        "nauc_map_at_1000_max": -0.016005,
        "nauc_map_at_1000_std": 0.125031,
        "nauc_map_at_1000_diff1": 0.380604,
        "nauc_recall_at_1_max": 0.033681,
        "nauc_recall_at_1_std": 0.093713,
        "nauc_recall_at_1_diff1": 0.530566,
        "nauc_recall_at_3_max": -0.061072,
        "nauc_recall_at_3_std": 0.096746,
        "nauc_recall_at_3_diff1": 0.32783,
        "nauc_recall_at_5_max": -0.040317,
        "nauc_recall_at_5_std": 0.103396,
        "nauc_recall_at_5_diff1": 0.286827,
        "nauc_recall_at_10_max": -0.035678,
        "nauc_recall_at_10_std": 0.155244,
        "nauc_recall_at_10_diff1": 0.246872,
        "nauc_recall_at_20_max": -0.072309,
        "nauc_recall_at_20_std": 0.149175,
        "nauc_recall_at_20_diff1": 0.200248,
        "nauc_recall_at_100_max": -0.04541,
        "nauc_recall_at_100_std": 0.257459,
        "nauc_recall_at_100_diff1": 0.17087,
        "nauc_recall_at_1000_max": -0.01914,
        "nauc_recall_at_1000_std": 0.359257,
        "nauc_recall_at_1000_diff1": 0.10419,
        "nauc_precision_at_1_max": -0.002775,
        "nauc_precision_at_1_std": 0.126346,
        "nauc_precision_at_1_diff1": 0.514196,
        "nauc_precision_at_3_max": -0.044102,
        "nauc_precision_at_3_std": 0.144874,
        "nauc_precision_at_3_diff1": 0.325518,
        "nauc_precision_at_5_max": -0.022745,
        "nauc_precision_at_5_std": 0.14813,
        "nauc_precision_at_5_diff1": 0.285021,
        "nauc_precision_at_10_max": -0.008925,
        "nauc_precision_at_10_std": 0.205639,
        "nauc_precision_at_10_diff1": 0.256184,
        "nauc_precision_at_20_max": -0.039943,
        "nauc_precision_at_20_std": 0.201028,
        "nauc_precision_at_20_diff1": 0.207084,
        "nauc_precision_at_100_max": -0.024498,
        "nauc_precision_at_100_std": 0.259556,
        "nauc_precision_at_100_diff1": 0.168305,
        "nauc_precision_at_1000_max": 0.037364,
        "nauc_precision_at_1000_std": 0.290579,
        "nauc_precision_at_1000_diff1": 0.100437,
        "nauc_mrr_at_1_max": -0.002775,
        "nauc_mrr_at_1_std": 0.126346,
        "nauc_mrr_at_1_diff1": 0.514196,
        "nauc_mrr_at_3_max": -0.032281,
        "nauc_mrr_at_3_std": 0.118041,
        "nauc_mrr_at_3_diff1": 0.406695,
        "nauc_mrr_at_5_max": -0.025424,
        "nauc_mrr_at_5_std": 0.118777,
        "nauc_mrr_at_5_diff1": 0.395297,
        "nauc_mrr_at_10_max": -0.019953,
        "nauc_mrr_at_10_std": 0.125486,
        "nauc_mrr_at_10_diff1": 0.382352,
        "nauc_mrr_at_20_max": -0.025192,
        "nauc_mrr_at_20_std": 0.127288,
        "nauc_mrr_at_20_diff1": 0.374036,
        "nauc_mrr_at_100_max": -0.0246,
        "nauc_mrr_at_100_std": 0.132091,
        "nauc_mrr_at_100_diff1": 0.370263,
        "nauc_mrr_at_1000_max": -0.024233,
        "nauc_mrr_at_1000_std": 0.133467,
        "nauc_mrr_at_1000_diff1": 0.369626,
        "cv_recall_at_1": 0.06621,
        "cv_recall_at_3": 0.11872,
        "cv_recall_at_5": 0.13699,
        "cv_recall_at_10": 0.17808,
        "cv_recall_at_20": 0.21918,
        "cv_recall_at_100": 0.33562,
        "cv_recall_at_1000": 0.56621,
        "main_score": 0.10277,
        "hf_subset": "default",
        "languages": [
          "pol-Latn"
        ]
      }
    ]
  },
  "evaluation_time": 184.53149843215942,
  "kg_co2_emissions": null,
  "date": null
}