{
  "dataset_revision": "f41e1fefa91ccb25964afb24e193d1e2a14bb4a3",
  "task_name": "CQADupstack-Unix-PL",
  "mteb_version": "2.9.0",
  "scores": {
    "test": [
      {
        "ndcg_at_1": 0.07743,
        "ndcg_at_3": 0.08658,
        "ndcg_at_5": 0.09281,
        "ndcg_at_10": 0.10277,
        "ndcg_at_20": 0.11182,
        "ndcg_at_100": 0.12656,
        "ndcg_at_1000": 0.1561,
        "map_at_1": 0.0657,
        "map_at_3": 0.07846,
        "map_at_5": 0.08205,
        "map_at_10": 0.0861,
        "map_at_20": 0.08853,
        "map_at_100": 0.09034,
        "map_at_1000": 0.09134,
        "recall_at_1": 0.0657,
        "recall_at_3": 0.09367,
        "recall_at_5": 0.11008,
        "recall_at_10": 0.13955,
        "recall_at_20": 0.17307,
        "recall_at_100": 0.24917,
        "recall_at_1000": 0.47013,
        "accuracy": 0.0657,
        "precision_at_1": 0.07743,
        "precision_at_3": 0.03856,
        "precision_at_5": 0.02705,
        "precision_at_10": 0.01744,
        "precision_at_20": 0.01101,
        "precision_at_100": 0.00332,
        "precision_at_1000": 0.00067,
        "mrr_at_1": 0.077425,
        "mrr_at_3": 0.093439,
        "mrr_at_5": 0.097777,
        "mrr_at_10": 0.102401,
        "mrr_at_20": 0.105088,
        "mrr_at_100": 0.107089,
        "mrr_at_1000": 0.108028,
        "nauc_ndcg_at_1_max": 0.297156,
        "nauc_ndcg_at_1_std": 0.110041,
        "nauc_ndcg_at_1_diff1": 0.504657,
        "nauc_ndcg_at_3_max": 0.255636,
        "nauc_ndcg_at_3_std": 0.120218,
        "nauc_ndcg_at_3_diff1": 0.445889,
        "nauc_ndcg_at_5_max": 0.236539,
        "nauc_ndcg_at_5_std": 0.144813,
        "nauc_ndcg_at_5_diff1": 0.428049,
        "nauc_ndcg_at_10_max": 0.221664,
        "nauc_ndcg_at_10_std": 0.150252,
        "nauc_ndcg_at_10_diff1": 0.391933,
        "nauc_ndcg_at_20_max": 0.219587,
        "nauc_ndcg_at_20_std": 0.15289,
        "nauc_ndcg_at_20_diff1": 0.375599,
        "nauc_ndcg_at_100_max": 0.201481,
        "nauc_ndcg_at_100_std": 0.162359,
        "nauc_ndcg_at_100_diff1": 0.362325,
        "nauc_ndcg_at_1000_max": 0.201547,
        "nauc_ndcg_at_1000_std": 0.18827,
        "nauc_ndcg_at_1000_diff1": 0.341321,
        "nauc_map_at_1_max": 0.303812,
        "nauc_map_at_1_std": 0.138843,
        "nauc_map_at_1_diff1": 0.536463,
        "nauc_map_at_3_max": 0.264272,
        "nauc_map_at_3_std": 0.124889,
        "nauc_map_at_3_diff1": 0.470636,
        "nauc_map_at_5_max": 0.25315,
        "nauc_map_at_5_std": 0.139965,
        "nauc_map_at_5_diff1": 0.459241,
        "nauc_map_at_10_max": 0.244865,
        "nauc_map_at_10_std": 0.142781,
        "nauc_map_at_10_diff1": 0.440576,
        "nauc_map_at_20_max": 0.243192,
        "nauc_map_at_20_std": 0.143626,
        "nauc_map_at_20_diff1": 0.434218,
        "nauc_map_at_100_max": 0.240264,
        "nauc_map_at_100_std": 0.145574,
        "nauc_map_at_100_diff1": 0.431587,
        "nauc_map_at_1000_max": 0.240172,
        "nauc_map_at_1000_std": 0.147083,
        "nauc_map_at_1000_diff1": 0.43035,
        "nauc_recall_at_1_max": 0.303812,
        "nauc_recall_at_1_std": 0.138843,
        "nauc_recall_at_1_diff1": 0.536463,
        "nauc_recall_at_3_max": 0.237409,
        "nauc_recall_at_3_std": 0.11013,
        "nauc_recall_at_3_diff1": 0.409944,
        "nauc_recall_at_5_max": 0.195654,
        "nauc_recall_at_5_std": 0.161062,
        "nauc_recall_at_5_diff1": 0.367146,
        "nauc_recall_at_10_max": 0.167101,
        "nauc_recall_at_10_std": 0.169136,
        "nauc_recall_at_10_diff1": 0.297415,
        "nauc_recall_at_20_max": 0.174004,
        "nauc_recall_at_20_std": 0.172626,
        "nauc_recall_at_20_diff1": 0.269238,
        "nauc_recall_at_100_max": 0.116355,
        "nauc_recall_at_100_std": 0.189649,
        "nauc_recall_at_100_diff1": 0.233059,
        "nauc_recall_at_1000_max": 0.115451,
        "nauc_recall_at_1000_std": 0.28084,
        "nauc_recall_at_1000_diff1": 0.151576,
        "nauc_precision_at_1_max": 0.297156,
        "nauc_precision_at_1_std": 0.110041,
        "nauc_precision_at_1_diff1": 0.504657,
        "nauc_precision_at_3_max": 0.23496,
        "nauc_precision_at_3_std": 0.12181,
        "nauc_precision_at_3_diff1": 0.377601,
        "nauc_precision_at_5_max": 0.195565,
        "nauc_precision_at_5_std": 0.172917,
        "nauc_precision_at_5_diff1": 0.349821,
        "nauc_precision_at_10_max": 0.1715,
        "nauc_precision_at_10_std": 0.174857,
        "nauc_precision_at_10_diff1": 0.273429,
        "nauc_precision_at_20_max": 0.165954,
        "nauc_precision_at_20_std": 0.178152,
        "nauc_precision_at_20_diff1": 0.243439,
        "nauc_precision_at_100_max": 0.107329,
        "nauc_precision_at_100_std": 0.203229,
        "nauc_precision_at_100_diff1": 0.215761,
        "nauc_precision_at_1000_max": 0.102564,
        "nauc_precision_at_1000_std": 0.246762,
        "nauc_precision_at_1000_diff1": 0.110323,
        "nauc_mrr_at_1_max": 0.297156,
        "nauc_mrr_at_1_std": 0.110041,
        "nauc_mrr_at_1_diff1": 0.504657,
        "nauc_mrr_at_3_max": 0.26003,
        "nauc_mrr_at_3_std": 0.112521,
        "nauc_mrr_at_3_diff1": 0.437817,
        "nauc_mrr_at_5_max": 0.247998,
        "nauc_mrr_at_5_std": 0.127541,
        "nauc_mrr_at_5_diff1": 0.427773,
        "nauc_mrr_at_10_max": 0.241339,
        "nauc_mrr_at_10_std": 0.129913,
        "nauc_mrr_at_10_diff1": 0.412373,
        "nauc_mrr_at_20_max": 0.240104,
        "nauc_mrr_at_20_std": 0.131089,
        "nauc_mrr_at_20_diff1": 0.407555,
        "nauc_mrr_at_100_max": 0.237994,
        "nauc_mrr_at_100_std": 0.132645,
        "nauc_mrr_at_100_diff1": 0.406189,
        "nauc_mrr_at_1000_max": 0.238049,
        "nauc_mrr_at_1000_std": 0.13378,
        "nauc_mrr_at_1000_diff1": 0.405526,
        "cv_recall_at_1": 0.07743,
        "cv_recall_at_3": 0.11381,
        "cv_recall_at_5": 0.1334,
        "cv_recall_at_10": 0.16884,
        "cv_recall_at_20": 0.20709,
        "cv_recall_at_100": 0.29851,
        "cv_recall_at_1000": 0.53825,
        "main_score": 0.10277,
        "hf_subset": "default",
        "languages": [
          "pol-Latn"
        ]
      }
    ]
  },
  "evaluation_time": 255.6092140674591,
  "kg_co2_emissions": null,
  "date": null
}