{
  "dataset_revision": "8b9fec2db9eda4b5742d03732213fbaee8169556",
  "task_name": "R2MEDBiologyRetrieval",
  "mteb_version": "2.9.0",
  "scores": {
    "test": [
      {
        "ndcg_at_1": 0.14563,
        "ndcg_at_3": 0.11958,
        "ndcg_at_5": 0.11876,
        "ndcg_at_10": 0.13906,
        "ndcg_at_20": 0.16154,
        "ndcg_at_100": 0.22213,
        "ndcg_at_1000": 0.29227,
        "map_at_1": 0.04088,
        "map_at_3": 0.07199,
        "map_at_5": 0.07969,
        "map_at_10": 0.09325,
        "map_at_20": 0.10283,
        "map_at_100": 0.11429,
        "map_at_1000": 0.11825,
        "recall_at_1": 0.04088,
        "recall_at_3": 0.08586,
        "recall_at_5": 0.10603,
        "recall_at_10": 0.16302,
        "recall_at_20": 0.21935,
        "recall_at_100": 0.45019,
        "recall_at_1000": 0.85065,
        "accuracy": 0.04088,
        "precision_at_1": 0.14563,
        "precision_at_3": 0.11003,
        "precision_at_5": 0.0835,
        "precision_at_10": 0.06505,
        "precision_at_20": 0.04612,
        "precision_at_100": 0.01738,
        "precision_at_1000": 0.00308,
        "mrr_at_1": 0.145631,
        "mrr_at_3": 0.171521,
        "mrr_at_5": 0.180744,
        "mrr_at_10": 0.192202,
        "mrr_at_20": 0.196101,
        "mrr_at_100": 0.202567,
        "mrr_at_1000": 0.203726,
        "nauc_ndcg_at_1_max": 0.060609,
        "nauc_ndcg_at_1_std": -0.195317,
        "nauc_ndcg_at_1_diff1": 0.280349,
        "nauc_ndcg_at_3_max": -0.0249,
        "nauc_ndcg_at_3_std": -0.252948,
        "nauc_ndcg_at_3_diff1": 0.230185,
        "nauc_ndcg_at_5_max": -0.012122,
        "nauc_ndcg_at_5_std": -0.247458,
        "nauc_ndcg_at_5_diff1": 0.263739,
        "nauc_ndcg_at_10_max": 0.021602,
        "nauc_ndcg_at_10_std": -0.246001,
        "nauc_ndcg_at_10_diff1": 0.309452,
        "nauc_ndcg_at_20_max": 0.006317,
        "nauc_ndcg_at_20_std": -0.23796,
        "nauc_ndcg_at_20_diff1": 0.304615,
        "nauc_ndcg_at_100_max": -0.018855,
        "nauc_ndcg_at_100_std": -0.242856,
        "nauc_ndcg_at_100_diff1": 0.230163,
        "nauc_ndcg_at_1000_max": 0.022735,
        "nauc_ndcg_at_1000_std": -0.184487,
        "nauc_ndcg_at_1000_diff1": 0.238892,
        "nauc_map_at_1_max": 0.089481,
        "nauc_map_at_1_std": -0.209974,
        "nauc_map_at_1_diff1": 0.36938,
        "nauc_map_at_3_max": 0.053467,
        "nauc_map_at_3_std": -0.276317,
        "nauc_map_at_3_diff1": 0.326338,
        "nauc_map_at_5_max": 0.036926,
        "nauc_map_at_5_std": -0.257518,
        "nauc_map_at_5_diff1": 0.31687,
        "nauc_map_at_10_max": 0.040024,
        "nauc_map_at_10_std": -0.257391,
        "nauc_map_at_10_diff1": 0.334598,
        "nauc_map_at_20_max": 0.020237,
        "nauc_map_at_20_std": -0.255802,
        "nauc_map_at_20_diff1": 0.327874,
        "nauc_map_at_100_max": 0.008335,
        "nauc_map_at_100_std": -0.257643,
        "nauc_map_at_100_diff1": 0.30264,
        "nauc_map_at_1000_max": 0.011518,
        "nauc_map_at_1000_std": -0.252631,
        "nauc_map_at_1000_diff1": 0.302433,
        "nauc_recall_at_1_max": 0.089481,
        "nauc_recall_at_1_std": -0.209974,
        "nauc_recall_at_1_diff1": 0.36938,
        "nauc_recall_at_3_max": 0.038321,
        "nauc_recall_at_3_std": -0.27201,
        "nauc_recall_at_3_diff1": 0.271425,
        "nauc_recall_at_5_max": 0.01406,
        "nauc_recall_at_5_std": -0.244659,
        "nauc_recall_at_5_diff1": 0.278285,
        "nauc_recall_at_10_max": 0.049897,
        "nauc_recall_at_10_std": -0.230325,
        "nauc_recall_at_10_diff1": 0.32922,
        "nauc_recall_at_20_max": 0.023616,
        "nauc_recall_at_20_std": -0.214288,
        "nauc_recall_at_20_diff1": 0.30198,
        "nauc_recall_at_100_max": -0.057735,
        "nauc_recall_at_100_std": -0.190349,
        "nauc_recall_at_100_diff1": 0.094222,
        "nauc_recall_at_1000_max": 0.219494,
        "nauc_recall_at_1000_std": 0.292792,
        "nauc_recall_at_1000_diff1": 0.095487,
        "nauc_precision_at_1_max": 0.060609,
        "nauc_precision_at_1_std": -0.195317,
        "nauc_precision_at_1_diff1": 0.280349,
        "nauc_precision_at_3_max": -0.064362,
        "nauc_precision_at_3_std": -0.264249,
        "nauc_precision_at_3_diff1": 0.184574,
        "nauc_precision_at_5_max": -0.087026,
        "nauc_precision_at_5_std": -0.224523,
        "nauc_precision_at_5_diff1": 0.187273,
        "nauc_precision_at_10_max": -0.101658,
        "nauc_precision_at_10_std": -0.268367,
        "nauc_precision_at_10_diff1": 0.219931,
        "nauc_precision_at_20_max": -0.130894,
        "nauc_precision_at_20_std": -0.228238,
        "nauc_precision_at_20_diff1": 0.204886,
        "nauc_precision_at_100_max": -0.14168,
        "nauc_precision_at_100_std": -0.212549,
        "nauc_precision_at_100_diff1": 0.045286,
        "nauc_precision_at_1000_max": -0.081484,
        "nauc_precision_at_1000_std": -0.06239,
        "nauc_precision_at_1000_diff1": -0.043923,
        "nauc_mrr_at_1_max": 0.060609,
        "nauc_mrr_at_1_std": -0.195317,
        "nauc_mrr_at_1_diff1": 0.280349,
        "nauc_mrr_at_3_max": 0.009017,
        "nauc_mrr_at_3_std": -0.200769,
        "nauc_mrr_at_3_diff1": 0.23814,
        "nauc_mrr_at_5_max": 0.00481,
        "nauc_mrr_at_5_std": -0.207319,
        "nauc_mrr_at_5_diff1": 0.250696,
        "nauc_mrr_at_10_max": 0.008395,
        "nauc_mrr_at_10_std": -0.210499,
        "nauc_mrr_at_10_diff1": 0.249892,
        "nauc_mrr_at_20_max": 0.015166,
        "nauc_mrr_at_20_std": -0.206911,
        "nauc_mrr_at_20_diff1": 0.252391,
        "nauc_mrr_at_100_max": 0.013028,
        "nauc_mrr_at_100_std": -0.211816,
        "nauc_mrr_at_100_diff1": 0.245802,
        "nauc_mrr_at_1000_max": 0.014177,
        "nauc_mrr_at_1000_std": -0.209902,
        "nauc_mrr_at_1000_diff1": 0.245945,
        "cv_recall_at_1": 0.14563,
        "cv_recall_at_3": 0.2233,
        "cv_recall_at_5": 0.26214,
        "cv_recall_at_10": 0.34951,
        "cv_recall_at_20": 0.40777,
        "cv_recall_at_100": 0.69903,
        "cv_recall_at_1000": 0.94175,
        "main_score": 0.13906,
        "hf_subset": "default",
        "languages": [
          "eng-Latn"
        ]
      }
    ]
  },
  "evaluation_time": 151.46228885650635,
  "kg_co2_emissions": null,
  "date": null
}