{
  "dataset_revision": "53c489a44a3664ba352c07550b72b4525a5968d5",
  "task_name": "R2MEDPMCTreatmentRetrieval",
  "mteb_version": "2.9.0",
  "scores": {
    "test": [
      {
        "ndcg_at_1": 0.1,
        "ndcg_at_3": 0.08603,
        "ndcg_at_5": 0.10002,
        "ndcg_at_10": 0.11709,
        "ndcg_at_20": 0.12955,
        "ndcg_at_100": 0.15456,
        "ndcg_at_1000": 0.19905,
        "map_at_1": 0.05833,
        "map_at_3": 0.07037,
        "map_at_5": 0.07943,
        "map_at_10": 0.08512,
        "map_at_20": 0.08863,
        "map_at_100": 0.09156,
        "map_at_1000": 0.09326,
        "recall_at_1": 0.05833,
        "recall_at_3": 0.08778,
        "recall_at_5": 0.12022,
        "recall_at_10": 0.167,
        "recall_at_20": 0.20844,
        "recall_at_100": 0.33067,
        "recall_at_1000": 0.64044,
        "accuracy": 0.05833,
        "precision_at_1": 0.1,
        "precision_at_3": 0.05111,
        "precision_at_5": 0.04133,
        "precision_at_10": 0.02933,
        "precision_at_20": 0.019,
        "precision_at_100": 0.00613,
        "precision_at_1000": 0.00125,
        "mrr_at_1": 0.1,
        "mrr_at_3": 0.113333,
        "mrr_at_5": 0.122667,
        "mrr_at_10": 0.133601,
        "mrr_at_20": 0.137603,
        "mrr_at_100": 0.140475,
        "mrr_at_1000": 0.141482,
        "nauc_ndcg_at_1_max": 0.480064,
        "nauc_ndcg_at_1_std": 0.126035,
        "nauc_ndcg_at_1_diff1": 0.382417,
        "nauc_ndcg_at_3_max": 0.399364,
        "nauc_ndcg_at_3_std": 0.157204,
        "nauc_ndcg_at_3_diff1": 0.297903,
        "nauc_ndcg_at_5_max": 0.379672,
        "nauc_ndcg_at_5_std": 0.137073,
        "nauc_ndcg_at_5_diff1": 0.302227,
        "nauc_ndcg_at_10_max": 0.369746,
        "nauc_ndcg_at_10_std": 0.130134,
        "nauc_ndcg_at_10_diff1": 0.275396,
        "nauc_ndcg_at_20_max": 0.350548,
        "nauc_ndcg_at_20_std": 0.113712,
        "nauc_ndcg_at_20_diff1": 0.2613,
        "nauc_ndcg_at_100_max": 0.337971,
        "nauc_ndcg_at_100_std": 0.130894,
        "nauc_ndcg_at_100_diff1": 0.236865,
        "nauc_ndcg_at_1000_max": 0.326231,
        "nauc_ndcg_at_1000_std": 0.169972,
        "nauc_ndcg_at_1000_diff1": 0.227328,
        "nauc_map_at_1_max": 0.491464,
        "nauc_map_at_1_std": 0.162135,
        "nauc_map_at_1_diff1": 0.455533,
        "nauc_map_at_3_max": 0.425122,
        "nauc_map_at_3_std": 0.158897,
        "nauc_map_at_3_diff1": 0.33942,
        "nauc_map_at_5_max": 0.41495,
        "nauc_map_at_5_std": 0.139096,
        "nauc_map_at_5_diff1": 0.328913,
        "nauc_map_at_10_max": 0.408566,
        "nauc_map_at_10_std": 0.136354,
        "nauc_map_at_10_diff1": 0.3146,
        "nauc_map_at_20_max": 0.404295,
        "nauc_map_at_20_std": 0.128374,
        "nauc_map_at_20_diff1": 0.308486,
        "nauc_map_at_100_max": 0.402605,
        "nauc_map_at_100_std": 0.133179,
        "nauc_map_at_100_diff1": 0.304715,
        "nauc_map_at_1000_max": 0.401455,
        "nauc_map_at_1000_std": 0.134615,
        "nauc_map_at_1000_diff1": 0.304098,
        "nauc_recall_at_1_max": 0.491464,
        "nauc_recall_at_1_std": 0.162135,
        "nauc_recall_at_1_diff1": 0.455533,
        "nauc_recall_at_3_max": 0.290506,
        "nauc_recall_at_3_std": 0.164119,
        "nauc_recall_at_3_diff1": 0.231795,
        "nauc_recall_at_5_max": 0.284058,
        "nauc_recall_at_5_std": 0.134764,
        "nauc_recall_at_5_diff1": 0.23833,
        "nauc_recall_at_10_max": 0.257295,
        "nauc_recall_at_10_std": 0.120122,
        "nauc_recall_at_10_diff1": 0.173809,
        "nauc_recall_at_20_max": 0.214723,
        "nauc_recall_at_20_std": 0.079879,
        "nauc_recall_at_20_diff1": 0.152701,
        "nauc_recall_at_100_max": 0.179985,
        "nauc_recall_at_100_std": 0.109484,
        "nauc_recall_at_100_diff1": 0.08184,
        "nauc_recall_at_1000_max": 0.122258,
        "nauc_recall_at_1000_std": 0.329716,
        "nauc_recall_at_1000_diff1": 0.011226,
        "nauc_precision_at_1_max": 0.480064,
        "nauc_precision_at_1_std": 0.126035,
        "nauc_precision_at_1_diff1": 0.382417,
        "nauc_precision_at_3_max": 0.366078,
        "nauc_precision_at_3_std": 0.148667,
        "nauc_precision_at_3_diff1": 0.176866,
        "nauc_precision_at_5_max": 0.3405,
        "nauc_precision_at_5_std": 0.08864,
        "nauc_precision_at_5_diff1": 0.159216,
        "nauc_precision_at_10_max": 0.342636,
        "nauc_precision_at_10_std": 0.073377,
        "nauc_precision_at_10_diff1": 0.148263,
        "nauc_precision_at_20_max": 0.306032,
        "nauc_precision_at_20_std": 0.050373,
        "nauc_precision_at_20_diff1": 0.107541,
        "nauc_precision_at_100_max": 0.237031,
        "nauc_precision_at_100_std": 0.116844,
        "nauc_precision_at_100_diff1": 0.035558,
        "nauc_precision_at_1000_max": 0.085674,
        "nauc_precision_at_1000_std": 0.155701,
        "nauc_precision_at_1000_diff1": -0.01337,
        "nauc_mrr_at_1_max": 0.480064,
        "nauc_mrr_at_1_std": 0.126035,
        "nauc_mrr_at_1_diff1": 0.382417,
        "nauc_mrr_at_3_max": 0.423824,
        "nauc_mrr_at_3_std": 0.143756,
        "nauc_mrr_at_3_diff1": 0.333481,
        "nauc_mrr_at_5_max": 0.407013,
        "nauc_mrr_at_5_std": 0.131084,
        "nauc_mrr_at_5_diff1": 0.326684,
        "nauc_mrr_at_10_max": 0.405844,
        "nauc_mrr_at_10_std": 0.124295,
        "nauc_mrr_at_10_diff1": 0.317424,
        "nauc_mrr_at_20_max": 0.395985,
        "nauc_mrr_at_20_std": 0.120416,
        "nauc_mrr_at_20_diff1": 0.311188,
        "nauc_mrr_at_100_max": 0.39301,
        "nauc_mrr_at_100_std": 0.121508,
        "nauc_mrr_at_100_diff1": 0.309623,
        "nauc_mrr_at_1000_max": 0.392934,
        "nauc_mrr_at_1000_std": 0.121745,
        "nauc_mrr_at_1000_diff1": 0.309483,
        "cv_recall_at_1": 0.1,
        "cv_recall_at_3": 0.14,
        "cv_recall_at_5": 0.18,
        "cv_recall_at_10": 0.26667,
        "cv_recall_at_20": 0.32667,
        "cv_recall_at_100": 0.46667,
        "cv_recall_at_1000": 0.76667,
        "main_score": 0.11709,
        "hf_subset": "default",
        "languages": [
          "eng-Latn"
        ]
      }
    ]
  },
  "evaluation_time": 121.59059858322144,
  "kg_co2_emissions": null,
  "date": null
}