{
  "dataset_revision": "04dd804c048866b0ab90a55ded77789485828281",
  "task_name": "TRECCOVID-NL",
  "mteb_version": "2.9.0",
  "scores": {
    "test": [
      {
        "ndcg_at_1": 0.16,
        "ndcg_at_3": 0.18307,
        "ndcg_at_5": 0.18311,
        "ndcg_at_10": 0.16297,
        "ndcg_at_20": 0.14543,
        "ndcg_at_100": 0.10258,
        "ndcg_at_1000": 0.0906,
        "map_at_1": 0.00054,
        "map_at_3": 0.0014,
        "map_at_5": 0.00192,
        "map_at_10": 0.00292,
        "map_at_20": 0.00456,
        "map_at_100": 0.01123,
        "map_at_1000": 0.02082,
        "recall_at_1": 0.00054,
        "recall_at_3": 0.00165,
        "recall_at_5": 0.00261,
        "recall_at_10": 0.00436,
        "recall_at_20": 0.00739,
        "recall_at_100": 0.02391,
        "recall_at_1000": 0.08335,
        "accuracy": 0.00054,
        "precision_at_1": 0.2,
        "precision_at_3": 0.20667,
        "precision_at_5": 0.204,
        "precision_at_10": 0.174,
        "precision_at_20": 0.147,
        "precision_at_100": 0.1002,
        "precision_at_1000": 0.03912,
        "mrr_at_1": 0.22,
        "mrr_at_3": 0.29,
        "mrr_at_5": 0.328,
        "mrr_at_10": 0.333556,
        "mrr_at_20": 0.341314,
        "mrr_at_100": 0.34657,
        "mrr_at_1000": 0.347319,
        "nauc_ndcg_at_1_max": 0.305769,
        "nauc_ndcg_at_1_std": 0.370967,
        "nauc_ndcg_at_1_diff1": 0.062202,
        "nauc_ndcg_at_3_max": 0.271055,
        "nauc_ndcg_at_3_std": 0.319399,
        "nauc_ndcg_at_3_diff1": -0.138925,
        "nauc_ndcg_at_5_max": 0.290506,
        "nauc_ndcg_at_5_std": 0.387086,
        "nauc_ndcg_at_5_diff1": -0.151503,
        "nauc_ndcg_at_10_max": 0.287514,
        "nauc_ndcg_at_10_std": 0.441123,
        "nauc_ndcg_at_10_diff1": -0.177274,
        "nauc_ndcg_at_20_max": 0.28721,
        "nauc_ndcg_at_20_std": 0.519162,
        "nauc_ndcg_at_20_diff1": -0.186169,
        "nauc_ndcg_at_100_max": 0.213506,
        "nauc_ndcg_at_100_std": 0.632215,
        "nauc_ndcg_at_100_diff1": -0.142059,
        "nauc_ndcg_at_1000_max": 0.121017,
        "nauc_ndcg_at_1000_std": 0.696562,
        "nauc_ndcg_at_1000_diff1": -0.163006,
        "nauc_map_at_1_max": 0.279517,
        "nauc_map_at_1_std": 0.221092,
        "nauc_map_at_1_diff1": 0.007853,
        "nauc_map_at_3_max": 0.267712,
        "nauc_map_at_3_std": 0.18178,
        "nauc_map_at_3_diff1": -0.134236,
        "nauc_map_at_5_max": 0.316002,
        "nauc_map_at_5_std": 0.291954,
        "nauc_map_at_5_diff1": -0.177707,
        "nauc_map_at_10_max": 0.326778,
        "nauc_map_at_10_std": 0.386267,
        "nauc_map_at_10_diff1": -0.205341,
        "nauc_map_at_20_max": 0.341867,
        "nauc_map_at_20_std": 0.499517,
        "nauc_map_at_20_diff1": -0.239961,
        "nauc_map_at_100_max": 0.319724,
        "nauc_map_at_100_std": 0.656622,
        "nauc_map_at_100_diff1": -0.220014,
        "nauc_map_at_1000_max": 0.218612,
        "nauc_map_at_1000_std": 0.757613,
        "nauc_map_at_1000_diff1": -0.176524,
        "nauc_recall_at_1_max": 0.279517,
        "nauc_recall_at_1_std": 0.221092,
        "nauc_recall_at_1_diff1": 0.007853,
        "nauc_recall_at_3_max": 0.235953,
        "nauc_recall_at_3_std": 0.18956,
        "nauc_recall_at_3_diff1": -0.155022,
        "nauc_recall_at_5_max": 0.23956,
        "nauc_recall_at_5_std": 0.270916,
        "nauc_recall_at_5_diff1": -0.201234,
        "nauc_recall_at_10_max": 0.251776,
        "nauc_recall_at_10_std": 0.346234,
        "nauc_recall_at_10_diff1": -0.228683,
        "nauc_recall_at_20_max": 0.274252,
        "nauc_recall_at_20_std": 0.463804,
        "nauc_recall_at_20_diff1": -0.236698,
        "nauc_recall_at_100_max": 0.213506,
        "nauc_recall_at_100_std": 0.585574,
        "nauc_recall_at_100_diff1": -0.207537,
        "nauc_recall_at_1000_max": 0.079911,
        "nauc_recall_at_1000_std": 0.69529,
        "nauc_recall_at_1000_diff1": -0.151635,
        "nauc_precision_at_1_max": 0.371908,
        "nauc_precision_at_1_std": 0.376429,
        "nauc_precision_at_1_diff1": 0.15754,
        "nauc_precision_at_3_max": 0.320612,
        "nauc_precision_at_3_std": 0.329425,
        "nauc_precision_at_3_diff1": -0.128798,
        "nauc_precision_at_5_max": 0.33824,
        "nauc_precision_at_5_std": 0.41754,
        "nauc_precision_at_5_diff1": -0.16707,
        "nauc_precision_at_10_max": 0.324449,
        "nauc_precision_at_10_std": 0.47077,
        "nauc_precision_at_10_diff1": -0.177508,
        "nauc_precision_at_20_max": 0.321894,
        "nauc_precision_at_20_std": 0.563709,
        "nauc_precision_at_20_diff1": -0.181604,
        "nauc_precision_at_100_max": 0.218104,
        "nauc_precision_at_100_std": 0.671679,
        "nauc_precision_at_100_diff1": -0.124262,
        "nauc_precision_at_1000_max": 0.058017,
        "nauc_precision_at_1000_std": 0.755059,
        "nauc_precision_at_1000_diff1": -0.060291,
        "nauc_mrr_at_1_max": 0.30009,
        "nauc_mrr_at_1_std": 0.478137,
        "nauc_mrr_at_1_diff1": 0.085061,
        "nauc_mrr_at_3_max": 0.231962,
        "nauc_mrr_at_3_std": 0.413628,
        "nauc_mrr_at_3_diff1": 0.020546,
        "nauc_mrr_at_5_max": 0.214891,
        "nauc_mrr_at_5_std": 0.428829,
        "nauc_mrr_at_5_diff1": 0.009733,
        "nauc_mrr_at_10_max": 0.217152,
        "nauc_mrr_at_10_std": 0.418811,
        "nauc_mrr_at_10_diff1": 0.018119,
        "nauc_mrr_at_20_max": 0.242106,
        "nauc_mrr_at_20_std": 0.421168,
        "nauc_mrr_at_20_diff1": 0.029972,
        "nauc_mrr_at_100_max": 0.236217,
        "nauc_mrr_at_100_std": 0.415925,
        "nauc_mrr_at_100_diff1": 0.027158,
        "nauc_mrr_at_1000_max": 0.235761,
        "nauc_mrr_at_1000_std": 0.416549,
        "nauc_mrr_at_1000_diff1": 0.026639,
        "cv_recall_at_1": 0.22,
        "cv_recall_at_3": 0.38,
        "cv_recall_at_5": 0.54,
        "cv_recall_at_10": 0.58,
        "cv_recall_at_20": 0.68,
        "cv_recall_at_100": 0.86,
        "cv_recall_at_1000": 1.0,
        "main_score": 0.16297,
        "hf_subset": "default",
        "languages": [
          "nld-Latn"
        ]
      }
    ]
  },
  "evaluation_time": 816.200014591217,
  "kg_co2_emissions": null,
  "date": null
}