{
  "dataset_revision": "0c063eb9b2f3085bbbc48f8d51f21a179254187e",
  "task_name": "BillSumUS",
  "mteb_version": "2.12.16",
  "scores": {
    "test": [
      {
        "ndcg_at_1": 0.982,
        "ndcg_at_3": 0.98831,
        "ndcg_at_5": 0.98908,
        "ndcg_at_10": 0.98971,
        "ndcg_at_20": 0.98971,
        "ndcg_at_100": 0.99052,
        "ndcg_at_1000": 0.99052,
        "map_at_1": 0.982,
        "map_at_3": 0.987,
        "map_at_5": 0.9874,
        "map_at_10": 0.98765,
        "map_at_20": 0.98765,
        "map_at_100": 0.98778,
        "map_at_1000": 0.98778,
        "recall_at_1": 0.982,
        "recall_at_3": 0.992,
        "recall_at_5": 0.994,
        "recall_at_10": 0.996,
        "recall_at_20": 0.996,
        "recall_at_100": 1.0,
        "recall_at_1000": 1.0,
        "accuracy": 0.982,
        "precision_at_1": 0.982,
        "precision_at_3": 0.33067,
        "precision_at_5": 0.1988,
        "precision_at_10": 0.0996,
        "precision_at_20": 0.0498,
        "precision_at_100": 0.01,
        "precision_at_1000": 0.001,
        "mrr_at_1": 0.982,
        "mrr_at_3": 0.987,
        "mrr_at_5": 0.9874,
        "mrr_at_10": 0.98765,
        "mrr_at_20": 0.98765,
        "mrr_at_100": 0.987785,
        "mrr_at_1000": 0.987785,
        "nauc_ndcg_at_1_max": 0.730055,
        "nauc_ndcg_at_1_std": 0.018259,
        "nauc_ndcg_at_1_diff1": 0.950462,
        "nauc_ndcg_at_3_max": 0.846603,
        "nauc_ndcg_at_3_std": -0.129962,
        "nauc_ndcg_at_3_diff1": 0.923727,
        "nauc_ndcg_at_5_max": 0.835732,
        "nauc_ndcg_at_5_std": -0.057548,
        "nauc_ndcg_at_5_diff1": 0.918321,
        "nauc_ndcg_at_10_max": 0.825656,
        "nauc_ndcg_at_10_std": -0.114398,
        "nauc_ndcg_at_10_diff1": 0.913311,
        "nauc_ndcg_at_20_max": 0.825656,
        "nauc_ndcg_at_20_std": -0.114398,
        "nauc_ndcg_at_20_diff1": 0.913311,
        "nauc_ndcg_at_100_max": 0.810823,
        "nauc_ndcg_at_100_std": -0.073712,
        "nauc_ndcg_at_100_diff1": 0.926191,
        "nauc_ndcg_at_1000_max": 0.810823,
        "nauc_ndcg_at_1000_std": -0.073712,
        "nauc_ndcg_at_1000_diff1": 0.926191,
        "nauc_map_at_1_max": 0.730055,
        "nauc_map_at_1_std": 0.018259,
        "nauc_map_at_1_diff1": 0.950462,
        "nauc_map_at_3_max": 0.813115,
        "nauc_map_at_3_std": -0.087373,
        "nauc_map_at_3_diff1": 0.931408,
        "nauc_map_at_5_max": 0.807182,
        "nauc_map_at_5_std": -0.053584,
        "nauc_map_at_5_diff1": 0.929231,
        "nauc_map_at_10_max": 0.803279,
        "nauc_map_at_10_std": -0.072266,
        "nauc_map_at_10_diff1": 0.927798,
        "nauc_map_at_20_max": 0.803279,
        "nauc_map_at_20_std": -0.072266,
        "nauc_map_at_20_diff1": 0.927798,
        "nauc_map_at_100_max": 0.801111,
        "nauc_map_at_100_std": -0.064224,
        "nauc_map_at_100_diff1": 0.930044,
        "nauc_map_at_1000_max": 0.801111,
        "nauc_map_at_1000_std": -0.064224,
        "nauc_map_at_1000_diff1": 0.930044,
        "nauc_recall_at_1_max": 0.730055,
        "nauc_recall_at_1_std": 0.018259,
        "nauc_recall_at_1_diff1": 0.950462,
        "nauc_recall_at_3_max": 1.0,
        "nauc_recall_at_3_std": -0.325047,
        "nauc_recall_at_3_diff1": 0.888539,
        "nauc_recall_at_5_max": 1.0,
        "nauc_recall_at_5_std": -0.049486,
        "nauc_recall_at_5_diff1": 0.851385,
        "nauc_recall_at_10_max": 1.0,
        "nauc_recall_at_10_std": -0.50887,
        "nauc_recall_at_10_diff1": 0.777077,
        "nauc_recall_at_20_max": 1.0,
        "nauc_recall_at_20_std": -0.50887,
        "nauc_recall_at_20_diff1": 0.777077,
        "nauc_recall_at_100_max": NaN,
        "nauc_recall_at_100_std": NaN,
        "nauc_recall_at_100_diff1": NaN,
        "nauc_recall_at_1000_max": NaN,
        "nauc_recall_at_1000_std": NaN,
        "nauc_recall_at_1000_diff1": NaN,
        "nauc_precision_at_1_max": 0.730055,
        "nauc_precision_at_1_std": 0.018259,
        "nauc_precision_at_1_diff1": 0.950462,
        "nauc_precision_at_3_max": 1.0,
        "nauc_precision_at_3_std": -0.325047,
        "nauc_precision_at_3_diff1": 0.888539,
        "nauc_precision_at_5_max": 1.0,
        "nauc_precision_at_5_std": -0.049486,
        "nauc_precision_at_5_diff1": 0.851385,
        "nauc_precision_at_10_max": 1.0,
        "nauc_precision_at_10_std": -0.50887,
        "nauc_precision_at_10_diff1": 0.777077,
        "nauc_precision_at_20_max": 1.0,
        "nauc_precision_at_20_std": -0.50887,
        "nauc_precision_at_20_diff1": 0.777077,
        "nauc_precision_at_100_max": 1.0,
        "nauc_precision_at_100_std": 1.0,
        "nauc_precision_at_100_diff1": 1.0,
        "nauc_precision_at_1000_max": 1.0,
        "nauc_precision_at_1000_std": 1.0,
        "nauc_precision_at_1000_diff1": 1.0,
        "nauc_mrr_at_1_max": 0.730055,
        "nauc_mrr_at_1_std": 0.018259,
        "nauc_mrr_at_1_diff1": 0.950462,
        "nauc_mrr_at_3_max": 0.813115,
        "nauc_mrr_at_3_std": -0.087373,
        "nauc_mrr_at_3_diff1": 0.931408,
        "nauc_mrr_at_5_max": 0.807182,
        "nauc_mrr_at_5_std": -0.053584,
        "nauc_mrr_at_5_diff1": 0.929231,
        "nauc_mrr_at_10_max": 0.803279,
        "nauc_mrr_at_10_std": -0.072266,
        "nauc_mrr_at_10_diff1": 0.927798,
        "nauc_mrr_at_20_max": 0.803279,
        "nauc_mrr_at_20_std": -0.072266,
        "nauc_mrr_at_20_diff1": 0.927798,
        "nauc_mrr_at_100_max": 0.801111,
        "nauc_mrr_at_100_std": -0.064224,
        "nauc_mrr_at_100_diff1": 0.930044,
        "nauc_mrr_at_1000_max": 0.801111,
        "nauc_mrr_at_1000_std": -0.064224,
        "nauc_mrr_at_1000_diff1": 0.930044,
        "hit_rate_at_1": 0.982,
        "hit_rate_at_3": 0.992,
        "hit_rate_at_5": 0.994,
        "hit_rate_at_10": 0.996,
        "hit_rate_at_20": 0.996,
        "hit_rate_at_100": 1.0,
        "hit_rate_at_1000": 1.0,
        "main_score": 0.98971,
        "hf_subset": "default",
        "languages": [
          "eng-Latn"
        ]
      }
    ]
  },
  "evaluation_time": 216.44688153266907,
  "kg_co2_emissions": null,
  "date": null
}