{
  "dataset_revision": "ef7b3a7f08dd2f0f7bdf0cf23391f8a1a26ad477",
  "task_name": "BIRCO-ClinicalTrial",
  "mteb_version": "2.12.16",
  "scores": {
    "test": [
      {
        "ndcg_at_1": 0.11,
        "ndcg_at_3": 0.11213,
        "ndcg_at_5": 0.10555,
        "ndcg_at_10": 0.10614,
        "ndcg_at_20": 0.11726,
        "ndcg_at_100": 0.17561,
        "ndcg_at_1000": 0.30416,
        "map_at_1": 0.00732,
        "map_at_3": 0.01878,
        "map_at_5": 0.02411,
        "map_at_10": 0.03344,
        "map_at_20": 0.04276,
        "map_at_100": 0.06293,
        "map_at_1000": 0.07878,
        "recall_at_1": 0.00732,
        "recall_at_3": 0.03204,
        "recall_at_5": 0.04353,
        "recall_at_10": 0.0744,
        "recall_at_20": 0.12182,
        "recall_at_100": 0.27051,
        "recall_at_1000": 0.68929,
        "accuracy": 0.00732,
        "precision_at_1": 0.18,
        "precision_at_3": 0.16667,
        "precision_at_5": 0.144,
        "precision_at_10": 0.124,
        "precision_at_20": 0.106,
        "precision_at_100": 0.0512,
        "precision_at_1000": 0.0147,
        "mrr_at_1": 0.18,
        "mrr_at_3": 0.266667,
        "mrr_at_5": 0.284667,
        "mrr_at_10": 0.302857,
        "mrr_at_20": 0.314344,
        "mrr_at_100": 0.316737,
        "mrr_at_1000": 0.317266,
        "nauc_ndcg_at_1_max": -0.132714,
        "nauc_ndcg_at_1_std": 0.116417,
        "nauc_ndcg_at_1_diff1": -0.268821,
        "nauc_ndcg_at_3_max": -0.016299,
        "nauc_ndcg_at_3_std": 0.209924,
        "nauc_ndcg_at_3_diff1": -0.099628,
        "nauc_ndcg_at_5_max": 0.12061,
        "nauc_ndcg_at_5_std": 0.332744,
        "nauc_ndcg_at_5_diff1": -0.052755,
        "nauc_ndcg_at_10_max": 0.194484,
        "nauc_ndcg_at_10_std": 0.45403,
        "nauc_ndcg_at_10_diff1": -0.091711,
        "nauc_ndcg_at_20_max": 0.221357,
        "nauc_ndcg_at_20_std": 0.586028,
        "nauc_ndcg_at_20_diff1": -0.145821,
        "nauc_ndcg_at_100_max": 0.19116,
        "nauc_ndcg_at_100_std": 0.6796,
        "nauc_ndcg_at_100_diff1": -0.132693,
        "nauc_ndcg_at_1000_max": 0.124603,
        "nauc_ndcg_at_1000_std": 0.670298,
        "nauc_ndcg_at_1000_diff1": -0.15809,
        "nauc_map_at_1_max": -0.119811,
        "nauc_map_at_1_std": 0.086936,
        "nauc_map_at_1_diff1": -0.320905,
        "nauc_map_at_3_max": -0.029457,
        "nauc_map_at_3_std": 0.22151,
        "nauc_map_at_3_diff1": -0.168766,
        "nauc_map_at_5_max": 0.075767,
        "nauc_map_at_5_std": 0.231916,
        "nauc_map_at_5_diff1": -0.078684,
        "nauc_map_at_10_max": 0.140964,
        "nauc_map_at_10_std": 0.339874,
        "nauc_map_at_10_diff1": -0.1306,
        "nauc_map_at_20_max": 0.202257,
        "nauc_map_at_20_std": 0.474152,
        "nauc_map_at_20_diff1": -0.166195,
        "nauc_map_at_100_max": 0.257937,
        "nauc_map_at_100_std": 0.608184,
        "nauc_map_at_100_diff1": -0.15972,
        "nauc_map_at_1000_max": 0.250607,
        "nauc_map_at_1000_std": 0.640244,
        "nauc_map_at_1000_diff1": -0.166602,
        "nauc_recall_at_1_max": -0.119811,
        "nauc_recall_at_1_std": 0.086936,
        "nauc_recall_at_1_diff1": -0.320905,
        "nauc_recall_at_3_max": -0.00537,
        "nauc_recall_at_3_std": 0.165258,
        "nauc_recall_at_3_diff1": -0.07988,
        "nauc_recall_at_5_max": 0.118651,
        "nauc_recall_at_5_std": 0.202298,
        "nauc_recall_at_5_diff1": 0.019118,
        "nauc_recall_at_10_max": 0.159183,
        "nauc_recall_at_10_std": 0.332549,
        "nauc_recall_at_10_diff1": -0.064346,
        "nauc_recall_at_20_max": 0.161813,
        "nauc_recall_at_20_std": 0.532833,
        "nauc_recall_at_20_diff1": -0.157578,
        "nauc_recall_at_100_max": 0.073844,
        "nauc_recall_at_100_std": 0.583233,
        "nauc_recall_at_100_diff1": -0.119718,
        "nauc_recall_at_1000_max": -0.043764,
        "nauc_recall_at_1000_std": 0.606171,
        "nauc_recall_at_1000_diff1": -0.152772,
        "nauc_precision_at_1_max": -0.116549,
        "nauc_precision_at_1_std": 0.114584,
        "nauc_precision_at_1_diff1": -0.209697,
        "nauc_precision_at_3_max": 0.079843,
        "nauc_precision_at_3_std": 0.260513,
        "nauc_precision_at_3_diff1": -0.047829,
        "nauc_precision_at_5_max": 0.201773,
        "nauc_precision_at_5_std": 0.391353,
        "nauc_precision_at_5_diff1": -0.001042,
        "nauc_precision_at_10_max": 0.334813,
        "nauc_precision_at_10_std": 0.581693,
        "nauc_precision_at_10_diff1": -0.095419,
        "nauc_precision_at_20_max": 0.324328,
        "nauc_precision_at_20_std": 0.733407,
        "nauc_precision_at_20_diff1": -0.15096,
        "nauc_precision_at_100_max": 0.240463,
        "nauc_precision_at_100_std": 0.73695,
        "nauc_precision_at_100_diff1": -0.11898,
        "nauc_precision_at_1000_max": 0.022577,
        "nauc_precision_at_1000_std": 0.402068,
        "nauc_precision_at_1000_diff1": -0.102358,
        "nauc_mrr_at_1_max": -0.116549,
        "nauc_mrr_at_1_std": 0.114584,
        "nauc_mrr_at_1_diff1": -0.209697,
        "nauc_mrr_at_3_max": -0.089615,
        "nauc_mrr_at_3_std": 0.078067,
        "nauc_mrr_at_3_diff1": -0.099459,
        "nauc_mrr_at_5_max": -0.060494,
        "nauc_mrr_at_5_std": 0.14147,
        "nauc_mrr_at_5_diff1": -0.096932,
        "nauc_mrr_at_10_max": -0.05516,
        "nauc_mrr_at_10_std": 0.1704,
        "nauc_mrr_at_10_diff1": -0.105034,
        "nauc_mrr_at_20_max": -0.069006,
        "nauc_mrr_at_20_std": 0.173352,
        "nauc_mrr_at_20_diff1": -0.108255,
        "nauc_mrr_at_100_max": -0.072361,
        "nauc_mrr_at_100_std": 0.173611,
        "nauc_mrr_at_100_diff1": -0.110905,
        "nauc_mrr_at_1000_max": -0.071802,
        "nauc_mrr_at_1000_std": 0.172221,
        "nauc_mrr_at_1000_diff1": -0.110805,
        "hit_rate_at_1": 0.18,
        "hit_rate_at_3": 0.4,
        "hit_rate_at_5": 0.48,
        "hit_rate_at_10": 0.62,
        "hit_rate_at_20": 0.78,
        "hit_rate_at_100": 0.86,
        "hit_rate_at_1000": 0.98,
        "main_score": 0.10614,
        "hf_subset": "default",
        "languages": [
          "eng-Latn"
        ]
      }
    ]
  },
  "evaluation_time": 508.9319553375244,
  "kg_co2_emissions": null,
  "date": null
}