{
  "dataset_revision": "50c2986fedffa33b38afd5c1752026f8e9e5ed1d",
  "task_name": "ChatDoctorRetrieval",
  "mteb_version": "2.12.16",
  "scores": {
    "test": [
      {
        "ndcg_at_1": 0.54105,
        "ndcg_at_3": 0.61475,
        "ndcg_at_5": 0.6356,
        "ndcg_at_10": 0.6568,
        "ndcg_at_20": 0.67179,
        "ndcg_at_100": 0.68853,
        "ndcg_at_1000": 0.69501,
        "map_at_1": 0.54105,
        "map_at_3": 0.59664,
        "map_at_5": 0.60825,
        "map_at_10": 0.61706,
        "map_at_20": 0.62119,
        "map_at_100": 0.62351,
        "map_at_1000": 0.62375,
        "recall_at_1": 0.54105,
        "recall_at_3": 0.66714,
        "recall_at_5": 0.71758,
        "recall_at_10": 0.78287,
        "recall_at_20": 0.84207,
        "recall_at_100": 0.93221,
        "recall_at_1000": 0.98319,
        "accuracy": 0.54105,
        "precision_at_1": 0.54105,
        "precision_at_3": 0.22238,
        "precision_at_5": 0.14352,
        "precision_at_10": 0.07829,
        "precision_at_20": 0.0421,
        "precision_at_100": 0.00932,
        "precision_at_1000": 0.00098,
        "mrr_at_1": 0.541048,
        "mrr_at_3": 0.596643,
        "mrr_at_5": 0.608251,
        "mrr_at_10": 0.617061,
        "mrr_at_20": 0.62119,
        "mrr_at_100": 0.623507,
        "mrr_at_1000": 0.623751,
        "nauc_ndcg_at_1_max": 0.49201,
        "nauc_ndcg_at_1_std": -0.184846,
        "nauc_ndcg_at_1_diff1": 0.770068,
        "nauc_ndcg_at_3_max": 0.479839,
        "nauc_ndcg_at_3_std": -0.180851,
        "nauc_ndcg_at_3_diff1": 0.726868,
        "nauc_ndcg_at_5_max": 0.4754,
        "nauc_ndcg_at_5_std": -0.172914,
        "nauc_ndcg_at_5_diff1": 0.717263,
        "nauc_ndcg_at_10_max": 0.475082,
        "nauc_ndcg_at_10_std": -0.171215,
        "nauc_ndcg_at_10_diff1": 0.7148,
        "nauc_ndcg_at_20_max": 0.476082,
        "nauc_ndcg_at_20_std": -0.166098,
        "nauc_ndcg_at_20_diff1": 0.715064,
        "nauc_ndcg_at_100_max": 0.480835,
        "nauc_ndcg_at_100_std": -0.15682,
        "nauc_ndcg_at_100_diff1": 0.719586,
        "nauc_ndcg_at_1000_max": 0.480353,
        "nauc_ndcg_at_1000_std": -0.164008,
        "nauc_ndcg_at_1000_diff1": 0.723193,
        "nauc_map_at_1_max": 0.49201,
        "nauc_map_at_1_std": -0.184846,
        "nauc_map_at_1_diff1": 0.770068,
        "nauc_map_at_3_max": 0.482716,
        "nauc_map_at_3_std": -0.182319,
        "nauc_map_at_3_diff1": 0.737335,
        "nauc_map_at_5_max": 0.480327,
        "nauc_map_at_5_std": -0.178122,
        "nauc_map_at_5_diff1": 0.732371,
        "nauc_map_at_10_max": 0.480459,
        "nauc_map_at_10_std": -0.177668,
        "nauc_map_at_10_diff1": 0.731925,
        "nauc_map_at_20_max": 0.480646,
        "nauc_map_at_20_std": -0.176488,
        "nauc_map_at_20_diff1": 0.732125,
        "nauc_map_at_100_max": 0.481345,
        "nauc_map_at_100_std": -0.175307,
        "nauc_map_at_100_diff1": 0.732685,
        "nauc_map_at_1000_max": 0.481364,
        "nauc_map_at_1000_std": -0.175463,
        "nauc_map_at_1000_diff1": 0.732807,
        "nauc_recall_at_1_max": 0.49201,
        "nauc_recall_at_1_std": -0.184846,
        "nauc_recall_at_1_diff1": 0.770068,
        "nauc_recall_at_3_max": 0.470673,
        "nauc_recall_at_3_std": -0.175907,
        "nauc_recall_at_3_diff1": 0.693404,
        "nauc_recall_at_5_max": 0.457419,
        "nauc_recall_at_5_std": -0.152825,
        "nauc_recall_at_5_diff1": 0.662465,
        "nauc_recall_at_10_max": 0.450642,
        "nauc_recall_at_10_std": -0.140173,
        "nauc_recall_at_10_diff1": 0.63771,
        "nauc_recall_at_20_max": 0.4513,
        "nauc_recall_at_20_std": -0.094874,
        "nauc_recall_at_20_diff1": 0.615296,
        "nauc_recall_at_100_max": 0.507391,
        "nauc_recall_at_100_std": 0.162359,
        "nauc_recall_at_100_diff1": 0.588658,
        "nauc_recall_at_1000_max": 0.502421,
        "nauc_recall_at_1000_std": 0.240458,
        "nauc_recall_at_1000_diff1": 0.598199,
        "nauc_precision_at_1_max": 0.49201,
        "nauc_precision_at_1_std": -0.184846,
        "nauc_precision_at_1_diff1": 0.770068,
        "nauc_precision_at_3_max": 0.470673,
        "nauc_precision_at_3_std": -0.175907,
        "nauc_precision_at_3_diff1": 0.693404,
        "nauc_precision_at_5_max": 0.457419,
        "nauc_precision_at_5_std": -0.152825,
        "nauc_precision_at_5_diff1": 0.662465,
        "nauc_precision_at_10_max": 0.450642,
        "nauc_precision_at_10_std": -0.140173,
        "nauc_precision_at_10_diff1": 0.63771,
        "nauc_precision_at_20_max": 0.4513,
        "nauc_precision_at_20_std": -0.094874,
        "nauc_precision_at_20_diff1": 0.615296,
        "nauc_precision_at_100_max": 0.507391,
        "nauc_precision_at_100_std": 0.162359,
        "nauc_precision_at_100_diff1": 0.588658,
        "nauc_precision_at_1000_max": 0.502421,
        "nauc_precision_at_1000_std": 0.240458,
        "nauc_precision_at_1000_diff1": 0.598199,
        "nauc_mrr_at_1_max": 0.49201,
        "nauc_mrr_at_1_std": -0.184846,
        "nauc_mrr_at_1_diff1": 0.770068,
        "nauc_mrr_at_3_max": 0.482716,
        "nauc_mrr_at_3_std": -0.182319,
        "nauc_mrr_at_3_diff1": 0.737335,
        "nauc_mrr_at_5_max": 0.480327,
        "nauc_mrr_at_5_std": -0.178122,
        "nauc_mrr_at_5_diff1": 0.732371,
        "nauc_mrr_at_10_max": 0.480459,
        "nauc_mrr_at_10_std": -0.177668,
        "nauc_mrr_at_10_diff1": 0.731925,
        "nauc_mrr_at_20_max": 0.480646,
        "nauc_mrr_at_20_std": -0.176488,
        "nauc_mrr_at_20_diff1": 0.732125,
        "nauc_mrr_at_100_max": 0.481345,
        "nauc_mrr_at_100_std": -0.175307,
        "nauc_mrr_at_100_diff1": 0.732685,
        "nauc_mrr_at_1000_max": 0.481364,
        "nauc_mrr_at_1000_std": -0.175463,
        "nauc_mrr_at_1000_diff1": 0.732807,
        "hit_rate_at_1": 0.54105,
        "hit_rate_at_3": 0.66714,
        "hit_rate_at_5": 0.71758,
        "hit_rate_at_10": 0.78287,
        "hit_rate_at_20": 0.84207,
        "hit_rate_at_100": 0.93221,
        "hit_rate_at_1000": 0.98319,
        "main_score": 0.6568,
        "hf_subset": "default",
        "languages": [
          "eng-Latn"
        ]
      }
    ]
  },
  "evaluation_time": 843.5734467506409,
  "kg_co2_emissions": null,
  "date": null
}