{
  "dataset_revision": "ed1f48aca747f10bac146795328e2f03326e7625",
  "task_name": "HumanEvalRetrieval",
  "mteb_version": "2.12.16",
  "scores": {
    "test": [
      {
        "ndcg_at_1": 0.6962,
        "ndcg_at_3": 0.79023,
        "ndcg_at_5": 0.81666,
        "ndcg_at_10": 0.83084,
        "ndcg_at_20": 0.83903,
        "ndcg_at_100": 0.84009,
        "ndcg_at_1000": 0.84009,
        "map_at_1": 0.6962,
        "map_at_3": 0.76793,
        "map_at_5": 0.78281,
        "map_at_10": 0.78858,
        "map_at_20": 0.79091,
        "map_at_100": 0.79102,
        "map_at_1000": 0.79102,
        "recall_at_1": 0.6962,
        "recall_at_3": 0.85443,
        "recall_at_5": 0.91772,
        "recall_at_10": 0.96203,
        "recall_at_20": 0.99367,
        "recall_at_100": 1.0,
        "recall_at_1000": 1.0,
        "accuracy": 0.6962,
        "precision_at_1": 0.6962,
        "precision_at_3": 0.28481,
        "precision_at_5": 0.18354,
        "precision_at_10": 0.0962,
        "precision_at_20": 0.04968,
        "precision_at_100": 0.01,
        "precision_at_1000": 0.001,
        "mrr_at_1": 0.696203,
        "mrr_at_3": 0.767932,
        "mrr_at_5": 0.782806,
        "mrr_at_10": 0.78858,
        "mrr_at_20": 0.790915,
        "mrr_at_100": 0.79102,
        "mrr_at_1000": 0.79102,
        "nauc_ndcg_at_1_max": 0.529272,
        "nauc_ndcg_at_1_std": -0.160381,
        "nauc_ndcg_at_1_diff1": 0.772564,
        "nauc_ndcg_at_3_max": 0.536808,
        "nauc_ndcg_at_3_std": -0.176011,
        "nauc_ndcg_at_3_diff1": 0.717294,
        "nauc_ndcg_at_5_max": 0.541512,
        "nauc_ndcg_at_5_std": -0.15136,
        "nauc_ndcg_at_5_diff1": 0.751871,
        "nauc_ndcg_at_10_max": 0.550133,
        "nauc_ndcg_at_10_std": -0.128052,
        "nauc_ndcg_at_10_diff1": 0.740403,
        "nauc_ndcg_at_20_max": 0.542319,
        "nauc_ndcg_at_20_std": -0.137906,
        "nauc_ndcg_at_20_diff1": 0.74615,
        "nauc_ndcg_at_100_max": 0.538886,
        "nauc_ndcg_at_100_std": -0.14644,
        "nauc_ndcg_at_100_diff1": 0.744246,
        "nauc_ndcg_at_1000_max": 0.538886,
        "nauc_ndcg_at_1000_std": -0.14644,
        "nauc_ndcg_at_1000_diff1": 0.744246,
        "nauc_map_at_1_max": 0.529272,
        "nauc_map_at_1_std": -0.160381,
        "nauc_map_at_1_diff1": 0.772564,
        "nauc_map_at_3_max": 0.534394,
        "nauc_map_at_3_std": -0.172264,
        "nauc_map_at_3_diff1": 0.732412,
        "nauc_map_at_5_max": 0.53475,
        "nauc_map_at_5_std": -0.160049,
        "nauc_map_at_5_diff1": 0.747959,
        "nauc_map_at_10_max": 0.538258,
        "nauc_map_at_10_std": -0.149844,
        "nauc_map_at_10_diff1": 0.744316,
        "nauc_map_at_20_max": 0.536388,
        "nauc_map_at_20_std": -0.152095,
        "nauc_map_at_20_diff1": 0.745651,
        "nauc_map_at_100_max": 0.536124,
        "nauc_map_at_100_std": -0.15275,
        "nauc_map_at_100_diff1": 0.745506,
        "nauc_map_at_1000_max": 0.536124,
        "nauc_map_at_1000_std": -0.15275,
        "nauc_map_at_1000_diff1": 0.745506,
        "nauc_recall_at_1_max": 0.529272,
        "nauc_recall_at_1_std": -0.160381,
        "nauc_recall_at_1_diff1": 0.772564,
        "nauc_recall_at_3_max": 0.547196,
        "nauc_recall_at_3_std": -0.191401,
        "nauc_recall_at_3_diff1": 0.653748,
        "nauc_recall_at_5_max": 0.594139,
        "nauc_recall_at_5_std": -0.083943,
        "nauc_recall_at_5_diff1": 0.797274,
        "nauc_recall_at_10_max": 0.739232,
        "nauc_recall_at_10_std": 0.210673,
        "nauc_recall_at_10_diff1": 0.700528,
        "nauc_recall_at_20_max": 1.0,
        "nauc_recall_at_20_std": 1.0,
        "nauc_recall_at_20_diff1": 1.0,
        "nauc_recall_at_100_max": NaN,
        "nauc_recall_at_100_std": NaN,
        "nauc_recall_at_100_diff1": NaN,
        "nauc_recall_at_1000_max": NaN,
        "nauc_recall_at_1000_std": NaN,
        "nauc_recall_at_1000_diff1": NaN,
        "nauc_precision_at_1_max": 0.529272,
        "nauc_precision_at_1_std": -0.160381,
        "nauc_precision_at_1_diff1": 0.772564,
        "nauc_precision_at_3_max": 0.547196,
        "nauc_precision_at_3_std": -0.191401,
        "nauc_precision_at_3_diff1": 0.653748,
        "nauc_precision_at_5_max": 0.594139,
        "nauc_precision_at_5_std": -0.083943,
        "nauc_precision_at_5_diff1": 0.797274,
        "nauc_precision_at_10_max": 0.739232,
        "nauc_precision_at_10_std": 0.210673,
        "nauc_precision_at_10_diff1": 0.700528,
        "nauc_precision_at_20_max": 1.0,
        "nauc_precision_at_20_std": 1.0,
        "nauc_precision_at_20_diff1": 1.0,
        "nauc_precision_at_100_max": 1.0,
        "nauc_precision_at_100_std": 1.0,
        "nauc_precision_at_100_diff1": 1.0,
        "nauc_precision_at_1000_max": 1.0,
        "nauc_precision_at_1000_std": 1.0,
        "nauc_precision_at_1000_diff1": 1.0,
        "nauc_mrr_at_1_max": 0.529272,
        "nauc_mrr_at_1_std": -0.160381,
        "nauc_mrr_at_1_diff1": 0.772564,
        "nauc_mrr_at_3_max": 0.534394,
        "nauc_mrr_at_3_std": -0.172264,
        "nauc_mrr_at_3_diff1": 0.732412,
        "nauc_mrr_at_5_max": 0.53475,
        "nauc_mrr_at_5_std": -0.160049,
        "nauc_mrr_at_5_diff1": 0.747959,
        "nauc_mrr_at_10_max": 0.538258,
        "nauc_mrr_at_10_std": -0.149844,
        "nauc_mrr_at_10_diff1": 0.744316,
        "nauc_mrr_at_20_max": 0.536388,
        "nauc_mrr_at_20_std": -0.152095,
        "nauc_mrr_at_20_diff1": 0.745651,
        "nauc_mrr_at_100_max": 0.536124,
        "nauc_mrr_at_100_std": -0.15275,
        "nauc_mrr_at_100_diff1": 0.745506,
        "nauc_mrr_at_1000_max": 0.536124,
        "nauc_mrr_at_1000_std": -0.15275,
        "nauc_mrr_at_1000_diff1": 0.745506,
        "hit_rate_at_1": 0.6962,
        "hit_rate_at_3": 0.85443,
        "hit_rate_at_5": 0.91772,
        "hit_rate_at_10": 0.96203,
        "hit_rate_at_20": 0.99367,
        "hit_rate_at_100": 1.0,
        "hit_rate_at_1000": 1.0,
        "main_score": 0.83084,
        "hf_subset": "default",
        "languages": [
          "eng-Latn",
          "python-Code"
        ]
      }
    ]
  },
  "evaluation_time": 20.211159467697144,
  "kg_co2_emissions": null,
  "date": null
}