{
  "dataset_revision": "48142cc741b04d0b4af370ade7e8b42430382670",
  "task_name": "LIMITRetrieval",
  "mteb_version": "2.12.16",
  "scores": {
    "test": [
      {
        "ndcg_at_1": 0.017,
        "ndcg_at_2": 0.01391,
        "ndcg_at_3": 0.01574,
        "ndcg_at_5": 0.01675,
        "ndcg_at_10": 0.0187,
        "ndcg_at_20": 0.01993,
        "ndcg_at_100": 0.02614,
        "ndcg_at_1000": 0.04172,
        "map_at_1": 0.0085,
        "map_at_2": 0.012,
        "map_at_3": 0.01317,
        "map_at_5": 0.01372,
        "map_at_10": 0.01442,
        "map_at_20": 0.01472,
        "map_at_100": 0.01537,
        "map_at_1000": 0.01578,
        "recall_at_1": 0.0085,
        "recall_at_2": 0.013,
        "recall_at_3": 0.016,
        "recall_at_5": 0.018,
        "recall_at_10": 0.023,
        "recall_at_20": 0.027,
        "recall_at_100": 0.0555,
        "recall_at_1000": 0.164,
        "accuracy": 0.0085,
        "precision_at_1": 0.017,
        "precision_at_2": 0.013,
        "precision_at_3": 0.01067,
        "precision_at_5": 0.0072,
        "precision_at_10": 0.0046,
        "precision_at_20": 0.0027,
        "precision_at_100": 0.00111,
        "precision_at_1000": 0.00033,
        "mrr_at_1": 0.017,
        "mrr_at_2": 0.019,
        "mrr_at_3": 0.020667,
        "mrr_at_5": 0.021367,
        "mrr_at_10": 0.022544,
        "mrr_at_20": 0.023021,
        "mrr_at_100": 0.024206,
        "mrr_at_1000": 0.024725,
        "nauc_ndcg_at_1_max": 0.248804,
        "nauc_ndcg_at_1_std": -0.116763,
        "nauc_ndcg_at_1_diff1": 0.664089,
        "nauc_ndcg_at_2_max": 0.334822,
        "nauc_ndcg_at_2_std": -0.095283,
        "nauc_ndcg_at_2_diff1": 0.630942,
        "nauc_ndcg_at_3_max": 0.290063,
        "nauc_ndcg_at_3_std": -0.068765,
        "nauc_ndcg_at_3_diff1": 0.561769,
        "nauc_ndcg_at_5_max": 0.301653,
        "nauc_ndcg_at_5_std": -0.073513,
        "nauc_ndcg_at_5_diff1": 0.533435,
        "nauc_ndcg_at_10_max": 0.300423,
        "nauc_ndcg_at_10_std": -0.066642,
        "nauc_ndcg_at_10_diff1": 0.484502,
        "nauc_ndcg_at_20_max": 0.331159,
        "nauc_ndcg_at_20_std": -0.049295,
        "nauc_ndcg_at_20_diff1": 0.476579,
        "nauc_ndcg_at_100_max": 0.246433,
        "nauc_ndcg_at_100_std": -0.085548,
        "nauc_ndcg_at_100_diff1": 0.366945,
        "nauc_ndcg_at_1000_max": 0.188588,
        "nauc_ndcg_at_1000_std": -0.077013,
        "nauc_ndcg_at_1000_diff1": 0.273198,
        "nauc_map_at_1_max": 0.248804,
        "nauc_map_at_1_std": -0.116763,
        "nauc_map_at_1_diff1": 0.664089,
        "nauc_map_at_2_max": 0.358599,
        "nauc_map_at_2_std": -0.087783,
        "nauc_map_at_2_diff1": 0.660171,
        "nauc_map_at_3_max": 0.327256,
        "nauc_map_at_3_std": -0.077277,
        "nauc_map_at_3_diff1": 0.600595,
        "nauc_map_at_5_max": 0.334206,
        "nauc_map_at_5_std": -0.081154,
        "nauc_map_at_5_diff1": 0.586253,
        "nauc_map_at_10_max": 0.332633,
        "nauc_map_at_10_std": -0.076773,
        "nauc_map_at_10_diff1": 0.564156,
        "nauc_map_at_20_max": 0.342545,
        "nauc_map_at_20_std": -0.07277,
        "nauc_map_at_20_diff1": 0.559799,
        "nauc_map_at_100_max": 0.328317,
        "nauc_map_at_100_std": -0.078213,
        "nauc_map_at_100_diff1": 0.537665,
        "nauc_map_at_1000_max": 0.322133,
        "nauc_map_at_1000_std": -0.07773,
        "nauc_map_at_1000_diff1": 0.528061,
        "nauc_recall_at_1_max": 0.248804,
        "nauc_recall_at_1_std": -0.116763,
        "nauc_recall_at_1_diff1": 0.664089,
        "nauc_recall_at_2_max": 0.367722,
        "nauc_recall_at_2_std": -0.087067,
        "nauc_recall_at_2_diff1": 0.618264,
        "nauc_recall_at_3_max": 0.289719,
        "nauc_recall_at_3_std": -0.046049,
        "nauc_recall_at_3_diff1": 0.509626,
        "nauc_recall_at_5_max": 0.313232,
        "nauc_recall_at_5_std": -0.05803,
        "nauc_recall_at_5_diff1": 0.464255,
        "nauc_recall_at_10_max": 0.310886,
        "nauc_recall_at_10_std": -0.052292,
        "nauc_recall_at_10_diff1": 0.378781,
        "nauc_recall_at_20_max": 0.383761,
        "nauc_recall_at_20_std": -0.010265,
        "nauc_recall_at_20_diff1": 0.375324,
        "nauc_recall_at_100_max": 0.174198,
        "nauc_recall_at_100_std": -0.108057,
        "nauc_recall_at_100_diff1": 0.184251,
        "nauc_recall_at_1000_max": 0.100097,
        "nauc_recall_at_1000_std": -0.079542,
        "nauc_recall_at_1000_diff1": 0.097893,
        "nauc_precision_at_1_max": 0.248804,
        "nauc_precision_at_1_std": -0.116763,
        "nauc_precision_at_1_diff1": 0.664089,
        "nauc_precision_at_2_max": 0.367722,
        "nauc_precision_at_2_std": -0.087067,
        "nauc_precision_at_2_diff1": 0.618264,
        "nauc_precision_at_3_max": 0.289719,
        "nauc_precision_at_3_std": -0.046049,
        "nauc_precision_at_3_diff1": 0.509626,
        "nauc_precision_at_5_max": 0.313232,
        "nauc_precision_at_5_std": -0.05803,
        "nauc_precision_at_5_diff1": 0.464255,
        "nauc_precision_at_10_max": 0.310886,
        "nauc_precision_at_10_std": -0.052292,
        "nauc_precision_at_10_diff1": 0.378781,
        "nauc_precision_at_20_max": 0.383761,
        "nauc_precision_at_20_std": -0.010265,
        "nauc_precision_at_20_diff1": 0.375324,
        "nauc_precision_at_100_max": 0.174198,
        "nauc_precision_at_100_std": -0.108057,
        "nauc_precision_at_100_diff1": 0.184251,
        "nauc_precision_at_1000_max": 0.100097,
        "nauc_precision_at_1000_std": -0.079542,
        "nauc_precision_at_1000_diff1": 0.097893,
        "nauc_mrr_at_1_max": 0.248804,
        "nauc_mrr_at_1_std": -0.116763,
        "nauc_mrr_at_1_diff1": 0.664089,
        "nauc_mrr_at_2_max": 0.272845,
        "nauc_mrr_at_2_std": -0.112734,
        "nauc_mrr_at_2_diff1": 0.606329,
        "nauc_mrr_at_3_max": 0.240944,
        "nauc_mrr_at_3_std": -0.081628,
        "nauc_mrr_at_3_diff1": 0.566329,
        "nauc_mrr_at_5_max": 0.24643,
        "nauc_mrr_at_5_std": -0.081947,
        "nauc_mrr_at_5_diff1": 0.541561,
        "nauc_mrr_at_10_max": 0.245772,
        "nauc_mrr_at_10_std": -0.075073,
        "nauc_mrr_at_10_diff1": 0.511555,
        "nauc_mrr_at_20_max": 0.256383,
        "nauc_mrr_at_20_std": -0.06803,
        "nauc_mrr_at_20_diff1": 0.508463,
        "nauc_mrr_at_100_max": 0.24053,
        "nauc_mrr_at_100_std": -0.074744,
        "nauc_mrr_at_100_diff1": 0.486731,
        "nauc_mrr_at_1000_max": 0.238163,
        "nauc_mrr_at_1000_std": -0.074474,
        "nauc_mrr_at_1000_diff1": 0.480721,
        "hit_rate_at_1": 0.017,
        "hit_rate_at_2": 0.021,
        "hit_rate_at_3": 0.026,
        "hit_rate_at_5": 0.029,
        "hit_rate_at_10": 0.038,
        "hit_rate_at_20": 0.045,
        "hit_rate_at_100": 0.1,
        "hit_rate_at_1000": 0.266,
        "main_score": 0.013,
        "hf_subset": "default",
        "languages": [
          "eng-Latn"
        ]
      }
    ]
  },
  "evaluation_time": 4468.44539308548,
  "kg_co2_emissions": null,
  "date": null
}