{
  "dataset_revision": "ff4a8f2476ae77476c1912f1f3cb5bb5f2d766d4",
  "task_name": "LIMITSmallRetrieval",
  "mteb_version": "2.12.16",
  "scores": {
    "test": [
      {
        "ndcg_at_1": 0.265,
        "ndcg_at_2": 0.22941,
        "ndcg_at_3": 0.27662,
        "ndcg_at_5": 0.32507,
        "ndcg_at_10": 0.39226,
        "ndcg_at_20": 0.4618,
        "ndcg_at_100": 0.51512,
        "ndcg_at_1000": 0.51512,
        "map_at_1": 0.1325,
        "map_at_2": 0.189,
        "map_at_3": 0.22333,
        "map_at_5": 0.25346,
        "map_at_10": 0.28619,
        "map_at_20": 0.31158,
        "map_at_100": 0.32551,
        "map_at_1000": 0.32551,
        "recall_at_1": 0.1325,
        "recall_at_2": 0.219,
        "recall_at_3": 0.296,
        "recall_at_5": 0.392,
        "recall_at_10": 0.5625,
        "recall_at_20": 0.7865,
        "recall_at_100": 1.0,
        "recall_at_1000": 1.0,
        "accuracy": 0.1325,
        "precision_at_1": 0.265,
        "precision_at_2": 0.219,
        "precision_at_3": 0.19733,
        "precision_at_5": 0.1568,
        "precision_at_10": 0.1125,
        "precision_at_20": 0.07865,
        "precision_at_100": 0.02,
        "precision_at_1000": 0.002,
        "mrr_at_1": 0.265,
        "mrr_at_2": 0.325,
        "mrr_at_3": 0.359,
        "mrr_at_5": 0.38635,
        "mrr_at_10": 0.410496,
        "mrr_at_20": 0.42213,
        "mrr_at_100": 0.424008,
        "mrr_at_1000": 0.424008,
        "nauc_ndcg_at_1_max": 0.172089,
        "nauc_ndcg_at_1_std": 0.208483,
        "nauc_ndcg_at_1_diff1": 0.280128,
        "nauc_ndcg_at_2_max": 0.207448,
        "nauc_ndcg_at_2_std": 0.224415,
        "nauc_ndcg_at_2_diff1": 0.247992,
        "nauc_ndcg_at_3_max": 0.21669,
        "nauc_ndcg_at_3_std": 0.250735,
        "nauc_ndcg_at_3_diff1": 0.236848,
        "nauc_ndcg_at_5_max": 0.207325,
        "nauc_ndcg_at_5_std": 0.252817,
        "nauc_ndcg_at_5_diff1": 0.227654,
        "nauc_ndcg_at_10_max": 0.202796,
        "nauc_ndcg_at_10_std": 0.265576,
        "nauc_ndcg_at_10_diff1": 0.229871,
        "nauc_ndcg_at_20_max": 0.190707,
        "nauc_ndcg_at_20_std": 0.271819,
        "nauc_ndcg_at_20_diff1": 0.229874,
        "nauc_ndcg_at_100_max": 0.201046,
        "nauc_ndcg_at_100_std": 0.254562,
        "nauc_ndcg_at_100_diff1": 0.240264,
        "nauc_ndcg_at_1000_max": 0.201046,
        "nauc_ndcg_at_1000_std": 0.254562,
        "nauc_ndcg_at_1000_diff1": 0.240264,
        "nauc_map_at_1_max": 0.172089,
        "nauc_map_at_1_std": 0.208483,
        "nauc_map_at_1_diff1": 0.280128,
        "nauc_map_at_2_max": 0.221136,
        "nauc_map_at_2_std": 0.244638,
        "nauc_map_at_2_diff1": 0.259107,
        "nauc_map_at_3_max": 0.230026,
        "nauc_map_at_3_std": 0.264932,
        "nauc_map_at_3_diff1": 0.250022,
        "nauc_map_at_5_max": 0.219545,
        "nauc_map_at_5_std": 0.264364,
        "nauc_map_at_5_diff1": 0.244461,
        "nauc_map_at_10_max": 0.216318,
        "nauc_map_at_10_std": 0.275038,
        "nauc_map_at_10_diff1": 0.247212,
        "nauc_map_at_20_max": 0.212548,
        "nauc_map_at_20_std": 0.276024,
        "nauc_map_at_20_diff1": 0.245785,
        "nauc_map_at_100_max": 0.21558,
        "nauc_map_at_100_std": 0.272695,
        "nauc_map_at_100_diff1": 0.248371,
        "nauc_map_at_1000_max": 0.21558,
        "nauc_map_at_1000_std": 0.272695,
        "nauc_map_at_1000_diff1": 0.248371,
        "nauc_recall_at_1_max": 0.172089,
        "nauc_recall_at_1_std": 0.208483,
        "nauc_recall_at_1_diff1": 0.280128,
        "nauc_recall_at_2_max": 0.222346,
        "nauc_recall_at_2_std": 0.231128,
        "nauc_recall_at_2_diff1": 0.234451,
        "nauc_recall_at_3_max": 0.231886,
        "nauc_recall_at_3_std": 0.269913,
        "nauc_recall_at_3_diff1": 0.213745,
        "nauc_recall_at_5_max": 0.201764,
        "nauc_recall_at_5_std": 0.259194,
        "nauc_recall_at_5_diff1": 0.187632,
        "nauc_recall_at_10_max": 0.173336,
        "nauc_recall_at_10_std": 0.269326,
        "nauc_recall_at_10_diff1": 0.17263,
        "nauc_recall_at_20_max": 0.108396,
        "nauc_recall_at_20_std": 0.298088,
        "nauc_recall_at_20_diff1": 0.139978,
        "nauc_recall_at_100_max": NaN,
        "nauc_recall_at_100_std": NaN,
        "nauc_recall_at_100_diff1": NaN,
        "nauc_recall_at_1000_max": NaN,
        "nauc_recall_at_1000_std": NaN,
        "nauc_recall_at_1000_diff1": NaN,
        "nauc_precision_at_1_max": 0.172089,
        "nauc_precision_at_1_std": 0.208483,
        "nauc_precision_at_1_diff1": 0.280128,
        "nauc_precision_at_2_max": 0.222346,
        "nauc_precision_at_2_std": 0.231128,
        "nauc_precision_at_2_diff1": 0.234451,
        "nauc_precision_at_3_max": 0.231886,
        "nauc_precision_at_3_std": 0.269913,
        "nauc_precision_at_3_diff1": 0.213745,
        "nauc_precision_at_5_max": 0.201764,
        "nauc_precision_at_5_std": 0.259194,
        "nauc_precision_at_5_diff1": 0.187632,
        "nauc_precision_at_10_max": 0.173336,
        "nauc_precision_at_10_std": 0.269326,
        "nauc_precision_at_10_diff1": 0.17263,
        "nauc_precision_at_20_max": 0.108396,
        "nauc_precision_at_20_std": 0.298088,
        "nauc_precision_at_20_diff1": 0.139978,
        "nauc_precision_at_100_max": 1.0,
        "nauc_precision_at_100_std": 1.0,
        "nauc_precision_at_100_diff1": 1.0,
        "nauc_precision_at_1000_max": NaN,
        "nauc_precision_at_1000_std": NaN,
        "nauc_precision_at_1000_diff1": NaN,
        "nauc_mrr_at_1_max": 0.172089,
        "nauc_mrr_at_1_std": 0.208483,
        "nauc_mrr_at_1_diff1": 0.280128,
        "nauc_mrr_at_2_max": 0.176137,
        "nauc_mrr_at_2_std": 0.192472,
        "nauc_mrr_at_2_diff1": 0.246559,
        "nauc_mrr_at_3_max": 0.177259,
        "nauc_mrr_at_3_std": 0.205898,
        "nauc_mrr_at_3_diff1": 0.238693,
        "nauc_mrr_at_5_max": 0.178103,
        "nauc_mrr_at_5_std": 0.208962,
        "nauc_mrr_at_5_diff1": 0.231966,
        "nauc_mrr_at_10_max": 0.178106,
        "nauc_mrr_at_10_std": 0.205528,
        "nauc_mrr_at_10_diff1": 0.231352,
        "nauc_mrr_at_20_max": 0.175646,
        "nauc_mrr_at_20_std": 0.207331,
        "nauc_mrr_at_20_diff1": 0.235445,
        "nauc_mrr_at_100_max": 0.176023,
        "nauc_mrr_at_100_std": 0.206652,
        "nauc_mrr_at_100_diff1": 0.236334,
        "nauc_mrr_at_1000_max": 0.176023,
        "nauc_mrr_at_1000_std": 0.206652,
        "nauc_mrr_at_1000_diff1": 0.236334,
        "hit_rate_at_1": 0.265,
        "hit_rate_at_2": 0.385,
        "hit_rate_at_3": 0.487,
        "hit_rate_at_5": 0.607,
        "hit_rate_at_10": 0.788,
        "hit_rate_at_20": 0.95,
        "hit_rate_at_100": 1.0,
        "hit_rate_at_1000": 1.0,
        "main_score": 0.219,
        "hf_subset": "default",
        "languages": [
          "eng-Latn"
        ]
      }
    ]
  },
  "evaluation_time": 15.402260780334473,
  "kg_co2_emissions": null,
  "date": null
}