{
  "dataset_revision": "67c0b4f7f15946e0b15cf6cf3b8993d04cb3efc6",
  "task_name": "MSMARCOHardNegatives",
  "mteb_version": "2.12.16",
  "scores": {
    "test": [
      {
        "ndcg_at_1": 0.74031,
        "ndcg_at_3": 0.72584,
        "ndcg_at_5": 0.71741,
        "ndcg_at_10": 0.69079,
        "ndcg_at_20": 0.67784,
        "ndcg_at_100": 0.72786,
        "ndcg_at_1000": 0.84623,
        "map_at_1": 0.0243,
        "map_at_3": 0.06152,
        "map_at_5": 0.09391,
        "map_at_10": 0.15352,
        "map_at_20": 0.23852,
        "map_at_100": 0.48038,
        "map_at_1000": 0.66374,
        "recall_at_1": 0.0243,
        "recall_at_3": 0.06251,
        "recall_at_5": 0.09947,
        "recall_at_10": 0.1709,
        "recall_at_20": 0.27642,
        "recall_at_100": 0.65235,
        "recall_at_1000": 0.97986,
        "accuracy": 0.0243,
        "precision_at_1": 0.90698,
        "precision_at_3": 0.87597,
        "precision_at_5": 0.84651,
        "precision_at_10": 0.79302,
        "precision_at_20": 0.71977,
        "precision_at_100": 0.48372,
        "precision_at_1000": 0.09402,
        "mrr_at_1": 0.906977,
        "mrr_at_3": 0.949612,
        "mrr_at_5": 0.949612,
        "mrr_at_10": 0.949612,
        "mrr_at_20": 0.949612,
        "mrr_at_100": 0.949612,
        "mrr_at_1000": 0.949612,
        "nauc_ndcg_at_1_max": 0.006398,
        "nauc_ndcg_at_1_std": -0.182064,
        "nauc_ndcg_at_1_diff1": 0.056678,
        "nauc_ndcg_at_3_max": 0.10701,
        "nauc_ndcg_at_3_std": 0.11003,
        "nauc_ndcg_at_3_diff1": -0.178282,
        "nauc_ndcg_at_5_max": 0.18026,
        "nauc_ndcg_at_5_std": 0.084381,
        "nauc_ndcg_at_5_diff1": -0.215411,
        "nauc_ndcg_at_10_max": 0.193293,
        "nauc_ndcg_at_10_std": 0.145693,
        "nauc_ndcg_at_10_diff1": -0.175552,
        "nauc_ndcg_at_20_max": 0.250759,
        "nauc_ndcg_at_20_std": 0.211146,
        "nauc_ndcg_at_20_diff1": -0.247819,
        "nauc_ndcg_at_100_max": 0.307694,
        "nauc_ndcg_at_100_std": 0.215512,
        "nauc_ndcg_at_100_diff1": -0.184621,
        "nauc_ndcg_at_1000_max": 0.290982,
        "nauc_ndcg_at_1000_std": 0.427161,
        "nauc_ndcg_at_1000_diff1": -0.425163,
        "nauc_map_at_1_max": -0.22178,
        "nauc_map_at_1_std": -0.440036,
        "nauc_map_at_1_diff1": 0.37822,
        "nauc_map_at_3_max": -0.144299,
        "nauc_map_at_3_std": -0.39246,
        "nauc_map_at_3_diff1": 0.265542,
        "nauc_map_at_5_max": -0.058636,
        "nauc_map_at_5_std": -0.352024,
        "nauc_map_at_5_diff1": 0.216197,
        "nauc_map_at_10_max": 0.040426,
        "nauc_map_at_10_std": -0.284791,
        "nauc_map_at_10_diff1": 0.168369,
        "nauc_map_at_20_max": 0.155016,
        "nauc_map_at_20_std": -0.227858,
        "nauc_map_at_20_diff1": 0.07351,
        "nauc_map_at_100_max": 0.155802,
        "nauc_map_at_100_std": -0.023406,
        "nauc_map_at_100_diff1": -0.151979,
        "nauc_map_at_1000_max": 0.218383,
        "nauc_map_at_1000_std": 0.416564,
        "nauc_map_at_1000_diff1": -0.491675,
        "nauc_recall_at_1_max": -0.22178,
        "nauc_recall_at_1_std": -0.440036,
        "nauc_recall_at_1_diff1": 0.37822,
        "nauc_recall_at_3_max": -0.12901,
        "nauc_recall_at_3_std": -0.394203,
        "nauc_recall_at_3_diff1": 0.28473,
        "nauc_recall_at_5_max": -0.049751,
        "nauc_recall_at_5_std": -0.365081,
        "nauc_recall_at_5_diff1": 0.270692,
        "nauc_recall_at_10_max": 0.018582,
        "nauc_recall_at_10_std": -0.320858,
        "nauc_recall_at_10_diff1": 0.247831,
        "nauc_recall_at_20_max": 0.12319,
        "nauc_recall_at_20_std": -0.284995,
        "nauc_recall_at_20_diff1": 0.165046,
        "nauc_recall_at_100_max": 0.119087,
        "nauc_recall_at_100_std": -0.173252,
        "nauc_recall_at_100_diff1": 0.114933,
        "nauc_recall_at_1000_max": 0.725545,
        "nauc_recall_at_1000_std": 0.95208,
        "nauc_recall_at_1000_diff1": -0.45326,
        "nauc_precision_at_1_max": -0.306833,
        "nauc_precision_at_1_std": -0.048544,
        "nauc_precision_at_1_diff1": -0.648548,
        "nauc_precision_at_3_max": -0.045613,
        "nauc_precision_at_3_std": 0.457096,
        "nauc_precision_at_3_diff1": -0.899013,
        "nauc_precision_at_5_max": 0.291928,
        "nauc_precision_at_5_std": 0.404641,
        "nauc_precision_at_5_diff1": -0.716972,
        "nauc_precision_at_10_max": 0.294403,
        "nauc_precision_at_10_std": 0.470254,
        "nauc_precision_at_10_diff1": -0.59135,
        "nauc_precision_at_20_max": 0.301091,
        "nauc_precision_at_20_std": 0.474502,
        "nauc_precision_at_20_diff1": -0.590147,
        "nauc_precision_at_100_max": 0.071827,
        "nauc_precision_at_100_std": 0.486253,
        "nauc_precision_at_100_diff1": -0.448124,
        "nauc_precision_at_1000_max": 0.085521,
        "nauc_precision_at_1000_std": 0.422007,
        "nauc_precision_at_1000_diff1": -0.366514,
        "nauc_mrr_at_1_max": -0.306833,
        "nauc_mrr_at_1_std": -0.048544,
        "nauc_mrr_at_1_diff1": -0.648548,
        "nauc_mrr_at_3_max": -0.418904,
        "nauc_mrr_at_3_std": -0.058669,
        "nauc_mrr_at_3_diff1": -0.685691,
        "nauc_mrr_at_5_max": -0.418904,
        "nauc_mrr_at_5_std": -0.058669,
        "nauc_mrr_at_5_diff1": -0.685691,
        "nauc_mrr_at_10_max": -0.418904,
        "nauc_mrr_at_10_std": -0.058669,
        "nauc_mrr_at_10_diff1": -0.685691,
        "nauc_mrr_at_20_max": -0.418904,
        "nauc_mrr_at_20_std": -0.058669,
        "nauc_mrr_at_20_diff1": -0.685691,
        "nauc_mrr_at_100_max": -0.418904,
        "nauc_mrr_at_100_std": -0.058669,
        "nauc_mrr_at_100_diff1": -0.685691,
        "nauc_mrr_at_1000_max": -0.418904,
        "nauc_mrr_at_1000_std": -0.058669,
        "nauc_mrr_at_1000_diff1": -0.685691,
        "hit_rate_at_1": 0.90698,
        "hit_rate_at_3": 1.0,
        "hit_rate_at_5": 1.0,
        "hit_rate_at_10": 1.0,
        "hit_rate_at_20": 1.0,
        "hit_rate_at_100": 1.0,
        "hit_rate_at_1000": 1.0,
        "main_score": 0.69079,
        "hf_subset": "default",
        "languages": [
          "eng-Latn"
        ]
      }
    ]
  },
  "evaluation_time": 502.55883717536926,
  "kg_co2_emissions": null,
  "date": null
}