{
  "dataset_revision": "309f1d1ae3ae2e092444a8a0c25bed59b82318bc",
  "task_name": "NanoSciFactRetrieval",
  "mteb_version": "2.12.16",
  "scores": {
    "train": [
      {
        "ndcg_at_1": 0.68,
        "ndcg_at_3": 0.71238,
        "ndcg_at_5": 0.73156,
        "ndcg_at_10": 0.75027,
        "ndcg_at_20": 0.75516,
        "ndcg_at_100": 0.76484,
        "ndcg_at_1000": 0.775,
        "map_at_1": 0.645,
        "map_at_3": 0.69167,
        "map_at_5": 0.71167,
        "map_at_10": 0.71897,
        "map_at_20": 0.72022,
        "map_at_100": 0.72233,
        "map_at_1000": 0.7227,
        "recall_at_1": 0.645,
        "recall_at_3": 0.735,
        "recall_at_5": 0.78,
        "recall_at_10": 0.84,
        "recall_at_20": 0.86,
        "recall_at_100": 0.9,
        "recall_at_1000": 0.98,
        "accuracy": 0.645,
        "precision_at_1": 0.68,
        "precision_at_3": 0.26667,
        "precision_at_5": 0.176,
        "precision_at_10": 0.094,
        "precision_at_20": 0.048,
        "precision_at_100": 0.0102,
        "precision_at_1000": 0.0011,
        "mrr_at_1": 0.68,
        "mrr_at_3": 0.716667,
        "mrr_at_5": 0.721667,
        "mrr_at_10": 0.728968,
        "mrr_at_20": 0.730218,
        "mrr_at_100": 0.732004,
        "mrr_at_1000": 0.732375,
        "nauc_ndcg_at_1_max": 0.502246,
        "nauc_ndcg_at_1_std": 0.046265,
        "nauc_ndcg_at_1_diff1": 0.843687,
        "nauc_ndcg_at_3_max": 0.572879,
        "nauc_ndcg_at_3_std": 0.116705,
        "nauc_ndcg_at_3_diff1": 0.810683,
        "nauc_ndcg_at_5_max": 0.583416,
        "nauc_ndcg_at_5_std": 0.102617,
        "nauc_ndcg_at_5_diff1": 0.853054,
        "nauc_ndcg_at_10_max": 0.575892,
        "nauc_ndcg_at_10_std": 0.108321,
        "nauc_ndcg_at_10_diff1": 0.831137,
        "nauc_ndcg_at_20_max": 0.564514,
        "nauc_ndcg_at_20_std": 0.087682,
        "nauc_ndcg_at_20_diff1": 0.827792,
        "nauc_ndcg_at_100_max": 0.565543,
        "nauc_ndcg_at_100_std": 0.119336,
        "nauc_ndcg_at_100_diff1": 0.831897,
        "nauc_ndcg_at_1000_max": 0.552613,
        "nauc_ndcg_at_1000_std": 0.11519,
        "nauc_ndcg_at_1000_diff1": 0.833456,
        "nauc_map_at_1_max": 0.376822,
        "nauc_map_at_1_std": -0.016804,
        "nauc_map_at_1_diff1": 0.791267,
        "nauc_map_at_3_max": 0.503197,
        "nauc_map_at_3_std": 0.06999,
        "nauc_map_at_3_diff1": 0.797131,
        "nauc_map_at_5_max": 0.552403,
        "nauc_map_at_5_std": 0.085631,
        "nauc_map_at_5_diff1": 0.827354,
        "nauc_map_at_10_max": 0.549226,
        "nauc_map_at_10_std": 0.088171,
        "nauc_map_at_10_diff1": 0.818969,
        "nauc_map_at_20_max": 0.546509,
        "nauc_map_at_20_std": 0.083369,
        "nauc_map_at_20_diff1": 0.818151,
        "nauc_map_at_100_max": 0.546644,
        "nauc_map_at_100_std": 0.089569,
        "nauc_map_at_100_diff1": 0.818869,
        "nauc_map_at_1000_max": 0.546233,
        "nauc_map_at_1000_std": 0.08935,
        "nauc_map_at_1000_diff1": 0.81891,
        "nauc_recall_at_1_max": 0.376822,
        "nauc_recall_at_1_std": -0.016804,
        "nauc_recall_at_1_diff1": 0.791267,
        "nauc_recall_at_3_max": 0.590762,
        "nauc_recall_at_3_std": 0.159585,
        "nauc_recall_at_3_diff1": 0.796259,
        "nauc_recall_at_5_max": 0.676682,
        "nauc_recall_at_5_std": 0.159364,
        "nauc_recall_at_5_diff1": 0.890342,
        "nauc_recall_at_10_max": 0.66998,
        "nauc_recall_at_10_std": 0.195999,
        "nauc_recall_at_10_diff1": 0.801178,
        "nauc_recall_at_20_max": 0.608009,
        "nauc_recall_at_20_std": 0.072883,
        "nauc_recall_at_20_diff1": 0.77553,
        "nauc_recall_at_100_max": 0.621008,
        "nauc_recall_at_100_std": 0.301774,
        "nauc_recall_at_100_diff1": 0.789916,
        "nauc_recall_at_1000_max": -0.171335,
        "nauc_recall_at_1000_std": 0.722222,
        "nauc_recall_at_1000_diff1": 0.722222,
        "nauc_precision_at_1_max": 0.502246,
        "nauc_precision_at_1_std": 0.046265,
        "nauc_precision_at_1_diff1": 0.843687,
        "nauc_precision_at_3_max": 0.760109,
        "nauc_precision_at_3_std": 0.31268,
        "nauc_precision_at_3_diff1": 0.556955,
        "nauc_precision_at_5_max": 0.643724,
        "nauc_precision_at_5_std": 0.270086,
        "nauc_precision_at_5_diff1": 0.401871,
        "nauc_precision_at_10_max": 0.635625,
        "nauc_precision_at_10_std": 0.303885,
        "nauc_precision_at_10_diff1": 0.286565,
        "nauc_precision_at_20_max": 0.606641,
        "nauc_precision_at_20_std": 0.256222,
        "nauc_precision_at_20_diff1": 0.246394,
        "nauc_precision_at_100_max": 0.53438,
        "nauc_precision_at_100_std": 0.434809,
        "nauc_precision_at_100_diff1": 0.127812,
        "nauc_precision_at_1000_max": 0.434827,
        "nauc_precision_at_1000_std": 0.518079,
        "nauc_precision_at_1000_diff1": -0.109615,
        "nauc_mrr_at_1_max": 0.502246,
        "nauc_mrr_at_1_std": 0.046265,
        "nauc_mrr_at_1_diff1": 0.843687,
        "nauc_mrr_at_3_max": 0.569026,
        "nauc_mrr_at_3_std": 0.097784,
        "nauc_mrr_at_3_diff1": 0.872732,
        "nauc_mrr_at_5_max": 0.566066,
        "nauc_mrr_at_5_std": 0.087786,
        "nauc_mrr_at_5_diff1": 0.870832,
        "nauc_mrr_at_10_max": 0.563158,
        "nauc_mrr_at_10_std": 0.09044,
        "nauc_mrr_at_10_diff1": 0.863343,
        "nauc_mrr_at_20_max": 0.56044,
        "nauc_mrr_at_20_std": 0.085535,
        "nauc_mrr_at_20_diff1": 0.86271,
        "nauc_mrr_at_100_max": 0.560182,
        "nauc_mrr_at_100_std": 0.089372,
        "nauc_mrr_at_100_diff1": 0.863523,
        "nauc_mrr_at_1000_max": 0.559783,
        "nauc_mrr_at_1000_std": 0.089147,
        "nauc_mrr_at_1000_diff1": 0.863636,
        "hit_rate_at_1": 0.68,
        "hit_rate_at_3": 0.76,
        "hit_rate_at_5": 0.78,
        "hit_rate_at_10": 0.84,
        "hit_rate_at_20": 0.86,
        "hit_rate_at_100": 0.9,
        "hit_rate_at_1000": 0.98,
        "main_score": 0.75027,
        "hf_subset": "default",
        "languages": [
          "eng-Latn"
        ]
      }
    ]
  },
  "evaluation_time": 581.7207577228546,
  "kg_co2_emissions": null,
  "date": null
}