{
  "dataset_revision": "6021fce366892cbfd7837fa85a4128ea93315e18",
  "task_name": "R2MEDBioinformaticsRetrieval",
  "mteb_version": "2.12.16",
  "scores": {
    "test": [
      {
        "ndcg_at_1": 0.19481,
        "ndcg_at_3": 0.24225,
        "ndcg_at_5": 0.28667,
        "ndcg_at_10": 0.32774,
        "ndcg_at_20": 0.35199,
        "ndcg_at_100": 0.40397,
        "ndcg_at_1000": 0.44694,
        "map_at_1": 0.10629,
        "map_at_3": 0.17891,
        "map_at_5": 0.22046,
        "map_at_10": 0.24264,
        "map_at_20": 0.25159,
        "map_at_100": 0.26198,
        "map_at_1000": 0.2647,
        "recall_at_1": 0.10629,
        "recall_at_3": 0.24515,
        "recall_at_5": 0.36691,
        "recall_at_10": 0.47472,
        "recall_at_20": 0.54229,
        "recall_at_100": 0.74176,
        "recall_at_1000": 0.99382,
        "accuracy": 0.10629,
        "precision_at_1": 0.19481,
        "precision_at_3": 0.17749,
        "precision_at_5": 0.16104,
        "precision_at_10": 0.11039,
        "precision_at_20": 0.06753,
        "precision_at_100": 0.02052,
        "precision_at_1000": 0.00292,
        "mrr_at_1": 0.194805,
        "mrr_at_3": 0.272727,
        "mrr_at_5": 0.299351,
        "mrr_at_10": 0.319578,
        "mrr_at_20": 0.323799,
        "mrr_at_100": 0.32905,
        "mrr_at_1000": 0.329379,
        "nauc_ndcg_at_1_max": 0.037602,
        "nauc_ndcg_at_1_std": 0.070383,
        "nauc_ndcg_at_1_diff1": 0.272972,
        "nauc_ndcg_at_3_max": 0.165749,
        "nauc_ndcg_at_3_std": 0.068971,
        "nauc_ndcg_at_3_diff1": 0.229264,
        "nauc_ndcg_at_5_max": 0.240136,
        "nauc_ndcg_at_5_std": 0.104777,
        "nauc_ndcg_at_5_diff1": 0.194138,
        "nauc_ndcg_at_10_max": 0.249514,
        "nauc_ndcg_at_10_std": 0.138111,
        "nauc_ndcg_at_10_diff1": 0.151145,
        "nauc_ndcg_at_20_max": 0.280491,
        "nauc_ndcg_at_20_std": 0.139977,
        "nauc_ndcg_at_20_diff1": 0.169131,
        "nauc_ndcg_at_100_max": 0.227576,
        "nauc_ndcg_at_100_std": 0.125616,
        "nauc_ndcg_at_100_diff1": 0.159081,
        "nauc_ndcg_at_1000_max": 0.216588,
        "nauc_ndcg_at_1000_std": 0.098231,
        "nauc_ndcg_at_1000_diff1": 0.167356,
        "nauc_map_at_1_max": 0.199985,
        "nauc_map_at_1_std": 0.104666,
        "nauc_map_at_1_diff1": 0.466261,
        "nauc_map_at_3_max": 0.173405,
        "nauc_map_at_3_std": 0.092931,
        "nauc_map_at_3_diff1": 0.277991,
        "nauc_map_at_5_max": 0.227097,
        "nauc_map_at_5_std": 0.106315,
        "nauc_map_at_5_diff1": 0.23427,
        "nauc_map_at_10_max": 0.234194,
        "nauc_map_at_10_std": 0.118039,
        "nauc_map_at_10_diff1": 0.213015,
        "nauc_map_at_20_max": 0.244325,
        "nauc_map_at_20_std": 0.123203,
        "nauc_map_at_20_diff1": 0.217067,
        "nauc_map_at_100_max": 0.234936,
        "nauc_map_at_100_std": 0.117207,
        "nauc_map_at_100_diff1": 0.215137,
        "nauc_map_at_1000_max": 0.233977,
        "nauc_map_at_1000_std": 0.115056,
        "nauc_map_at_1000_diff1": 0.214795,
        "nauc_recall_at_1_max": 0.199985,
        "nauc_recall_at_1_std": 0.104666,
        "nauc_recall_at_1_diff1": 0.466261,
        "nauc_recall_at_3_max": 0.201714,
        "nauc_recall_at_3_std": 0.061206,
        "nauc_recall_at_3_diff1": 0.198855,
        "nauc_recall_at_5_max": 0.313282,
        "nauc_recall_at_5_std": 0.123187,
        "nauc_recall_at_5_diff1": 0.104323,
        "nauc_recall_at_10_max": 0.315473,
        "nauc_recall_at_10_std": 0.189326,
        "nauc_recall_at_10_diff1": 0.018453,
        "nauc_recall_at_20_max": 0.415263,
        "nauc_recall_at_20_std": 0.199283,
        "nauc_recall_at_20_diff1": 0.071869,
        "nauc_recall_at_100_max": 0.233528,
        "nauc_recall_at_100_std": 0.201443,
        "nauc_recall_at_100_diff1": 0.016232,
        "nauc_recall_at_1000_max": -0.63577,
        "nauc_recall_at_1000_std": -0.078916,
        "nauc_recall_at_1000_diff1": -0.63577,
        "nauc_precision_at_1_max": 0.037602,
        "nauc_precision_at_1_std": 0.070383,
        "nauc_precision_at_1_diff1": 0.272972,
        "nauc_precision_at_3_max": 0.145289,
        "nauc_precision_at_3_std": 0.088368,
        "nauc_precision_at_3_diff1": 0.03327,
        "nauc_precision_at_5_max": 0.206098,
        "nauc_precision_at_5_std": 0.082882,
        "nauc_precision_at_5_diff1": -0.03498,
        "nauc_precision_at_10_max": 0.198846,
        "nauc_precision_at_10_std": 0.093821,
        "nauc_precision_at_10_diff1": -0.101833,
        "nauc_precision_at_20_max": 0.170716,
        "nauc_precision_at_20_std": 0.04728,
        "nauc_precision_at_20_diff1": -0.087454,
        "nauc_precision_at_100_max": -0.047641,
        "nauc_precision_at_100_std": -0.035386,
        "nauc_precision_at_100_diff1": -0.138143,
        "nauc_precision_at_1000_max": -0.114476,
        "nauc_precision_at_1000_std": -0.143499,
        "nauc_precision_at_1000_diff1": -0.121951,
        "nauc_mrr_at_1_max": 0.037602,
        "nauc_mrr_at_1_std": 0.070383,
        "nauc_mrr_at_1_diff1": 0.272972,
        "nauc_mrr_at_3_max": 0.123436,
        "nauc_mrr_at_3_std": 0.059663,
        "nauc_mrr_at_3_diff1": 0.223972,
        "nauc_mrr_at_5_max": 0.127431,
        "nauc_mrr_at_5_std": 0.070848,
        "nauc_mrr_at_5_diff1": 0.197326,
        "nauc_mrr_at_10_max": 0.118152,
        "nauc_mrr_at_10_std": 0.083914,
        "nauc_mrr_at_10_diff1": 0.182842,
        "nauc_mrr_at_20_max": 0.129021,
        "nauc_mrr_at_20_std": 0.084343,
        "nauc_mrr_at_20_diff1": 0.190313,
        "nauc_mrr_at_100_max": 0.121676,
        "nauc_mrr_at_100_std": 0.080507,
        "nauc_mrr_at_100_diff1": 0.189478,
        "nauc_mrr_at_1000_max": 0.122011,
        "nauc_mrr_at_1000_std": 0.080341,
        "nauc_mrr_at_1000_diff1": 0.19014,
        "hit_rate_at_1": 0.19481,
        "hit_rate_at_3": 0.38961,
        "hit_rate_at_5": 0.50649,
        "hit_rate_at_10": 0.64935,
        "hit_rate_at_20": 0.71429,
        "hit_rate_at_100": 0.8961,
        "hit_rate_at_1000": 1.0,
        "main_score": 0.32774,
        "hf_subset": "default",
        "languages": [
          "eng-Latn"
        ]
      }
    ]
  },
  "evaluation_time": 5290.145588874817,
  "kg_co2_emissions": null,
  "date": null
}