{
  "dataset_revision": "812829522f7eaa407ef82b96717be85788a50f7e",
  "task_name": "R2MEDPMCClinicalRetrieval",
  "mteb_version": "2.12.16",
  "scores": {
    "test": [
      {
        "ndcg_at_1": 0.08772,
        "ndcg_at_3": 0.13723,
        "ndcg_at_5": 0.14982,
        "ndcg_at_10": 0.17372,
        "ndcg_at_20": 0.19772,
        "ndcg_at_100": 0.24502,
        "ndcg_at_1000": 0.29097,
        "map_at_1": 0.03947,
        "map_at_3": 0.09868,
        "map_at_5": 0.10621,
        "map_at_10": 0.11869,
        "map_at_20": 0.12661,
        "map_at_100": 0.13445,
        "map_at_1000": 0.13649,
        "recall_at_1": 0.03947,
        "recall_at_3": 0.1652,
        "recall_at_5": 0.19664,
        "recall_at_10": 0.25439,
        "recall_at_20": 0.32675,
        "recall_at_100": 0.52778,
        "recall_at_1000": 0.82602,
        "accuracy": 0.03947,
        "precision_at_1": 0.08772,
        "precision_at_3": 0.10526,
        "precision_at_5": 0.07368,
        "precision_at_10": 0.05,
        "precision_at_20": 0.03333,
        "precision_at_100": 0.0114,
        "precision_at_1000": 0.00178,
        "mrr_at_1": 0.087719,
        "mrr_at_3": 0.175439,
        "mrr_at_5": 0.185526,
        "mrr_at_10": 0.192871,
        "mrr_at_20": 0.200618,
        "mrr_at_100": 0.206416,
        "mrr_at_1000": 0.207668,
        "nauc_ndcg_at_1_max": 0.107505,
        "nauc_ndcg_at_1_std": 0.031594,
        "nauc_ndcg_at_1_diff1": 0.404746,
        "nauc_ndcg_at_3_max": 0.171125,
        "nauc_ndcg_at_3_std": 0.099278,
        "nauc_ndcg_at_3_diff1": 0.266683,
        "nauc_ndcg_at_5_max": 0.12888,
        "nauc_ndcg_at_5_std": 0.085059,
        "nauc_ndcg_at_5_diff1": 0.248876,
        "nauc_ndcg_at_10_max": 0.211862,
        "nauc_ndcg_at_10_std": 0.126732,
        "nauc_ndcg_at_10_diff1": 0.237413,
        "nauc_ndcg_at_20_max": 0.193358,
        "nauc_ndcg_at_20_std": 0.139074,
        "nauc_ndcg_at_20_diff1": 0.247222,
        "nauc_ndcg_at_100_max": 0.164626,
        "nauc_ndcg_at_100_std": 0.115582,
        "nauc_ndcg_at_100_diff1": 0.227272,
        "nauc_ndcg_at_1000_max": 0.179097,
        "nauc_ndcg_at_1000_std": 0.148269,
        "nauc_ndcg_at_1000_diff1": 0.218255,
        "nauc_map_at_1_max": 0.064404,
        "nauc_map_at_1_std": 0.050709,
        "nauc_map_at_1_diff1": 0.315984,
        "nauc_map_at_3_max": 0.164553,
        "nauc_map_at_3_std": 0.090512,
        "nauc_map_at_3_diff1": 0.298653,
        "nauc_map_at_5_max": 0.13217,
        "nauc_map_at_5_std": 0.078523,
        "nauc_map_at_5_diff1": 0.28608,
        "nauc_map_at_10_max": 0.177814,
        "nauc_map_at_10_std": 0.097884,
        "nauc_map_at_10_diff1": 0.273989,
        "nauc_map_at_20_max": 0.177353,
        "nauc_map_at_20_std": 0.10816,
        "nauc_map_at_20_diff1": 0.27626,
        "nauc_map_at_100_max": 0.170392,
        "nauc_map_at_100_std": 0.102953,
        "nauc_map_at_100_diff1": 0.271185,
        "nauc_map_at_1000_max": 0.172424,
        "nauc_map_at_1000_std": 0.105578,
        "nauc_map_at_1000_diff1": 0.270637,
        "nauc_recall_at_1_max": 0.064404,
        "nauc_recall_at_1_std": 0.050709,
        "nauc_recall_at_1_diff1": 0.315984,
        "nauc_recall_at_3_max": 0.201491,
        "nauc_recall_at_3_std": 0.111705,
        "nauc_recall_at_3_diff1": 0.225659,
        "nauc_recall_at_5_max": 0.11861,
        "nauc_recall_at_5_std": 0.086617,
        "nauc_recall_at_5_diff1": 0.200941,
        "nauc_recall_at_10_max": 0.26608,
        "nauc_recall_at_10_std": 0.157739,
        "nauc_recall_at_10_diff1": 0.180832,
        "nauc_recall_at_20_max": 0.213628,
        "nauc_recall_at_20_std": 0.18554,
        "nauc_recall_at_20_diff1": 0.198277,
        "nauc_recall_at_100_max": 0.118149,
        "nauc_recall_at_100_std": 0.103098,
        "nauc_recall_at_100_diff1": 0.122592,
        "nauc_recall_at_1000_max": 0.109918,
        "nauc_recall_at_1000_std": 0.275119,
        "nauc_recall_at_1000_diff1": -0.083207,
        "nauc_precision_at_1_max": 0.107505,
        "nauc_precision_at_1_std": 0.031594,
        "nauc_precision_at_1_diff1": 0.404746,
        "nauc_precision_at_3_max": 0.207744,
        "nauc_precision_at_3_std": 0.143407,
        "nauc_precision_at_3_diff1": 0.261072,
        "nauc_precision_at_5_max": 0.13191,
        "nauc_precision_at_5_std": 0.099699,
        "nauc_precision_at_5_diff1": 0.229761,
        "nauc_precision_at_10_max": 0.25073,
        "nauc_precision_at_10_std": 0.154635,
        "nauc_precision_at_10_diff1": 0.19012,
        "nauc_precision_at_20_max": 0.199491,
        "nauc_precision_at_20_std": 0.148492,
        "nauc_precision_at_20_diff1": 0.201043,
        "nauc_precision_at_100_max": 0.103818,
        "nauc_precision_at_100_std": 0.075794,
        "nauc_precision_at_100_diff1": 0.138558,
        "nauc_precision_at_1000_max": 0.119839,
        "nauc_precision_at_1000_std": 0.164416,
        "nauc_precision_at_1000_diff1": 0.061447,
        "nauc_mrr_at_1_max": 0.107505,
        "nauc_mrr_at_1_std": 0.031594,
        "nauc_mrr_at_1_diff1": 0.404746,
        "nauc_mrr_at_3_max": 0.131855,
        "nauc_mrr_at_3_std": 0.090832,
        "nauc_mrr_at_3_diff1": 0.242071,
        "nauc_mrr_at_5_max": 0.113343,
        "nauc_mrr_at_5_std": 0.081323,
        "nauc_mrr_at_5_diff1": 0.237515,
        "nauc_mrr_at_10_max": 0.149907,
        "nauc_mrr_at_10_std": 0.105771,
        "nauc_mrr_at_10_diff1": 0.234974,
        "nauc_mrr_at_20_max": 0.138296,
        "nauc_mrr_at_20_std": 0.100329,
        "nauc_mrr_at_20_diff1": 0.243658,
        "nauc_mrr_at_100_max": 0.136194,
        "nauc_mrr_at_100_std": 0.099108,
        "nauc_mrr_at_100_diff1": 0.242954,
        "nauc_mrr_at_1000_max": 0.136196,
        "nauc_mrr_at_1000_std": 0.099431,
        "nauc_mrr_at_1000_diff1": 0.242504,
        "hit_rate_at_1": 0.08772,
        "hit_rate_at_3": 0.28947,
        "hit_rate_at_5": 0.33333,
        "hit_rate_at_10": 0.38596,
        "hit_rate_at_20": 0.49123,
        "hit_rate_at_100": 0.69298,
        "hit_rate_at_1000": 0.94737,
        "main_score": 0.17372,
        "hf_subset": "default",
        "languages": [
          "eng-Latn"
        ]
      }
    ]
  },
  "evaluation_time": 14641.598535299301,
  "kg_co2_emissions": null,
  "date": null
}