{
  "dataset_revision": "b457ea43db9ae5db74c3a3e5be0a213d0f85ac3a",
  "task_name": "R2MEDMedXpertQAExamRetrieval",
  "mteb_version": "2.12.16",
  "scores": {
    "test": [
      {
        "ndcg_at_1": 0.03093,
        "ndcg_at_3": 0.03366,
        "ndcg_at_5": 0.0354,
        "ndcg_at_10": 0.04858,
        "ndcg_at_20": 0.05596,
        "ndcg_at_100": 0.08089,
        "ndcg_at_1000": 0.1239,
        "map_at_1": 0.01581,
        "map_at_3": 0.02374,
        "map_at_5": 0.02632,
        "map_at_10": 0.03144,
        "map_at_20": 0.03342,
        "map_at_100": 0.03661,
        "map_at_1000": 0.03787,
        "recall_at_1": 0.01581,
        "recall_at_3": 0.03419,
        "recall_at_5": 0.0445,
        "recall_at_10": 0.07457,
        "recall_at_20": 0.09752,
        "recall_at_100": 0.19822,
        "recall_at_1000": 0.47596,
        "accuracy": 0.01581,
        "precision_at_1": 0.03093,
        "precision_at_3": 0.02405,
        "precision_at_5": 0.01649,
        "precision_at_10": 0.01649,
        "precision_at_20": 0.01082,
        "precision_at_100": 0.00505,
        "precision_at_1000": 0.00127,
        "mrr_at_1": 0.030928,
        "mrr_at_3": 0.042955,
        "mrr_at_5": 0.045533,
        "mrr_at_10": 0.053866,
        "mrr_at_20": 0.056992,
        "mrr_at_100": 0.062079,
        "mrr_at_1000": 0.063331,
        "nauc_ndcg_at_1_max": 0.34151,
        "nauc_ndcg_at_1_std": -0.154868,
        "nauc_ndcg_at_1_diff1": 0.157715,
        "nauc_ndcg_at_3_max": 0.060804,
        "nauc_ndcg_at_3_std": -0.159139,
        "nauc_ndcg_at_3_diff1": 0.026996,
        "nauc_ndcg_at_5_max": -0.005164,
        "nauc_ndcg_at_5_std": -0.09897,
        "nauc_ndcg_at_5_diff1": -0.031939,
        "nauc_ndcg_at_10_max": 0.019767,
        "nauc_ndcg_at_10_std": -0.037984,
        "nauc_ndcg_at_10_diff1": -0.10114,
        "nauc_ndcg_at_20_max": 0.022835,
        "nauc_ndcg_at_20_std": -0.006777,
        "nauc_ndcg_at_20_diff1": -0.102466,
        "nauc_ndcg_at_100_max": 0.002669,
        "nauc_ndcg_at_100_std": 0.070101,
        "nauc_ndcg_at_100_diff1": -0.063653,
        "nauc_ndcg_at_1000_max": 0.052172,
        "nauc_ndcg_at_1000_std": 0.072371,
        "nauc_ndcg_at_1000_diff1": -0.050398,
        "nauc_map_at_1_max": 0.182925,
        "nauc_map_at_1_std": -0.126112,
        "nauc_map_at_1_diff1": 0.04086,
        "nauc_map_at_3_max": 0.050983,
        "nauc_map_at_3_std": -0.157713,
        "nauc_map_at_3_diff1": -0.010181,
        "nauc_map_at_5_max": 0.005142,
        "nauc_map_at_5_std": -0.110548,
        "nauc_map_at_5_diff1": -0.058303,
        "nauc_map_at_10_max": 0.024274,
        "nauc_map_at_10_std": -0.070149,
        "nauc_map_at_10_diff1": -0.089318,
        "nauc_map_at_20_max": 0.025679,
        "nauc_map_at_20_std": -0.053043,
        "nauc_map_at_20_diff1": -0.090052,
        "nauc_map_at_100_max": 0.020502,
        "nauc_map_at_100_std": -0.037684,
        "nauc_map_at_100_diff1": -0.075923,
        "nauc_map_at_1000_max": 0.02335,
        "nauc_map_at_1000_std": -0.035873,
        "nauc_map_at_1000_diff1": -0.076118,
        "nauc_recall_at_1_max": 0.182925,
        "nauc_recall_at_1_std": -0.126112,
        "nauc_recall_at_1_diff1": 0.04086,
        "nauc_recall_at_3_max": -0.086816,
        "nauc_recall_at_3_std": -0.184287,
        "nauc_recall_at_3_diff1": -0.058056,
        "nauc_recall_at_5_max": -0.163329,
        "nauc_recall_at_5_std": -0.066563,
        "nauc_recall_at_5_diff1": -0.160798,
        "nauc_recall_at_10_max": -0.066484,
        "nauc_recall_at_10_std": 0.017033,
        "nauc_recall_at_10_diff1": -0.213992,
        "nauc_recall_at_20_max": -0.042181,
        "nauc_recall_at_20_std": 0.061148,
        "nauc_recall_at_20_diff1": -0.187679,
        "nauc_recall_at_100_max": -0.059798,
        "nauc_recall_at_100_std": 0.167494,
        "nauc_recall_at_100_diff1": -0.089609,
        "nauc_recall_at_1000_max": 0.114144,
        "nauc_recall_at_1000_std": 0.179977,
        "nauc_recall_at_1000_diff1": -0.062663,
        "nauc_precision_at_1_max": 0.34151,
        "nauc_precision_at_1_std": -0.154868,
        "nauc_precision_at_1_diff1": 0.157715,
        "nauc_precision_at_3_max": 0.063147,
        "nauc_precision_at_3_std": -0.124186,
        "nauc_precision_at_3_diff1": 0.094805,
        "nauc_precision_at_5_max": 0.003116,
        "nauc_precision_at_5_std": -0.068176,
        "nauc_precision_at_5_diff1": 0.02026,
        "nauc_precision_at_10_max": 0.064526,
        "nauc_precision_at_10_std": 0.00795,
        "nauc_precision_at_10_diff1": -0.113792,
        "nauc_precision_at_20_max": 0.04428,
        "nauc_precision_at_20_std": 0.05977,
        "nauc_precision_at_20_diff1": -0.1201,
        "nauc_precision_at_100_max": 0.015909,
        "nauc_precision_at_100_std": 0.244431,
        "nauc_precision_at_100_diff1": -0.033027,
        "nauc_precision_at_1000_max": 0.068205,
        "nauc_precision_at_1000_std": 0.124718,
        "nauc_precision_at_1000_diff1": 0.043972,
        "nauc_mrr_at_1_max": 0.34151,
        "nauc_mrr_at_1_std": -0.154868,
        "nauc_mrr_at_1_diff1": 0.157715,
        "nauc_mrr_at_3_max": 0.204505,
        "nauc_mrr_at_3_std": -0.158168,
        "nauc_mrr_at_3_diff1": 0.194411,
        "nauc_mrr_at_5_max": 0.16932,
        "nauc_mrr_at_5_std": -0.130881,
        "nauc_mrr_at_5_diff1": 0.155017,
        "nauc_mrr_at_10_max": 0.145515,
        "nauc_mrr_at_10_std": -0.092516,
        "nauc_mrr_at_10_diff1": 0.068814,
        "nauc_mrr_at_20_max": 0.145492,
        "nauc_mrr_at_20_std": -0.081349,
        "nauc_mrr_at_20_diff1": 0.059012,
        "nauc_mrr_at_100_max": 0.13353,
        "nauc_mrr_at_100_std": -0.065791,
        "nauc_mrr_at_100_diff1": 0.064853,
        "nauc_mrr_at_1000_max": 0.133777,
        "nauc_mrr_at_1000_std": -0.067839,
        "nauc_mrr_at_1000_diff1": 0.065269,
        "hit_rate_at_1": 0.03093,
        "hit_rate_at_3": 0.06186,
        "hit_rate_at_5": 0.07216,
        "hit_rate_at_10": 0.13402,
        "hit_rate_at_20": 0.17526,
        "hit_rate_at_100": 0.36082,
        "hit_rate_at_1000": 0.70103,
        "main_score": 0.04858,
        "hf_subset": "default",
        "languages": [
          "eng-Latn"
        ]
      }
    ]
  },
  "evaluation_time": 7082.260852813721,
  "kg_co2_emissions": null,
  "date": null
}