{
  "dataset_revision": "5014f29d7fdde6f9073a75b72be53ed73eed60c6",
  "task_name": "BillSumCA",
  "mteb_version": "2.12.21",
  "scores": {
    "test": [
      {
        "ndcg_at_1": 0.942,
        "ndcg_at_3": 0.97024,
        "ndcg_at_5": 0.97446,
        "ndcg_at_10": 0.97446,
        "ndcg_at_20": 0.97446,
        "ndcg_at_100": 0.9749,
        "ndcg_at_1000": 0.9749,
        "map_at_1": 0.942,
        "map_at_3": 0.964,
        "map_at_5": 0.9664,
        "map_at_10": 0.9664,
        "map_at_20": 0.9664,
        "map_at_100": 0.96649,
        "map_at_1000": 0.96649,
        "recall_at_1": 0.942,
        "recall_at_3": 0.988,
        "recall_at_5": 0.998,
        "recall_at_10": 0.998,
        "recall_at_20": 0.998,
        "recall_at_100": 1.0,
        "recall_at_1000": 1.0,
        "accuracy": 0.942,
        "precision_at_1": 0.942,
        "precision_at_3": 0.32933,
        "precision_at_5": 0.1996,
        "precision_at_10": 0.0998,
        "precision_at_20": 0.0499,
        "precision_at_100": 0.01,
        "precision_at_1000": 0.001,
        "mrr_at_1": 0.942,
        "mrr_at_3": 0.964,
        "mrr_at_5": 0.9664,
        "mrr_at_10": 0.9664,
        "mrr_at_20": 0.9664,
        "mrr_at_100": 0.966491,
        "mrr_at_1000": 0.966491,
        "nauc_ndcg_at_1_max": 0.381612,
        "nauc_ndcg_at_1_std": -0.180109,
        "nauc_ndcg_at_1_diff1": 0.968447,
        "nauc_ndcg_at_3_max": 0.524535,
        "nauc_ndcg_at_3_std": -0.306373,
        "nauc_ndcg_at_3_diff1": 0.963922,
        "nauc_ndcg_at_5_max": 0.459776,
        "nauc_ndcg_at_5_std": -0.262872,
        "nauc_ndcg_at_5_diff1": 0.96633,
        "nauc_ndcg_at_10_max": 0.459776,
        "nauc_ndcg_at_10_std": -0.262872,
        "nauc_ndcg_at_10_diff1": 0.96633,
        "nauc_ndcg_at_20_max": 0.459776,
        "nauc_ndcg_at_20_std": -0.262872,
        "nauc_ndcg_at_20_diff1": 0.96633,
        "nauc_ndcg_at_100_max": 0.452564,
        "nauc_ndcg_at_100_std": -0.247216,
        "nauc_ndcg_at_100_diff1": 0.965737,
        "nauc_ndcg_at_1000_max": 0.452564,
        "nauc_ndcg_at_1000_std": -0.247216,
        "nauc_ndcg_at_1000_diff1": 0.965737,
        "nauc_map_at_1_max": 0.381612,
        "nauc_map_at_1_std": -0.180109,
        "nauc_map_at_1_diff1": 0.968447,
        "nauc_map_at_3_max": 0.47862,
        "nauc_map_at_3_std": -0.265004,
        "nauc_map_at_3_diff1": 0.9649,
        "nauc_map_at_5_max": 0.447457,
        "nauc_map_at_5_std": -0.242225,
        "nauc_map_at_5_diff1": 0.965894,
        "nauc_map_at_10_max": 0.447457,
        "nauc_map_at_10_std": -0.242225,
        "nauc_map_at_10_diff1": 0.965894,
        "nauc_map_at_20_max": 0.447457,
        "nauc_map_at_20_std": -0.242225,
        "nauc_map_at_20_diff1": 0.965894,
        "nauc_map_at_100_max": 0.446313,
        "nauc_map_at_100_std": -0.239757,
        "nauc_map_at_100_diff1": 0.965801,
        "nauc_map_at_1000_max": 0.446313,
        "nauc_map_at_1000_std": -0.239757,
        "nauc_map_at_1000_diff1": 0.965801,
        "nauc_recall_at_1_max": 0.381612,
        "nauc_recall_at_1_std": -0.180109,
        "nauc_recall_at_1_diff1": 0.968447,
        "nauc_recall_at_3_max": 0.910131,
        "nauc_recall_at_3_std": -0.654995,
        "nauc_recall_at_3_diff1": 0.956427,
        "nauc_recall_at_5_max": 0.869281,
        "nauc_recall_at_5_std": -1.151727,
        "nauc_recall_at_5_diff1": 1.0,
        "nauc_recall_at_10_max": 0.869281,
        "nauc_recall_at_10_std": -1.151727,
        "nauc_recall_at_10_diff1": 1.0,
        "nauc_recall_at_20_max": 0.869281,
        "nauc_recall_at_20_std": -1.151727,
        "nauc_recall_at_20_diff1": 1.0,
        "nauc_recall_at_100_max": NaN,
        "nauc_recall_at_100_std": NaN,
        "nauc_recall_at_100_diff1": NaN,
        "nauc_recall_at_1000_max": NaN,
        "nauc_recall_at_1000_std": NaN,
        "nauc_recall_at_1000_diff1": NaN,
        "nauc_precision_at_1_max": 0.381612,
        "nauc_precision_at_1_std": -0.180109,
        "nauc_precision_at_1_diff1": 0.968447,
        "nauc_precision_at_3_max": 0.910131,
        "nauc_precision_at_3_std": -0.654995,
        "nauc_precision_at_3_diff1": 0.956427,
        "nauc_precision_at_5_max": 0.869281,
        "nauc_precision_at_5_std": -1.151727,
        "nauc_precision_at_5_diff1": 1.0,
        "nauc_precision_at_10_max": 0.869281,
        "nauc_precision_at_10_std": -1.151727,
        "nauc_precision_at_10_diff1": 1.0,
        "nauc_precision_at_20_max": 0.869281,
        "nauc_precision_at_20_std": -1.151727,
        "nauc_precision_at_20_diff1": 1.0,
        "nauc_precision_at_100_max": 1.0,
        "nauc_precision_at_100_std": 1.0,
        "nauc_precision_at_100_diff1": 1.0,
        "nauc_precision_at_1000_max": 1.0,
        "nauc_precision_at_1000_std": 1.0,
        "nauc_precision_at_1000_diff1": 1.0,
        "nauc_mrr_at_1_max": 0.381612,
        "nauc_mrr_at_1_std": -0.180109,
        "nauc_mrr_at_1_diff1": 0.968447,
        "nauc_mrr_at_3_max": 0.47862,
        "nauc_mrr_at_3_std": -0.265004,
        "nauc_mrr_at_3_diff1": 0.9649,
        "nauc_mrr_at_5_max": 0.447457,
        "nauc_mrr_at_5_std": -0.242225,
        "nauc_mrr_at_5_diff1": 0.965894,
        "nauc_mrr_at_10_max": 0.447457,
        "nauc_mrr_at_10_std": -0.242225,
        "nauc_mrr_at_10_diff1": 0.965894,
        "nauc_mrr_at_20_max": 0.447457,
        "nauc_mrr_at_20_std": -0.242225,
        "nauc_mrr_at_20_diff1": 0.965894,
        "nauc_mrr_at_100_max": 0.446313,
        "nauc_mrr_at_100_std": -0.239757,
        "nauc_mrr_at_100_diff1": 0.965801,
        "nauc_mrr_at_1000_max": 0.446313,
        "nauc_mrr_at_1000_std": -0.239757,
        "nauc_mrr_at_1000_diff1": 0.965801,
        "hit_rate_at_1": 0.942,
        "hit_rate_at_3": 0.988,
        "hit_rate_at_5": 0.998,
        "hit_rate_at_10": 0.998,
        "hit_rate_at_20": 0.998,
        "hit_rate_at_100": 1.0,
        "hit_rate_at_1000": 1.0,
        "main_score": 0.97446,
        "hf_subset": "default",
        "languages": [
          "eng-Latn"
        ]
      }
    ]
  },
  "evaluation_time": 177.151841878891,
  "kg_co2_emissions": null,
  "date": null
}