{
  "dataset_revision": "3d593fde907860102a282b4a6ea7fb1e1f1f83dd",
  "task_name": "BIRCO-Relic",
  "mteb_version": "2.12.21",
  "scores": {
    "test": [
      {
        "ndcg_at_1": 0.04,
        "ndcg_at_3": 0.05762,
        "ndcg_at_5": 0.0774,
        "ndcg_at_10": 0.09335,
        "ndcg_at_20": 0.10643,
        "ndcg_at_100": 0.15629,
        "ndcg_at_1000": 0.19657,
        "map_at_1": 0.04,
        "map_at_3": 0.05333,
        "map_at_5": 0.06383,
        "map_at_10": 0.07029,
        "map_at_20": 0.0741,
        "map_at_100": 0.08089,
        "map_at_1000": 0.08198,
        "recall_at_1": 0.04,
        "recall_at_3": 0.07,
        "recall_at_5": 0.12,
        "recall_at_10": 0.17,
        "recall_at_20": 0.22,
        "recall_at_100": 0.49,
        "recall_at_1000": 0.83,
        "accuracy": 0.04,
        "precision_at_1": 0.04,
        "precision_at_3": 0.02333,
        "precision_at_5": 0.024,
        "precision_at_10": 0.017,
        "precision_at_20": 0.011,
        "precision_at_100": 0.0049,
        "precision_at_1000": 0.00083,
        "mrr_at_1": 0.04,
        "mrr_at_3": 0.053333,
        "mrr_at_5": 0.063833,
        "mrr_at_10": 0.07029,
        "mrr_at_20": 0.074097,
        "mrr_at_100": 0.080885,
        "mrr_at_1000": 0.081983,
        "nauc_ndcg_at_1_max": -0.12235,
        "nauc_ndcg_at_1_std": -0.161591,
        "nauc_ndcg_at_1_diff1": 0.473169,
        "nauc_ndcg_at_3_max": -0.180442,
        "nauc_ndcg_at_3_std": -0.115808,
        "nauc_ndcg_at_3_diff1": 0.216177,
        "nauc_ndcg_at_5_max": -0.123584,
        "nauc_ndcg_at_5_std": -0.130064,
        "nauc_ndcg_at_5_diff1": 0.200148,
        "nauc_ndcg_at_10_max": -0.142579,
        "nauc_ndcg_at_10_std": -0.189849,
        "nauc_ndcg_at_10_diff1": 0.135456,
        "nauc_ndcg_at_20_max": -0.120766,
        "nauc_ndcg_at_20_std": -0.194182,
        "nauc_ndcg_at_20_diff1": 0.20532,
        "nauc_ndcg_at_100_max": 0.006353,
        "nauc_ndcg_at_100_std": 0.039633,
        "nauc_ndcg_at_100_diff1": 0.195161,
        "nauc_ndcg_at_1000_max": -0.024383,
        "nauc_ndcg_at_1000_std": -0.006598,
        "nauc_ndcg_at_1000_diff1": 0.215872,
        "nauc_map_at_1_max": -0.12235,
        "nauc_map_at_1_std": -0.161591,
        "nauc_map_at_1_diff1": 0.473169,
        "nauc_map_at_3_max": -0.167637,
        "nauc_map_at_3_std": -0.117521,
        "nauc_map_at_3_diff1": 0.265503,
        "nauc_map_at_5_max": -0.134932,
        "nauc_map_at_5_std": -0.127401,
        "nauc_map_at_5_diff1": 0.246516,
        "nauc_map_at_10_max": -0.145491,
        "nauc_map_at_10_std": -0.160024,
        "nauc_map_at_10_diff1": 0.209683,
        "nauc_map_at_20_max": -0.137169,
        "nauc_map_at_20_std": -0.162827,
        "nauc_map_at_20_diff1": 0.234692,
        "nauc_map_at_100_max": -0.108895,
        "nauc_map_at_100_std": -0.116122,
        "nauc_map_at_100_diff1": 0.23117,
        "nauc_map_at_1000_max": -0.11128,
        "nauc_map_at_1000_std": -0.119324,
        "nauc_map_at_1000_diff1": 0.231725,
        "nauc_recall_at_1_max": -0.12235,
        "nauc_recall_at_1_std": -0.161591,
        "nauc_recall_at_1_diff1": 0.473169,
        "nauc_recall_at_3_max": -0.209322,
        "nauc_recall_at_3_std": -0.114109,
        "nauc_recall_at_3_diff1": 0.106827,
        "nauc_recall_at_5_max": -0.099848,
        "nauc_recall_at_5_std": -0.136101,
        "nauc_recall_at_5_diff1": 0.125438,
        "nauc_recall_at_10_max": -0.136599,
        "nauc_recall_at_10_std": -0.240287,
        "nauc_recall_at_10_diff1": 0.024973,
        "nauc_recall_at_20_max": -0.092193,
        "nauc_recall_at_20_std": -0.240809,
        "nauc_recall_at_20_diff1": 0.184728,
        "nauc_recall_at_100_max": 0.220679,
        "nauc_recall_at_100_std": 0.370786,
        "nauc_recall_at_100_diff1": 0.164128,
        "nauc_recall_at_1000_max": 0.279387,
        "nauc_recall_at_1000_std": 0.446595,
        "nauc_recall_at_1000_diff1": 0.305219,
        "nauc_precision_at_1_max": -0.12235,
        "nauc_precision_at_1_std": -0.161591,
        "nauc_precision_at_1_diff1": 0.473169,
        "nauc_precision_at_3_max": -0.209322,
        "nauc_precision_at_3_std": -0.114109,
        "nauc_precision_at_3_diff1": 0.106827,
        "nauc_precision_at_5_max": -0.099848,
        "nauc_precision_at_5_std": -0.136101,
        "nauc_precision_at_5_diff1": 0.125438,
        "nauc_precision_at_10_max": -0.136599,
        "nauc_precision_at_10_std": -0.240287,
        "nauc_precision_at_10_diff1": 0.024973,
        "nauc_precision_at_20_max": -0.092193,
        "nauc_precision_at_20_std": -0.240809,
        "nauc_precision_at_20_diff1": 0.184728,
        "nauc_precision_at_100_max": 0.220679,
        "nauc_precision_at_100_std": 0.370786,
        "nauc_precision_at_100_diff1": 0.164128,
        "nauc_precision_at_1000_max": 0.279387,
        "nauc_precision_at_1000_std": 0.446595,
        "nauc_precision_at_1000_diff1": 0.305219,
        "nauc_mrr_at_1_max": -0.12235,
        "nauc_mrr_at_1_std": -0.161591,
        "nauc_mrr_at_1_diff1": 0.473169,
        "nauc_mrr_at_3_max": -0.167637,
        "nauc_mrr_at_3_std": -0.117521,
        "nauc_mrr_at_3_diff1": 0.265503,
        "nauc_mrr_at_5_max": -0.134932,
        "nauc_mrr_at_5_std": -0.127401,
        "nauc_mrr_at_5_diff1": 0.246516,
        "nauc_mrr_at_10_max": -0.145491,
        "nauc_mrr_at_10_std": -0.160024,
        "nauc_mrr_at_10_diff1": 0.209683,
        "nauc_mrr_at_20_max": -0.137169,
        "nauc_mrr_at_20_std": -0.162827,
        "nauc_mrr_at_20_diff1": 0.234692,
        "nauc_mrr_at_100_max": -0.108895,
        "nauc_mrr_at_100_std": -0.116122,
        "nauc_mrr_at_100_diff1": 0.23117,
        "nauc_mrr_at_1000_max": -0.11128,
        "nauc_mrr_at_1000_std": -0.119324,
        "nauc_mrr_at_1000_diff1": 0.231725,
        "hit_rate_at_1": 0.04,
        "hit_rate_at_3": 0.07,
        "hit_rate_at_5": 0.12,
        "hit_rate_at_10": 0.17,
        "hit_rate_at_20": 0.22,
        "hit_rate_at_100": 0.49,
        "hit_rate_at_1000": 0.83,
        "main_score": 0.09335,
        "hf_subset": "default",
        "languages": [
          "eng-Latn"
        ]
      }
    ]
  },
  "evaluation_time": 66.01260018348694,
  "kg_co2_emissions": null,
  "date": null
}