{
  "dataset_revision": "5d958fb6b31055495347724d46431ba41309b03a",
  "task_name": "ChemNQRetrieval",
  "mteb_version": "2.12.21",
  "scores": {
    "test": [
      {
        "ndcg_at_1": 0.37037,
        "ndcg_at_3": 0.45685,
        "ndcg_at_5": 0.56071,
        "ndcg_at_10": 0.59999,
        "ndcg_at_20": 0.61058,
        "ndcg_at_100": 0.61978,
        "ndcg_at_1000": 0.62474,
        "map_at_1": 0.2963,
        "map_at_3": 0.40432,
        "map_at_5": 0.47099,
        "map_at_10": 0.48855,
        "map_at_20": 0.4934,
        "map_at_100": 0.49455,
        "map_at_1000": 0.49476,
        "recall_at_1": 0.2963,
        "recall_at_3": 0.53086,
        "recall_at_5": 0.7716,
        "recall_at_10": 0.88272,
        "recall_at_20": 0.91358,
        "recall_at_100": 0.96296,
        "recall_at_1000": 1.0,
        "accuracy": 0.2963,
        "precision_at_1": 0.37037,
        "precision_at_3": 0.22222,
        "precision_at_5": 0.19259,
        "precision_at_10": 0.11111,
        "precision_at_20": 0.05926,
        "precision_at_100": 0.01259,
        "precision_at_1000": 0.0013,
        "mrr_at_1": 0.37037,
        "mrr_at_3": 0.487654,
        "mrr_at_5": 0.530247,
        "mrr_at_10": 0.54634,
        "mrr_at_20": 0.54634,
        "mrr_at_100": 0.547096,
        "mrr_at_1000": 0.547305,
        "nauc_ndcg_at_1_max": 0.06041,
        "nauc_ndcg_at_1_std": -0.079066,
        "nauc_ndcg_at_1_diff1": 0.318757,
        "nauc_ndcg_at_3_max": 0.17476,
        "nauc_ndcg_at_3_std": -0.032956,
        "nauc_ndcg_at_3_diff1": 0.177047,
        "nauc_ndcg_at_5_max": 0.165434,
        "nauc_ndcg_at_5_std": -0.034799,
        "nauc_ndcg_at_5_diff1": 0.211927,
        "nauc_ndcg_at_10_max": 0.171959,
        "nauc_ndcg_at_10_std": -0.023955,
        "nauc_ndcg_at_10_diff1": 0.249932,
        "nauc_ndcg_at_20_max": 0.137579,
        "nauc_ndcg_at_20_std": -0.05247,
        "nauc_ndcg_at_20_diff1": 0.245153,
        "nauc_ndcg_at_100_max": 0.110936,
        "nauc_ndcg_at_100_std": -0.073116,
        "nauc_ndcg_at_100_diff1": 0.23969,
        "nauc_ndcg_at_1000_max": 0.117329,
        "nauc_ndcg_at_1000_std": -0.047793,
        "nauc_ndcg_at_1000_diff1": 0.23263,
        "nauc_map_at_1_max": -0.075224,
        "nauc_map_at_1_std": -0.100629,
        "nauc_map_at_1_diff1": 0.124184,
        "nauc_map_at_3_max": 0.076687,
        "nauc_map_at_3_std": -0.066992,
        "nauc_map_at_3_diff1": 0.147102,
        "nauc_map_at_5_max": 0.095644,
        "nauc_map_at_5_std": -0.039608,
        "nauc_map_at_5_diff1": 0.177157,
        "nauc_map_at_10_max": 0.096188,
        "nauc_map_at_10_std": -0.032402,
        "nauc_map_at_10_diff1": 0.186172,
        "nauc_map_at_20_max": 0.081966,
        "nauc_map_at_20_std": -0.043165,
        "nauc_map_at_20_diff1": 0.182357,
        "nauc_map_at_100_max": 0.07914,
        "nauc_map_at_100_std": -0.045313,
        "nauc_map_at_100_diff1": 0.181887,
        "nauc_map_at_1000_max": 0.079331,
        "nauc_map_at_1000_std": -0.044441,
        "nauc_map_at_1000_diff1": 0.181606,
        "nauc_recall_at_1_max": -0.075224,
        "nauc_recall_at_1_std": -0.100629,
        "nauc_recall_at_1_diff1": 0.124184,
        "nauc_recall_at_3_max": 0.34176,
        "nauc_recall_at_3_std": 0.008659,
        "nauc_recall_at_3_diff1": 0.112953,
        "nauc_recall_at_5_max": 0.372488,
        "nauc_recall_at_5_std": -0.01868,
        "nauc_recall_at_5_diff1": 0.172956,
        "nauc_recall_at_10_max": 0.50405,
        "nauc_recall_at_10_std": -0.029077,
        "nauc_recall_at_10_diff1": 0.406137,
        "nauc_recall_at_20_max": 0.376047,
        "nauc_recall_at_20_std": -0.26112,
        "nauc_recall_at_20_diff1": 0.466486,
        "nauc_recall_at_100_max": -0.175564,
        "nauc_recall_at_100_std": -1.207917,
        "nauc_recall_at_100_diff1": 0.556079,
        "nauc_recall_at_1000_max": NaN,
        "nauc_recall_at_1000_std": NaN,
        "nauc_recall_at_1000_diff1": NaN,
        "nauc_precision_at_1_max": 0.06041,
        "nauc_precision_at_1_std": -0.079066,
        "nauc_precision_at_1_diff1": 0.318757,
        "nauc_precision_at_3_max": 0.464413,
        "nauc_precision_at_3_std": 0.032808,
        "nauc_precision_at_3_diff1": 0.390654,
        "nauc_precision_at_5_max": 0.474928,
        "nauc_precision_at_5_std": 0.15209,
        "nauc_precision_at_5_diff1": 0.430291,
        "nauc_precision_at_10_max": 0.622206,
        "nauc_precision_at_10_std": 0.358128,
        "nauc_precision_at_10_diff1": 0.491982,
        "nauc_precision_at_20_max": 0.41162,
        "nauc_precision_at_20_std": 0.201303,
        "nauc_precision_at_20_diff1": 0.425699,
        "nauc_precision_at_100_max": 0.261562,
        "nauc_precision_at_100_std": 0.094509,
        "nauc_precision_at_100_diff1": 0.385342,
        "nauc_precision_at_1000_max": 0.303152,
        "nauc_precision_at_1000_std": 0.218427,
        "nauc_precision_at_1000_diff1": 0.369098,
        "nauc_mrr_at_1_max": 0.06041,
        "nauc_mrr_at_1_std": -0.079066,
        "nauc_mrr_at_1_diff1": 0.318757,
        "nauc_mrr_at_3_max": 0.187867,
        "nauc_mrr_at_3_std": -0.007768,
        "nauc_mrr_at_3_diff1": 0.294514,
        "nauc_mrr_at_5_max": 0.128394,
        "nauc_mrr_at_5_std": -0.062403,
        "nauc_mrr_at_5_diff1": 0.293315,
        "nauc_mrr_at_10_max": 0.124075,
        "nauc_mrr_at_10_std": -0.065188,
        "nauc_mrr_at_10_diff1": 0.308906,
        "nauc_mrr_at_20_max": 0.124075,
        "nauc_mrr_at_20_std": -0.065188,
        "nauc_mrr_at_20_diff1": 0.308906,
        "nauc_mrr_at_100_max": 0.122141,
        "nauc_mrr_at_100_std": -0.066287,
        "nauc_mrr_at_100_diff1": 0.307829,
        "nauc_mrr_at_1000_max": 0.122355,
        "nauc_mrr_at_1000_std": -0.065465,
        "nauc_mrr_at_1000_diff1": 0.30765,
        "hit_rate_at_1": 0.37037,
        "hit_rate_at_3": 0.62963,
        "hit_rate_at_5": 0.81481,
        "hit_rate_at_10": 0.92593,
        "hit_rate_at_20": 0.92593,
        "hit_rate_at_100": 0.96296,
        "hit_rate_at_1000": 1.0,
        "main_score": 0.59999,
        "hf_subset": "default",
        "languages": [
          "eng-Latn"
        ]
      }
    ]
  },
  "evaluation_time": 292.2072458267212,
  "kg_co2_emissions": null,
  "date": null
}