{
  "dataset_revision": "4482db2a053706c0aef0ab7bf1878d29bb0295f8",
  "task_name": "GovReport",
  "mteb_version": "2.12.26",
  "scores": {
    "test": [
      {
        "ndcg_at_1": 0.94536,
        "ndcg_at_3": 0.9781,
        "ndcg_at_5": 0.97855,
        "ndcg_at_10": 0.97855,
        "ndcg_at_20": 0.97855,
        "ndcg_at_100": 0.97855,
        "ndcg_at_1000": 0.97855,
        "map_at_1": 0.94381,
        "map_at_3": 0.97079,
        "map_at_5": 0.97105,
        "map_at_10": 0.97105,
        "map_at_20": 0.97105,
        "map_at_100": 0.97105,
        "map_at_1000": 0.97105,
        "recall_at_1": 0.94381,
        "recall_at_3": 0.99897,
        "recall_at_5": 1.0,
        "recall_at_10": 1.0,
        "recall_at_20": 1.0,
        "recall_at_100": 1.0,
        "recall_at_1000": 1.0,
        "accuracy": 0.94381,
        "precision_at_1": 0.94536,
        "precision_at_3": 0.33402,
        "precision_at_5": 0.20062,
        "precision_at_10": 0.10031,
        "precision_at_20": 0.05015,
        "precision_at_100": 0.01003,
        "precision_at_1000": 0.001,
        "mrr_at_1": 0.945361,
        "mrr_at_3": 0.97079,
        "mrr_at_5": 0.971048,
        "mrr_at_10": 0.971048,
        "mrr_at_20": 0.971048,
        "mrr_at_100": 0.971048,
        "mrr_at_1000": 0.971048,
        "nauc_ndcg_at_1_max": 0.087046,
        "nauc_ndcg_at_1_std": -0.533552,
        "nauc_ndcg_at_1_diff1": 0.962387,
        "nauc_ndcg_at_3_max": 0.131703,
        "nauc_ndcg_at_3_std": -0.539845,
        "nauc_ndcg_at_3_diff1": 0.963748,
        "nauc_ndcg_at_5_max": 0.127018,
        "nauc_ndcg_at_5_std": -0.527181,
        "nauc_ndcg_at_5_diff1": 0.962998,
        "nauc_ndcg_at_10_max": 0.127018,
        "nauc_ndcg_at_10_std": -0.527181,
        "nauc_ndcg_at_10_diff1": 0.962998,
        "nauc_ndcg_at_20_max": 0.127018,
        "nauc_ndcg_at_20_std": -0.527181,
        "nauc_ndcg_at_20_diff1": 0.962998,
        "nauc_ndcg_at_100_max": 0.127018,
        "nauc_ndcg_at_100_std": -0.527181,
        "nauc_ndcg_at_100_diff1": 0.962998,
        "nauc_ndcg_at_1000_max": 0.127018,
        "nauc_ndcg_at_1000_std": -0.527181,
        "nauc_ndcg_at_1000_diff1": 0.962998,
        "nauc_map_at_1_max": 0.103886,
        "nauc_map_at_1_std": -0.546968,
        "nauc_map_at_1_diff1": 0.963423,
        "nauc_map_at_3_max": 0.126759,
        "nauc_map_at_3_std": -0.532943,
        "nauc_map_at_3_diff1": 0.963283,
        "nauc_map_at_5_max": 0.1247,
        "nauc_map_at_5_std": -0.527435,
        "nauc_map_at_5_diff1": 0.962956,
        "nauc_map_at_10_max": 0.1247,
        "nauc_map_at_10_std": -0.527435,
        "nauc_map_at_10_diff1": 0.962956,
        "nauc_map_at_20_max": 0.1247,
        "nauc_map_at_20_std": -0.527435,
        "nauc_map_at_20_diff1": 0.962956,
        "nauc_map_at_100_max": 0.1247,
        "nauc_map_at_100_std": -0.527435,
        "nauc_map_at_100_diff1": 0.962956,
        "nauc_map_at_1000_max": 0.1247,
        "nauc_map_at_1000_std": -0.527435,
        "nauc_map_at_1000_diff1": 0.962956,
        "nauc_recall_at_1_max": 0.103886,
        "nauc_recall_at_1_std": -0.546968,
        "nauc_recall_at_1_diff1": 0.963423,
        "nauc_recall_at_3_max": 0.358077,
        "nauc_recall_at_3_std": -1.151727,
        "nauc_recall_at_3_diff1": 1.0,
        "nauc_recall_at_5_max": NaN,
        "nauc_recall_at_5_std": NaN,
        "nauc_recall_at_5_diff1": NaN,
        "nauc_recall_at_10_max": NaN,
        "nauc_recall_at_10_std": NaN,
        "nauc_recall_at_10_diff1": NaN,
        "nauc_recall_at_20_max": NaN,
        "nauc_recall_at_20_std": NaN,
        "nauc_recall_at_20_diff1": NaN,
        "nauc_recall_at_100_max": NaN,
        "nauc_recall_at_100_std": NaN,
        "nauc_recall_at_100_diff1": NaN,
        "nauc_recall_at_1000_max": NaN,
        "nauc_recall_at_1000_std": NaN,
        "nauc_recall_at_1000_diff1": NaN,
        "nauc_precision_at_1_max": 0.087046,
        "nauc_precision_at_1_std": -0.533552,
        "nauc_precision_at_1_diff1": 0.962387,
        "nauc_precision_at_3_max": -0.279517,
        "nauc_precision_at_3_std": 0.307288,
        "nauc_precision_at_3_diff1": -0.321549,
        "nauc_precision_at_5_max": -0.401664,
        "nauc_precision_at_5_std": 0.586799,
        "nauc_precision_at_5_diff1": -0.574725,
        "nauc_precision_at_10_max": -0.401664,
        "nauc_precision_at_10_std": 0.586799,
        "nauc_precision_at_10_diff1": -0.574725,
        "nauc_precision_at_20_max": -0.401664,
        "nauc_precision_at_20_std": 0.586799,
        "nauc_precision_at_20_diff1": -0.574725,
        "nauc_precision_at_100_max": -0.401664,
        "nauc_precision_at_100_std": 0.586799,
        "nauc_precision_at_100_diff1": -0.574725,
        "nauc_precision_at_1000_max": -0.401664,
        "nauc_precision_at_1000_std": 0.586799,
        "nauc_precision_at_1000_diff1": -0.574725,
        "nauc_mrr_at_1_max": 0.087046,
        "nauc_mrr_at_1_std": -0.533552,
        "nauc_mrr_at_1_diff1": 0.962387,
        "nauc_mrr_at_3_max": 0.126759,
        "nauc_mrr_at_3_std": -0.532943,
        "nauc_mrr_at_3_diff1": 0.963283,
        "nauc_mrr_at_5_max": 0.1247,
        "nauc_mrr_at_5_std": -0.527435,
        "nauc_mrr_at_5_diff1": 0.962956,
        "nauc_mrr_at_10_max": 0.1247,
        "nauc_mrr_at_10_std": -0.527435,
        "nauc_mrr_at_10_diff1": 0.962956,
        "nauc_mrr_at_20_max": 0.1247,
        "nauc_mrr_at_20_std": -0.527435,
        "nauc_mrr_at_20_diff1": 0.962956,
        "nauc_mrr_at_100_max": 0.1247,
        "nauc_mrr_at_100_std": -0.527435,
        "nauc_mrr_at_100_diff1": 0.962956,
        "nauc_mrr_at_1000_max": 0.1247,
        "nauc_mrr_at_1000_std": -0.527435,
        "nauc_mrr_at_1000_diff1": 0.962956,
        "hit_rate_at_1": 0.94536,
        "hit_rate_at_3": 0.99897,
        "hit_rate_at_5": 1.0,
        "hit_rate_at_10": 1.0,
        "hit_rate_at_20": 1.0,
        "hit_rate_at_100": 1.0,
        "hit_rate_at_1000": 1.0,
        "main_score": 0.97855,
        "hf_subset": "default",
        "languages": [
          "eng-Latn"
        ]
      }
    ]
  },
  "evaluation_time": 226.05037641525269,
  "kg_co2_emissions": null,
  "date": null
}