{
  "dataset_revision": "48142cc741b04d0b4af370ade7e8b42430382670",
  "task_name": "LIMITRetrieval",
  "mteb_version": "2.12.21",
  "scores": {
    "test": [
      {
        "ndcg_at_1": 0.0,
        "ndcg_at_2": 0.00039,
        "ndcg_at_3": 0.00039,
        "ndcg_at_5": 0.00115,
        "ndcg_at_10": 0.00159,
        "ndcg_at_20": 0.0019,
        "ndcg_at_100": 0.00455,
        "ndcg_at_1000": 0.0138,
        "map_at_1": 0.0,
        "map_at_2": 0.00025,
        "map_at_3": 0.00025,
        "map_at_5": 0.0007,
        "map_at_10": 0.00087,
        "map_at_20": 0.00094,
        "map_at_100": 0.00118,
        "map_at_1000": 0.00139,
        "recall_at_1": 0.0,
        "recall_at_2": 0.0005,
        "recall_at_3": 0.0005,
        "recall_at_5": 0.002,
        "recall_at_10": 0.003,
        "recall_at_20": 0.004,
        "recall_at_100": 0.0165,
        "recall_at_1000": 0.0815,
        "accuracy": 0.0,
        "precision_at_1": 0.0,
        "precision_at_2": 0.0005,
        "precision_at_3": 0.00033,
        "precision_at_5": 0.0008,
        "precision_at_10": 0.0006,
        "precision_at_20": 0.0004,
        "precision_at_100": 0.00033,
        "precision_at_1000": 0.00016,
        "mrr_at_1": 0.0,
        "mrr_at_2": 0.0005,
        "mrr_at_3": 0.0005,
        "mrr_at_5": 0.001,
        "mrr_at_10": 0.001333,
        "mrr_at_20": 0.00148,
        "mrr_at_100": 0.001967,
        "mrr_at_1000": 0.002318,
        "nauc_ndcg_at_1_max": NaN,
        "nauc_ndcg_at_1_std": NaN,
        "nauc_ndcg_at_1_diff1": NaN,
        "nauc_ndcg_at_2_max": -0.415079,
        "nauc_ndcg_at_2_std": -0.070566,
        "nauc_ndcg_at_2_diff1": -0.205796,
        "nauc_ndcg_at_3_max": -0.415079,
        "nauc_ndcg_at_3_std": -0.070566,
        "nauc_ndcg_at_3_diff1": -0.205796,
        "nauc_ndcg_at_5_max": -0.42953,
        "nauc_ndcg_at_5_std": -0.206345,
        "nauc_ndcg_at_5_diff1": -0.151742,
        "nauc_ndcg_at_10_max": -0.345935,
        "nauc_ndcg_at_10_std": -0.256903,
        "nauc_ndcg_at_10_diff1": -0.134184,
        "nauc_ndcg_at_20_max": -0.363792,
        "nauc_ndcg_at_20_std": -0.289504,
        "nauc_ndcg_at_20_diff1": -0.188293,
        "nauc_ndcg_at_100_max": -0.192127,
        "nauc_ndcg_at_100_std": -0.154392,
        "nauc_ndcg_at_100_diff1": -0.091187,
        "nauc_ndcg_at_1000_max": -0.154202,
        "nauc_ndcg_at_1000_std": -0.128452,
        "nauc_ndcg_at_1000_diff1": -0.038074,
        "nauc_map_at_1_max": NaN,
        "nauc_map_at_1_std": NaN,
        "nauc_map_at_1_diff1": NaN,
        "nauc_map_at_2_max": -0.415079,
        "nauc_map_at_2_std": -0.070566,
        "nauc_map_at_2_diff1": -0.205796,
        "nauc_map_at_3_max": -0.415079,
        "nauc_map_at_3_std": -0.070566,
        "nauc_map_at_3_diff1": -0.205796,
        "nauc_map_at_5_max": -0.426339,
        "nauc_map_at_5_std": -0.176358,
        "nauc_map_at_5_diff1": -0.16368,
        "nauc_map_at_10_max": -0.368473,
        "nauc_map_at_10_std": -0.217493,
        "nauc_map_at_10_diff1": -0.149102,
        "nauc_map_at_20_max": -0.374602,
        "nauc_map_at_20_std": -0.235386,
        "nauc_map_at_20_diff1": -0.173913,
        "nauc_map_at_100_max": -0.290428,
        "nauc_map_at_100_std": -0.181019,
        "nauc_map_at_100_diff1": -0.135846,
        "nauc_map_at_1000_max": -0.273213,
        "nauc_map_at_1000_std": -0.172954,
        "nauc_map_at_1000_diff1": -0.118382,
        "nauc_recall_at_1_max": NaN,
        "nauc_recall_at_1_std": NaN,
        "nauc_recall_at_1_diff1": NaN,
        "nauc_recall_at_2_max": -0.415079,
        "nauc_recall_at_2_std": -0.070566,
        "nauc_recall_at_2_diff1": -0.205796,
        "nauc_recall_at_3_max": -0.415079,
        "nauc_recall_at_3_std": -0.070566,
        "nauc_recall_at_3_diff1": -0.205796,
        "nauc_recall_at_5_max": -0.430843,
        "nauc_recall_at_5_std": -0.218675,
        "nauc_recall_at_5_diff1": -0.146834,
        "nauc_recall_at_10_max": -0.32904,
        "nauc_recall_at_10_std": -0.27587,
        "nauc_recall_at_10_diff1": -0.12718,
        "nauc_recall_at_20_max": -0.361115,
        "nauc_recall_at_20_std": -0.321237,
        "nauc_recall_at_20_diff1": -0.20972,
        "nauc_recall_at_100_max": -0.162752,
        "nauc_recall_at_100_std": -0.139498,
        "nauc_recall_at_100_diff1": -0.074249,
        "nauc_recall_at_1000_max": -0.13654,
        "nauc_recall_at_1000_std": -0.122326,
        "nauc_recall_at_1000_diff1": -0.02667,
        "nauc_precision_at_1_max": NaN,
        "nauc_precision_at_1_std": NaN,
        "nauc_precision_at_1_diff1": NaN,
        "nauc_precision_at_2_max": -0.415079,
        "nauc_precision_at_2_std": -0.070566,
        "nauc_precision_at_2_diff1": -0.205796,
        "nauc_precision_at_3_max": -0.415079,
        "nauc_precision_at_3_std": -0.070566,
        "nauc_precision_at_3_diff1": -0.205796,
        "nauc_precision_at_5_max": -0.430843,
        "nauc_precision_at_5_std": -0.218675,
        "nauc_precision_at_5_diff1": -0.146834,
        "nauc_precision_at_10_max": -0.32904,
        "nauc_precision_at_10_std": -0.27587,
        "nauc_precision_at_10_diff1": -0.12718,
        "nauc_precision_at_20_max": -0.361115,
        "nauc_precision_at_20_std": -0.321237,
        "nauc_precision_at_20_diff1": -0.20972,
        "nauc_precision_at_100_max": -0.162752,
        "nauc_precision_at_100_std": -0.139498,
        "nauc_precision_at_100_diff1": -0.074249,
        "nauc_precision_at_1000_max": -0.13654,
        "nauc_precision_at_1000_std": -0.122326,
        "nauc_precision_at_1000_diff1": -0.02667,
        "nauc_mrr_at_1_max": NaN,
        "nauc_mrr_at_1_std": NaN,
        "nauc_mrr_at_1_diff1": NaN,
        "nauc_mrr_at_2_max": -0.415079,
        "nauc_mrr_at_2_std": -0.070566,
        "nauc_mrr_at_2_diff1": -0.205796,
        "nauc_mrr_at_3_max": -0.415079,
        "nauc_mrr_at_3_std": -0.070566,
        "nauc_mrr_at_3_diff1": -0.205796,
        "nauc_mrr_at_5_max": -0.430843,
        "nauc_mrr_at_5_std": -0.218675,
        "nauc_mrr_at_5_diff1": -0.146834,
        "nauc_mrr_at_10_max": -0.354491,
        "nauc_mrr_at_10_std": -0.261571,
        "nauc_mrr_at_10_diff1": -0.132094,
        "nauc_mrr_at_20_max": -0.363661,
        "nauc_mrr_at_20_std": -0.279938,
        "nauc_mrr_at_20_diff1": -0.165295,
        "nauc_mrr_at_100_max": -0.265075,
        "nauc_mrr_at_100_std": -0.203483,
        "nauc_mrr_at_100_diff1": -0.121619,
        "nauc_mrr_at_1000_max": -0.248286,
        "nauc_mrr_at_1000_std": -0.185938,
        "nauc_mrr_at_1000_diff1": -0.100326,
        "hit_rate_at_1": 0.0,
        "hit_rate_at_2": 0.001,
        "hit_rate_at_3": 0.001,
        "hit_rate_at_5": 0.003,
        "hit_rate_at_10": 0.005,
        "hit_rate_at_20": 0.007,
        "hit_rate_at_100": 0.032,
        "hit_rate_at_1000": 0.153,
        "main_score": 0.0005,
        "hf_subset": "default",
        "languages": [
          "eng-Latn"
        ]
      }
    ]
  },
  "evaluation_time": 876.2579953670502,
  "kg_co2_emissions": null,
  "date": null
}