{
  "dataset_revision": "local",
  "task_name": "MultiEupV2LV",
  "mteb_version": "2.12.30",
  "scores": {
    "test": [
      {
        "ndcg_at_1": 0.63636,
        "ndcg_at_3": 0.70047,
        "ndcg_at_5": 0.72112,
        "ndcg_at_10": 0.74456,
        "ndcg_at_20": 0.75167,
        "ndcg_at_100": 0.76487,
        "ndcg_at_1000": 0.77111,
        "map_at_1": 0.5987,
        "map_at_3": 0.67879,
        "map_at_5": 0.6934,
        "map_at_10": 0.70372,
        "map_at_20": 0.70587,
        "map_at_100": 0.70749,
        "map_at_1000": 0.70789,
        "recall_at_1": 0.5987,
        "recall_at_3": 0.74156,
        "recall_at_5": 0.78939,
        "recall_at_10": 0.85909,
        "recall_at_20": 0.88636,
        "recall_at_100": 0.95996,
        "recall_at_1000": 1.0,
        "accuracy": 0.5987,
        "precision_at_1": 0.63636,
        "precision_at_3": 0.27273,
        "precision_at_5": 0.17662,
        "precision_at_10": 0.0974,
        "precision_at_20": 0.05032,
        "precision_at_100": 0.01084,
        "precision_at_1000": 0.00114,
        "mrr_at_1": 0.636364,
        "mrr_at_3": 0.698052,
        "mrr_at_5": 0.707143,
        "mrr_at_10": 0.715535,
        "mrr_at_20": 0.717365,
        "mrr_at_100": 0.718903,
        "mrr_at_1000": 0.719161,
        "nauc_ndcg_at_1_max": 0.498626,
        "nauc_ndcg_at_1_std": -0.082952,
        "nauc_ndcg_at_1_diff1": 0.814716,
        "nauc_ndcg_at_3_max": 0.526373,
        "nauc_ndcg_at_3_std": -0.077687,
        "nauc_ndcg_at_3_diff1": 0.757329,
        "nauc_ndcg_at_5_max": 0.513663,
        "nauc_ndcg_at_5_std": -0.041449,
        "nauc_ndcg_at_5_diff1": 0.733071,
        "nauc_ndcg_at_10_max": 0.52903,
        "nauc_ndcg_at_10_std": -0.021415,
        "nauc_ndcg_at_10_diff1": 0.752595,
        "nauc_ndcg_at_20_max": 0.533221,
        "nauc_ndcg_at_20_std": -0.014495,
        "nauc_ndcg_at_20_diff1": 0.750606,
        "nauc_ndcg_at_100_max": 0.537478,
        "nauc_ndcg_at_100_std": -0.013125,
        "nauc_ndcg_at_100_diff1": 0.754021,
        "nauc_ndcg_at_1000_max": 0.526092,
        "nauc_ndcg_at_1000_std": -0.034659,
        "nauc_ndcg_at_1000_diff1": 0.75777,
        "nauc_map_at_1_max": 0.416389,
        "nauc_map_at_1_std": -0.177532,
        "nauc_map_at_1_diff1": 0.791594,
        "nauc_map_at_3_max": 0.511529,
        "nauc_map_at_3_std": -0.094429,
        "nauc_map_at_3_diff1": 0.766005,
        "nauc_map_at_5_max": 0.506153,
        "nauc_map_at_5_std": -0.068406,
        "nauc_map_at_5_diff1": 0.751006,
        "nauc_map_at_10_max": 0.513523,
        "nauc_map_at_10_std": -0.058912,
        "nauc_map_at_10_diff1": 0.758611,
        "nauc_map_at_20_max": 0.516041,
        "nauc_map_at_20_std": -0.055397,
        "nauc_map_at_20_diff1": 0.758941,
        "nauc_map_at_100_max": 0.516195,
        "nauc_map_at_100_std": -0.055649,
        "nauc_map_at_100_diff1": 0.759156,
        "nauc_map_at_1000_max": 0.515569,
        "nauc_map_at_1000_std": -0.056809,
        "nauc_map_at_1000_diff1": 0.759461,
        "nauc_recall_at_1_max": 0.416389,
        "nauc_recall_at_1_std": -0.177532,
        "nauc_recall_at_1_diff1": 0.791594,
        "nauc_recall_at_3_max": 0.536363,
        "nauc_recall_at_3_std": -0.082798,
        "nauc_recall_at_3_diff1": 0.711783,
        "nauc_recall_at_5_max": 0.51339,
        "nauc_recall_at_5_std": 0.027381,
        "nauc_recall_at_5_diff1": 0.644199,
        "nauc_recall_at_10_max": 0.578633,
        "nauc_recall_at_10_std": 0.142925,
        "nauc_recall_at_10_diff1": 0.699583,
        "nauc_recall_at_20_max": 0.606732,
        "nauc_recall_at_20_std": 0.205344,
        "nauc_recall_at_20_diff1": 0.670018,
        "nauc_recall_at_100_max": 0.860841,
        "nauc_recall_at_100_std": 0.642842,
        "nauc_recall_at_100_diff1": 0.626577,
        "nauc_recall_at_1000_max": NaN,
        "nauc_recall_at_1000_std": NaN,
        "nauc_recall_at_1000_diff1": NaN,
        "nauc_precision_at_1_max": 0.498626,
        "nauc_precision_at_1_std": -0.082952,
        "nauc_precision_at_1_diff1": 0.814716,
        "nauc_precision_at_3_max": 0.495881,
        "nauc_precision_at_3_std": 0.134149,
        "nauc_precision_at_3_diff1": 0.455009,
        "nauc_precision_at_5_max": 0.398304,
        "nauc_precision_at_5_std": 0.249256,
        "nauc_precision_at_5_diff1": 0.281001,
        "nauc_precision_at_10_max": 0.368986,
        "nauc_precision_at_10_std": 0.37494,
        "nauc_precision_at_10_diff1": 0.173512,
        "nauc_precision_at_20_max": 0.367335,
        "nauc_precision_at_20_std": 0.431867,
        "nauc_precision_at_20_diff1": 0.11596,
        "nauc_precision_at_100_max": 0.3222,
        "nauc_precision_at_100_std": 0.572562,
        "nauc_precision_at_100_diff1": -0.07441,
        "nauc_precision_at_1000_max": 0.100385,
        "nauc_precision_at_1000_std": 0.376666,
        "nauc_precision_at_1000_diff1": -0.198038,
        "nauc_mrr_at_1_max": 0.498626,
        "nauc_mrr_at_1_std": -0.082952,
        "nauc_mrr_at_1_diff1": 0.814716,
        "nauc_mrr_at_3_max": 0.531054,
        "nauc_mrr_at_3_std": -0.056379,
        "nauc_mrr_at_3_diff1": 0.776216,
        "nauc_mrr_at_5_max": 0.526105,
        "nauc_mrr_at_5_std": -0.038575,
        "nauc_mrr_at_5_diff1": 0.767914,
        "nauc_mrr_at_10_max": 0.527177,
        "nauc_mrr_at_10_std": -0.038503,
        "nauc_mrr_at_10_diff1": 0.775646,
        "nauc_mrr_at_20_max": 0.5278,
        "nauc_mrr_at_20_std": -0.037067,
        "nauc_mrr_at_20_diff1": 0.775126,
        "nauc_mrr_at_100_max": 0.527854,
        "nauc_mrr_at_100_std": -0.037574,
        "nauc_mrr_at_100_diff1": 0.775451,
        "nauc_mrr_at_1000_max": 0.527502,
        "nauc_mrr_at_1000_std": -0.038253,
        "nauc_mrr_at_1000_diff1": 0.775517,
        "hit_rate_at_1": 0.63636,
        "hit_rate_at_3": 0.76623,
        "hit_rate_at_5": 0.80519,
        "hit_rate_at_10": 0.87013,
        "hit_rate_at_20": 0.8961,
        "hit_rate_at_100": 0.96753,
        "hit_rate_at_1000": 1.0,
        "main_score": 0.74456,
        "hf_subset": "default",
        "languages": [
          "lav-Latn"
        ]
      }
    ]
  },
  "evaluation_time": 2.426708459854126,
  "kg_co2_emissions": null,
  "date": null
}