{
  "dataset_revision": "1b48911514c80bf9182222d99752ad75e23b4b47",
  "task_name": "R2MEDMedicalSciencesRetrieval",
  "mteb_version": "2.12.22",
  "scores": {
    "test": [
      {
        "ndcg_at_1": 0.21591,
        "ndcg_at_3": 0.28837,
        "ndcg_at_5": 0.30899,
        "ndcg_at_10": 0.35787,
        "ndcg_at_20": 0.38764,
        "ndcg_at_100": 0.44893,
        "ndcg_at_1000": 0.47165,
        "map_at_1": 0.13174,
        "map_at_3": 0.2238,
        "map_at_5": 0.24379,
        "map_at_10": 0.27197,
        "map_at_20": 0.28452,
        "map_at_100": 0.29665,
        "map_at_1000": 0.29826,
        "recall_at_1": 0.13174,
        "recall_at_3": 0.31158,
        "recall_at_5": 0.35938,
        "recall_at_10": 0.48746,
        "recall_at_20": 0.56714,
        "recall_at_100": 0.81265,
        "recall_at_1000": 0.93492,
        "accuracy": 0.13174,
        "precision_at_1": 0.21591,
        "precision_at_3": 0.18939,
        "precision_at_5": 0.15227,
        "precision_at_10": 0.10795,
        "precision_at_20": 0.06875,
        "precision_at_100": 0.02114,
        "precision_at_1000": 0.00258,
        "mrr_at_1": 0.215909,
        "mrr_at_3": 0.337121,
        "mrr_at_5": 0.354167,
        "mrr_at_10": 0.371555,
        "mrr_at_20": 0.374945,
        "mrr_at_100": 0.380123,
        "mrr_at_1000": 0.380292,
        "nauc_ndcg_at_1_max": 0.304788,
        "nauc_ndcg_at_1_std": 0.192417,
        "nauc_ndcg_at_1_diff1": -0.034138,
        "nauc_ndcg_at_3_max": 0.213985,
        "nauc_ndcg_at_3_std": 0.082955,
        "nauc_ndcg_at_3_diff1": -0.040134,
        "nauc_ndcg_at_5_max": 0.209396,
        "nauc_ndcg_at_5_std": 0.083483,
        "nauc_ndcg_at_5_diff1": -0.028921,
        "nauc_ndcg_at_10_max": 0.20638,
        "nauc_ndcg_at_10_std": 0.068451,
        "nauc_ndcg_at_10_diff1": -0.007123,
        "nauc_ndcg_at_20_max": 0.209877,
        "nauc_ndcg_at_20_std": 0.066115,
        "nauc_ndcg_at_20_diff1": -0.000489,
        "nauc_ndcg_at_100_max": 0.276832,
        "nauc_ndcg_at_100_std": 0.134079,
        "nauc_ndcg_at_100_diff1": 0.003292,
        "nauc_ndcg_at_1000_max": 0.266738,
        "nauc_ndcg_at_1000_std": 0.13521,
        "nauc_ndcg_at_1000_diff1": -0.011906,
        "nauc_map_at_1_max": 0.1442,
        "nauc_map_at_1_std": 0.056893,
        "nauc_map_at_1_diff1": 0.031436,
        "nauc_map_at_3_max": 0.165634,
        "nauc_map_at_3_std": 0.049488,
        "nauc_map_at_3_diff1": -0.009663,
        "nauc_map_at_5_max": 0.185661,
        "nauc_map_at_5_std": 0.06123,
        "nauc_map_at_5_diff1": -0.011145,
        "nauc_map_at_10_max": 0.199275,
        "nauc_map_at_10_std": 0.062821,
        "nauc_map_at_10_diff1": -0.015312,
        "nauc_map_at_20_max": 0.201705,
        "nauc_map_at_20_std": 0.063522,
        "nauc_map_at_20_diff1": -0.010503,
        "nauc_map_at_100_max": 0.220952,
        "nauc_map_at_100_std": 0.075714,
        "nauc_map_at_100_diff1": -0.011176,
        "nauc_map_at_1000_max": 0.220627,
        "nauc_map_at_1000_std": 0.076234,
        "nauc_map_at_1000_diff1": -0.011533,
        "nauc_recall_at_1_max": 0.1442,
        "nauc_recall_at_1_std": 0.056893,
        "nauc_recall_at_1_diff1": 0.031436,
        "nauc_recall_at_3_max": 0.116702,
        "nauc_recall_at_3_std": 0.004589,
        "nauc_recall_at_3_diff1": -0.01434,
        "nauc_recall_at_5_max": 0.134126,
        "nauc_recall_at_5_std": 0.02554,
        "nauc_recall_at_5_diff1": -0.010294,
        "nauc_recall_at_10_max": 0.100211,
        "nauc_recall_at_10_std": -0.029333,
        "nauc_recall_at_10_diff1": 0.042232,
        "nauc_recall_at_20_max": 0.09432,
        "nauc_recall_at_20_std": -0.052132,
        "nauc_recall_at_20_diff1": 0.054559,
        "nauc_recall_at_100_max": 0.348357,
        "nauc_recall_at_100_std": 0.199794,
        "nauc_recall_at_100_diff1": 0.187161,
        "nauc_recall_at_1000_max": 0.241106,
        "nauc_recall_at_1000_std": 0.246057,
        "nauc_recall_at_1000_diff1": 0.150166,
        "nauc_precision_at_1_max": 0.304788,
        "nauc_precision_at_1_std": 0.192417,
        "nauc_precision_at_1_diff1": -0.034138,
        "nauc_precision_at_3_max": 0.30807,
        "nauc_precision_at_3_std": 0.186619,
        "nauc_precision_at_3_diff1": -0.061309,
        "nauc_precision_at_5_max": 0.321732,
        "nauc_precision_at_5_std": 0.184234,
        "nauc_precision_at_5_diff1": -0.048273,
        "nauc_precision_at_10_max": 0.350073,
        "nauc_precision_at_10_std": 0.192027,
        "nauc_precision_at_10_diff1": -0.032123,
        "nauc_precision_at_20_max": 0.309757,
        "nauc_precision_at_20_std": 0.169266,
        "nauc_precision_at_20_diff1": 0.009318,
        "nauc_precision_at_100_max": 0.341722,
        "nauc_precision_at_100_std": 0.329989,
        "nauc_precision_at_100_diff1": -0.028948,
        "nauc_precision_at_1000_max": 0.20219,
        "nauc_precision_at_1000_std": 0.251891,
        "nauc_precision_at_1000_diff1": -0.087544,
        "nauc_mrr_at_1_max": 0.304788,
        "nauc_mrr_at_1_std": 0.192417,
        "nauc_mrr_at_1_diff1": -0.034138,
        "nauc_mrr_at_3_max": 0.275974,
        "nauc_mrr_at_3_std": 0.151963,
        "nauc_mrr_at_3_diff1": -0.045181,
        "nauc_mrr_at_5_max": 0.259845,
        "nauc_mrr_at_5_std": 0.15342,
        "nauc_mrr_at_5_diff1": -0.06135,
        "nauc_mrr_at_10_max": 0.271107,
        "nauc_mrr_at_10_std": 0.143499,
        "nauc_mrr_at_10_diff1": -0.038799,
        "nauc_mrr_at_20_max": 0.273689,
        "nauc_mrr_at_20_std": 0.146139,
        "nauc_mrr_at_20_diff1": -0.042066,
        "nauc_mrr_at_100_max": 0.279024,
        "nauc_mrr_at_100_std": 0.151599,
        "nauc_mrr_at_100_diff1": -0.040271,
        "nauc_mrr_at_1000_max": 0.278834,
        "nauc_mrr_at_1000_std": 0.151269,
        "nauc_mrr_at_1000_diff1": -0.040447,
        "hit_rate_at_1": 0.21591,
        "hit_rate_at_3": 0.48864,
        "hit_rate_at_5": 0.55682,
        "hit_rate_at_10": 0.68182,
        "hit_rate_at_20": 0.72727,
        "hit_rate_at_100": 0.92045,
        "hit_rate_at_1000": 0.97727,
        "main_score": 0.35787,
        "hf_subset": "default",
        "languages": [
          "eng-Latn"
        ]
      }
    ]
  },
  "evaluation_time": 563.290961265564,
  "kg_co2_emissions": null,
  "date": null
}