{
  "dataset_revision": "78b585990279cc01a493f876c1b0cf09557fba57",
  "task_name": "R2MEDMedQADiagRetrieval",
  "mteb_version": "2.12.21",
  "scores": {
    "test": [
      {
        "ndcg_at_1": 0.07627,
        "ndcg_at_3": 0.06484,
        "ndcg_at_5": 0.07141,
        "ndcg_at_10": 0.09636,
        "ndcg_at_20": 0.11903,
        "ndcg_at_100": 0.16417,
        "ndcg_at_1000": 0.22386,
        "map_at_1": 0.01837,
        "map_at_3": 0.03827,
        "map_at_5": 0.04836,
        "map_at_10": 0.06231,
        "map_at_20": 0.06839,
        "map_at_100": 0.07536,
        "map_at_1000": 0.07836,
        "recall_at_1": 0.01837,
        "recall_at_3": 0.04495,
        "recall_at_5": 0.07186,
        "recall_at_10": 0.12888,
        "recall_at_20": 0.19111,
        "recall_at_100": 0.35805,
        "recall_at_1000": 0.68686,
        "accuracy": 0.01837,
        "precision_at_1": 0.07627,
        "precision_at_3": 0.0565,
        "precision_at_5": 0.05593,
        "precision_at_10": 0.05085,
        "precision_at_20": 0.03686,
        "precision_at_100": 0.01415,
        "precision_at_1000": 0.00273,
        "mrr_at_1": 0.076271,
        "mrr_at_3": 0.091808,
        "mrr_at_5": 0.105367,
        "mrr_at_10": 0.120679,
        "mrr_at_20": 0.129177,
        "mrr_at_100": 0.133954,
        "mrr_at_1000": 0.135038,
        "nauc_ndcg_at_1_max": 0.173995,
        "nauc_ndcg_at_1_std": 0.142218,
        "nauc_ndcg_at_1_diff1": 0.284996,
        "nauc_ndcg_at_3_max": 0.202661,
        "nauc_ndcg_at_3_std": 0.252749,
        "nauc_ndcg_at_3_diff1": 0.293399,
        "nauc_ndcg_at_5_max": 0.275658,
        "nauc_ndcg_at_5_std": 0.261269,
        "nauc_ndcg_at_5_diff1": 0.252721,
        "nauc_ndcg_at_10_max": 0.296703,
        "nauc_ndcg_at_10_std": 0.266889,
        "nauc_ndcg_at_10_diff1": 0.222592,
        "nauc_ndcg_at_20_max": 0.309994,
        "nauc_ndcg_at_20_std": 0.265491,
        "nauc_ndcg_at_20_diff1": 0.240246,
        "nauc_ndcg_at_100_max": 0.282593,
        "nauc_ndcg_at_100_std": 0.261527,
        "nauc_ndcg_at_100_diff1": 0.22598,
        "nauc_ndcg_at_1000_max": 0.304098,
        "nauc_ndcg_at_1000_std": 0.302152,
        "nauc_ndcg_at_1000_diff1": 0.23486,
        "nauc_map_at_1_max": 0.173388,
        "nauc_map_at_1_std": 0.133121,
        "nauc_map_at_1_diff1": 0.230125,
        "nauc_map_at_3_max": 0.223412,
        "nauc_map_at_3_std": 0.304442,
        "nauc_map_at_3_diff1": 0.30014,
        "nauc_map_at_5_max": 0.27999,
        "nauc_map_at_5_std": 0.320885,
        "nauc_map_at_5_diff1": 0.278397,
        "nauc_map_at_10_max": 0.32252,
        "nauc_map_at_10_std": 0.316342,
        "nauc_map_at_10_diff1": 0.255467,
        "nauc_map_at_20_max": 0.319694,
        "nauc_map_at_20_std": 0.306283,
        "nauc_map_at_20_diff1": 0.25734,
        "nauc_map_at_100_max": 0.307982,
        "nauc_map_at_100_std": 0.298656,
        "nauc_map_at_100_diff1": 0.254705,
        "nauc_map_at_1000_max": 0.306942,
        "nauc_map_at_1000_std": 0.3012,
        "nauc_map_at_1000_diff1": 0.2565,
        "nauc_recall_at_1_max": 0.173388,
        "nauc_recall_at_1_std": 0.133121,
        "nauc_recall_at_1_diff1": 0.230125,
        "nauc_recall_at_3_max": 0.241364,
        "nauc_recall_at_3_std": 0.295265,
        "nauc_recall_at_3_diff1": 0.305986,
        "nauc_recall_at_5_max": 0.340155,
        "nauc_recall_at_5_std": 0.310166,
        "nauc_recall_at_5_diff1": 0.222898,
        "nauc_recall_at_10_max": 0.324134,
        "nauc_recall_at_10_std": 0.281434,
        "nauc_recall_at_10_diff1": 0.211645,
        "nauc_recall_at_20_max": 0.335441,
        "nauc_recall_at_20_std": 0.259654,
        "nauc_recall_at_20_diff1": 0.248904,
        "nauc_recall_at_100_max": 0.272796,
        "nauc_recall_at_100_std": 0.248141,
        "nauc_recall_at_100_diff1": 0.189432,
        "nauc_recall_at_1000_max": 0.369172,
        "nauc_recall_at_1000_std": 0.458749,
        "nauc_recall_at_1000_diff1": 0.164015,
        "nauc_precision_at_1_max": 0.173995,
        "nauc_precision_at_1_std": 0.142218,
        "nauc_precision_at_1_diff1": 0.284996,
        "nauc_precision_at_3_max": 0.219607,
        "nauc_precision_at_3_std": 0.310797,
        "nauc_precision_at_3_diff1": 0.296392,
        "nauc_precision_at_5_max": 0.299846,
        "nauc_precision_at_5_std": 0.298343,
        "nauc_precision_at_5_diff1": 0.240377,
        "nauc_precision_at_10_max": 0.295856,
        "nauc_precision_at_10_std": 0.247468,
        "nauc_precision_at_10_diff1": 0.164906,
        "nauc_precision_at_20_max": 0.307498,
        "nauc_precision_at_20_std": 0.245747,
        "nauc_precision_at_20_diff1": 0.182065,
        "nauc_precision_at_100_max": 0.203192,
        "nauc_precision_at_100_std": 0.212488,
        "nauc_precision_at_100_diff1": 0.152571,
        "nauc_precision_at_1000_max": 0.174155,
        "nauc_precision_at_1000_std": 0.173967,
        "nauc_precision_at_1000_diff1": 0.154898,
        "nauc_mrr_at_1_max": 0.173995,
        "nauc_mrr_at_1_std": 0.142218,
        "nauc_mrr_at_1_diff1": 0.284996,
        "nauc_mrr_at_3_max": 0.169634,
        "nauc_mrr_at_3_std": 0.138708,
        "nauc_mrr_at_3_diff1": 0.280853,
        "nauc_mrr_at_5_max": 0.205967,
        "nauc_mrr_at_5_std": 0.158738,
        "nauc_mrr_at_5_diff1": 0.244363,
        "nauc_mrr_at_10_max": 0.19884,
        "nauc_mrr_at_10_std": 0.163373,
        "nauc_mrr_at_10_diff1": 0.220402,
        "nauc_mrr_at_20_max": 0.210782,
        "nauc_mrr_at_20_std": 0.172261,
        "nauc_mrr_at_20_diff1": 0.230855,
        "nauc_mrr_at_100_max": 0.203831,
        "nauc_mrr_at_100_std": 0.168092,
        "nauc_mrr_at_100_diff1": 0.231059,
        "nauc_mrr_at_1000_max": 0.20439,
        "nauc_mrr_at_1000_std": 0.168021,
        "nauc_mrr_at_1000_diff1": 0.230439,
        "hit_rate_at_1": 0.07627,
        "hit_rate_at_3": 0.11017,
        "hit_rate_at_5": 0.16949,
        "hit_rate_at_10": 0.28814,
        "hit_rate_at_20": 0.41525,
        "hit_rate_at_100": 0.61864,
        "hit_rate_at_1000": 0.88136,
        "main_score": 0.09636,
        "hf_subset": "default",
        "languages": [
          "eng-Latn"
        ]
      }
    ]
  },
  "evaluation_time": 1249.6396484375,
  "kg_co2_emissions": null,
  "date": null
}