{
  "dataset_revision": "fd7df84ac089bbec763b1c6bb1b56e985df5cc5c",
  "task_name": "AutoRAGRetrieval",
  "mteb_version": "2.9.0",
  "scores": {
    "test": [
      {
        "ndcg_at_1": 0.05263,
        "ndcg_at_3": 0.09116,
        "ndcg_at_5": 0.10211,
        "ndcg_at_10": 0.10768,
        "ndcg_at_20": 0.10974,
        "ndcg_at_100": 0.13187,
        "ndcg_at_1000": 0.21811,
        "map_at_1": 0.05263,
        "map_at_3": 0.08041,
        "map_at_5": 0.08655,
        "map_at_10": 0.08878,
        "map_at_20": 0.08926,
        "map_at_100": 0.09211,
        "map_at_1000": 0.09487,
        "recall_at_1": 0.05263,
        "recall_at_3": 0.12281,
        "recall_at_5": 0.14912,
        "recall_at_10": 0.16667,
        "recall_at_20": 0.17544,
        "recall_at_100": 0.29825,
        "recall_at_1000": 1.0,
        "accuracy": 0.05263,
        "precision_at_1": 0.05263,
        "precision_at_3": 0.04094,
        "precision_at_5": 0.02982,
        "precision_at_10": 0.01667,
        "precision_at_20": 0.00877,
        "precision_at_100": 0.00298,
        "precision_at_1000": 0.001,
        "mrr_at_1": 0.052632,
        "mrr_at_3": 0.080409,
        "mrr_at_5": 0.08655,
        "mrr_at_10": 0.088777,
        "mrr_at_20": 0.089265,
        "mrr_at_100": 0.092115,
        "mrr_at_1000": 0.094868,
        "nauc_ndcg_at_1_max": -0.386362,
        "nauc_ndcg_at_1_std": -0.420983,
        "nauc_ndcg_at_1_diff1": 0.419056,
        "nauc_ndcg_at_3_max": -0.295587,
        "nauc_ndcg_at_3_std": -0.330324,
        "nauc_ndcg_at_3_diff1": 0.288592,
        "nauc_ndcg_at_5_max": -0.3119,
        "nauc_ndcg_at_5_std": -0.343988,
        "nauc_ndcg_at_5_diff1": 0.216319,
        "nauc_ndcg_at_10_max": -0.29204,
        "nauc_ndcg_at_10_std": -0.310148,
        "nauc_ndcg_at_10_diff1": 0.185338,
        "nauc_ndcg_at_20_max": -0.289508,
        "nauc_ndcg_at_20_std": -0.303896,
        "nauc_ndcg_at_20_diff1": 0.17245,
        "nauc_ndcg_at_100_max": -0.265665,
        "nauc_ndcg_at_100_std": -0.311152,
        "nauc_ndcg_at_100_diff1": 0.19875,
        "nauc_ndcg_at_1000_max": -0.294402,
        "nauc_ndcg_at_1000_std": -0.323721,
        "nauc_ndcg_at_1000_diff1": 0.212407,
        "nauc_map_at_1_max": -0.386362,
        "nauc_map_at_1_std": -0.420983,
        "nauc_map_at_1_diff1": 0.419056,
        "nauc_map_at_3_max": -0.318849,
        "nauc_map_at_3_std": -0.357335,
        "nauc_map_at_3_diff1": 0.320805,
        "nauc_map_at_5_max": -0.327811,
        "nauc_map_at_5_std": -0.364402,
        "nauc_map_at_5_diff1": 0.271924,
        "nauc_map_at_10_max": -0.319149,
        "nauc_map_at_10_std": -0.349315,
        "nauc_map_at_10_diff1": 0.256543,
        "nauc_map_at_20_max": -0.318336,
        "nauc_map_at_20_std": -0.347413,
        "nauc_map_at_20_diff1": 0.252659,
        "nauc_map_at_100_max": -0.311693,
        "nauc_map_at_100_std": -0.345353,
        "nauc_map_at_100_diff1": 0.254017,
        "nauc_map_at_1000_max": -0.314085,
        "nauc_map_at_1000_std": -0.346531,
        "nauc_map_at_1000_diff1": 0.254614,
        "nauc_recall_at_1_max": -0.386362,
        "nauc_recall_at_1_std": -0.420983,
        "nauc_recall_at_1_diff1": 0.419056,
        "nauc_recall_at_3_max": -0.24755,
        "nauc_recall_at_3_std": -0.273861,
        "nauc_recall_at_3_diff1": 0.222286,
        "nauc_recall_at_5_max": -0.283054,
        "nauc_recall_at_5_std": -0.30591,
        "nauc_recall_at_5_diff1": 0.108096,
        "nauc_recall_at_10_max": -0.239491,
        "nauc_recall_at_10_std": -0.232194,
        "nauc_recall_at_10_diff1": 0.049406,
        "nauc_recall_at_20_max": -0.234348,
        "nauc_recall_at_20_std": -0.217498,
        "nauc_recall_at_20_diff1": 0.018154,
        "nauc_recall_at_100_max": -0.188187,
        "nauc_recall_at_100_std": -0.276518,
        "nauc_recall_at_100_diff1": 0.14765,
        "nauc_recall_at_1000_max": NaN,
        "nauc_recall_at_1000_std": NaN,
        "nauc_recall_at_1000_diff1": NaN,
        "nauc_precision_at_1_max": -0.386362,
        "nauc_precision_at_1_std": -0.420983,
        "nauc_precision_at_1_diff1": 0.419056,
        "nauc_precision_at_3_max": -0.24755,
        "nauc_precision_at_3_std": -0.273861,
        "nauc_precision_at_3_diff1": 0.222286,
        "nauc_precision_at_5_max": -0.283054,
        "nauc_precision_at_5_std": -0.30591,
        "nauc_precision_at_5_diff1": 0.108096,
        "nauc_precision_at_10_max": -0.239491,
        "nauc_precision_at_10_std": -0.232194,
        "nauc_precision_at_10_diff1": 0.049406,
        "nauc_precision_at_20_max": -0.234348,
        "nauc_precision_at_20_std": -0.217498,
        "nauc_precision_at_20_diff1": 0.018154,
        "nauc_precision_at_100_max": -0.188187,
        "nauc_precision_at_100_std": -0.276518,
        "nauc_precision_at_100_diff1": 0.14765,
        "nauc_precision_at_1000_max": 1.0,
        "nauc_precision_at_1000_std": 1.0,
        "nauc_precision_at_1000_diff1": 1.0,
        "nauc_mrr_at_1_max": -0.386362,
        "nauc_mrr_at_1_std": -0.420983,
        "nauc_mrr_at_1_diff1": 0.419056,
        "nauc_mrr_at_3_max": -0.318849,
        "nauc_mrr_at_3_std": -0.357335,
        "nauc_mrr_at_3_diff1": 0.320805,
        "nauc_mrr_at_5_max": -0.327811,
        "nauc_mrr_at_5_std": -0.364402,
        "nauc_mrr_at_5_diff1": 0.271924,
        "nauc_mrr_at_10_max": -0.319149,
        "nauc_mrr_at_10_std": -0.349315,
        "nauc_mrr_at_10_diff1": 0.256543,
        "nauc_mrr_at_20_max": -0.318336,
        "nauc_mrr_at_20_std": -0.347413,
        "nauc_mrr_at_20_diff1": 0.252659,
        "nauc_mrr_at_100_max": -0.311693,
        "nauc_mrr_at_100_std": -0.345353,
        "nauc_mrr_at_100_diff1": 0.254017,
        "nauc_mrr_at_1000_max": -0.314085,
        "nauc_mrr_at_1000_std": -0.346531,
        "nauc_mrr_at_1000_diff1": 0.254614,
        "cv_recall_at_1": 0.05263,
        "cv_recall_at_3": 0.12281,
        "cv_recall_at_5": 0.14912,
        "cv_recall_at_10": 0.16667,
        "cv_recall_at_20": 0.17544,
        "cv_recall_at_100": 0.29825,
        "cv_recall_at_1000": 1.0,
        "main_score": 0.10768,
        "hf_subset": "default",
        "languages": [
          "kor-Hang"
        ]
      }
    ]
  },
  "evaluation_time": 10.574447631835938,
  "kg_co2_emissions": null,
  "date": null
}