{
  "dataset_revision": "0c063eb9b2f3085bbbc48f8d51f21a179254187e",
  "task_name": "BillSumUS",
  "mteb_version": "2.9.0",
  "scores": {
    "test": [
      {
        "ndcg_at_1": 0.968,
        "ndcg_at_3": 0.98336,
        "ndcg_at_5": 0.98336,
        "ndcg_at_10": 0.98407,
        "ndcg_at_20": 0.98407,
        "ndcg_at_100": 0.98476,
        "ndcg_at_1000": 0.98476,
        "map_at_1": 0.968,
        "map_at_3": 0.97967,
        "map_at_5": 0.97967,
        "map_at_10": 0.98,
        "map_at_20": 0.98,
        "map_at_100": 0.98007,
        "map_at_1000": 0.98007,
        "recall_at_1": 0.968,
        "recall_at_3": 0.994,
        "recall_at_5": 0.994,
        "recall_at_10": 0.996,
        "recall_at_20": 0.996,
        "recall_at_100": 1.0,
        "recall_at_1000": 1.0,
        "accuracy": 0.968,
        "precision_at_1": 0.968,
        "precision_at_3": 0.33133,
        "precision_at_5": 0.1988,
        "precision_at_10": 0.0996,
        "precision_at_20": 0.0498,
        "precision_at_100": 0.01,
        "precision_at_1000": 0.001,
        "mrr_at_1": 0.968,
        "mrr_at_3": 0.979667,
        "mrr_at_5": 0.979667,
        "mrr_at_10": 0.98,
        "mrr_at_20": 0.98,
        "mrr_at_100": 0.980075,
        "mrr_at_1000": 0.980075,
        "nauc_ndcg_at_1_max": 0.751867,
        "nauc_ndcg_at_1_std": -0.280666,
        "nauc_ndcg_at_1_diff1": 0.95988,
        "nauc_ndcg_at_3_max": 0.816908,
        "nauc_ndcg_at_3_std": -0.128746,
        "nauc_ndcg_at_3_diff1": 0.922861,
        "nauc_ndcg_at_5_max": 0.816908,
        "nauc_ndcg_at_5_std": -0.128746,
        "nauc_ndcg_at_5_diff1": 0.922861,
        "nauc_ndcg_at_10_max": 0.80872,
        "nauc_ndcg_at_10_std": -0.179222,
        "nauc_ndcg_at_10_diff1": 0.919411,
        "nauc_ndcg_at_20_max": 0.80872,
        "nauc_ndcg_at_20_std": -0.179222,
        "nauc_ndcg_at_20_diff1": 0.919411,
        "nauc_ndcg_at_100_max": 0.800021,
        "nauc_ndcg_at_100_std": -0.182808,
        "nauc_ndcg_at_100_diff1": 0.930675,
        "nauc_ndcg_at_1000_max": 0.800021,
        "nauc_ndcg_at_1000_std": -0.182808,
        "nauc_ndcg_at_1000_diff1": 0.930675,
        "nauc_map_at_1_max": 0.751867,
        "nauc_map_at_1_std": -0.280666,
        "nauc_map_at_1_diff1": 0.95988,
        "nauc_map_at_3_max": 0.797439,
        "nauc_map_at_3_std": -0.172774,
        "nauc_map_at_3_diff1": 0.93686,
        "nauc_map_at_5_max": 0.797439,
        "nauc_map_at_5_std": -0.172774,
        "nauc_map_at_5_diff1": 0.93686,
        "nauc_map_at_10_max": 0.794063,
        "nauc_map_at_10_std": -0.19232,
        "nauc_map_at_10_diff1": 0.935808,
        "nauc_map_at_20_max": 0.794063,
        "nauc_map_at_20_std": -0.19232,
        "nauc_map_at_20_diff1": 0.935808,
        "nauc_map_at_100_max": 0.793291,
        "nauc_map_at_100_std": -0.192383,
        "nauc_map_at_100_diff1": 0.936882,
        "nauc_map_at_1000_max": 0.793291,
        "nauc_map_at_1000_std": -0.192383,
        "nauc_map_at_1000_diff1": 0.936882,
        "nauc_recall_at_1_max": 0.751867,
        "nauc_recall_at_1_std": -0.280666,
        "nauc_recall_at_1_diff1": 0.95988,
        "nauc_recall_at_3_max": 1.0,
        "nauc_recall_at_3_std": 0.282758,
        "nauc_recall_at_3_diff1": 0.786026,
        "nauc_recall_at_5_max": 1.0,
        "nauc_recall_at_5_std": 0.282758,
        "nauc_recall_at_5_diff1": 0.786026,
        "nauc_recall_at_10_max": 1.0,
        "nauc_recall_at_10_std": -0.075864,
        "nauc_recall_at_10_diff1": 0.679038,
        "nauc_recall_at_20_max": 1.0,
        "nauc_recall_at_20_std": -0.075864,
        "nauc_recall_at_20_diff1": 0.679038,
        "nauc_recall_at_100_max": NaN,
        "nauc_recall_at_100_std": NaN,
        "nauc_recall_at_100_diff1": NaN,
        "nauc_recall_at_1000_max": NaN,
        "nauc_recall_at_1000_std": NaN,
        "nauc_recall_at_1000_diff1": NaN,
        "nauc_precision_at_1_max": 0.751867,
        "nauc_precision_at_1_std": -0.280666,
        "nauc_precision_at_1_diff1": 0.95988,
        "nauc_precision_at_3_max": 1.0,
        "nauc_precision_at_3_std": 0.282758,
        "nauc_precision_at_3_diff1": 0.786026,
        "nauc_precision_at_5_max": 1.0,
        "nauc_precision_at_5_std": 0.282758,
        "nauc_precision_at_5_diff1": 0.786026,
        "nauc_precision_at_10_max": 1.0,
        "nauc_precision_at_10_std": -0.075864,
        "nauc_precision_at_10_diff1": 0.679038,
        "nauc_precision_at_20_max": 1.0,
        "nauc_precision_at_20_std": -0.075864,
        "nauc_precision_at_20_diff1": 0.679038,
        "nauc_precision_at_100_max": 1.0,
        "nauc_precision_at_100_std": 1.0,
        "nauc_precision_at_100_diff1": 1.0,
        "nauc_precision_at_1000_max": 1.0,
        "nauc_precision_at_1000_std": 1.0,
        "nauc_precision_at_1000_diff1": 1.0,
        "nauc_mrr_at_1_max": 0.751867,
        "nauc_mrr_at_1_std": -0.280666,
        "nauc_mrr_at_1_diff1": 0.95988,
        "nauc_mrr_at_3_max": 0.797439,
        "nauc_mrr_at_3_std": -0.172774,
        "nauc_mrr_at_3_diff1": 0.93686,
        "nauc_mrr_at_5_max": 0.797439,
        "nauc_mrr_at_5_std": -0.172774,
        "nauc_mrr_at_5_diff1": 0.93686,
        "nauc_mrr_at_10_max": 0.794063,
        "nauc_mrr_at_10_std": -0.19232,
        "nauc_mrr_at_10_diff1": 0.935808,
        "nauc_mrr_at_20_max": 0.794063,
        "nauc_mrr_at_20_std": -0.19232,
        "nauc_mrr_at_20_diff1": 0.935808,
        "nauc_mrr_at_100_max": 0.793291,
        "nauc_mrr_at_100_std": -0.192383,
        "nauc_mrr_at_100_diff1": 0.936882,
        "nauc_mrr_at_1000_max": 0.793291,
        "nauc_mrr_at_1000_std": -0.192383,
        "nauc_mrr_at_1000_diff1": 0.936882,
        "cv_recall_at_1": 0.968,
        "cv_recall_at_3": 0.994,
        "cv_recall_at_5": 0.994,
        "cv_recall_at_10": 0.996,
        "cv_recall_at_20": 0.996,
        "cv_recall_at_100": 1.0,
        "cv_recall_at_1000": 1.0,
        "main_score": 0.98407,
        "hf_subset": "default",
        "languages": [
          "eng-Latn"
        ]
      }
    ]
  },
  "evaluation_time": 11.551376581192017,
  "kg_co2_emissions": null,
  "date": null
}