{
  "dataset_revision": "5014f29d7fdde6f9073a75b72be53ed73eed60c6",
  "task_name": "BillSumCA",
  "mteb_version": "2.9.0",
  "scores": {
    "test": [
      {
        "ndcg_at_1": 0.818,
        "ndcg_at_3": 0.88221,
        "ndcg_at_5": 0.89297,
        "ndcg_at_10": 0.90015,
        "ndcg_at_20": 0.90112,
        "ndcg_at_100": 0.90494,
        "ndcg_at_1000": 0.9052,
        "map_at_1": 0.818,
        "map_at_3": 0.867,
        "map_at_5": 0.873,
        "map_at_10": 0.87599,
        "map_at_20": 0.87624,
        "map_at_100": 0.8768,
        "map_at_1000": 0.87681,
        "recall_at_1": 0.818,
        "recall_at_3": 0.926,
        "recall_at_5": 0.952,
        "recall_at_10": 0.974,
        "recall_at_20": 0.978,
        "recall_at_100": 0.998,
        "recall_at_1000": 1.0,
        "accuracy": 0.818,
        "precision_at_1": 0.818,
        "precision_at_3": 0.30867,
        "precision_at_5": 0.1904,
        "precision_at_10": 0.0974,
        "precision_at_20": 0.0489,
        "precision_at_100": 0.00998,
        "precision_at_1000": 0.001,
        "mrr_at_1": 0.818,
        "mrr_at_3": 0.865667,
        "mrr_at_5": 0.872667,
        "mrr_at_10": 0.87566,
        "mrr_at_20": 0.875908,
        "mrr_at_100": 0.876467,
        "mrr_at_1000": 0.876478,
        "nauc_ndcg_at_1_max": 0.610787,
        "nauc_ndcg_at_1_std": -0.040051,
        "nauc_ndcg_at_1_diff1": 0.809689,
        "nauc_ndcg_at_3_max": 0.663157,
        "nauc_ndcg_at_3_std": -0.021295,
        "nauc_ndcg_at_3_diff1": 0.792534,
        "nauc_ndcg_at_5_max": 0.671576,
        "nauc_ndcg_at_5_std": 0.006021,
        "nauc_ndcg_at_5_diff1": 0.786814,
        "nauc_ndcg_at_10_max": 0.667473,
        "nauc_ndcg_at_10_std": 0.014289,
        "nauc_ndcg_at_10_diff1": 0.794612,
        "nauc_ndcg_at_20_max": 0.666911,
        "nauc_ndcg_at_20_std": 0.009874,
        "nauc_ndcg_at_20_diff1": 0.794,
        "nauc_ndcg_at_100_max": 0.655715,
        "nauc_ndcg_at_100_std": -0.00546,
        "nauc_ndcg_at_100_diff1": 0.795425,
        "nauc_ndcg_at_1000_max": 0.654708,
        "nauc_ndcg_at_1000_std": -0.008398,
        "nauc_ndcg_at_1000_diff1": 0.795638,
        "nauc_map_at_1_max": 0.610787,
        "nauc_map_at_1_std": -0.040051,
        "nauc_map_at_1_diff1": 0.809689,
        "nauc_map_at_3_max": 0.647768,
        "nauc_map_at_3_std": -0.026417,
        "nauc_map_at_3_diff1": 0.796361,
        "nauc_map_at_5_max": 0.651098,
        "nauc_map_at_5_std": -0.014661,
        "nauc_map_at_5_diff1": 0.793991,
        "nauc_map_at_10_max": 0.649195,
        "nauc_map_at_10_std": -0.0123,
        "nauc_map_at_10_diff1": 0.797196,
        "nauc_map_at_20_max": 0.649041,
        "nauc_map_at_20_std": -0.01338,
        "nauc_map_at_20_diff1": 0.797106,
        "nauc_map_at_100_max": 0.647634,
        "nauc_map_at_100_std": -0.015695,
        "nauc_map_at_100_diff1": 0.797207,
        "nauc_map_at_1000_max": 0.647601,
        "nauc_map_at_1000_std": -0.015788,
        "nauc_map_at_1000_diff1": 0.797214,
        "nauc_recall_at_1_max": 0.610787,
        "nauc_recall_at_1_std": -0.040051,
        "nauc_recall_at_1_diff1": 0.809689,
        "nauc_recall_at_3_max": 0.738587,
        "nauc_recall_at_3_std": 0.003508,
        "nauc_recall_at_3_diff1": 0.774724,
        "nauc_recall_at_5_max": 0.821934,
        "nauc_recall_at_5_std": 0.168028,
        "nauc_recall_at_5_diff1": 0.733913,
        "nauc_recall_at_10_max": 0.902859,
        "nauc_recall_at_10_std": 0.396646,
        "nauc_recall_at_10_diff1": 0.76801,
        "nauc_recall_at_20_max": 0.935702,
        "nauc_recall_at_20_std": 0.39343,
        "nauc_recall_at_20_diff1": 0.751082,
        "nauc_recall_at_100_max": 1.0,
        "nauc_recall_at_100_std": 1.0,
        "nauc_recall_at_100_diff1": 0.722222,
        "nauc_recall_at_1000_max": NaN,
        "nauc_recall_at_1000_std": NaN,
        "nauc_recall_at_1000_diff1": NaN,
        "nauc_precision_at_1_max": 0.610787,
        "nauc_precision_at_1_std": -0.040051,
        "nauc_precision_at_1_diff1": 0.809689,
        "nauc_precision_at_3_max": 0.738587,
        "nauc_precision_at_3_std": 0.003508,
        "nauc_precision_at_3_diff1": 0.774724,
        "nauc_precision_at_5_max": 0.821934,
        "nauc_precision_at_5_std": 0.168028,
        "nauc_precision_at_5_diff1": 0.733913,
        "nauc_precision_at_10_max": 0.902859,
        "nauc_precision_at_10_std": 0.396646,
        "nauc_precision_at_10_diff1": 0.76801,
        "nauc_precision_at_20_max": 0.935702,
        "nauc_precision_at_20_std": 0.39343,
        "nauc_precision_at_20_diff1": 0.751082,
        "nauc_precision_at_100_max": 1.0,
        "nauc_precision_at_100_std": 1.0,
        "nauc_precision_at_100_diff1": 0.722222,
        "nauc_precision_at_1000_max": 1.0,
        "nauc_precision_at_1000_std": 1.0,
        "nauc_precision_at_1000_diff1": 1.0,
        "nauc_mrr_at_1_max": 0.610787,
        "nauc_mrr_at_1_std": -0.040051,
        "nauc_mrr_at_1_diff1": 0.809689,
        "nauc_mrr_at_3_max": 0.647415,
        "nauc_mrr_at_3_std": -0.03603,
        "nauc_mrr_at_3_diff1": 0.789705,
        "nauc_mrr_at_5_max": 0.650996,
        "nauc_mrr_at_5_std": -0.017234,
        "nauc_mrr_at_5_diff1": 0.792238,
        "nauc_mrr_at_10_max": 0.649095,
        "nauc_mrr_at_10_std": -0.014944,
        "nauc_mrr_at_10_diff1": 0.79539,
        "nauc_mrr_at_20_max": 0.648942,
        "nauc_mrr_at_20_std": -0.016028,
        "nauc_mrr_at_20_diff1": 0.795296,
        "nauc_mrr_at_100_max": 0.647538,
        "nauc_mrr_at_100_std": -0.018348,
        "nauc_mrr_at_100_diff1": 0.795388,
        "nauc_mrr_at_1000_max": 0.647505,
        "nauc_mrr_at_1000_std": -0.018441,
        "nauc_mrr_at_1000_diff1": 0.795395,
        "cv_recall_at_1": 0.818,
        "cv_recall_at_3": 0.922,
        "cv_recall_at_5": 0.952,
        "cv_recall_at_10": 0.974,
        "cv_recall_at_20": 0.978,
        "cv_recall_at_100": 0.998,
        "cv_recall_at_1000": 1.0,
        "main_score": 0.90015,
        "hf_subset": "default",
        "languages": [
          "eng-Latn"
        ]
      }
    ]
  },
  "evaluation_time": 13.266329288482666,
  "kg_co2_emissions": null,
  "date": null
}