{
  "dataset_revision": "3d593fde907860102a282b4a6ea7fb1e1f1f83dd",
  "task_name": "BIRCO-Relic",
  "mteb_version": "2.9.0",
  "scores": {
    "test": [
      {
        "ndcg_at_1": 0.04,
        "ndcg_at_3": 0.05762,
        "ndcg_at_5": 0.05762,
        "ndcg_at_10": 0.07795,
        "ndcg_at_20": 0.11052,
        "ndcg_at_100": 0.15455,
        "ndcg_at_1000": 0.19782,
        "map_at_1": 0.04,
        "map_at_3": 0.05333,
        "map_at_5": 0.05333,
        "map_at_10": 0.06226,
        "map_at_20": 0.07107,
        "map_at_100": 0.07689,
        "map_at_1000": 0.07839,
        "recall_at_1": 0.04,
        "recall_at_3": 0.07,
        "recall_at_5": 0.07,
        "recall_at_10": 0.13,
        "recall_at_20": 0.26,
        "recall_at_100": 0.5,
        "recall_at_1000": 0.85,
        "accuracy": 0.04,
        "precision_at_1": 0.04,
        "precision_at_3": 0.02333,
        "precision_at_5": 0.014,
        "precision_at_10": 0.013,
        "precision_at_20": 0.013,
        "precision_at_100": 0.005,
        "precision_at_1000": 0.00085,
        "mrr_at_1": 0.04,
        "mrr_at_3": 0.053333,
        "mrr_at_5": 0.053333,
        "mrr_at_10": 0.062262,
        "mrr_at_20": 0.071066,
        "mrr_at_100": 0.076889,
        "mrr_at_1000": 0.07839,
        "nauc_ndcg_at_1_max": -0.00597,
        "nauc_ndcg_at_1_std": -0.219345,
        "nauc_ndcg_at_1_diff1": 0.186812,
        "nauc_ndcg_at_3_max": -0.095736,
        "nauc_ndcg_at_3_std": -0.202321,
        "nauc_ndcg_at_3_diff1": 0.1337,
        "nauc_ndcg_at_5_max": -0.095736,
        "nauc_ndcg_at_5_std": -0.202321,
        "nauc_ndcg_at_5_diff1": 0.1337,
        "nauc_ndcg_at_10_max": -0.101123,
        "nauc_ndcg_at_10_std": -0.1845,
        "nauc_ndcg_at_10_diff1": 0.0833,
        "nauc_ndcg_at_20_max": -0.083193,
        "nauc_ndcg_at_20_std": -0.132559,
        "nauc_ndcg_at_20_diff1": 0.054986,
        "nauc_ndcg_at_100_max": -0.004179,
        "nauc_ndcg_at_100_std": -0.053933,
        "nauc_ndcg_at_100_diff1": 0.062002,
        "nauc_ndcg_at_1000_max": -0.017283,
        "nauc_ndcg_at_1000_std": -0.072532,
        "nauc_ndcg_at_1000_diff1": 0.111732,
        "nauc_map_at_1_max": -0.00597,
        "nauc_map_at_1_std": -0.219345,
        "nauc_map_at_1_diff1": 0.186812,
        "nauc_map_at_3_max": -0.082062,
        "nauc_map_at_3_std": -0.206525,
        "nauc_map_at_3_diff1": 0.139724,
        "nauc_map_at_5_max": -0.082062,
        "nauc_map_at_5_std": -0.206525,
        "nauc_map_at_5_diff1": 0.139724,
        "nauc_map_at_10_max": -0.085012,
        "nauc_map_at_10_std": -0.199467,
        "nauc_map_at_10_diff1": 0.110295,
        "nauc_map_at_20_max": -0.086012,
        "nauc_map_at_20_std": -0.183422,
        "nauc_map_at_20_diff1": 0.093708,
        "nauc_map_at_100_max": -0.070982,
        "nauc_map_at_100_std": -0.168428,
        "nauc_map_at_100_diff1": 0.094475,
        "nauc_map_at_1000_max": -0.071878,
        "nauc_map_at_1000_std": -0.168648,
        "nauc_map_at_1000_diff1": 0.096995,
        "nauc_recall_at_1_max": -0.00597,
        "nauc_recall_at_1_std": -0.219345,
        "nauc_recall_at_1_diff1": 0.186812,
        "nauc_recall_at_3_max": -0.124995,
        "nauc_recall_at_3_std": -0.192725,
        "nauc_recall_at_3_diff1": 0.121584,
        "nauc_recall_at_5_max": -0.124995,
        "nauc_recall_at_5_std": -0.192725,
        "nauc_recall_at_5_diff1": 0.121584,
        "nauc_recall_at_10_max": -0.12695,
        "nauc_recall_at_10_std": -0.156097,
        "nauc_recall_at_10_diff1": 0.037989,
        "nauc_recall_at_20_max": -0.064786,
        "nauc_recall_at_20_std": -0.05169,
        "nauc_recall_at_20_diff1": 0.008673,
        "nauc_recall_at_100_max": 0.133551,
        "nauc_recall_at_100_std": 0.143718,
        "nauc_recall_at_100_diff1": 0.028035,
        "nauc_recall_at_1000_max": 0.214481,
        "nauc_recall_at_1000_std": 0.222454,
        "nauc_recall_at_1000_diff1": 0.371461,
        "nauc_precision_at_1_max": -0.00597,
        "nauc_precision_at_1_std": -0.219345,
        "nauc_precision_at_1_diff1": 0.186812,
        "nauc_precision_at_3_max": -0.124995,
        "nauc_precision_at_3_std": -0.192725,
        "nauc_precision_at_3_diff1": 0.121584,
        "nauc_precision_at_5_max": -0.124995,
        "nauc_precision_at_5_std": -0.192725,
        "nauc_precision_at_5_diff1": 0.121584,
        "nauc_precision_at_10_max": -0.12695,
        "nauc_precision_at_10_std": -0.156097,
        "nauc_precision_at_10_diff1": 0.037989,
        "nauc_precision_at_20_max": -0.064786,
        "nauc_precision_at_20_std": -0.05169,
        "nauc_precision_at_20_diff1": 0.008673,
        "nauc_precision_at_100_max": 0.133551,
        "nauc_precision_at_100_std": 0.143718,
        "nauc_precision_at_100_diff1": 0.028035,
        "nauc_precision_at_1000_max": 0.214481,
        "nauc_precision_at_1000_std": 0.222454,
        "nauc_precision_at_1000_diff1": 0.371461,
        "nauc_mrr_at_1_max": -0.00597,
        "nauc_mrr_at_1_std": -0.219345,
        "nauc_mrr_at_1_diff1": 0.186812,
        "nauc_mrr_at_3_max": -0.082062,
        "nauc_mrr_at_3_std": -0.206525,
        "nauc_mrr_at_3_diff1": 0.139724,
        "nauc_mrr_at_5_max": -0.082062,
        "nauc_mrr_at_5_std": -0.206525,
        "nauc_mrr_at_5_diff1": 0.139724,
        "nauc_mrr_at_10_max": -0.085012,
        "nauc_mrr_at_10_std": -0.199467,
        "nauc_mrr_at_10_diff1": 0.110295,
        "nauc_mrr_at_20_max": -0.086012,
        "nauc_mrr_at_20_std": -0.183422,
        "nauc_mrr_at_20_diff1": 0.093708,
        "nauc_mrr_at_100_max": -0.070982,
        "nauc_mrr_at_100_std": -0.168428,
        "nauc_mrr_at_100_diff1": 0.094475,
        "nauc_mrr_at_1000_max": -0.071878,
        "nauc_mrr_at_1000_std": -0.168648,
        "nauc_mrr_at_1000_diff1": 0.096995,
        "cv_recall_at_1": 0.04,
        "cv_recall_at_3": 0.07,
        "cv_recall_at_5": 0.07,
        "cv_recall_at_10": 0.13,
        "cv_recall_at_20": 0.26,
        "cv_recall_at_100": 0.5,
        "cv_recall_at_1000": 0.85,
        "main_score": 0.07795,
        "hf_subset": "default",
        "languages": [
          "eng-Latn"
        ]
      }
    ]
  },
  "evaluation_time": 16.629798412322998,
  "kg_co2_emissions": null,
  "date": null
}