{
  "dataset_revision": "50c2986fedffa33b38afd5c1752026f8e9e5ed1d",
  "task_name": "ChatDoctorRetrieval",
  "mteb_version": "2.9.0",
  "scores": {
    "test": [
      {
        "ndcg_at_1": 0.32785,
        "ndcg_at_3": 0.39449,
        "ndcg_at_5": 0.41593,
        "ndcg_at_10": 0.4384,
        "ndcg_at_20": 0.45646,
        "ndcg_at_100": 0.48766,
        "ndcg_at_1000": 0.50703,
        "map_at_1": 0.32785,
        "map_at_3": 0.3782,
        "map_at_5": 0.3901,
        "map_at_10": 0.39935,
        "map_at_20": 0.40434,
        "map_at_100": 0.4086,
        "map_at_1000": 0.40928,
        "recall_at_1": 0.32785,
        "recall_at_3": 0.4416,
        "recall_at_5": 0.49365,
        "recall_at_10": 0.56323,
        "recall_at_20": 0.63441,
        "recall_at_100": 0.80361,
        "recall_at_1000": 0.9585,
        "accuracy": 0.32785,
        "precision_at_1": 0.32785,
        "precision_at_3": 0.1472,
        "precision_at_5": 0.09873,
        "precision_at_10": 0.05632,
        "precision_at_20": 0.03172,
        "precision_at_100": 0.00804,
        "precision_at_1000": 0.00096,
        "mrr_at_1": 0.327848,
        "mrr_at_3": 0.378227,
        "mrr_at_5": 0.39013,
        "mrr_at_10": 0.399384,
        "mrr_at_20": 0.404384,
        "mrr_at_100": 0.408627,
        "mrr_at_1000": 0.409314,
        "nauc_ndcg_at_1_max": 0.402282,
        "nauc_ndcg_at_1_std": -0.024543,
        "nauc_ndcg_at_1_diff1": 0.655884,
        "nauc_ndcg_at_3_max": 0.383251,
        "nauc_ndcg_at_3_std": -0.014252,
        "nauc_ndcg_at_3_diff1": 0.587705,
        "nauc_ndcg_at_5_max": 0.37754,
        "nauc_ndcg_at_5_std": -0.010092,
        "nauc_ndcg_at_5_diff1": 0.571523,
        "nauc_ndcg_at_10_max": 0.37353,
        "nauc_ndcg_at_10_std": -0.000396,
        "nauc_ndcg_at_10_diff1": 0.562419,
        "nauc_ndcg_at_20_max": 0.370992,
        "nauc_ndcg_at_20_std": 0.007769,
        "nauc_ndcg_at_20_diff1": 0.558098,
        "nauc_ndcg_at_100_max": 0.373201,
        "nauc_ndcg_at_100_std": 0.014601,
        "nauc_ndcg_at_100_diff1": 0.559853,
        "nauc_ndcg_at_1000_max": 0.37698,
        "nauc_ndcg_at_1000_std": 0.008832,
        "nauc_ndcg_at_1000_diff1": 0.570222,
        "nauc_map_at_1_max": 0.402282,
        "nauc_map_at_1_std": -0.024543,
        "nauc_map_at_1_diff1": 0.655884,
        "nauc_map_at_3_max": 0.387798,
        "nauc_map_at_3_std": -0.016241,
        "nauc_map_at_3_diff1": 0.603246,
        "nauc_map_at_5_max": 0.384746,
        "nauc_map_at_5_std": -0.013948,
        "nauc_map_at_5_diff1": 0.594314,
        "nauc_map_at_10_max": 0.383079,
        "nauc_map_at_10_std": -0.010088,
        "nauc_map_at_10_diff1": 0.590663,
        "nauc_map_at_20_max": 0.382343,
        "nauc_map_at_20_std": -0.00795,
        "nauc_map_at_20_diff1": 0.589589,
        "nauc_map_at_100_max": 0.382653,
        "nauc_map_at_100_std": -0.007091,
        "nauc_map_at_100_diff1": 0.589902,
        "nauc_map_at_1000_max": 0.382774,
        "nauc_map_at_1000_std": -0.007232,
        "nauc_map_at_1000_diff1": 0.59021,
        "nauc_recall_at_1_max": 0.402282,
        "nauc_recall_at_1_std": -0.024543,
        "nauc_recall_at_1_diff1": 0.655884,
        "nauc_recall_at_3_max": 0.370229,
        "nauc_recall_at_3_std": -0.008747,
        "nauc_recall_at_3_diff1": 0.543495,
        "nauc_recall_at_5_max": 0.355663,
        "nauc_recall_at_5_std": 0.001523,
        "nauc_recall_at_5_diff1": 0.503325,
        "nauc_recall_at_10_max": 0.341583,
        "nauc_recall_at_10_std": 0.034283,
        "nauc_recall_at_10_diff1": 0.4696,
        "nauc_recall_at_20_max": 0.32772,
        "nauc_recall_at_20_std": 0.074697,
        "nauc_recall_at_20_diff1": 0.440886,
        "nauc_recall_at_100_max": 0.323002,
        "nauc_recall_at_100_std": 0.175539,
        "nauc_recall_at_100_diff1": 0.390101,
        "nauc_recall_at_1000_max": 0.376214,
        "nauc_recall_at_1000_std": 0.359852,
        "nauc_recall_at_1000_diff1": 0.438977,
        "nauc_precision_at_1_max": 0.402282,
        "nauc_precision_at_1_std": -0.024543,
        "nauc_precision_at_1_diff1": 0.655884,
        "nauc_precision_at_3_max": 0.370229,
        "nauc_precision_at_3_std": -0.008747,
        "nauc_precision_at_3_diff1": 0.543495,
        "nauc_precision_at_5_max": 0.355663,
        "nauc_precision_at_5_std": 0.001523,
        "nauc_precision_at_5_diff1": 0.503325,
        "nauc_precision_at_10_max": 0.341583,
        "nauc_precision_at_10_std": 0.034283,
        "nauc_precision_at_10_diff1": 0.4696,
        "nauc_precision_at_20_max": 0.32772,
        "nauc_precision_at_20_std": 0.074697,
        "nauc_precision_at_20_diff1": 0.440886,
        "nauc_precision_at_100_max": 0.323002,
        "nauc_precision_at_100_std": 0.175539,
        "nauc_precision_at_100_diff1": 0.390101,
        "nauc_precision_at_1000_max": 0.376214,
        "nauc_precision_at_1000_std": 0.359852,
        "nauc_precision_at_1000_diff1": 0.438977,
        "nauc_mrr_at_1_max": 0.402282,
        "nauc_mrr_at_1_std": -0.024543,
        "nauc_mrr_at_1_diff1": 0.655884,
        "nauc_mrr_at_3_max": 0.387816,
        "nauc_mrr_at_3_std": -0.016194,
        "nauc_mrr_at_3_diff1": 0.603191,
        "nauc_mrr_at_5_max": 0.384764,
        "nauc_mrr_at_5_std": -0.013901,
        "nauc_mrr_at_5_diff1": 0.594259,
        "nauc_mrr_at_10_max": 0.383098,
        "nauc_mrr_at_10_std": -0.01004,
        "nauc_mrr_at_10_diff1": 0.590608,
        "nauc_mrr_at_20_max": 0.382364,
        "nauc_mrr_at_20_std": -0.007873,
        "nauc_mrr_at_20_diff1": 0.589533,
        "nauc_mrr_at_100_max": 0.382672,
        "nauc_mrr_at_100_std": -0.007041,
        "nauc_mrr_at_100_diff1": 0.589846,
        "nauc_mrr_at_1000_max": 0.382793,
        "nauc_mrr_at_1000_std": -0.007182,
        "nauc_mrr_at_1000_diff1": 0.590154,
        "cv_recall_at_1": 0.32785,
        "cv_recall_at_3": 0.4416,
        "cv_recall_at_5": 0.49365,
        "cv_recall_at_10": 0.56323,
        "cv_recall_at_20": 0.63459,
        "cv_recall_at_100": 0.80361,
        "cv_recall_at_1000": 0.9585,
        "main_score": 0.4384,
        "hf_subset": "default",
        "languages": [
          "eng-Latn"
        ]
      }
    ]
  },
  "evaluation_time": 50.56253385543823,
  "kg_co2_emissions": null,
  "date": null
}