{
  "dataset_revision": "5377aa18f309ec440ff6325a4c2cd3362c2cb8d7",
  "task_name": "ChemRxivRetrieval",
  "mteb_version": "2.9.0",
  "scores": {
    "test": [
      {
        "ndcg_at_1": 0.6362,
        "ndcg_at_3": 0.7368,
        "ndcg_at_5": 0.75812,
        "ndcg_at_10": 0.77227,
        "ndcg_at_20": 0.78049,
        "ndcg_at_100": 0.78769,
        "ndcg_at_1000": 0.7906,
        "map_at_1": 0.6362,
        "map_at_3": 0.71267,
        "map_at_5": 0.72454,
        "map_at_10": 0.73044,
        "map_at_20": 0.73273,
        "map_at_100": 0.73378,
        "map_at_1000": 0.7339,
        "recall_at_1": 0.6362,
        "recall_at_3": 0.8064,
        "recall_at_5": 0.858,
        "recall_at_10": 0.9014,
        "recall_at_20": 0.9336,
        "recall_at_100": 0.9716,
        "recall_at_1000": 0.9942,
        "accuracy": 0.6362,
        "precision_at_1": 0.6362,
        "precision_at_3": 0.2688,
        "precision_at_5": 0.1716,
        "precision_at_10": 0.09014,
        "precision_at_20": 0.04668,
        "precision_at_100": 0.00972,
        "precision_at_1000": 0.00099,
        "mrr_at_1": 0.6366,
        "mrr_at_3": 0.7128,
        "mrr_at_5": 0.72472,
        "mrr_at_10": 0.73062,
        "mrr_at_20": 0.732919,
        "mrr_at_100": 0.733969,
        "mrr_at_1000": 0.734086,
        "nauc_ndcg_at_1_max": 0.42759,
        "nauc_ndcg_at_1_std": -0.124263,
        "nauc_ndcg_at_1_diff1": 0.717795,
        "nauc_ndcg_at_3_max": 0.462236,
        "nauc_ndcg_at_3_std": -0.098129,
        "nauc_ndcg_at_3_diff1": 0.673948,
        "nauc_ndcg_at_5_max": 0.4696,
        "nauc_ndcg_at_5_std": -0.087318,
        "nauc_ndcg_at_5_diff1": 0.676024,
        "nauc_ndcg_at_10_max": 0.46773,
        "nauc_ndcg_at_10_std": -0.08625,
        "nauc_ndcg_at_10_diff1": 0.677346,
        "nauc_ndcg_at_20_max": 0.470032,
        "nauc_ndcg_at_20_std": -0.078758,
        "nauc_ndcg_at_20_diff1": 0.679667,
        "nauc_ndcg_at_100_max": 0.466091,
        "nauc_ndcg_at_100_std": -0.083547,
        "nauc_ndcg_at_100_diff1": 0.683663,
        "nauc_ndcg_at_1000_max": 0.462502,
        "nauc_ndcg_at_1000_std": -0.088329,
        "nauc_ndcg_at_1000_diff1": 0.684401,
        "nauc_map_at_1_max": 0.42759,
        "nauc_map_at_1_std": -0.124263,
        "nauc_map_at_1_diff1": 0.717795,
        "nauc_map_at_3_max": 0.45142,
        "nauc_map_at_3_std": -0.106737,
        "nauc_map_at_3_diff1": 0.684756,
        "nauc_map_at_5_max": 0.454666,
        "nauc_map_at_5_std": -0.101796,
        "nauc_map_at_5_diff1": 0.686223,
        "nauc_map_at_10_max": 0.45376,
        "nauc_map_at_10_std": -0.101636,
        "nauc_map_at_10_diff1": 0.687096,
        "nauc_map_at_20_max": 0.4543,
        "nauc_map_at_20_std": -0.099944,
        "nauc_map_at_20_diff1": 0.687757,
        "nauc_map_at_100_max": 0.453797,
        "nauc_map_at_100_std": -0.100496,
        "nauc_map_at_100_diff1": 0.688345,
        "nauc_map_at_1000_max": 0.453691,
        "nauc_map_at_1000_std": -0.100628,
        "nauc_map_at_1000_diff1": 0.688375,
        "nauc_recall_at_1_max": 0.42759,
        "nauc_recall_at_1_std": -0.124263,
        "nauc_recall_at_1_diff1": 0.717795,
        "nauc_recall_at_3_max": 0.504701,
        "nauc_recall_at_3_std": -0.064103,
        "nauc_recall_at_3_diff1": 0.63301,
        "nauc_recall_at_5_max": 0.545657,
        "nauc_recall_at_5_std": -0.012241,
        "nauc_recall_at_5_diff1": 0.627593,
        "nauc_recall_at_10_max": 0.562207,
        "nauc_recall_at_10_std": 0.021985,
        "nauc_recall_at_10_diff1": 0.615104,
        "nauc_recall_at_20_max": 0.629975,
        "nauc_recall_at_20_std": 0.155302,
        "nauc_recall_at_20_diff1": 0.610225,
        "nauc_recall_at_100_max": 0.708651,
        "nauc_recall_at_100_std": 0.295699,
        "nauc_recall_at_100_diff1": 0.644419,
        "nauc_recall_at_1000_max": 0.765092,
        "nauc_recall_at_1000_std": 0.571799,
        "nauc_recall_at_1000_diff1": 0.657555,
        "nauc_precision_at_1_max": 0.42759,
        "nauc_precision_at_1_std": -0.124263,
        "nauc_precision_at_1_diff1": 0.717795,
        "nauc_precision_at_3_max": 0.504701,
        "nauc_precision_at_3_std": -0.064103,
        "nauc_precision_at_3_diff1": 0.63301,
        "nauc_precision_at_5_max": 0.545657,
        "nauc_precision_at_5_std": -0.012241,
        "nauc_precision_at_5_diff1": 0.627593,
        "nauc_precision_at_10_max": 0.562207,
        "nauc_precision_at_10_std": 0.021985,
        "nauc_precision_at_10_diff1": 0.615104,
        "nauc_precision_at_20_max": 0.629975,
        "nauc_precision_at_20_std": 0.155302,
        "nauc_precision_at_20_diff1": 0.610225,
        "nauc_precision_at_100_max": 0.708651,
        "nauc_precision_at_100_std": 0.295699,
        "nauc_precision_at_100_diff1": 0.644419,
        "nauc_precision_at_1000_max": 0.765092,
        "nauc_precision_at_1000_std": 0.571799,
        "nauc_precision_at_1000_diff1": 0.657555,
        "nauc_mrr_at_1_max": 0.428318,
        "nauc_mrr_at_1_std": -0.12319,
        "nauc_mrr_at_1_diff1": 0.716976,
        "nauc_mrr_at_3_max": 0.452211,
        "nauc_mrr_at_3_std": -0.106211,
        "nauc_mrr_at_3_diff1": 0.684323,
        "nauc_mrr_at_5_max": 0.455226,
        "nauc_mrr_at_5_std": -0.101145,
        "nauc_mrr_at_5_diff1": 0.685713,
        "nauc_mrr_at_10_max": 0.454332,
        "nauc_mrr_at_10_std": -0.10097,
        "nauc_mrr_at_10_diff1": 0.686575,
        "nauc_mrr_at_20_max": 0.454881,
        "nauc_mrr_at_20_std": -0.099262,
        "nauc_mrr_at_20_diff1": 0.687229,
        "nauc_mrr_at_100_max": 0.454382,
        "nauc_mrr_at_100_std": -0.099811,
        "nauc_mrr_at_100_diff1": 0.687815,
        "nauc_mrr_at_1000_max": 0.454276,
        "nauc_mrr_at_1000_std": -0.099942,
        "nauc_mrr_at_1000_diff1": 0.687844,
        "cv_recall_at_1": 0.6366,
        "cv_recall_at_3": 0.8062,
        "cv_recall_at_5": 0.858,
        "cv_recall_at_10": 0.9014,
        "cv_recall_at_20": 0.9336,
        "cv_recall_at_100": 0.9716,
        "cv_recall_at_1000": 0.9942,
        "main_score": 0.77227,
        "hf_subset": "default",
        "languages": [
          "eng-Latn"
        ]
      }
    ]
  },
  "evaluation_time": 532.6546170711517,
  "kg_co2_emissions": null,
  "date": null
}