{
  "dataset_revision": "f41e1fefa91ccb25964afb24e193d1e2a14bb4a3",
  "task_name": "CQADupstack-Unix-PL",
  "mteb_version": "2.9.0",
  "scores": {
    "test": [
      {
        "ndcg_at_1": 0.07929,
        "ndcg_at_3": 0.08721,
        "ndcg_at_5": 0.09516,
        "ndcg_at_10": 0.10745,
        "ndcg_at_20": 0.11948,
        "ndcg_at_100": 0.13817,
        "ndcg_at_1000": 0.16648,
        "map_at_1": 0.06848,
        "map_at_3": 0.07942,
        "map_at_5": 0.0843,
        "map_at_10": 0.0894,
        "map_at_20": 0.09275,
        "map_at_100": 0.09523,
        "map_at_1000": 0.09618,
        "recall_at_1": 0.06848,
        "recall_at_3": 0.09338,
        "recall_at_5": 0.11328,
        "recall_at_10": 0.15039,
        "recall_at_20": 0.19595,
        "recall_at_100": 0.29069,
        "recall_at_1000": 0.50213,
        "accuracy": 0.06848,
        "precision_at_1": 0.07929,
        "precision_at_3": 0.03731,
        "precision_at_5": 0.02799,
        "precision_at_10": 0.01875,
        "precision_at_20": 0.01227,
        "precision_at_100": 0.00384,
        "precision_at_1000": 0.00071,
        "mrr_at_1": 0.079291,
        "mrr_at_3": 0.093128,
        "mrr_at_5": 0.098585,
        "mrr_at_10": 0.104236,
        "mrr_at_20": 0.107623,
        "mrr_at_100": 0.11016,
        "mrr_at_1000": 0.111067,
        "nauc_ndcg_at_1_max": 0.330546,
        "nauc_ndcg_at_1_std": 0.135967,
        "nauc_ndcg_at_1_diff1": 0.576523,
        "nauc_ndcg_at_3_max": 0.304856,
        "nauc_ndcg_at_3_std": 0.110393,
        "nauc_ndcg_at_3_diff1": 0.515447,
        "nauc_ndcg_at_5_max": 0.288636,
        "nauc_ndcg_at_5_std": 0.113009,
        "nauc_ndcg_at_5_diff1": 0.487402,
        "nauc_ndcg_at_10_max": 0.280738,
        "nauc_ndcg_at_10_std": 0.121812,
        "nauc_ndcg_at_10_diff1": 0.436087,
        "nauc_ndcg_at_20_max": 0.264963,
        "nauc_ndcg_at_20_std": 0.117828,
        "nauc_ndcg_at_20_diff1": 0.41178,
        "nauc_ndcg_at_100_max": 0.258697,
        "nauc_ndcg_at_100_std": 0.135925,
        "nauc_ndcg_at_100_diff1": 0.38888,
        "nauc_ndcg_at_1000_max": 0.280022,
        "nauc_ndcg_at_1000_std": 0.168841,
        "nauc_ndcg_at_1000_diff1": 0.365914,
        "nauc_map_at_1_max": 0.356525,
        "nauc_map_at_1_std": 0.10922,
        "nauc_map_at_1_diff1": 0.622795,
        "nauc_map_at_3_max": 0.319173,
        "nauc_map_at_3_std": 0.103421,
        "nauc_map_at_3_diff1": 0.551152,
        "nauc_map_at_5_max": 0.309422,
        "nauc_map_at_5_std": 0.106463,
        "nauc_map_at_5_diff1": 0.530682,
        "nauc_map_at_10_max": 0.303771,
        "nauc_map_at_10_std": 0.11095,
        "nauc_map_at_10_diff1": 0.504897,
        "nauc_map_at_20_max": 0.29741,
        "nauc_map_at_20_std": 0.110486,
        "nauc_map_at_20_diff1": 0.494843,
        "nauc_map_at_100_max": 0.295387,
        "nauc_map_at_100_std": 0.113499,
        "nauc_map_at_100_diff1": 0.489514,
        "nauc_map_at_1000_max": 0.296073,
        "nauc_map_at_1000_std": 0.114929,
        "nauc_map_at_1000_diff1": 0.488069,
        "nauc_recall_at_1_max": 0.356525,
        "nauc_recall_at_1_std": 0.10922,
        "nauc_recall_at_1_diff1": 0.622795,
        "nauc_recall_at_3_max": 0.292502,
        "nauc_recall_at_3_std": 0.106062,
        "nauc_recall_at_3_diff1": 0.4774,
        "nauc_recall_at_5_max": 0.253027,
        "nauc_recall_at_5_std": 0.107473,
        "nauc_recall_at_5_diff1": 0.413581,
        "nauc_recall_at_10_max": 0.242991,
        "nauc_recall_at_10_std": 0.125217,
        "nauc_recall_at_10_diff1": 0.307318,
        "nauc_recall_at_20_max": 0.205666,
        "nauc_recall_at_20_std": 0.111251,
        "nauc_recall_at_20_diff1": 0.266557,
        "nauc_recall_at_100_max": 0.190474,
        "nauc_recall_at_100_std": 0.16263,
        "nauc_recall_at_100_diff1": 0.218387,
        "nauc_recall_at_1000_max": 0.273911,
        "nauc_recall_at_1000_std": 0.281988,
        "nauc_recall_at_1000_diff1": 0.121178,
        "nauc_precision_at_1_max": 0.330546,
        "nauc_precision_at_1_std": 0.135967,
        "nauc_precision_at_1_diff1": 0.576523,
        "nauc_precision_at_3_max": 0.276339,
        "nauc_precision_at_3_std": 0.127611,
        "nauc_precision_at_3_diff1": 0.437378,
        "nauc_precision_at_5_max": 0.233511,
        "nauc_precision_at_5_std": 0.143924,
        "nauc_precision_at_5_diff1": 0.372829,
        "nauc_precision_at_10_max": 0.219055,
        "nauc_precision_at_10_std": 0.162732,
        "nauc_precision_at_10_diff1": 0.271521,
        "nauc_precision_at_20_max": 0.191667,
        "nauc_precision_at_20_std": 0.152644,
        "nauc_precision_at_20_diff1": 0.226388,
        "nauc_precision_at_100_max": 0.192875,
        "nauc_precision_at_100_std": 0.217383,
        "nauc_precision_at_100_diff1": 0.172374,
        "nauc_precision_at_1000_max": 0.239182,
        "nauc_precision_at_1000_std": 0.330212,
        "nauc_precision_at_1000_diff1": 0.051064,
        "nauc_mrr_at_1_max": 0.330546,
        "nauc_mrr_at_1_std": 0.135967,
        "nauc_mrr_at_1_diff1": 0.576523,
        "nauc_mrr_at_3_max": 0.299424,
        "nauc_mrr_at_3_std": 0.126262,
        "nauc_mrr_at_3_diff1": 0.508224,
        "nauc_mrr_at_5_max": 0.286103,
        "nauc_mrr_at_5_std": 0.129788,
        "nauc_mrr_at_5_diff1": 0.489649,
        "nauc_mrr_at_10_max": 0.283074,
        "nauc_mrr_at_10_std": 0.13288,
        "nauc_mrr_at_10_diff1": 0.463897,
        "nauc_mrr_at_20_max": 0.279714,
        "nauc_mrr_at_20_std": 0.130613,
        "nauc_mrr_at_20_diff1": 0.456057,
        "nauc_mrr_at_100_max": 0.278631,
        "nauc_mrr_at_100_std": 0.13277,
        "nauc_mrr_at_100_diff1": 0.452309,
        "nauc_mrr_at_1000_max": 0.279279,
        "nauc_mrr_at_1000_std": 0.13401,
        "nauc_mrr_at_1000_diff1": 0.451407,
        "cv_recall_at_1": 0.07929,
        "cv_recall_at_3": 0.11101,
        "cv_recall_at_5": 0.13526,
        "cv_recall_at_10": 0.17817,
        "cv_recall_at_20": 0.22761,
        "cv_recall_at_100": 0.33675,
        "cv_recall_at_1000": 0.5625,
        "main_score": 0.10745,
        "hf_subset": "default",
        "languages": [
          "pol-Latn"
        ]
      }
    ]
  },
  "evaluation_time": 431.74588203430176,
  "kg_co2_emissions": null,
  "date": null
}