{
  "dataset_revision": "f8b884697871cb38901139f2435c273135f83a3f",
  "task_name": "CQADupstackUnix-VN",
  "mteb_version": "2.9.0",
  "scores": {
    "test": [
      {
        "ndcg_at_1": 0.06409,
        "ndcg_at_3": 0.07851,
        "ndcg_at_5": 0.08534,
        "ndcg_at_10": 0.09329,
        "ndcg_at_20": 0.1005,
        "ndcg_at_100": 0.11842,
        "ndcg_at_1000": 0.14814,
        "map_at_1": 0.05645,
        "map_at_3": 0.07117,
        "map_at_5": 0.07525,
        "map_at_10": 0.07858,
        "map_at_20": 0.08051,
        "map_at_100": 0.0829,
        "map_at_1000": 0.08386,
        "recall_at_1": 0.05645,
        "recall_at_3": 0.08809,
        "recall_at_5": 0.10563,
        "recall_at_10": 0.12985,
        "recall_at_20": 0.15674,
        "recall_at_100": 0.24683,
        "recall_at_1000": 0.46931,
        "accuracy": 0.05645,
        "precision_at_1": 0.06409,
        "precision_at_3": 0.03386,
        "precision_at_5": 0.02443,
        "precision_at_10": 0.01536,
        "precision_at_20": 0.00955,
        "precision_at_100": 0.00318,
        "precision_at_1000": 0.00067,
        "mrr_at_1": 0.064087,
        "mrr_at_3": 0.081419,
        "mrr_at_5": 0.085409,
        "mrr_at_10": 0.088937,
        "mrr_at_20": 0.091274,
        "mrr_at_100": 0.094084,
        "mrr_at_1000": 0.09504,
        "nauc_ndcg_at_1_max": 0.196934,
        "nauc_ndcg_at_1_std": 0.143778,
        "nauc_ndcg_at_1_diff1": 0.573766,
        "nauc_ndcg_at_3_max": 0.213834,
        "nauc_ndcg_at_3_std": 0.141366,
        "nauc_ndcg_at_3_diff1": 0.431652,
        "nauc_ndcg_at_5_max": 0.186174,
        "nauc_ndcg_at_5_std": 0.133592,
        "nauc_ndcg_at_5_diff1": 0.395375,
        "nauc_ndcg_at_10_max": 0.173874,
        "nauc_ndcg_at_10_std": 0.131293,
        "nauc_ndcg_at_10_diff1": 0.363306,
        "nauc_ndcg_at_20_max": 0.175566,
        "nauc_ndcg_at_20_std": 0.131426,
        "nauc_ndcg_at_20_diff1": 0.361,
        "nauc_ndcg_at_100_max": 0.155255,
        "nauc_ndcg_at_100_std": 0.148508,
        "nauc_ndcg_at_100_diff1": 0.349271,
        "nauc_ndcg_at_1000_max": 0.166072,
        "nauc_ndcg_at_1000_std": 0.166966,
        "nauc_ndcg_at_1000_diff1": 0.3326,
        "nauc_map_at_1_max": 0.217689,
        "nauc_map_at_1_std": 0.119767,
        "nauc_map_at_1_diff1": 0.599273,
        "nauc_map_at_3_max": 0.217259,
        "nauc_map_at_3_std": 0.131716,
        "nauc_map_at_3_diff1": 0.468593,
        "nauc_map_at_5_max": 0.200866,
        "nauc_map_at_5_std": 0.130677,
        "nauc_map_at_5_diff1": 0.443751,
        "nauc_map_at_10_max": 0.195364,
        "nauc_map_at_10_std": 0.130767,
        "nauc_map_at_10_diff1": 0.425763,
        "nauc_map_at_20_max": 0.196171,
        "nauc_map_at_20_std": 0.130715,
        "nauc_map_at_20_diff1": 0.424591,
        "nauc_map_at_100_max": 0.19261,
        "nauc_map_at_100_std": 0.133981,
        "nauc_map_at_100_diff1": 0.421469,
        "nauc_map_at_1000_max": 0.192911,
        "nauc_map_at_1000_std": 0.134826,
        "nauc_map_at_1000_diff1": 0.420903,
        "nauc_recall_at_1_max": 0.217689,
        "nauc_recall_at_1_std": 0.119767,
        "nauc_recall_at_1_diff1": 0.599273,
        "nauc_recall_at_3_max": 0.214733,
        "nauc_recall_at_3_std": 0.142763,
        "nauc_recall_at_3_diff1": 0.376223,
        "nauc_recall_at_5_max": 0.151362,
        "nauc_recall_at_5_std": 0.120219,
        "nauc_recall_at_5_diff1": 0.296282,
        "nauc_recall_at_10_max": 0.122449,
        "nauc_recall_at_10_std": 0.116206,
        "nauc_recall_at_10_diff1": 0.239108,
        "nauc_recall_at_20_max": 0.130149,
        "nauc_recall_at_20_std": 0.11567,
        "nauc_recall_at_20_diff1": 0.246438,
        "nauc_recall_at_100_max": 0.080912,
        "nauc_recall_at_100_std": 0.161772,
        "nauc_recall_at_100_diff1": 0.235166,
        "nauc_recall_at_1000_max": 0.130398,
        "nauc_recall_at_1000_std": 0.220327,
        "nauc_recall_at_1000_diff1": 0.168032,
        "nauc_precision_at_1_max": 0.196934,
        "nauc_precision_at_1_std": 0.143778,
        "nauc_precision_at_1_diff1": 0.573766,
        "nauc_precision_at_3_max": 0.212744,
        "nauc_precision_at_3_std": 0.160085,
        "nauc_precision_at_3_diff1": 0.35437,
        "nauc_precision_at_5_max": 0.160184,
        "nauc_precision_at_5_std": 0.160122,
        "nauc_precision_at_5_diff1": 0.294678,
        "nauc_precision_at_10_max": 0.149262,
        "nauc_precision_at_10_std": 0.15673,
        "nauc_precision_at_10_diff1": 0.233808,
        "nauc_precision_at_20_max": 0.16624,
        "nauc_precision_at_20_std": 0.158323,
        "nauc_precision_at_20_diff1": 0.248238,
        "nauc_precision_at_100_max": 0.090877,
        "nauc_precision_at_100_std": 0.212716,
        "nauc_precision_at_100_diff1": 0.2263,
        "nauc_precision_at_1000_max": 0.10374,
        "nauc_precision_at_1000_std": 0.257535,
        "nauc_precision_at_1000_diff1": 0.108785,
        "nauc_mrr_at_1_max": 0.196934,
        "nauc_mrr_at_1_std": 0.143778,
        "nauc_mrr_at_1_diff1": 0.573766,
        "nauc_mrr_at_3_max": 0.20742,
        "nauc_mrr_at_3_std": 0.15206,
        "nauc_mrr_at_3_diff1": 0.444727,
        "nauc_mrr_at_5_max": 0.190231,
        "nauc_mrr_at_5_std": 0.148407,
        "nauc_mrr_at_5_diff1": 0.42287,
        "nauc_mrr_at_10_max": 0.186203,
        "nauc_mrr_at_10_std": 0.145807,
        "nauc_mrr_at_10_diff1": 0.407663,
        "nauc_mrr_at_20_max": 0.18582,
        "nauc_mrr_at_20_std": 0.146419,
        "nauc_mrr_at_20_diff1": 0.404903,
        "nauc_mrr_at_100_max": 0.18175,
        "nauc_mrr_at_100_std": 0.148738,
        "nauc_mrr_at_100_diff1": 0.401499,
        "nauc_mrr_at_1000_max": 0.182073,
        "nauc_mrr_at_1000_std": 0.149241,
        "nauc_mrr_at_1000_diff1": 0.401156,
        "cv_recall_at_1": 0.06409,
        "cv_recall_at_3": 0.10157,
        "cv_recall_at_5": 0.11971,
        "cv_recall_at_10": 0.14752,
        "cv_recall_at_20": 0.18138,
        "cv_recall_at_100": 0.29504,
        "cv_recall_at_1000": 0.54172,
        "main_score": 0.09329,
        "hf_subset": "default",
        "languages": [
          "vie-Latn"
        ]
      }
    ]
  },
  "evaluation_time": 405.0262176990509,
  "kg_co2_emissions": null,
  "date": null
}