{
  "dataset_revision": "bdd1903ce03153129480bfc14b710e3d612c1efd",
  "task_name": "FinQARetrieval",
  "mteb_version": "2.9.0",
  "scores": {
    "test": [
      {
        "ndcg_at_1": 0.29965,
        "ndcg_at_3": 0.37734,
        "ndcg_at_5": 0.40771,
        "ndcg_at_10": 0.43468,
        "ndcg_at_20": 0.45738,
        "ndcg_at_100": 0.49448,
        "ndcg_at_1000": 0.51032,
        "map_at_1": 0.29965,
        "map_at_3": 0.35779,
        "map_at_5": 0.37462,
        "map_at_10": 0.38591,
        "map_at_20": 0.39215,
        "map_at_100": 0.39727,
        "map_at_1000": 0.39793,
        "recall_at_1": 0.29965,
        "recall_at_3": 0.43409,
        "recall_at_5": 0.50791,
        "recall_at_10": 0.59051,
        "recall_at_20": 0.68014,
        "recall_at_100": 0.88049,
        "recall_at_1000": 1.0,
        "accuracy": 0.29965,
        "precision_at_1": 0.29965,
        "precision_at_3": 0.1447,
        "precision_at_5": 0.10158,
        "precision_at_10": 0.05905,
        "precision_at_20": 0.03401,
        "precision_at_100": 0.0088,
        "precision_at_1000": 0.001,
        "mrr_at_1": 0.299649,
        "mrr_at_3": 0.357791,
        "mrr_at_5": 0.374619,
        "mrr_at_10": 0.385909,
        "mrr_at_20": 0.392154,
        "mrr_at_100": 0.397265,
        "mrr_at_1000": 0.397935,
        "nauc_ndcg_at_1_max": 0.28724,
        "nauc_ndcg_at_1_std": -0.025583,
        "nauc_ndcg_at_1_diff1": 0.495006,
        "nauc_ndcg_at_3_max": 0.291645,
        "nauc_ndcg_at_3_std": 0.008181,
        "nauc_ndcg_at_3_diff1": 0.428783,
        "nauc_ndcg_at_5_max": 0.291758,
        "nauc_ndcg_at_5_std": 0.020468,
        "nauc_ndcg_at_5_diff1": 0.408625,
        "nauc_ndcg_at_10_max": 0.280842,
        "nauc_ndcg_at_10_std": 0.013753,
        "nauc_ndcg_at_10_diff1": 0.397442,
        "nauc_ndcg_at_20_max": 0.274976,
        "nauc_ndcg_at_20_std": 0.012424,
        "nauc_ndcg_at_20_diff1": 0.394139,
        "nauc_ndcg_at_100_max": 0.283349,
        "nauc_ndcg_at_100_std": 0.018458,
        "nauc_ndcg_at_100_diff1": 0.4019,
        "nauc_ndcg_at_1000_max": 0.282977,
        "nauc_ndcg_at_1000_std": 0.010239,
        "nauc_ndcg_at_1000_diff1": 0.412964,
        "nauc_map_at_1_max": 0.28724,
        "nauc_map_at_1_std": -0.025583,
        "nauc_map_at_1_diff1": 0.495006,
        "nauc_map_at_3_max": 0.289437,
        "nauc_map_at_3_std": -0.001834,
        "nauc_map_at_3_diff1": 0.443061,
        "nauc_map_at_5_max": 0.289185,
        "nauc_map_at_5_std": 0.004573,
        "nauc_map_at_5_diff1": 0.432003,
        "nauc_map_at_10_max": 0.284368,
        "nauc_map_at_10_std": 0.001792,
        "nauc_map_at_10_diff1": 0.427541,
        "nauc_map_at_20_max": 0.282484,
        "nauc_map_at_20_std": 0.000999,
        "nauc_map_at_20_diff1": 0.426836,
        "nauc_map_at_100_max": 0.283986,
        "nauc_map_at_100_std": 0.002123,
        "nauc_map_at_100_diff1": 0.427959,
        "nauc_map_at_1000_max": 0.283996,
        "nauc_map_at_1000_std": 0.001824,
        "nauc_map_at_1000_diff1": 0.428462,
        "nauc_recall_at_1_max": 0.28724,
        "nauc_recall_at_1_std": -0.025583,
        "nauc_recall_at_1_diff1": 0.495006,
        "nauc_recall_at_3_max": 0.298375,
        "nauc_recall_at_3_std": 0.03739,
        "nauc_recall_at_3_diff1": 0.388874,
        "nauc_recall_at_5_max": 0.300111,
        "nauc_recall_at_5_std": 0.069693,
        "nauc_recall_at_5_diff1": 0.338354,
        "nauc_recall_at_10_max": 0.266882,
        "nauc_recall_at_10_std": 0.051402,
        "nauc_recall_at_10_diff1": 0.295956,
        "nauc_recall_at_20_max": 0.239813,
        "nauc_recall_at_20_std": 0.05486,
        "nauc_recall_at_20_diff1": 0.263405,
        "nauc_recall_at_100_max": 0.293278,
        "nauc_recall_at_100_std": 0.171607,
        "nauc_recall_at_100_diff1": 0.206358,
        "nauc_recall_at_1000_max": NaN,
        "nauc_recall_at_1000_std": NaN,
        "nauc_recall_at_1000_diff1": NaN,
        "nauc_precision_at_1_max": 0.28724,
        "nauc_precision_at_1_std": -0.025583,
        "nauc_precision_at_1_diff1": 0.495006,
        "nauc_precision_at_3_max": 0.298375,
        "nauc_precision_at_3_std": 0.03739,
        "nauc_precision_at_3_diff1": 0.388874,
        "nauc_precision_at_5_max": 0.300111,
        "nauc_precision_at_5_std": 0.069693,
        "nauc_precision_at_5_diff1": 0.338354,
        "nauc_precision_at_10_max": 0.266882,
        "nauc_precision_at_10_std": 0.051402,
        "nauc_precision_at_10_diff1": 0.295956,
        "nauc_precision_at_20_max": 0.239813,
        "nauc_precision_at_20_std": 0.05486,
        "nauc_precision_at_20_diff1": 0.263405,
        "nauc_precision_at_100_max": 0.293278,
        "nauc_precision_at_100_std": 0.171607,
        "nauc_precision_at_100_diff1": 0.206358,
        "nauc_precision_at_1000_max": 1.0,
        "nauc_precision_at_1000_std": 1.0,
        "nauc_precision_at_1000_diff1": 1.0,
        "nauc_mrr_at_1_max": 0.28724,
        "nauc_mrr_at_1_std": -0.025583,
        "nauc_mrr_at_1_diff1": 0.495006,
        "nauc_mrr_at_3_max": 0.289437,
        "nauc_mrr_at_3_std": -0.001834,
        "nauc_mrr_at_3_diff1": 0.443061,
        "nauc_mrr_at_5_max": 0.289185,
        "nauc_mrr_at_5_std": 0.004573,
        "nauc_mrr_at_5_diff1": 0.432003,
        "nauc_mrr_at_10_max": 0.284368,
        "nauc_mrr_at_10_std": 0.001792,
        "nauc_mrr_at_10_diff1": 0.427541,
        "nauc_mrr_at_20_max": 0.282484,
        "nauc_mrr_at_20_std": 0.000999,
        "nauc_mrr_at_20_diff1": 0.426836,
        "nauc_mrr_at_100_max": 0.283986,
        "nauc_mrr_at_100_std": 0.002123,
        "nauc_mrr_at_100_diff1": 0.427959,
        "nauc_mrr_at_1000_max": 0.283996,
        "nauc_mrr_at_1000_std": 0.001824,
        "nauc_mrr_at_1000_diff1": 0.428462,
        "cv_recall_at_1": 0.29965,
        "cv_recall_at_3": 0.43409,
        "cv_recall_at_5": 0.50791,
        "cv_recall_at_10": 0.59051,
        "cv_recall_at_20": 0.68014,
        "cv_recall_at_100": 0.88049,
        "cv_recall_at_1000": 1.0,
        "main_score": 0.43468,
        "hf_subset": "default",
        "languages": [
          "eng-Latn"
        ]
      }
    ]
  },
  "evaluation_time": 7.39800238609314,
  "kg_co2_emissions": null,
  "date": null
}