{
  "dataset_revision": "4482db2a053706c0aef0ab7bf1878d29bb0295f8",
  "task_name": "GovReport",
  "mteb_version": "2.9.0",
  "scores": {
    "test": [
      {
        "ndcg_at_1": 0.84433,
        "ndcg_at_3": 0.91619,
        "ndcg_at_5": 0.92518,
        "ndcg_at_10": 0.92905,
        "ndcg_at_20": 0.93013,
        "ndcg_at_100": 0.9303,
        "ndcg_at_1000": 0.9303,
        "map_at_1": 0.8433,
        "map_at_3": 0.90017,
        "map_at_5": 0.9052,
        "map_at_10": 0.90692,
        "map_at_20": 0.90724,
        "map_at_100": 0.90725,
        "map_at_1000": 0.90725,
        "recall_at_1": 0.8433,
        "recall_at_3": 0.96186,
        "recall_at_5": 0.98351,
        "recall_at_10": 0.99485,
        "recall_at_20": 0.99897,
        "recall_at_100": 1.0,
        "recall_at_1000": 1.0,
        "accuracy": 0.8433,
        "precision_at_1": 0.84433,
        "precision_at_3": 0.32131,
        "precision_at_5": 0.19732,
        "precision_at_10": 0.09979,
        "precision_at_20": 0.0501,
        "precision_at_100": 0.01003,
        "precision_at_1000": 0.001,
        "mrr_at_1": 0.84433,
        "mrr_at_3": 0.900172,
        "mrr_at_5": 0.90512,
        "mrr_at_10": 0.906843,
        "mrr_at_20": 0.907161,
        "mrr_at_100": 0.907176,
        "mrr_at_1000": 0.907176,
        "nauc_ndcg_at_1_max": 0.468591,
        "nauc_ndcg_at_1_std": -0.172482,
        "nauc_ndcg_at_1_diff1": 0.833129,
        "nauc_ndcg_at_3_max": 0.492073,
        "nauc_ndcg_at_3_std": -0.269363,
        "nauc_ndcg_at_3_diff1": 0.817516,
        "nauc_ndcg_at_5_max": 0.489487,
        "nauc_ndcg_at_5_std": -0.241364,
        "nauc_ndcg_at_5_diff1": 0.817285,
        "nauc_ndcg_at_10_max": 0.488354,
        "nauc_ndcg_at_10_std": -0.208215,
        "nauc_ndcg_at_10_diff1": 0.820531,
        "nauc_ndcg_at_20_max": 0.483162,
        "nauc_ndcg_at_20_std": -0.212705,
        "nauc_ndcg_at_20_diff1": 0.821657,
        "nauc_ndcg_at_100_max": 0.484072,
        "nauc_ndcg_at_100_std": -0.21281,
        "nauc_ndcg_at_100_diff1": 0.821909,
        "nauc_ndcg_at_1000_max": 0.484072,
        "nauc_ndcg_at_1000_std": -0.21281,
        "nauc_ndcg_at_1000_diff1": 0.821909,
        "nauc_map_at_1_max": 0.469508,
        "nauc_map_at_1_std": -0.181431,
        "nauc_map_at_1_diff1": 0.835033,
        "nauc_map_at_3_max": 0.484925,
        "nauc_map_at_3_std": -0.23665,
        "nauc_map_at_3_diff1": 0.821309,
        "nauc_map_at_5_max": 0.483897,
        "nauc_map_at_5_std": -0.221646,
        "nauc_map_at_5_diff1": 0.821282,
        "nauc_map_at_10_max": 0.483788,
        "nauc_map_at_10_std": -0.209038,
        "nauc_map_at_10_diff1": 0.822615,
        "nauc_map_at_20_max": 0.482601,
        "nauc_map_at_20_std": -0.210087,
        "nauc_map_at_20_diff1": 0.822865,
        "nauc_map_at_100_max": 0.482663,
        "nauc_map_at_100_std": -0.210094,
        "nauc_map_at_100_diff1": 0.822882,
        "nauc_map_at_1000_max": 0.482663,
        "nauc_map_at_1000_std": -0.210094,
        "nauc_map_at_1000_diff1": 0.822882,
        "nauc_recall_at_1_max": 0.469508,
        "nauc_recall_at_1_std": -0.181431,
        "nauc_recall_at_1_diff1": 0.835033,
        "nauc_recall_at_3_max": 0.542433,
        "nauc_recall_at_3_std": -0.503949,
        "nauc_recall_at_3_diff1": 0.79201,
        "nauc_recall_at_5_max": 0.570145,
        "nauc_recall_at_5_std": -0.535743,
        "nauc_recall_at_5_diff1": 0.759454,
        "nauc_recall_at_10_max": 0.670028,
        "nauc_recall_at_10_std": 0.015219,
        "nauc_recall_at_10_diff1": 0.744164,
        "nauc_recall_at_20_max": 0.122782,
        "nauc_recall_at_20_std": -0.171335,
        "nauc_recall_at_20_diff1": 0.722222,
        "nauc_recall_at_100_max": NaN,
        "nauc_recall_at_100_std": NaN,
        "nauc_recall_at_100_diff1": NaN,
        "nauc_recall_at_1000_max": NaN,
        "nauc_recall_at_1000_std": NaN,
        "nauc_recall_at_1000_diff1": NaN,
        "nauc_precision_at_1_max": 0.468591,
        "nauc_precision_at_1_std": -0.172482,
        "nauc_precision_at_1_diff1": 0.833129,
        "nauc_precision_at_3_max": 0.469115,
        "nauc_precision_at_3_std": -0.389191,
        "nauc_precision_at_3_diff1": 0.674517,
        "nauc_precision_at_5_max": 0.338019,
        "nauc_precision_at_5_std": -0.241128,
        "nauc_precision_at_5_diff1": 0.431259,
        "nauc_precision_at_10_max": 0.137043,
        "nauc_precision_at_10_std": 0.34553,
        "nauc_precision_at_10_diff1": 0.070531,
        "nauc_precision_at_20_max": -0.293703,
        "nauc_precision_at_20_std": 0.527959,
        "nauc_precision_at_20_diff1": -0.366209,
        "nauc_precision_at_100_max": -0.373491,
        "nauc_precision_at_100_std": 0.661926,
        "nauc_precision_at_100_diff1": -0.574725,
        "nauc_precision_at_1000_max": -0.373491,
        "nauc_precision_at_1000_std": 0.661926,
        "nauc_precision_at_1000_diff1": -0.574725,
        "nauc_mrr_at_1_max": 0.468591,
        "nauc_mrr_at_1_std": -0.172482,
        "nauc_mrr_at_1_diff1": 0.833129,
        "nauc_mrr_at_3_max": 0.484925,
        "nauc_mrr_at_3_std": -0.23665,
        "nauc_mrr_at_3_diff1": 0.821309,
        "nauc_mrr_at_5_max": 0.484223,
        "nauc_mrr_at_5_std": -0.221935,
        "nauc_mrr_at_5_diff1": 0.821433,
        "nauc_mrr_at_10_max": 0.484121,
        "nauc_mrr_at_10_std": -0.209344,
        "nauc_mrr_at_10_diff1": 0.822768,
        "nauc_mrr_at_20_max": 0.482936,
        "nauc_mrr_at_20_std": -0.210393,
        "nauc_mrr_at_20_diff1": 0.823019,
        "nauc_mrr_at_100_max": 0.482999,
        "nauc_mrr_at_100_std": -0.2104,
        "nauc_mrr_at_100_diff1": 0.823036,
        "nauc_mrr_at_1000_max": 0.482999,
        "nauc_mrr_at_1000_std": -0.2104,
        "nauc_mrr_at_1000_diff1": 0.823036,
        "cv_recall_at_1": 0.84433,
        "cv_recall_at_3": 0.96186,
        "cv_recall_at_5": 0.98351,
        "cv_recall_at_10": 0.99485,
        "cv_recall_at_20": 0.99897,
        "cv_recall_at_100": 1.0,
        "cv_recall_at_1000": 1.0,
        "main_score": 0.92905,
        "hf_subset": "default",
        "languages": [
          "eng-Latn"
        ]
      }
    ]
  },
  "evaluation_time": 37.26520848274231,
  "kg_co2_emissions": null,
  "date": null
}