{
  "dataset_revision": "ff4a8f2476ae77476c1912f1f3cb5bb5f2d766d4",
  "task_name": "LIMITSmallRetrieval",
  "mteb_version": "2.9.0",
  "scores": {
    "test": [
      {
        "ndcg_at_1": 0.2,
        "ndcg_at_2": 0.18646,
        "ndcg_at_3": 0.22478,
        "ndcg_at_5": 0.27542,
        "ndcg_at_10": 0.34325,
        "ndcg_at_20": 0.41339,
        "ndcg_at_100": 0.4769,
        "ndcg_at_1000": 0.4769,
        "map_at_1": 0.1,
        "map_at_2": 0.149,
        "map_at_3": 0.175,
        "map_at_5": 0.2055,
        "map_at_10": 0.23789,
        "map_at_20": 0.26283,
        "map_at_100": 0.27902,
        "map_at_1000": 0.27902,
        "recall_at_1": 0.1,
        "recall_at_2": 0.1825,
        "recall_at_3": 0.245,
        "recall_at_5": 0.345,
        "recall_at_10": 0.517,
        "recall_at_20": 0.745,
        "recall_at_100": 1.0,
        "recall_at_1000": 1.0,
        "accuracy": 0.1,
        "precision_at_1": 0.2,
        "precision_at_2": 0.1825,
        "precision_at_3": 0.16333,
        "precision_at_5": 0.138,
        "precision_at_10": 0.1034,
        "precision_at_20": 0.0745,
        "precision_at_100": 0.02,
        "precision_at_1000": 0.002,
        "mrr_at_1": 0.2,
        "mrr_at_2": 0.267,
        "mrr_at_3": 0.298333,
        "mrr_at_5": 0.329233,
        "mrr_at_10": 0.355057,
        "mrr_at_20": 0.367034,
        "mrr_at_100": 0.369818,
        "mrr_at_1000": 0.369818,
        "nauc_ndcg_at_1_max": 0.094667,
        "nauc_ndcg_at_1_std": 0.066288,
        "nauc_ndcg_at_1_diff1": 0.063541,
        "nauc_ndcg_at_2_max": 0.105364,
        "nauc_ndcg_at_2_std": 0.06273,
        "nauc_ndcg_at_2_diff1": 0.06269,
        "nauc_ndcg_at_3_max": 0.101273,
        "nauc_ndcg_at_3_std": 0.060481,
        "nauc_ndcg_at_3_diff1": 0.074437,
        "nauc_ndcg_at_5_max": 0.106828,
        "nauc_ndcg_at_5_std": 0.057878,
        "nauc_ndcg_at_5_diff1": 0.058995,
        "nauc_ndcg_at_10_max": 0.107246,
        "nauc_ndcg_at_10_std": 0.049365,
        "nauc_ndcg_at_10_diff1": 0.063021,
        "nauc_ndcg_at_20_max": 0.092038,
        "nauc_ndcg_at_20_std": 0.041613,
        "nauc_ndcg_at_20_diff1": 0.055335,
        "nauc_ndcg_at_100_max": 0.102835,
        "nauc_ndcg_at_100_std": 0.055727,
        "nauc_ndcg_at_100_diff1": 0.061329,
        "nauc_ndcg_at_1000_max": 0.102835,
        "nauc_ndcg_at_1000_std": 0.055727,
        "nauc_ndcg_at_1000_diff1": 0.061329,
        "nauc_map_at_1_max": 0.094667,
        "nauc_map_at_1_std": 0.066288,
        "nauc_map_at_1_diff1": 0.063541,
        "nauc_map_at_2_max": 0.112763,
        "nauc_map_at_2_std": 0.072367,
        "nauc_map_at_2_diff1": 0.059194,
        "nauc_map_at_3_max": 0.10888,
        "nauc_map_at_3_std": 0.071522,
        "nauc_map_at_3_diff1": 0.071195,
        "nauc_map_at_5_max": 0.10935,
        "nauc_map_at_5_std": 0.074292,
        "nauc_map_at_5_diff1": 0.063793,
        "nauc_map_at_10_max": 0.113299,
        "nauc_map_at_10_std": 0.071199,
        "nauc_map_at_10_diff1": 0.066196,
        "nauc_map_at_20_max": 0.107564,
        "nauc_map_at_20_std": 0.065248,
        "nauc_map_at_20_diff1": 0.062635,
        "nauc_map_at_100_max": 0.109869,
        "nauc_map_at_100_std": 0.069482,
        "nauc_map_at_100_diff1": 0.063905,
        "nauc_map_at_1000_max": 0.109869,
        "nauc_map_at_1000_std": 0.069482,
        "nauc_map_at_1000_diff1": 0.063905,
        "nauc_recall_at_1_max": 0.094667,
        "nauc_recall_at_1_std": 0.066288,
        "nauc_recall_at_1_diff1": 0.063541,
        "nauc_recall_at_2_max": 0.109829,
        "nauc_recall_at_2_std": 0.061244,
        "nauc_recall_at_2_diff1": 0.062335,
        "nauc_recall_at_3_max": 0.0999,
        "nauc_recall_at_3_std": 0.056191,
        "nauc_recall_at_3_diff1": 0.080367,
        "nauc_recall_at_5_max": 0.103267,
        "nauc_recall_at_5_std": 0.047479,
        "nauc_recall_at_5_diff1": 0.047102,
        "nauc_recall_at_10_max": 0.095776,
        "nauc_recall_at_10_std": 0.025285,
        "nauc_recall_at_10_diff1": 0.05629,
        "nauc_recall_at_20_max": 0.034993,
        "nauc_recall_at_20_std": -0.013125,
        "nauc_recall_at_20_diff1": 0.022855,
        "nauc_recall_at_100_max": NaN,
        "nauc_recall_at_100_std": NaN,
        "nauc_recall_at_100_diff1": NaN,
        "nauc_recall_at_1000_max": NaN,
        "nauc_recall_at_1000_std": NaN,
        "nauc_recall_at_1000_diff1": NaN,
        "nauc_precision_at_1_max": 0.094667,
        "nauc_precision_at_1_std": 0.066288,
        "nauc_precision_at_1_diff1": 0.063541,
        "nauc_precision_at_2_max": 0.109829,
        "nauc_precision_at_2_std": 0.061244,
        "nauc_precision_at_2_diff1": 0.062335,
        "nauc_precision_at_3_max": 0.0999,
        "nauc_precision_at_3_std": 0.056191,
        "nauc_precision_at_3_diff1": 0.080367,
        "nauc_precision_at_5_max": 0.103267,
        "nauc_precision_at_5_std": 0.047479,
        "nauc_precision_at_5_diff1": 0.047102,
        "nauc_precision_at_10_max": 0.095776,
        "nauc_precision_at_10_std": 0.025285,
        "nauc_precision_at_10_diff1": 0.05629,
        "nauc_precision_at_20_max": 0.034993,
        "nauc_precision_at_20_std": -0.013125,
        "nauc_precision_at_20_diff1": 0.022855,
        "nauc_precision_at_100_max": 1.0,
        "nauc_precision_at_100_std": 1.0,
        "nauc_precision_at_100_diff1": 1.0,
        "nauc_precision_at_1000_max": NaN,
        "nauc_precision_at_1000_std": NaN,
        "nauc_precision_at_1000_diff1": NaN,
        "nauc_mrr_at_1_max": 0.094667,
        "nauc_mrr_at_1_std": 0.066288,
        "nauc_mrr_at_1_diff1": 0.063541,
        "nauc_mrr_at_2_max": 0.092711,
        "nauc_mrr_at_2_std": 0.052803,
        "nauc_mrr_at_2_diff1": 0.067094,
        "nauc_mrr_at_3_max": 0.090466,
        "nauc_mrr_at_3_std": 0.049443,
        "nauc_mrr_at_3_diff1": 0.071165,
        "nauc_mrr_at_5_max": 0.097711,
        "nauc_mrr_at_5_std": 0.041826,
        "nauc_mrr_at_5_diff1": 0.059487,
        "nauc_mrr_at_10_max": 0.093424,
        "nauc_mrr_at_10_std": 0.036011,
        "nauc_mrr_at_10_diff1": 0.0579,
        "nauc_mrr_at_20_max": 0.091832,
        "nauc_mrr_at_20_std": 0.040575,
        "nauc_mrr_at_20_diff1": 0.05898,
        "nauc_mrr_at_100_max": 0.092606,
        "nauc_mrr_at_100_std": 0.041584,
        "nauc_mrr_at_100_diff1": 0.059366,
        "nauc_mrr_at_1000_max": 0.092606,
        "nauc_mrr_at_1000_std": 0.041584,
        "nauc_mrr_at_1000_diff1": 0.059366,
        "cv_recall_at_1": 0.2,
        "cv_recall_at_2": 0.334,
        "cv_recall_at_3": 0.428,
        "cv_recall_at_5": 0.562,
        "cv_recall_at_10": 0.756,
        "cv_recall_at_20": 0.928,
        "cv_recall_at_100": 1.0,
        "cv_recall_at_1000": 1.0,
        "main_score": 0.1825,
        "hf_subset": "default",
        "languages": [
          "eng-Latn"
        ]
      }
    ]
  },
  "evaluation_time": 1.536278247833252,
  "kg_co2_emissions": null,
  "date": null
}