{
  "dataset_revision": "309f1d1ae3ae2e092444a8a0c25bed59b82318bc",
  "task_name": "NanoSciFactRetrieval",
  "mteb_version": "2.9.0",
  "scores": {
    "train": [
      {
        "ndcg_at_1": 0.64,
        "ndcg_at_3": 0.65328,
        "ndcg_at_5": 0.65822,
        "ndcg_at_10": 0.71061,
        "ndcg_at_20": 0.71602,
        "ndcg_at_100": 0.72522,
        "ndcg_at_1000": 0.73774,
        "map_at_1": 0.605,
        "map_at_3": 0.63833,
        "map_at_5": 0.64733,
        "map_at_10": 0.67051,
        "map_at_20": 0.67217,
        "map_at_100": 0.67344,
        "map_at_1000": 0.67391,
        "recall_at_1": 0.605,
        "recall_at_3": 0.665,
        "recall_at_5": 0.68,
        "recall_at_10": 0.83,
        "recall_at_20": 0.85,
        "recall_at_100": 0.9,
        "recall_at_1000": 1.0,
        "accuracy": 0.605,
        "precision_at_1": 0.64,
        "precision_at_3": 0.24667,
        "precision_at_5": 0.156,
        "precision_at_10": 0.094,
        "precision_at_20": 0.048,
        "precision_at_100": 0.0102,
        "precision_at_1000": 0.00112,
        "mrr_at_1": 0.64,
        "mrr_at_3": 0.656667,
        "mrr_at_5": 0.656667,
        "mrr_at_10": 0.68127,
        "mrr_at_20": 0.682937,
        "mrr_at_100": 0.683649,
        "mrr_at_1000": 0.68412,
        "nauc_ndcg_at_1_max": 0.149253,
        "nauc_ndcg_at_1_std": -0.026408,
        "nauc_ndcg_at_1_diff1": 0.624441,
        "nauc_ndcg_at_3_max": 0.239967,
        "nauc_ndcg_at_3_std": 0.055254,
        "nauc_ndcg_at_3_diff1": 0.577125,
        "nauc_ndcg_at_5_max": 0.261793,
        "nauc_ndcg_at_5_std": 0.0569,
        "nauc_ndcg_at_5_diff1": 0.605082,
        "nauc_ndcg_at_10_max": 0.29217,
        "nauc_ndcg_at_10_std": 0.074528,
        "nauc_ndcg_at_10_diff1": 0.637304,
        "nauc_ndcg_at_20_max": 0.281599,
        "nauc_ndcg_at_20_std": 0.088712,
        "nauc_ndcg_at_20_diff1": 0.633506,
        "nauc_ndcg_at_100_max": 0.272099,
        "nauc_ndcg_at_100_std": 0.087609,
        "nauc_ndcg_at_100_diff1": 0.624361,
        "nauc_ndcg_at_1000_max": 0.254246,
        "nauc_ndcg_at_1000_std": 0.065791,
        "nauc_ndcg_at_1000_diff1": 0.623188,
        "nauc_map_at_1_max": 0.023408,
        "nauc_map_at_1_std": -0.170847,
        "nauc_map_at_1_diff1": 0.596845,
        "nauc_map_at_3_max": 0.167122,
        "nauc_map_at_3_std": -0.009494,
        "nauc_map_at_3_diff1": 0.575434,
        "nauc_map_at_5_max": 0.213889,
        "nauc_map_at_5_std": 0.017484,
        "nauc_map_at_5_diff1": 0.596773,
        "nauc_map_at_10_max": 0.22206,
        "nauc_map_at_10_std": 0.01707,
        "nauc_map_at_10_diff1": 0.611166,
        "nauc_map_at_20_max": 0.218793,
        "nauc_map_at_20_std": 0.02064,
        "nauc_map_at_20_diff1": 0.609987,
        "nauc_map_at_100_max": 0.218192,
        "nauc_map_at_100_std": 0.021712,
        "nauc_map_at_100_diff1": 0.609091,
        "nauc_map_at_1000_max": 0.217253,
        "nauc_map_at_1000_std": 0.020961,
        "nauc_map_at_1000_diff1": 0.608984,
        "nauc_recall_at_1_max": 0.023408,
        "nauc_recall_at_1_std": -0.170847,
        "nauc_recall_at_1_diff1": 0.596845,
        "nauc_recall_at_3_max": 0.291723,
        "nauc_recall_at_3_std": 0.100286,
        "nauc_recall_at_3_diff1": 0.558598,
        "nauc_recall_at_5_max": 0.37551,
        "nauc_recall_at_5_std": 0.141904,
        "nauc_recall_at_5_diff1": 0.608147,
        "nauc_recall_at_10_max": 0.587363,
        "nauc_recall_at_10_std": 0.292825,
        "nauc_recall_at_10_diff1": 0.736663,
        "nauc_recall_at_20_max": 0.557859,
        "nauc_recall_at_20_std": 0.406866,
        "nauc_recall_at_20_diff1": 0.725252,
        "nauc_recall_at_100_max": 0.532773,
        "nauc_recall_at_100_std": 0.48282,
        "nauc_recall_at_100_diff1": 0.640616,
        "nauc_recall_at_1000_max": NaN,
        "nauc_recall_at_1000_std": NaN,
        "nauc_recall_at_1000_diff1": NaN,
        "nauc_precision_at_1_max": 0.149253,
        "nauc_precision_at_1_std": -0.026408,
        "nauc_precision_at_1_diff1": 0.624441,
        "nauc_precision_at_3_max": 0.450091,
        "nauc_precision_at_3_std": 0.381028,
        "nauc_precision_at_3_diff1": 0.349924,
        "nauc_precision_at_5_max": 0.509763,
        "nauc_precision_at_5_std": 0.407382,
        "nauc_precision_at_5_diff1": 0.322004,
        "nauc_precision_at_10_max": 0.678108,
        "nauc_precision_at_10_std": 0.617016,
        "nauc_precision_at_10_diff1": 0.281011,
        "nauc_precision_at_20_max": 0.669509,
        "nauc_precision_at_20_std": 0.688258,
        "nauc_precision_at_20_diff1": 0.250053,
        "nauc_precision_at_100_max": 0.588353,
        "nauc_precision_at_100_std": 0.692822,
        "nauc_precision_at_100_diff1": 0.102594,
        "nauc_precision_at_1000_max": 0.614972,
        "nauc_precision_at_1000_std": 0.7934,
        "nauc_precision_at_1000_diff1": -0.155085,
        "nauc_mrr_at_1_max": 0.149253,
        "nauc_mrr_at_1_std": -0.026408,
        "nauc_mrr_at_1_diff1": 0.624441,
        "nauc_mrr_at_3_max": 0.242684,
        "nauc_mrr_at_3_std": 0.047444,
        "nauc_mrr_at_3_diff1": 0.619116,
        "nauc_mrr_at_5_max": 0.242684,
        "nauc_mrr_at_5_std": 0.047444,
        "nauc_mrr_at_5_diff1": 0.619116,
        "nauc_mrr_at_10_max": 0.254921,
        "nauc_mrr_at_10_std": 0.055334,
        "nauc_mrr_at_10_diff1": 0.635169,
        "nauc_mrr_at_20_max": 0.251757,
        "nauc_mrr_at_20_std": 0.059199,
        "nauc_mrr_at_20_diff1": 0.634095,
        "nauc_mrr_at_100_max": 0.250457,
        "nauc_mrr_at_100_std": 0.057915,
        "nauc_mrr_at_100_diff1": 0.633285,
        "nauc_mrr_at_1000_max": 0.249555,
        "nauc_mrr_at_1000_std": 0.057213,
        "nauc_mrr_at_1000_diff1": 0.63322,
        "cv_recall_at_1": 0.64,
        "cv_recall_at_3": 0.68,
        "cv_recall_at_5": 0.68,
        "cv_recall_at_10": 0.84,
        "cv_recall_at_20": 0.86,
        "cv_recall_at_100": 0.9,
        "cv_recall_at_1000": 1.0,
        "main_score": 0.71061,
        "hf_subset": "default",
        "languages": [
          "eng-Latn"
        ]
      }
    ]
  },
  "evaluation_time": 30.395225524902344,
  "kg_co2_emissions": null,
  "date": null
}