{
  "dataset_revision": "dd542a7efb9ad2136b9e00768b60fca9038f8156",
  "task_name": "NanoNFCorpusRetrieval",
  "mteb_version": "2.9.0",
  "scores": {
    "train": [
      {
        "ndcg_at_1": 0.4,
        "ndcg_at_3": 0.38246,
        "ndcg_at_5": 0.34296,
        "ndcg_at_10": 0.29991,
        "ndcg_at_20": 0.26243,
        "ndcg_at_100": 0.23199,
        "ndcg_at_1000": 0.34987,
        "map_at_1": 0.02406,
        "map_at_3": 0.05274,
        "map_at_5": 0.06482,
        "map_at_10": 0.08467,
        "map_at_20": 0.09621,
        "map_at_100": 0.10798,
        "map_at_1000": 0.12325,
        "recall_at_1": 0.02406,
        "recall_at_3": 0.05602,
        "recall_at_5": 0.07015,
        "recall_at_10": 0.09818,
        "recall_at_20": 0.14321,
        "recall_at_100": 0.22018,
        "recall_at_1000": 0.61298,
        "accuracy": 0.02406,
        "precision_at_1": 0.4,
        "precision_at_3": 0.36667,
        "precision_at_5": 0.308,
        "precision_at_10": 0.252,
        "precision_at_20": 0.184,
        "precision_at_100": 0.0766,
        "precision_at_1000": 0.02618,
        "mrr_at_1": 0.4,
        "mrr_at_3": 0.466667,
        "mrr_at_5": 0.471667,
        "mrr_at_10": 0.479024,
        "mrr_at_20": 0.485944,
        "mrr_at_100": 0.487175,
        "mrr_at_1000": 0.488021,
        "nauc_ndcg_at_1_max": 0.569387,
        "nauc_ndcg_at_1_std": 0.169233,
        "nauc_ndcg_at_1_diff1": 0.222142,
        "nauc_ndcg_at_3_max": 0.486147,
        "nauc_ndcg_at_3_std": 0.228502,
        "nauc_ndcg_at_3_diff1": 0.055788,
        "nauc_ndcg_at_5_max": 0.482021,
        "nauc_ndcg_at_5_std": 0.259896,
        "nauc_ndcg_at_5_diff1": 0.017793,
        "nauc_ndcg_at_10_max": 0.47431,
        "nauc_ndcg_at_10_std": 0.318475,
        "nauc_ndcg_at_10_diff1": -0.002429,
        "nauc_ndcg_at_20_max": 0.448387,
        "nauc_ndcg_at_20_std": 0.270536,
        "nauc_ndcg_at_20_diff1": 0.049343,
        "nauc_ndcg_at_100_max": 0.389397,
        "nauc_ndcg_at_100_std": 0.208896,
        "nauc_ndcg_at_100_diff1": 0.204546,
        "nauc_ndcg_at_1000_max": 0.467356,
        "nauc_ndcg_at_1000_std": 0.265729,
        "nauc_ndcg_at_1000_diff1": 0.195938,
        "nauc_map_at_1_max": -0.001238,
        "nauc_map_at_1_std": -0.283208,
        "nauc_map_at_1_diff1": 0.639567,
        "nauc_map_at_3_max": 0.038563,
        "nauc_map_at_3_std": -0.225405,
        "nauc_map_at_3_diff1": 0.595368,
        "nauc_map_at_5_max": 0.108828,
        "nauc_map_at_5_std": -0.148383,
        "nauc_map_at_5_diff1": 0.484024,
        "nauc_map_at_10_max": 0.186604,
        "nauc_map_at_10_std": -0.01513,
        "nauc_map_at_10_diff1": 0.329793,
        "nauc_map_at_20_max": 0.204636,
        "nauc_map_at_20_std": 0.028047,
        "nauc_map_at_20_diff1": 0.298841,
        "nauc_map_at_100_max": 0.246599,
        "nauc_map_at_100_std": 0.085747,
        "nauc_map_at_100_diff1": 0.283561,
        "nauc_map_at_1000_max": 0.275579,
        "nauc_map_at_1000_std": 0.117558,
        "nauc_map_at_1000_diff1": 0.250069,
        "nauc_recall_at_1_max": -0.001238,
        "nauc_recall_at_1_std": -0.283208,
        "nauc_recall_at_1_diff1": 0.639567,
        "nauc_recall_at_3_max": 0.057794,
        "nauc_recall_at_3_std": -0.192937,
        "nauc_recall_at_3_diff1": 0.588099,
        "nauc_recall_at_5_max": 0.126319,
        "nauc_recall_at_5_std": -0.120922,
        "nauc_recall_at_5_diff1": 0.492412,
        "nauc_recall_at_10_max": 0.220869,
        "nauc_recall_at_10_std": 0.035103,
        "nauc_recall_at_10_diff1": 0.367542,
        "nauc_recall_at_20_max": 0.143076,
        "nauc_recall_at_20_std": 0.033324,
        "nauc_recall_at_20_diff1": 0.306645,
        "nauc_recall_at_100_max": 0.228039,
        "nauc_recall_at_100_std": 0.154815,
        "nauc_recall_at_100_diff1": 0.28242,
        "nauc_recall_at_1000_max": -0.063895,
        "nauc_recall_at_1000_std": -0.05454,
        "nauc_recall_at_1000_diff1": 0.272453,
        "nauc_precision_at_1_max": 0.569387,
        "nauc_precision_at_1_std": 0.169233,
        "nauc_precision_at_1_diff1": 0.222142,
        "nauc_precision_at_3_max": 0.475414,
        "nauc_precision_at_3_std": 0.268183,
        "nauc_precision_at_3_diff1": -0.03571,
        "nauc_precision_at_5_max": 0.489068,
        "nauc_precision_at_5_std": 0.32328,
        "nauc_precision_at_5_diff1": -0.109315,
        "nauc_precision_at_10_max": 0.51502,
        "nauc_precision_at_10_std": 0.427904,
        "nauc_precision_at_10_diff1": -0.154536,
        "nauc_precision_at_20_max": 0.493987,
        "nauc_precision_at_20_std": 0.423093,
        "nauc_precision_at_20_diff1": -0.187818,
        "nauc_precision_at_100_max": 0.428948,
        "nauc_precision_at_100_std": 0.413402,
        "nauc_precision_at_100_diff1": -0.234191,
        "nauc_precision_at_1000_max": 0.293024,
        "nauc_precision_at_1000_std": 0.252491,
        "nauc_precision_at_1000_diff1": -0.295286,
        "nauc_mrr_at_1_max": 0.569387,
        "nauc_mrr_at_1_std": 0.169233,
        "nauc_mrr_at_1_diff1": 0.222142,
        "nauc_mrr_at_3_max": 0.60202,
        "nauc_mrr_at_3_std": 0.23298,
        "nauc_mrr_at_3_diff1": 0.171211,
        "nauc_mrr_at_5_max": 0.597166,
        "nauc_mrr_at_5_std": 0.221713,
        "nauc_mrr_at_5_diff1": 0.188602,
        "nauc_mrr_at_10_max": 0.597467,
        "nauc_mrr_at_10_std": 0.225817,
        "nauc_mrr_at_10_diff1": 0.194628,
        "nauc_mrr_at_20_max": 0.597955,
        "nauc_mrr_at_20_std": 0.223531,
        "nauc_mrr_at_20_diff1": 0.194555,
        "nauc_mrr_at_100_max": 0.598586,
        "nauc_mrr_at_100_std": 0.22462,
        "nauc_mrr_at_100_diff1": 0.193161,
        "nauc_mrr_at_1000_max": 0.598193,
        "nauc_mrr_at_1000_std": 0.224755,
        "nauc_mrr_at_1000_diff1": 0.192734,
        "cv_recall_at_1": 0.4,
        "cv_recall_at_3": 0.54,
        "cv_recall_at_5": 0.56,
        "cv_recall_at_10": 0.62,
        "cv_recall_at_20": 0.72,
        "cv_recall_at_100": 0.8,
        "cv_recall_at_1000": 1.0,
        "main_score": 0.29991,
        "hf_subset": "default",
        "languages": [
          "eng-Latn"
        ]
      }
    ]
  },
  "evaluation_time": 33.52591419219971,
  "kg_co2_emissions": null,
  "date": null
}