{
  "dataset_revision": "70aa71825a791e87210c0355a01f538aa611feae",
  "task_name": "NFCorpus-Fa",
  "mteb_version": "2.9.0",
  "scores": {
    "test": [
      {
        "ndcg_at_1": 0.04025,
        "ndcg_at_3": 0.03191,
        "ndcg_at_5": 0.02875,
        "ndcg_at_10": 0.02708,
        "ndcg_at_20": 0.02708,
        "ndcg_at_100": 0.03423,
        "ndcg_at_1000": 0.10752,
        "map_at_1": 0.00302,
        "map_at_3": 0.00587,
        "map_at_5": 0.0065,
        "map_at_10": 0.00775,
        "map_at_20": 0.00903,
        "map_at_100": 0.01025,
        "map_at_1000": 0.01375,
        "recall_at_1": 0.00302,
        "recall_at_3": 0.00622,
        "recall_at_5": 0.0073,
        "recall_at_10": 0.00971,
        "recall_at_20": 0.01656,
        "recall_at_100": 0.04177,
        "recall_at_1000": 0.28884,
        "accuracy": 0.00302,
        "precision_at_1": 0.04025,
        "precision_at_3": 0.02993,
        "precision_at_5": 0.02539,
        "precision_at_10": 0.0226,
        "precision_at_20": 0.02043,
        "precision_at_100": 0.0139,
        "precision_at_1000": 0.01095,
        "mrr_at_1": 0.040248,
        "mrr_at_3": 0.044892,
        "mrr_at_5": 0.047059,
        "mrr_at_10": 0.051861,
        "mrr_at_20": 0.057814,
        "mrr_at_100": 0.063786,
        "mrr_at_1000": 0.065596,
        "nauc_ndcg_at_1_max": 0.113421,
        "nauc_ndcg_at_1_std": 0.568995,
        "nauc_ndcg_at_1_diff1": 0.341355,
        "nauc_ndcg_at_3_max": 0.069805,
        "nauc_ndcg_at_3_std": 0.531052,
        "nauc_ndcg_at_3_diff1": 0.352289,
        "nauc_ndcg_at_5_max": 0.072369,
        "nauc_ndcg_at_5_std": 0.577158,
        "nauc_ndcg_at_5_diff1": 0.327873,
        "nauc_ndcg_at_10_max": 0.068813,
        "nauc_ndcg_at_10_std": 0.586389,
        "nauc_ndcg_at_10_diff1": 0.290791,
        "nauc_ndcg_at_20_max": 0.075965,
        "nauc_ndcg_at_20_std": 0.544677,
        "nauc_ndcg_at_20_diff1": 0.232343,
        "nauc_ndcg_at_100_max": 0.101828,
        "nauc_ndcg_at_100_std": 0.418835,
        "nauc_ndcg_at_100_diff1": 0.158634,
        "nauc_ndcg_at_1000_max": 0.09391,
        "nauc_ndcg_at_1000_std": 0.331246,
        "nauc_ndcg_at_1000_diff1": 0.100626,
        "nauc_map_at_1_max": 0.425068,
        "nauc_map_at_1_std": 0.712681,
        "nauc_map_at_1_diff1": 0.0765,
        "nauc_map_at_3_max": 0.36451,
        "nauc_map_at_3_std": 0.666513,
        "nauc_map_at_3_diff1": 0.086556,
        "nauc_map_at_5_max": 0.314532,
        "nauc_map_at_5_std": 0.682943,
        "nauc_map_at_5_diff1": 0.089255,
        "nauc_map_at_10_max": 0.187979,
        "nauc_map_at_10_std": 0.673604,
        "nauc_map_at_10_diff1": 0.129247,
        "nauc_map_at_20_max": 0.112566,
        "nauc_map_at_20_std": 0.678148,
        "nauc_map_at_20_diff1": 0.141479,
        "nauc_map_at_100_max": 0.099066,
        "nauc_map_at_100_std": 0.650547,
        "nauc_map_at_100_diff1": 0.150684,
        "nauc_map_at_1000_max": 0.102284,
        "nauc_map_at_1000_std": 0.604786,
        "nauc_map_at_1000_diff1": 0.123633,
        "nauc_recall_at_1_max": 0.425068,
        "nauc_recall_at_1_std": 0.712681,
        "nauc_recall_at_1_diff1": 0.0765,
        "nauc_recall_at_3_max": 0.34789,
        "nauc_recall_at_3_std": 0.621097,
        "nauc_recall_at_3_diff1": 0.076827,
        "nauc_recall_at_5_max": 0.305929,
        "nauc_recall_at_5_std": 0.640155,
        "nauc_recall_at_5_diff1": 0.096434,
        "nauc_recall_at_10_max": 0.143448,
        "nauc_recall_at_10_std": 0.581077,
        "nauc_recall_at_10_diff1": 0.162272,
        "nauc_recall_at_20_max": 0.040185,
        "nauc_recall_at_20_std": 0.430555,
        "nauc_recall_at_20_diff1": 0.141551,
        "nauc_recall_at_100_max": 0.036267,
        "nauc_recall_at_100_std": 0.261955,
        "nauc_recall_at_100_diff1": 0.131516,
        "nauc_recall_at_1000_max": 0.052556,
        "nauc_recall_at_1000_std": 0.160662,
        "nauc_recall_at_1000_diff1": -0.020152,
        "nauc_precision_at_1_max": 0.113421,
        "nauc_precision_at_1_std": 0.568995,
        "nauc_precision_at_1_diff1": 0.341355,
        "nauc_precision_at_3_max": 0.035923,
        "nauc_precision_at_3_std": 0.495176,
        "nauc_precision_at_3_diff1": 0.374541,
        "nauc_precision_at_5_max": 0.02617,
        "nauc_precision_at_5_std": 0.56392,
        "nauc_precision_at_5_diff1": 0.348948,
        "nauc_precision_at_10_max": -0.036709,
        "nauc_precision_at_10_std": 0.569204,
        "nauc_precision_at_10_diff1": 0.278048,
        "nauc_precision_at_20_max": -0.035187,
        "nauc_precision_at_20_std": 0.536081,
        "nauc_precision_at_20_diff1": 0.217925,
        "nauc_precision_at_100_max": 0.034262,
        "nauc_precision_at_100_std": 0.397771,
        "nauc_precision_at_100_diff1": 0.047972,
        "nauc_precision_at_1000_max": 0.080267,
        "nauc_precision_at_1000_std": 0.248932,
        "nauc_precision_at_1000_diff1": -0.04784,
        "nauc_mrr_at_1_max": 0.113421,
        "nauc_mrr_at_1_std": 0.568995,
        "nauc_mrr_at_1_diff1": 0.341355,
        "nauc_mrr_at_3_max": 0.117925,
        "nauc_mrr_at_3_std": 0.514512,
        "nauc_mrr_at_3_diff1": 0.322788,
        "nauc_mrr_at_5_max": 0.14846,
        "nauc_mrr_at_5_std": 0.504283,
        "nauc_mrr_at_5_diff1": 0.306345,
        "nauc_mrr_at_10_max": 0.14566,
        "nauc_mrr_at_10_std": 0.473205,
        "nauc_mrr_at_10_diff1": 0.27893,
        "nauc_mrr_at_20_max": 0.14131,
        "nauc_mrr_at_20_std": 0.454604,
        "nauc_mrr_at_20_diff1": 0.252705,
        "nauc_mrr_at_100_max": 0.141078,
        "nauc_mrr_at_100_std": 0.443886,
        "nauc_mrr_at_100_diff1": 0.245202,
        "nauc_mrr_at_1000_max": 0.139219,
        "nauc_mrr_at_1000_std": 0.443123,
        "nauc_mrr_at_1000_diff1": 0.247449,
        "cv_recall_at_1": 0.04025,
        "cv_recall_at_3": 0.05263,
        "cv_recall_at_5": 0.06192,
        "cv_recall_at_10": 0.09907,
        "cv_recall_at_20": 0.19195,
        "cv_recall_at_100": 0.43653,
        "cv_recall_at_1000": 0.86068,
        "main_score": 0.02708,
        "hf_subset": "default",
        "languages": [
          "fas-Arab"
        ]
      }
    ]
  },
  "evaluation_time": 50.06624984741211,
  "kg_co2_emissions": null,
  "date": null
}