{
  "dataset_revision": "b457ea43db9ae5db74c3a3e5be0a213d0f85ac3a",
  "task_name": "R2MEDMedXpertQAExamRetrieval",
  "mteb_version": "2.9.0",
  "scores": {
    "test": [
      {
        "ndcg_at_1": 0.0,
        "ndcg_at_3": 0.00305,
        "ndcg_at_5": 0.00591,
        "ndcg_at_10": 0.0093,
        "ndcg_at_20": 0.01177,
        "ndcg_at_100": 0.02562,
        "ndcg_at_1000": 0.05493,
        "map_at_1": 0.0,
        "map_at_3": 0.00172,
        "map_at_5": 0.00265,
        "map_at_10": 0.00351,
        "map_at_20": 0.00414,
        "map_at_100": 0.00567,
        "map_at_1000": 0.0065,
        "recall_at_1": 0.0,
        "recall_at_3": 0.00344,
        "recall_at_5": 0.00756,
        "recall_at_10": 0.01333,
        "recall_at_20": 0.02054,
        "recall_at_100": 0.08266,
        "recall_at_1000": 0.26766,
        "accuracy": 0.0,
        "precision_at_1": 0.0,
        "precision_at_3": 0.00344,
        "precision_at_5": 0.00619,
        "precision_at_10": 0.00619,
        "precision_at_20": 0.00412,
        "precision_at_100": 0.00227,
        "precision_at_1000": 0.00075,
        "mrr_at_1": 0.0,
        "mrr_at_3": 0.005155,
        "mrr_at_5": 0.009794,
        "mrr_at_10": 0.014458,
        "mrr_at_20": 0.015102,
        "mrr_at_100": 0.017831,
        "mrr_at_1000": 0.018873,
        "nauc_ndcg_at_1_max": NaN,
        "nauc_ndcg_at_1_std": NaN,
        "nauc_ndcg_at_1_diff1": NaN,
        "nauc_ndcg_at_3_max": -0.501556,
        "nauc_ndcg_at_3_std": -0.417098,
        "nauc_ndcg_at_3_diff1": -0.072193,
        "nauc_ndcg_at_5_max": -0.366466,
        "nauc_ndcg_at_5_std": -0.416445,
        "nauc_ndcg_at_5_diff1": -0.127414,
        "nauc_ndcg_at_10_max": -0.332393,
        "nauc_ndcg_at_10_std": -0.415612,
        "nauc_ndcg_at_10_diff1": -0.209486,
        "nauc_ndcg_at_20_max": -0.242503,
        "nauc_ndcg_at_20_std": -0.422515,
        "nauc_ndcg_at_20_diff1": -0.145342,
        "nauc_ndcg_at_100_max": -0.127438,
        "nauc_ndcg_at_100_std": -0.22133,
        "nauc_ndcg_at_100_diff1": -0.091206,
        "nauc_ndcg_at_1000_max": -0.088964,
        "nauc_ndcg_at_1000_std": -0.08521,
        "nauc_ndcg_at_1000_diff1": 0.055611,
        "nauc_map_at_1_max": NaN,
        "nauc_map_at_1_std": NaN,
        "nauc_map_at_1_diff1": NaN,
        "nauc_map_at_3_max": -0.501556,
        "nauc_map_at_3_std": -0.417098,
        "nauc_map_at_3_diff1": -0.072193,
        "nauc_map_at_5_max": -0.396809,
        "nauc_map_at_5_std": -0.418453,
        "nauc_map_at_5_diff1": -0.106201,
        "nauc_map_at_10_max": -0.367453,
        "nauc_map_at_10_std": -0.417251,
        "nauc_map_at_10_diff1": -0.167663,
        "nauc_map_at_20_max": -0.295844,
        "nauc_map_at_20_std": -0.423692,
        "nauc_map_at_20_diff1": -0.126876,
        "nauc_map_at_100_max": -0.251636,
        "nauc_map_at_100_std": -0.354226,
        "nauc_map_at_100_diff1": -0.11083,
        "nauc_map_at_1000_max": -0.236379,
        "nauc_map_at_1000_std": -0.326877,
        "nauc_map_at_1000_diff1": -0.080875,
        "nauc_recall_at_1_max": NaN,
        "nauc_recall_at_1_std": NaN,
        "nauc_recall_at_1_diff1": NaN,
        "nauc_recall_at_3_max": -0.501556,
        "nauc_recall_at_3_std": -0.417098,
        "nauc_recall_at_3_diff1": -0.072193,
        "nauc_recall_at_5_max": -0.35904,
        "nauc_recall_at_5_std": -0.413711,
        "nauc_recall_at_5_diff1": -0.143224,
        "nauc_recall_at_10_max": -0.32097,
        "nauc_recall_at_10_std": -0.41536,
        "nauc_recall_at_10_diff1": -0.23462,
        "nauc_recall_at_20_max": -0.174253,
        "nauc_recall_at_20_std": -0.424446,
        "nauc_recall_at_20_diff1": -0.118234,
        "nauc_recall_at_100_max": -0.040793,
        "nauc_recall_at_100_std": -0.1105,
        "nauc_recall_at_100_diff1": -0.095964,
        "nauc_recall_at_1000_max": -0.03196,
        "nauc_recall_at_1000_std": 0.049059,
        "nauc_recall_at_1000_diff1": 0.109882,
        "nauc_precision_at_1_max": NaN,
        "nauc_precision_at_1_std": NaN,
        "nauc_precision_at_1_diff1": NaN,
        "nauc_precision_at_3_max": -0.501556,
        "nauc_precision_at_3_std": -0.417098,
        "nauc_precision_at_3_diff1": -0.072193,
        "nauc_precision_at_5_max": -0.32737,
        "nauc_precision_at_5_std": -0.412958,
        "nauc_precision_at_5_diff1": -0.159009,
        "nauc_precision_at_10_max": -0.298603,
        "nauc_precision_at_10_std": -0.412958,
        "nauc_precision_at_10_diff1": -0.252977,
        "nauc_precision_at_20_max": -0.199772,
        "nauc_precision_at_20_std": -0.42455,
        "nauc_precision_at_20_diff1": -0.165551,
        "nauc_precision_at_100_max": -0.072978,
        "nauc_precision_at_100_std": -0.167251,
        "nauc_precision_at_100_diff1": -0.059485,
        "nauc_precision_at_1000_max": -0.024397,
        "nauc_precision_at_1000_std": 0.003486,
        "nauc_precision_at_1000_diff1": 0.123728,
        "nauc_mrr_at_1_max": NaN,
        "nauc_mrr_at_1_std": NaN,
        "nauc_mrr_at_1_diff1": NaN,
        "nauc_mrr_at_3_max": -0.501556,
        "nauc_mrr_at_3_std": -0.417098,
        "nauc_mrr_at_3_diff1": -0.072193,
        "nauc_mrr_at_5_max": -0.360056,
        "nauc_mrr_at_5_std": -0.418928,
        "nauc_mrr_at_5_diff1": -0.118134,
        "nauc_mrr_at_10_max": -0.333453,
        "nauc_mrr_at_10_std": -0.415428,
        "nauc_mrr_at_10_diff1": -0.193135,
        "nauc_mrr_at_20_max": -0.315099,
        "nauc_mrr_at_20_std": -0.415499,
        "nauc_mrr_at_20_diff1": -0.180768,
        "nauc_mrr_at_100_max": -0.270114,
        "nauc_mrr_at_100_std": -0.356847,
        "nauc_mrr_at_100_diff1": -0.133794,
        "nauc_mrr_at_1000_max": -0.266947,
        "nauc_mrr_at_1000_std": -0.349292,
        "nauc_mrr_at_1000_diff1": -0.124027,
        "cv_recall_at_1": 0.0,
        "cv_recall_at_3": 0.01031,
        "cv_recall_at_5": 0.03093,
        "cv_recall_at_10": 0.06186,
        "cv_recall_at_20": 0.07216,
        "cv_recall_at_100": 0.18557,
        "cv_recall_at_1000": 0.47423,
        "main_score": 0.0093,
        "hf_subset": "default",
        "languages": [
          "eng-Latn"
        ]
      }
    ]
  },
  "evaluation_time": 341.6862807273865,
  "kg_co2_emissions": null,
  "date": null
}