{
  "dataset_revision": "974abbc9bc281c3169180a6aa5d7586cfd2f5877",
  "task_name": "R2MEDIIYiClinicalRetrieval",
  "mteb_version": "2.9.0",
  "scores": {
    "test": [
      {
        "ndcg_at_1": 0.17054,
        "ndcg_at_3": 0.1267,
        "ndcg_at_5": 0.12969,
        "ndcg_at_10": 0.15653,
        "ndcg_at_20": 0.18017,
        "ndcg_at_100": 0.25185,
        "ndcg_at_1000": 0.31204,
        "map_at_1": 0.04935,
        "map_at_3": 0.06932,
        "map_at_5": 0.08099,
        "map_at_10": 0.09514,
        "map_at_20": 0.10245,
        "map_at_100": 0.11502,
        "map_at_1000": 0.11922,
        "recall_at_1": 0.04935,
        "recall_at_3": 0.09109,
        "recall_at_5": 0.12817,
        "recall_at_10": 0.19109,
        "recall_at_20": 0.25349,
        "recall_at_100": 0.51641,
        "recall_at_1000": 0.83915,
        "accuracy": 0.04935,
        "precision_at_1": 0.17054,
        "precision_at_3": 0.10336,
        "precision_at_5": 0.08682,
        "precision_at_10": 0.06589,
        "precision_at_20": 0.04457,
        "precision_at_100": 0.01891,
        "precision_at_1000": 0.00306,
        "mrr_at_1": 0.170543,
        "mrr_at_3": 0.222222,
        "mrr_at_5": 0.235788,
        "mrr_at_10": 0.244592,
        "mrr_at_20": 0.25308,
        "mrr_at_100": 0.25958,
        "mrr_at_1000": 0.260352,
        "nauc_ndcg_at_1_max": 0.148529,
        "nauc_ndcg_at_1_std": 0.044323,
        "nauc_ndcg_at_1_diff1": 0.176019,
        "nauc_ndcg_at_3_max": 0.110951,
        "nauc_ndcg_at_3_std": 0.168739,
        "nauc_ndcg_at_3_diff1": 0.149232,
        "nauc_ndcg_at_5_max": 0.050444,
        "nauc_ndcg_at_5_std": 0.121155,
        "nauc_ndcg_at_5_diff1": 0.142924,
        "nauc_ndcg_at_10_max": 0.062182,
        "nauc_ndcg_at_10_std": 0.085771,
        "nauc_ndcg_at_10_diff1": 0.115056,
        "nauc_ndcg_at_20_max": 0.076723,
        "nauc_ndcg_at_20_std": 0.132538,
        "nauc_ndcg_at_20_diff1": 0.102782,
        "nauc_ndcg_at_100_max": 0.090455,
        "nauc_ndcg_at_100_std": 0.20852,
        "nauc_ndcg_at_100_diff1": 0.067039,
        "nauc_ndcg_at_1000_max": 0.113717,
        "nauc_ndcg_at_1000_std": 0.278409,
        "nauc_ndcg_at_1000_diff1": 0.054133,
        "nauc_map_at_1_max": 0.045713,
        "nauc_map_at_1_std": -0.113196,
        "nauc_map_at_1_diff1": 0.238919,
        "nauc_map_at_3_max": 0.028821,
        "nauc_map_at_3_std": 0.0799,
        "nauc_map_at_3_diff1": 0.19981,
        "nauc_map_at_5_max": 0.019126,
        "nauc_map_at_5_std": 0.077709,
        "nauc_map_at_5_diff1": 0.174897,
        "nauc_map_at_10_max": 0.03307,
        "nauc_map_at_10_std": 0.066573,
        "nauc_map_at_10_diff1": 0.15134,
        "nauc_map_at_20_max": 0.047079,
        "nauc_map_at_20_std": 0.0858,
        "nauc_map_at_20_diff1": 0.142305,
        "nauc_map_at_100_max": 0.049732,
        "nauc_map_at_100_std": 0.113841,
        "nauc_map_at_100_diff1": 0.127479,
        "nauc_map_at_1000_max": 0.050718,
        "nauc_map_at_1000_std": 0.125906,
        "nauc_map_at_1000_diff1": 0.127088,
        "nauc_recall_at_1_max": 0.045713,
        "nauc_recall_at_1_std": -0.113196,
        "nauc_recall_at_1_diff1": 0.238919,
        "nauc_recall_at_3_max": 0.021457,
        "nauc_recall_at_3_std": 0.178735,
        "nauc_recall_at_3_diff1": 0.156065,
        "nauc_recall_at_5_max": -0.024438,
        "nauc_recall_at_5_std": 0.100004,
        "nauc_recall_at_5_diff1": 0.099388,
        "nauc_recall_at_10_max": 0.004679,
        "nauc_recall_at_10_std": 0.030289,
        "nauc_recall_at_10_diff1": 0.068151,
        "nauc_recall_at_20_max": 0.028892,
        "nauc_recall_at_20_std": 0.110101,
        "nauc_recall_at_20_diff1": 0.062783,
        "nauc_recall_at_100_max": 0.045307,
        "nauc_recall_at_100_std": 0.269216,
        "nauc_recall_at_100_diff1": -0.045069,
        "nauc_recall_at_1000_max": 0.198577,
        "nauc_recall_at_1000_std": 0.686961,
        "nauc_recall_at_1000_diff1": -0.172045,
        "nauc_precision_at_1_max": 0.148529,
        "nauc_precision_at_1_std": 0.044323,
        "nauc_precision_at_1_diff1": 0.176019,
        "nauc_precision_at_3_max": 0.195742,
        "nauc_precision_at_3_std": 0.269095,
        "nauc_precision_at_3_diff1": 0.108577,
        "nauc_precision_at_5_max": 0.109886,
        "nauc_precision_at_5_std": 0.209554,
        "nauc_precision_at_5_diff1": 0.101365,
        "nauc_precision_at_10_max": 0.119873,
        "nauc_precision_at_10_std": 0.129319,
        "nauc_precision_at_10_diff1": 0.032052,
        "nauc_precision_at_20_max": 0.126766,
        "nauc_precision_at_20_std": 0.242647,
        "nauc_precision_at_20_diff1": -0.004744,
        "nauc_precision_at_100_max": 0.130983,
        "nauc_precision_at_100_std": 0.372384,
        "nauc_precision_at_100_diff1": -0.041931,
        "nauc_precision_at_1000_max": 0.15342,
        "nauc_precision_at_1000_std": 0.475714,
        "nauc_precision_at_1000_diff1": -0.104581,
        "nauc_mrr_at_1_max": 0.148529,
        "nauc_mrr_at_1_std": 0.044323,
        "nauc_mrr_at_1_diff1": 0.176019,
        "nauc_mrr_at_3_max": 0.154951,
        "nauc_mrr_at_3_std": 0.150478,
        "nauc_mrr_at_3_diff1": 0.128619,
        "nauc_mrr_at_5_max": 0.133166,
        "nauc_mrr_at_5_std": 0.137979,
        "nauc_mrr_at_5_diff1": 0.137104,
        "nauc_mrr_at_10_max": 0.134546,
        "nauc_mrr_at_10_std": 0.126295,
        "nauc_mrr_at_10_diff1": 0.129194,
        "nauc_mrr_at_20_max": 0.136908,
        "nauc_mrr_at_20_std": 0.141448,
        "nauc_mrr_at_20_diff1": 0.12381,
        "nauc_mrr_at_100_max": 0.141492,
        "nauc_mrr_at_100_std": 0.14288,
        "nauc_mrr_at_100_diff1": 0.123471,
        "nauc_mrr_at_1000_max": 0.141396,
        "nauc_mrr_at_1000_std": 0.142739,
        "nauc_mrr_at_1000_diff1": 0.123549,
        "cv_recall_at_1": 0.17054,
        "cv_recall_at_3": 0.29457,
        "cv_recall_at_5": 0.35659,
        "cv_recall_at_10": 0.4186,
        "cv_recall_at_20": 0.53488,
        "cv_recall_at_100": 0.7907,
        "cv_recall_at_1000": 0.95349,
        "main_score": 0.15653,
        "hf_subset": "default",
        "languages": [
          "eng-Latn"
        ]
      }
    ]
  },
  "evaluation_time": 143.97129845619202,
  "kg_co2_emissions": null,
  "date": null
}