{
  "dataset_revision": "6021fce366892cbfd7837fa85a4128ea93315e18",
  "task_name": "R2MEDBioinformaticsRetrieval",
  "mteb_version": "2.9.0",
  "scores": {
    "test": [
      {
        "ndcg_at_1": 0.16883,
        "ndcg_at_3": 0.17548,
        "ndcg_at_5": 0.20086,
        "ndcg_at_10": 0.22477,
        "ndcg_at_20": 0.26799,
        "ndcg_at_100": 0.32471,
        "ndcg_at_1000": 0.36789,
        "map_at_1": 0.10379,
        "map_at_3": 0.13558,
        "map_at_5": 0.15711,
        "map_at_10": 0.16767,
        "map_at_20": 0.18167,
        "map_at_100": 0.19185,
        "map_at_1000": 0.19479,
        "recall_at_1": 0.10379,
        "recall_at_3": 0.17101,
        "recall_at_5": 0.23432,
        "recall_at_10": 0.2957,
        "recall_at_20": 0.41719,
        "recall_at_100": 0.64971,
        "recall_at_1000": 0.89641,
        "accuracy": 0.10379,
        "precision_at_1": 0.16883,
        "precision_at_3": 0.10823,
        "precision_at_5": 0.0961,
        "precision_at_10": 0.06623,
        "precision_at_20": 0.0539,
        "precision_at_100": 0.01818,
        "precision_at_1000": 0.00264,
        "mrr_at_1": 0.168831,
        "mrr_at_3": 0.225108,
        "mrr_at_5": 0.249134,
        "mrr_at_10": 0.263327,
        "mrr_at_20": 0.272399,
        "mrr_at_100": 0.276843,
        "mrr_at_1000": 0.277573,
        "nauc_ndcg_at_1_max": 0.20795,
        "nauc_ndcg_at_1_std": -0.029425,
        "nauc_ndcg_at_1_diff1": 0.287822,
        "nauc_ndcg_at_3_max": 0.256387,
        "nauc_ndcg_at_3_std": 0.0779,
        "nauc_ndcg_at_3_diff1": 0.284938,
        "nauc_ndcg_at_5_max": 0.305919,
        "nauc_ndcg_at_5_std": 0.089191,
        "nauc_ndcg_at_5_diff1": 0.287172,
        "nauc_ndcg_at_10_max": 0.294334,
        "nauc_ndcg_at_10_std": 0.12223,
        "nauc_ndcg_at_10_diff1": 0.279799,
        "nauc_ndcg_at_20_max": 0.298769,
        "nauc_ndcg_at_20_std": 0.173566,
        "nauc_ndcg_at_20_diff1": 0.233492,
        "nauc_ndcg_at_100_max": 0.276336,
        "nauc_ndcg_at_100_std": 0.170019,
        "nauc_ndcg_at_100_diff1": 0.224468,
        "nauc_ndcg_at_1000_max": 0.273357,
        "nauc_ndcg_at_1000_std": 0.163638,
        "nauc_ndcg_at_1000_diff1": 0.238394,
        "nauc_map_at_1_max": 0.222663,
        "nauc_map_at_1_std": -0.040694,
        "nauc_map_at_1_diff1": 0.351458,
        "nauc_map_at_3_max": 0.268363,
        "nauc_map_at_3_std": 0.048968,
        "nauc_map_at_3_diff1": 0.340664,
        "nauc_map_at_5_max": 0.31165,
        "nauc_map_at_5_std": 0.082806,
        "nauc_map_at_5_diff1": 0.321687,
        "nauc_map_at_10_max": 0.306355,
        "nauc_map_at_10_std": 0.097733,
        "nauc_map_at_10_diff1": 0.315436,
        "nauc_map_at_20_max": 0.306343,
        "nauc_map_at_20_std": 0.122857,
        "nauc_map_at_20_diff1": 0.298969,
        "nauc_map_at_100_max": 0.303505,
        "nauc_map_at_100_std": 0.121082,
        "nauc_map_at_100_diff1": 0.295505,
        "nauc_map_at_1000_max": 0.302718,
        "nauc_map_at_1000_std": 0.122438,
        "nauc_map_at_1000_diff1": 0.294899,
        "nauc_recall_at_1_max": 0.222663,
        "nauc_recall_at_1_std": -0.040694,
        "nauc_recall_at_1_diff1": 0.351458,
        "nauc_recall_at_3_max": 0.265919,
        "nauc_recall_at_3_std": 0.096963,
        "nauc_recall_at_3_diff1": 0.300543,
        "nauc_recall_at_5_max": 0.326164,
        "nauc_recall_at_5_std": 0.125342,
        "nauc_recall_at_5_diff1": 0.258994,
        "nauc_recall_at_10_max": 0.288833,
        "nauc_recall_at_10_std": 0.180408,
        "nauc_recall_at_10_diff1": 0.232252,
        "nauc_recall_at_20_max": 0.314254,
        "nauc_recall_at_20_std": 0.296054,
        "nauc_recall_at_20_diff1": 0.11873,
        "nauc_recall_at_100_max": 0.180669,
        "nauc_recall_at_100_std": 0.283981,
        "nauc_recall_at_100_diff1": 0.098842,
        "nauc_recall_at_1000_max": 0.143366,
        "nauc_recall_at_1000_std": 0.434136,
        "nauc_recall_at_1000_diff1": 0.269709,
        "nauc_precision_at_1_max": 0.20795,
        "nauc_precision_at_1_std": -0.029425,
        "nauc_precision_at_1_diff1": 0.287822,
        "nauc_precision_at_3_max": 0.26185,
        "nauc_precision_at_3_std": 0.203022,
        "nauc_precision_at_3_diff1": 0.233745,
        "nauc_precision_at_5_max": 0.349665,
        "nauc_precision_at_5_std": 0.251184,
        "nauc_precision_at_5_diff1": 0.179075,
        "nauc_precision_at_10_max": 0.240363,
        "nauc_precision_at_10_std": 0.252194,
        "nauc_precision_at_10_diff1": 0.111201,
        "nauc_precision_at_20_max": 0.121003,
        "nauc_precision_at_20_std": 0.298531,
        "nauc_precision_at_20_diff1": -0.059163,
        "nauc_precision_at_100_max": -0.000679,
        "nauc_precision_at_100_std": 0.180922,
        "nauc_precision_at_100_diff1": -0.155615,
        "nauc_precision_at_1000_max": -0.028388,
        "nauc_precision_at_1000_std": 0.110439,
        "nauc_precision_at_1000_diff1": -0.113595,
        "nauc_mrr_at_1_max": 0.20795,
        "nauc_mrr_at_1_std": -0.029425,
        "nauc_mrr_at_1_diff1": 0.287822,
        "nauc_mrr_at_3_max": 0.232673,
        "nauc_mrr_at_3_std": 0.045711,
        "nauc_mrr_at_3_diff1": 0.248961,
        "nauc_mrr_at_5_max": 0.237976,
        "nauc_mrr_at_5_std": 0.041518,
        "nauc_mrr_at_5_diff1": 0.237604,
        "nauc_mrr_at_10_max": 0.230388,
        "nauc_mrr_at_10_std": 0.066843,
        "nauc_mrr_at_10_diff1": 0.231306,
        "nauc_mrr_at_20_max": 0.233206,
        "nauc_mrr_at_20_std": 0.06532,
        "nauc_mrr_at_20_diff1": 0.223822,
        "nauc_mrr_at_100_max": 0.231799,
        "nauc_mrr_at_100_std": 0.062176,
        "nauc_mrr_at_100_diff1": 0.225439,
        "nauc_mrr_at_1000_max": 0.231734,
        "nauc_mrr_at_1000_std": 0.061316,
        "nauc_mrr_at_1000_diff1": 0.22566,
        "cv_recall_at_1": 0.16883,
        "cv_recall_at_3": 0.2987,
        "cv_recall_at_5": 0.4026,
        "cv_recall_at_10": 0.50649,
        "cv_recall_at_20": 0.63636,
        "cv_recall_at_100": 0.80519,
        "cv_recall_at_1000": 0.96104,
        "main_score": 0.22477,
        "hf_subset": "default",
        "languages": [
          "eng-Latn"
        ]
      }
    ]
  },
  "evaluation_time": 246.90059757232666,
  "kg_co2_emissions": null,
  "date": null
}