{
  "dataset_revision": "1b48911514c80bf9182222d99752ad75e23b4b47",
  "task_name": "R2MEDMedicalSciencesRetrieval",
  "mteb_version": "2.9.0",
  "scores": {
    "test": [
      {
        "ndcg_at_1": 0.13636,
        "ndcg_at_3": 0.1834,
        "ndcg_at_5": 0.21923,
        "ndcg_at_10": 0.24689,
        "ndcg_at_20": 0.28206,
        "ndcg_at_100": 0.32293,
        "ndcg_at_1000": 0.36558,
        "map_at_1": 0.07302,
        "map_at_3": 0.13791,
        "map_at_5": 0.16505,
        "map_at_10": 0.18003,
        "map_at_20": 0.19117,
        "map_at_100": 0.19937,
        "map_at_1000": 0.20166,
        "recall_at_1": 0.07302,
        "recall_at_3": 0.2007,
        "recall_at_5": 0.28823,
        "recall_at_10": 0.35476,
        "recall_at_20": 0.46372,
        "recall_at_100": 0.62459,
        "recall_at_1000": 0.88601,
        "accuracy": 0.07302,
        "precision_at_1": 0.13636,
        "precision_at_3": 0.12879,
        "precision_at_5": 0.11818,
        "precision_at_10": 0.08182,
        "precision_at_20": 0.05568,
        "precision_at_100": 0.01614,
        "precision_at_1000": 0.00233,
        "mrr_at_1": 0.136364,
        "mrr_at_3": 0.206439,
        "mrr_at_5": 0.236553,
        "mrr_at_10": 0.249806,
        "mrr_at_20": 0.25865,
        "mrr_at_100": 0.261478,
        "mrr_at_1000": 0.262342,
        "nauc_ndcg_at_1_max": 0.20936,
        "nauc_ndcg_at_1_std": -0.013928,
        "nauc_ndcg_at_1_diff1": 0.303719,
        "nauc_ndcg_at_3_max": 0.180818,
        "nauc_ndcg_at_3_std": -0.047841,
        "nauc_ndcg_at_3_diff1": 0.218255,
        "nauc_ndcg_at_5_max": 0.168357,
        "nauc_ndcg_at_5_std": -0.055835,
        "nauc_ndcg_at_5_diff1": 0.205405,
        "nauc_ndcg_at_10_max": 0.217385,
        "nauc_ndcg_at_10_std": -0.018166,
        "nauc_ndcg_at_10_diff1": 0.215433,
        "nauc_ndcg_at_20_max": 0.271141,
        "nauc_ndcg_at_20_std": 0.054031,
        "nauc_ndcg_at_20_diff1": 0.28059,
        "nauc_ndcg_at_100_max": 0.290383,
        "nauc_ndcg_at_100_std": 0.103915,
        "nauc_ndcg_at_100_diff1": 0.268394,
        "nauc_ndcg_at_1000_max": 0.268934,
        "nauc_ndcg_at_1000_std": 0.090951,
        "nauc_ndcg_at_1000_diff1": 0.27321,
        "nauc_map_at_1_max": 0.212396,
        "nauc_map_at_1_std": -0.110913,
        "nauc_map_at_1_diff1": 0.452979,
        "nauc_map_at_3_max": 0.167852,
        "nauc_map_at_3_std": -0.094059,
        "nauc_map_at_3_diff1": 0.255416,
        "nauc_map_at_5_max": 0.156489,
        "nauc_map_at_5_std": -0.082973,
        "nauc_map_at_5_diff1": 0.244731,
        "nauc_map_at_10_max": 0.196268,
        "nauc_map_at_10_std": -0.046476,
        "nauc_map_at_10_diff1": 0.248703,
        "nauc_map_at_20_max": 0.225467,
        "nauc_map_at_20_std": -0.016864,
        "nauc_map_at_20_diff1": 0.275978,
        "nauc_map_at_100_max": 0.231502,
        "nauc_map_at_100_std": -0.00189,
        "nauc_map_at_100_diff1": 0.278842,
        "nauc_map_at_1000_max": 0.232124,
        "nauc_map_at_1000_std": -0.000148,
        "nauc_map_at_1000_diff1": 0.279246,
        "nauc_recall_at_1_max": 0.212396,
        "nauc_recall_at_1_std": -0.110913,
        "nauc_recall_at_1_diff1": 0.452979,
        "nauc_recall_at_3_max": 0.138482,
        "nauc_recall_at_3_std": -0.08653,
        "nauc_recall_at_3_diff1": 0.182224,
        "nauc_recall_at_5_max": 0.10349,
        "nauc_recall_at_5_std": -0.078052,
        "nauc_recall_at_5_diff1": 0.142227,
        "nauc_recall_at_10_max": 0.19399,
        "nauc_recall_at_10_std": -0.014912,
        "nauc_recall_at_10_diff1": 0.148985,
        "nauc_recall_at_20_max": 0.29788,
        "nauc_recall_at_20_std": 0.131002,
        "nauc_recall_at_20_diff1": 0.308122,
        "nauc_recall_at_100_max": 0.376659,
        "nauc_recall_at_100_std": 0.275028,
        "nauc_recall_at_100_diff1": 0.237685,
        "nauc_recall_at_1000_max": 0.187852,
        "nauc_recall_at_1000_std": 0.272958,
        "nauc_recall_at_1000_diff1": 0.305616,
        "nauc_precision_at_1_max": 0.20936,
        "nauc_precision_at_1_std": -0.013928,
        "nauc_precision_at_1_diff1": 0.303719,
        "nauc_precision_at_3_max": 0.226671,
        "nauc_precision_at_3_std": 0.041917,
        "nauc_precision_at_3_diff1": 0.126576,
        "nauc_precision_at_5_max": 0.217074,
        "nauc_precision_at_5_std": 0.052828,
        "nauc_precision_at_5_diff1": 0.140349,
        "nauc_precision_at_10_max": 0.310689,
        "nauc_precision_at_10_std": 0.160264,
        "nauc_precision_at_10_diff1": 0.177755,
        "nauc_precision_at_20_max": 0.416551,
        "nauc_precision_at_20_std": 0.352221,
        "nauc_precision_at_20_diff1": 0.297241,
        "nauc_precision_at_100_max": 0.36068,
        "nauc_precision_at_100_std": 0.427178,
        "nauc_precision_at_100_diff1": 0.202584,
        "nauc_precision_at_1000_max": 0.188585,
        "nauc_precision_at_1000_std": 0.314527,
        "nauc_precision_at_1000_diff1": 0.091839,
        "nauc_mrr_at_1_max": 0.20936,
        "nauc_mrr_at_1_std": -0.013928,
        "nauc_mrr_at_1_diff1": 0.303719,
        "nauc_mrr_at_3_max": 0.23282,
        "nauc_mrr_at_3_std": 0.017024,
        "nauc_mrr_at_3_diff1": 0.210521,
        "nauc_mrr_at_5_max": 0.224199,
        "nauc_mrr_at_5_std": 0.005303,
        "nauc_mrr_at_5_diff1": 0.192304,
        "nauc_mrr_at_10_max": 0.23468,
        "nauc_mrr_at_10_std": 0.007661,
        "nauc_mrr_at_10_diff1": 0.199893,
        "nauc_mrr_at_20_max": 0.244561,
        "nauc_mrr_at_20_std": 0.029187,
        "nauc_mrr_at_20_diff1": 0.208092,
        "nauc_mrr_at_100_max": 0.243064,
        "nauc_mrr_at_100_std": 0.02843,
        "nauc_mrr_at_100_diff1": 0.207735,
        "nauc_mrr_at_1000_max": 0.242766,
        "nauc_mrr_at_1000_std": 0.027571,
        "nauc_mrr_at_1000_diff1": 0.208124,
        "cv_recall_at_1": 0.13636,
        "cv_recall_at_3": 0.30682,
        "cv_recall_at_5": 0.43182,
        "cv_recall_at_10": 0.53409,
        "cv_recall_at_20": 0.67045,
        "cv_recall_at_100": 0.78409,
        "cv_recall_at_1000": 0.95455,
        "main_score": 0.24689,
        "hf_subset": "default",
        "languages": [
          "eng-Latn"
        ]
      }
    ]
  },
  "evaluation_time": 148.06722378730774,
  "kg_co2_emissions": null,
  "date": null
}