{
  "dataset_revision": "cf778c0ea4168ec5174a34d888d6453e4cde9222",
  "task_name": "T2Retrieval",
  "mteb_version": "2.9.0",
  "scores": {
    "dev": [
      {
        "ndcg_at_1": 0.02915,
        "ndcg_at_3": 0.0257,
        "ndcg_at_5": 0.0256,
        "ndcg_at_10": 0.02751,
        "ndcg_at_20": 0.03069,
        "ndcg_at_100": 0.03891,
        "ndcg_at_1000": 0.05593,
        "map_at_1": 0.00946,
        "map_at_3": 0.01515,
        "map_at_5": 0.01732,
        "map_at_10": 0.01921,
        "map_at_20": 0.02033,
        "map_at_100": 0.02154,
        "map_at_1000": 0.02213,
        "recall_at_1": 0.00946,
        "recall_at_3": 0.0185,
        "recall_at_5": 0.02359,
        "recall_at_10": 0.03075,
        "recall_at_20": 0.03947,
        "recall_at_100": 0.06891,
        "recall_at_1000": 0.15914,
        "accuracy": 0.00946,
        "precision_at_1": 0.02915,
        "precision_at_3": 0.02103,
        "precision_at_5": 0.017,
        "precision_at_10": 0.01181,
        "precision_at_20": 0.00783,
        "precision_at_100": 0.00291,
        "precision_at_1000": 0.00073,
        "mrr_at_1": 0.029151,
        "mrr_at_3": 0.035997,
        "mrr_at_5": 0.038077,
        "mrr_at_10": 0.039877,
        "mrr_at_20": 0.041108,
        "mrr_at_100": 0.042531,
        "mrr_at_1000": 0.043102,
        "nauc_ndcg_at_1_max": 0.39015,
        "nauc_ndcg_at_1_std": 0.427428,
        "nauc_ndcg_at_1_diff1": 0.527235,
        "nauc_ndcg_at_3_max": 0.392171,
        "nauc_ndcg_at_3_std": 0.418914,
        "nauc_ndcg_at_3_diff1": 0.464373,
        "nauc_ndcg_at_5_max": 0.394934,
        "nauc_ndcg_at_5_std": 0.417909,
        "nauc_ndcg_at_5_diff1": 0.45234,
        "nauc_ndcg_at_10_max": 0.394312,
        "nauc_ndcg_at_10_std": 0.421478,
        "nauc_ndcg_at_10_diff1": 0.431606,
        "nauc_ndcg_at_20_max": 0.389595,
        "nauc_ndcg_at_20_std": 0.425817,
        "nauc_ndcg_at_20_diff1": 0.413126,
        "nauc_ndcg_at_100_max": 0.406198,
        "nauc_ndcg_at_100_std": 0.445975,
        "nauc_ndcg_at_100_diff1": 0.373567,
        "nauc_ndcg_at_1000_max": 0.45124,
        "nauc_ndcg_at_1000_std": 0.482733,
        "nauc_ndcg_at_1000_diff1": 0.329338,
        "nauc_map_at_1_max": 0.379476,
        "nauc_map_at_1_std": 0.398228,
        "nauc_map_at_1_diff1": 0.604827,
        "nauc_map_at_3_max": 0.391569,
        "nauc_map_at_3_std": 0.401085,
        "nauc_map_at_3_diff1": 0.513844,
        "nauc_map_at_5_max": 0.399526,
        "nauc_map_at_5_std": 0.405449,
        "nauc_map_at_5_diff1": 0.495114,
        "nauc_map_at_10_max": 0.401977,
        "nauc_map_at_10_std": 0.412157,
        "nauc_map_at_10_diff1": 0.477462,
        "nauc_map_at_20_max": 0.399446,
        "nauc_map_at_20_std": 0.416229,
        "nauc_map_at_20_diff1": 0.467198,
        "nauc_map_at_100_max": 0.403927,
        "nauc_map_at_100_std": 0.423281,
        "nauc_map_at_100_diff1": 0.455406,
        "nauc_map_at_1000_max": 0.408102,
        "nauc_map_at_1000_std": 0.427269,
        "nauc_map_at_1000_diff1": 0.45028,
        "nauc_recall_at_1_max": 0.379476,
        "nauc_recall_at_1_std": 0.398228,
        "nauc_recall_at_1_diff1": 0.604827,
        "nauc_recall_at_3_max": 0.379945,
        "nauc_recall_at_3_std": 0.396784,
        "nauc_recall_at_3_diff1": 0.463487,
        "nauc_recall_at_5_max": 0.387878,
        "nauc_recall_at_5_std": 0.40451,
        "nauc_recall_at_5_diff1": 0.431684,
        "nauc_recall_at_10_max": 0.388895,
        "nauc_recall_at_10_std": 0.418136,
        "nauc_recall_at_10_diff1": 0.392415,
        "nauc_recall_at_20_max": 0.375078,
        "nauc_recall_at_20_std": 0.426348,
        "nauc_recall_at_20_diff1": 0.357358,
        "nauc_recall_at_100_max": 0.400405,
        "nauc_recall_at_100_std": 0.457132,
        "nauc_recall_at_100_diff1": 0.293492,
        "nauc_recall_at_1000_max": 0.4713,
        "nauc_recall_at_1000_std": 0.50461,
        "nauc_recall_at_1000_diff1": 0.230742,
        "nauc_precision_at_1_max": 0.39015,
        "nauc_precision_at_1_std": 0.427428,
        "nauc_precision_at_1_diff1": 0.527235,
        "nauc_precision_at_3_max": 0.400117,
        "nauc_precision_at_3_std": 0.42744,
        "nauc_precision_at_3_diff1": 0.420941,
        "nauc_precision_at_5_max": 0.413015,
        "nauc_precision_at_5_std": 0.436827,
        "nauc_precision_at_5_diff1": 0.393401,
        "nauc_precision_at_10_max": 0.417416,
        "nauc_precision_at_10_std": 0.451596,
        "nauc_precision_at_10_diff1": 0.355784,
        "nauc_precision_at_20_max": 0.412613,
        "nauc_precision_at_20_std": 0.459042,
        "nauc_precision_at_20_diff1": 0.329893,
        "nauc_precision_at_100_max": 0.460251,
        "nauc_precision_at_100_std": 0.500682,
        "nauc_precision_at_100_diff1": 0.274434,
        "nauc_precision_at_1000_max": 0.513053,
        "nauc_precision_at_1000_std": 0.524787,
        "nauc_precision_at_1000_diff1": 0.205908,
        "nauc_mrr_at_1_max": 0.39015,
        "nauc_mrr_at_1_std": 0.427428,
        "nauc_mrr_at_1_diff1": 0.527235,
        "nauc_mrr_at_3_max": 0.382941,
        "nauc_mrr_at_3_std": 0.424383,
        "nauc_mrr_at_3_diff1": 0.463103,
        "nauc_mrr_at_5_max": 0.38524,
        "nauc_mrr_at_5_std": 0.427183,
        "nauc_mrr_at_5_diff1": 0.448986,
        "nauc_mrr_at_10_max": 0.386056,
        "nauc_mrr_at_10_std": 0.428396,
        "nauc_mrr_at_10_diff1": 0.436773,
        "nauc_mrr_at_20_max": 0.385379,
        "nauc_mrr_at_20_std": 0.428468,
        "nauc_mrr_at_20_diff1": 0.42842,
        "nauc_mrr_at_100_max": 0.387127,
        "nauc_mrr_at_100_std": 0.42991,
        "nauc_mrr_at_100_diff1": 0.42118,
        "nauc_mrr_at_1000_max": 0.388585,
        "nauc_mrr_at_1000_std": 0.431062,
        "nauc_mrr_at_1000_diff1": 0.418935,
        "cv_recall_at_1": 0.02915,
        "cv_recall_at_3": 0.04511,
        "cv_recall_at_5": 0.05427,
        "cv_recall_at_10": 0.06786,
        "cv_recall_at_20": 0.08601,
        "cv_recall_at_100": 0.14817,
        "cv_recall_at_1000": 0.31299,
        "main_score": 0.02751,
        "hf_subset": "default",
        "languages": [
          "cmn-Hans"
        ]
      }
    ]
  },
  "evaluation_time": 1327.851138830185,
  "kg_co2_emissions": null,
  "date": null
}