{
  "dataset_revision": "910766554633e8da014e88f54988705dde7ecaac",
  "task_name": "ZacLegalTextRetrieval",
  "mteb_version": "2.9.0",
  "scores": {
    "test": [
      {
        "ndcg_at_1": 0.0203,
        "ndcg_at_3": 0.03314,
        "ndcg_at_5": 0.0368,
        "ndcg_at_10": 0.04347,
        "ndcg_at_20": 0.0495,
        "ndcg_at_100": 0.06034,
        "ndcg_at_1000": 0.07318,
        "map_at_1": 0.0203,
        "map_at_3": 0.02982,
        "map_at_5": 0.03185,
        "map_at_10": 0.03466,
        "map_at_20": 0.03628,
        "map_at_100": 0.03763,
        "map_at_1000": 0.03805,
        "recall_at_1": 0.0203,
        "recall_at_3": 0.04251,
        "recall_at_5": 0.0514,
        "recall_at_10": 0.0717,
        "recall_at_20": 0.09581,
        "recall_at_100": 0.15673,
        "recall_at_1000": 0.26079,
        "accuracy": 0.0203,
        "precision_at_1": 0.0203,
        "precision_at_3": 0.01438,
        "precision_at_5": 0.01041,
        "precision_at_10": 0.00723,
        "precision_at_20": 0.00482,
        "precision_at_100": 0.00157,
        "precision_at_1000": 0.00026,
        "mrr_at_1": 0.020305,
        "mrr_at_3": 0.030034,
        "mrr_at_5": 0.032064,
        "mrr_at_10": 0.034874,
        "mrr_at_20": 0.036487,
        "mrr_at_100": 0.037833,
        "mrr_at_1000": 0.038258,
        "nauc_ndcg_at_1_max": 0.415773,
        "nauc_ndcg_at_1_std": 0.162414,
        "nauc_ndcg_at_1_diff1": 0.321175,
        "nauc_ndcg_at_3_max": 0.301907,
        "nauc_ndcg_at_3_std": 0.159586,
        "nauc_ndcg_at_3_diff1": 0.204552,
        "nauc_ndcg_at_5_max": 0.309674,
        "nauc_ndcg_at_5_std": 0.194606,
        "nauc_ndcg_at_5_diff1": 0.211884,
        "nauc_ndcg_at_10_max": 0.279365,
        "nauc_ndcg_at_10_std": 0.191541,
        "nauc_ndcg_at_10_diff1": 0.209859,
        "nauc_ndcg_at_20_max": 0.261806,
        "nauc_ndcg_at_20_std": 0.198421,
        "nauc_ndcg_at_20_diff1": 0.227873,
        "nauc_ndcg_at_100_max": 0.282831,
        "nauc_ndcg_at_100_std": 0.202803,
        "nauc_ndcg_at_100_diff1": 0.197112,
        "nauc_ndcg_at_1000_max": 0.268808,
        "nauc_ndcg_at_1000_std": 0.192649,
        "nauc_ndcg_at_1000_diff1": 0.184277,
        "nauc_map_at_1_max": 0.415773,
        "nauc_map_at_1_std": 0.162414,
        "nauc_map_at_1_diff1": 0.321175,
        "nauc_map_at_3_max": 0.319953,
        "nauc_map_at_3_std": 0.16002,
        "nauc_map_at_3_diff1": 0.22067,
        "nauc_map_at_5_max": 0.323504,
        "nauc_map_at_5_std": 0.182302,
        "nauc_map_at_5_diff1": 0.22479,
        "nauc_map_at_10_max": 0.308542,
        "nauc_map_at_10_std": 0.181811,
        "nauc_map_at_10_diff1": 0.22336,
        "nauc_map_at_20_max": 0.301347,
        "nauc_map_at_20_std": 0.183946,
        "nauc_map_at_20_diff1": 0.229799,
        "nauc_map_at_100_max": 0.304943,
        "nauc_map_at_100_std": 0.183663,
        "nauc_map_at_100_diff1": 0.222963,
        "nauc_map_at_1000_max": 0.303746,
        "nauc_map_at_1000_std": 0.183055,
        "nauc_map_at_1000_diff1": 0.221355,
        "nauc_recall_at_1_max": 0.415773,
        "nauc_recall_at_1_std": 0.162414,
        "nauc_recall_at_1_diff1": 0.321175,
        "nauc_recall_at_3_max": 0.260615,
        "nauc_recall_at_3_std": 0.162109,
        "nauc_recall_at_3_diff1": 0.171951,
        "nauc_recall_at_5_max": 0.281964,
        "nauc_recall_at_5_std": 0.222917,
        "nauc_recall_at_5_diff1": 0.189183,
        "nauc_recall_at_10_max": 0.228364,
        "nauc_recall_at_10_std": 0.209026,
        "nauc_recall_at_10_diff1": 0.189977,
        "nauc_recall_at_20_max": 0.203396,
        "nauc_recall_at_20_std": 0.221183,
        "nauc_recall_at_20_diff1": 0.23083,
        "nauc_recall_at_100_max": 0.266586,
        "nauc_recall_at_100_std": 0.230165,
        "nauc_recall_at_100_diff1": 0.162259,
        "nauc_recall_at_1000_max": 0.235089,
        "nauc_recall_at_1000_std": 0.196455,
        "nauc_recall_at_1000_diff1": 0.144265,
        "nauc_precision_at_1_max": 0.415773,
        "nauc_precision_at_1_std": 0.162414,
        "nauc_precision_at_1_diff1": 0.321175,
        "nauc_precision_at_3_max": 0.271488,
        "nauc_precision_at_3_std": 0.155035,
        "nauc_precision_at_3_diff1": 0.174197,
        "nauc_precision_at_5_max": 0.290721,
        "nauc_precision_at_5_std": 0.216309,
        "nauc_precision_at_5_diff1": 0.190836,
        "nauc_precision_at_10_max": 0.235133,
        "nauc_precision_at_10_std": 0.204395,
        "nauc_precision_at_10_diff1": 0.191159,
        "nauc_precision_at_20_max": 0.208637,
        "nauc_precision_at_20_std": 0.21763,
        "nauc_precision_at_20_diff1": 0.231447,
        "nauc_precision_at_100_max": 0.27037,
        "nauc_precision_at_100_std": 0.227999,
        "nauc_precision_at_100_diff1": 0.163257,
        "nauc_precision_at_1000_max": 0.238232,
        "nauc_precision_at_1000_std": 0.195152,
        "nauc_precision_at_1000_diff1": 0.145211,
        "nauc_mrr_at_1_max": 0.415773,
        "nauc_mrr_at_1_std": 0.162414,
        "nauc_mrr_at_1_diff1": 0.321175,
        "nauc_mrr_at_3_max": 0.324742,
        "nauc_mrr_at_3_std": 0.156648,
        "nauc_mrr_at_3_diff1": 0.221403,
        "nauc_mrr_at_5_max": 0.327967,
        "nauc_mrr_at_5_std": 0.178996,
        "nauc_mrr_at_5_diff1": 0.225449,
        "nauc_mrr_at_10_max": 0.312735,
        "nauc_mrr_at_10_std": 0.178774,
        "nauc_mrr_at_10_diff1": 0.223975,
        "nauc_mrr_at_20_max": 0.305264,
        "nauc_mrr_at_20_std": 0.18094,
        "nauc_mrr_at_20_diff1": 0.230202,
        "nauc_mrr_at_100_max": 0.308707,
        "nauc_mrr_at_100_std": 0.180702,
        "nauc_mrr_at_100_diff1": 0.223427,
        "nauc_mrr_at_1000_max": 0.307494,
        "nauc_mrr_at_1000_std": 0.180114,
        "nauc_mrr_at_1000_diff1": 0.221825,
        "cv_recall_at_1": 0.0203,
        "cv_recall_at_3": 0.04315,
        "cv_recall_at_5": 0.05203,
        "cv_recall_at_10": 0.07234,
        "cv_recall_at_20": 0.09645,
        "cv_recall_at_100": 0.15736,
        "cv_recall_at_1000": 0.26142,
        "main_score": 0.04347,
        "hf_subset": "default",
        "languages": [
          "vie-Latn"
        ]
      }
    ]
  },
  "evaluation_time": 582.7697846889496,
  "kg_co2_emissions": null,
  "date": null
}