{
  "dataset_revision": "0c063eb9b2f3085bbbc48f8d51f21a179254187e",
  "task_name": "BillSumUS",
  "mteb_version": "2.9.0",
  "scores": {
    "test": [
      {
        "ndcg_at_1": 0.98,
        "ndcg_at_3": 0.98831,
        "ndcg_at_5": 0.98831,
        "ndcg_at_10": 0.98898,
        "ndcg_at_20": 0.9895,
        "ndcg_at_100": 0.9895,
        "ndcg_at_1000": 0.98978,
        "map_at_1": 0.98,
        "map_at_3": 0.98633,
        "map_at_5": 0.98633,
        "map_at_10": 0.98662,
        "map_at_20": 0.98677,
        "map_at_100": 0.98677,
        "map_at_1000": 0.98679,
        "recall_at_1": 0.98,
        "recall_at_3": 0.994,
        "recall_at_5": 0.994,
        "recall_at_10": 0.996,
        "recall_at_20": 0.998,
        "recall_at_100": 0.998,
        "recall_at_1000": 1.0,
        "accuracy": 0.98,
        "precision_at_1": 0.98,
        "precision_at_3": 0.33133,
        "precision_at_5": 0.1988,
        "precision_at_10": 0.0996,
        "precision_at_20": 0.0499,
        "precision_at_100": 0.00998,
        "precision_at_1000": 0.001,
        "mrr_at_1": 0.98,
        "mrr_at_3": 0.986333,
        "mrr_at_5": 0.986333,
        "mrr_at_10": 0.986619,
        "mrr_at_20": 0.986773,
        "mrr_at_100": 0.986773,
        "mrr_at_1000": 0.986787,
        "nauc_ndcg_at_1_max": 0.986928,
        "nauc_ndcg_at_1_std": 0.628665,
        "nauc_ndcg_at_1_diff1": 0.986928,
        "nauc_ndcg_at_3_max": 0.991747,
        "nauc_ndcg_at_3_std": 0.682978,
        "nauc_ndcg_at_3_diff1": 0.977637,
        "nauc_ndcg_at_5_max": 0.991747,
        "nauc_ndcg_at_5_std": 0.682978,
        "nauc_ndcg_at_5_diff1": 0.977637,
        "nauc_ndcg_at_10_max": 0.991247,
        "nauc_ndcg_at_10_std": 0.690769,
        "nauc_ndcg_at_10_diff1": 0.976285,
        "nauc_ndcg_at_20_max": 0.990809,
        "nauc_ndcg_at_20_std": 0.681837,
        "nauc_ndcg_at_20_diff1": 0.975098,
        "nauc_ndcg_at_100_max": 0.990809,
        "nauc_ndcg_at_100_std": 0.681837,
        "nauc_ndcg_at_100_diff1": 0.975098,
        "nauc_ndcg_at_1000_max": 0.990557,
        "nauc_ndcg_at_1000_std": 0.676683,
        "nauc_ndcg_at_1000_diff1": 0.978008,
        "nauc_map_at_1_max": 0.986928,
        "nauc_map_at_1_std": 0.628665,
        "nauc_map_at_1_diff1": 0.986928,
        "nauc_map_at_3_max": 0.990435,
        "nauc_map_at_3_std": 0.669764,
        "nauc_map_at_3_diff1": 0.98087,
        "nauc_map_at_5_max": 0.990435,
        "nauc_map_at_5_std": 0.669764,
        "nauc_map_at_5_diff1": 0.98087,
        "nauc_map_at_10_max": 0.990231,
        "nauc_map_at_10_std": 0.672232,
        "nauc_map_at_10_diff1": 0.980462,
        "nauc_map_at_20_max": 0.990117,
        "nauc_map_at_20_std": 0.66994,
        "nauc_map_at_20_diff1": 0.980235,
        "nauc_map_at_100_max": 0.990117,
        "nauc_map_at_100_std": 0.66994,
        "nauc_map_at_100_diff1": 0.980235,
        "nauc_map_at_1000_max": 0.990107,
        "nauc_map_at_1000_std": 0.669722,
        "nauc_map_at_1000_diff1": 0.980356,
        "nauc_recall_at_1_max": 0.986928,
        "nauc_recall_at_1_std": 0.628665,
        "nauc_recall_at_1_diff1": 0.986928,
        "nauc_recall_at_3_max": 1.0,
        "nauc_recall_at_3_std": 0.764239,
        "nauc_recall_at_3_diff1": 0.956427,
        "nauc_recall_at_5_max": 1.0,
        "nauc_recall_at_5_std": 0.764239,
        "nauc_recall_at_5_diff1": 0.956427,
        "nauc_recall_at_10_max": 1.0,
        "nauc_recall_at_10_std": 0.869281,
        "nauc_recall_at_10_diff1": 0.934641,
        "nauc_recall_at_20_max": 1.0,
        "nauc_recall_at_20_std": 0.869281,
        "nauc_recall_at_20_diff1": 0.869281,
        "nauc_recall_at_100_max": 1.0,
        "nauc_recall_at_100_std": 0.869281,
        "nauc_recall_at_100_diff1": 0.869281,
        "nauc_recall_at_1000_max": NaN,
        "nauc_recall_at_1000_std": NaN,
        "nauc_recall_at_1000_diff1": NaN,
        "nauc_precision_at_1_max": 0.986928,
        "nauc_precision_at_1_std": 0.628665,
        "nauc_precision_at_1_diff1": 0.986928,
        "nauc_precision_at_3_max": 1.0,
        "nauc_precision_at_3_std": 0.764239,
        "nauc_precision_at_3_diff1": 0.956427,
        "nauc_precision_at_5_max": 1.0,
        "nauc_precision_at_5_std": 0.764239,
        "nauc_precision_at_5_diff1": 0.956427,
        "nauc_precision_at_10_max": 1.0,
        "nauc_precision_at_10_std": 0.869281,
        "nauc_precision_at_10_diff1": 0.934641,
        "nauc_precision_at_20_max": 1.0,
        "nauc_precision_at_20_std": 0.869281,
        "nauc_precision_at_20_diff1": 0.869281,
        "nauc_precision_at_100_max": 1.0,
        "nauc_precision_at_100_std": 0.869281,
        "nauc_precision_at_100_diff1": 0.869281,
        "nauc_precision_at_1000_max": 1.0,
        "nauc_precision_at_1000_std": 1.0,
        "nauc_precision_at_1000_diff1": 1.0,
        "nauc_mrr_at_1_max": 0.986928,
        "nauc_mrr_at_1_std": 0.628665,
        "nauc_mrr_at_1_diff1": 0.986928,
        "nauc_mrr_at_3_max": 0.990435,
        "nauc_mrr_at_3_std": 0.669764,
        "nauc_mrr_at_3_diff1": 0.98087,
        "nauc_mrr_at_5_max": 0.990435,
        "nauc_mrr_at_5_std": 0.669764,
        "nauc_mrr_at_5_diff1": 0.98087,
        "nauc_mrr_at_10_max": 0.990231,
        "nauc_mrr_at_10_std": 0.672232,
        "nauc_mrr_at_10_diff1": 0.980462,
        "nauc_mrr_at_20_max": 0.990117,
        "nauc_mrr_at_20_std": 0.66994,
        "nauc_mrr_at_20_diff1": 0.980235,
        "nauc_mrr_at_100_max": 0.990117,
        "nauc_mrr_at_100_std": 0.66994,
        "nauc_mrr_at_100_diff1": 0.980235,
        "nauc_mrr_at_1000_max": 0.990107,
        "nauc_mrr_at_1000_std": 0.669722,
        "nauc_mrr_at_1000_diff1": 0.980356,
        "cv_recall_at_1": 0.98,
        "cv_recall_at_3": 0.994,
        "cv_recall_at_5": 0.994,
        "cv_recall_at_10": 0.996,
        "cv_recall_at_20": 0.998,
        "cv_recall_at_100": 0.998,
        "cv_recall_at_1000": 1.0,
        "main_score": 0.98898,
        "hf_subset": "default",
        "languages": [
          "eng-Latn"
        ]
      }
    ]
  },
  "evaluation_time": 187.30560994148254,
  "kg_co2_emissions": null,
  "date": null
}