{
  "dataset_revision": "5014f29d7fdde6f9073a75b72be53ed73eed60c6",
  "task_name": "BillSumCA",
  "mteb_version": "2.9.0",
  "scores": {
    "test": [
      {
        "ndcg_at_1": 0.85,
        "ndcg_at_3": 0.91274,
        "ndcg_at_5": 0.92513,
        "ndcg_at_10": 0.92711,
        "ndcg_at_20": 0.92864,
        "ndcg_at_100": 0.92952,
        "ndcg_at_1000": 0.92952,
        "map_at_1": 0.85,
        "map_at_3": 0.89833,
        "map_at_5": 0.90523,
        "map_at_10": 0.90607,
        "map_at_20": 0.9065,
        "map_at_100": 0.90668,
        "map_at_1000": 0.90668,
        "recall_at_1": 0.85,
        "recall_at_3": 0.954,
        "recall_at_5": 0.984,
        "recall_at_10": 0.99,
        "recall_at_20": 0.996,
        "recall_at_100": 1.0,
        "recall_at_1000": 1.0,
        "accuracy": 0.85,
        "precision_at_1": 0.85,
        "precision_at_3": 0.318,
        "precision_at_5": 0.1968,
        "precision_at_10": 0.099,
        "precision_at_20": 0.0498,
        "precision_at_100": 0.01,
        "precision_at_1000": 0.001,
        "mrr_at_1": 0.85,
        "mrr_at_3": 0.898,
        "mrr_at_5": 0.9049,
        "mrr_at_10": 0.905741,
        "mrr_at_20": 0.906173,
        "mrr_at_100": 0.906355,
        "mrr_at_1000": 0.906355,
        "nauc_ndcg_at_1_max": 0.598405,
        "nauc_ndcg_at_1_std": -0.067315,
        "nauc_ndcg_at_1_diff1": 0.878952,
        "nauc_ndcg_at_3_max": 0.673421,
        "nauc_ndcg_at_3_std": -0.0143,
        "nauc_ndcg_at_3_diff1": 0.872444,
        "nauc_ndcg_at_5_max": 0.659652,
        "nauc_ndcg_at_5_std": -0.018146,
        "nauc_ndcg_at_5_diff1": 0.873485,
        "nauc_ndcg_at_10_max": 0.656156,
        "nauc_ndcg_at_10_std": -0.033089,
        "nauc_ndcg_at_10_diff1": 0.878439,
        "nauc_ndcg_at_20_max": 0.650474,
        "nauc_ndcg_at_20_std": -0.040653,
        "nauc_ndcg_at_20_diff1": 0.876675,
        "nauc_ndcg_at_100_max": 0.645934,
        "nauc_ndcg_at_100_std": -0.040195,
        "nauc_ndcg_at_100_diff1": 0.875073,
        "nauc_ndcg_at_1000_max": 0.645934,
        "nauc_ndcg_at_1000_std": -0.040195,
        "nauc_ndcg_at_1000_diff1": 0.875073,
        "nauc_map_at_1_max": 0.598405,
        "nauc_map_at_1_std": -0.067315,
        "nauc_map_at_1_diff1": 0.878952,
        "nauc_map_at_3_max": 0.653118,
        "nauc_map_at_3_std": -0.031486,
        "nauc_map_at_3_diff1": 0.87384,
        "nauc_map_at_5_max": 0.644772,
        "nauc_map_at_5_std": -0.036503,
        "nauc_map_at_5_diff1": 0.874008,
        "nauc_map_at_10_max": 0.643499,
        "nauc_map_at_10_std": -0.041418,
        "nauc_map_at_10_diff1": 0.875663,
        "nauc_map_at_20_max": 0.642184,
        "nauc_map_at_20_std": -0.043111,
        "nauc_map_at_20_diff1": 0.875259,
        "nauc_map_at_100_max": 0.641461,
        "nauc_map_at_100_std": -0.043045,
        "nauc_map_at_100_diff1": 0.875007,
        "nauc_map_at_1000_max": 0.641461,
        "nauc_map_at_1000_std": -0.043045,
        "nauc_map_at_1000_diff1": 0.875007,
        "nauc_recall_at_1_max": 0.598405,
        "nauc_recall_at_1_std": -0.067315,
        "nauc_recall_at_1_diff1": 0.878952,
        "nauc_recall_at_3_max": 0.793387,
        "nauc_recall_at_3_std": 0.090509,
        "nauc_recall_at_3_diff1": 0.864613,
        "nauc_recall_at_5_max": 0.885037,
        "nauc_recall_at_5_std": 0.292834,
        "nauc_recall_at_5_diff1": 0.87074,
        "nauc_recall_at_10_max": 0.944444,
        "nauc_recall_at_10_std": 0.151447,
        "nauc_recall_at_10_diff1": 0.973856,
        "nauc_recall_at_20_max": 1.0,
        "nauc_recall_at_20_std": -0.075864,
        "nauc_recall_at_20_diff1": 1.0,
        "nauc_recall_at_100_max": NaN,
        "nauc_recall_at_100_std": NaN,
        "nauc_recall_at_100_diff1": NaN,
        "nauc_recall_at_1000_max": NaN,
        "nauc_recall_at_1000_std": NaN,
        "nauc_recall_at_1000_diff1": NaN,
        "nauc_precision_at_1_max": 0.598405,
        "nauc_precision_at_1_std": -0.067315,
        "nauc_precision_at_1_diff1": 0.878952,
        "nauc_precision_at_3_max": 0.793387,
        "nauc_precision_at_3_std": 0.090509,
        "nauc_precision_at_3_diff1": 0.864613,
        "nauc_precision_at_5_max": 0.885037,
        "nauc_precision_at_5_std": 0.292834,
        "nauc_precision_at_5_diff1": 0.87074,
        "nauc_precision_at_10_max": 0.944444,
        "nauc_precision_at_10_std": 0.151447,
        "nauc_precision_at_10_diff1": 0.973856,
        "nauc_precision_at_20_max": 1.0,
        "nauc_precision_at_20_std": -0.075864,
        "nauc_precision_at_20_diff1": 1.0,
        "nauc_precision_at_100_max": 1.0,
        "nauc_precision_at_100_std": 1.0,
        "nauc_precision_at_100_diff1": 1.0,
        "nauc_precision_at_1000_max": 1.0,
        "nauc_precision_at_1000_std": 1.0,
        "nauc_precision_at_1000_diff1": 1.0,
        "nauc_mrr_at_1_max": 0.598405,
        "nauc_mrr_at_1_std": -0.067315,
        "nauc_mrr_at_1_diff1": 0.878952,
        "nauc_mrr_at_3_max": 0.650334,
        "nauc_mrr_at_3_std": -0.037254,
        "nauc_mrr_at_3_diff1": 0.870312,
        "nauc_mrr_at_5_max": 0.64181,
        "nauc_mrr_at_5_std": -0.042686,
        "nauc_mrr_at_5_diff1": 0.870214,
        "nauc_mrr_at_10_max": 0.640514,
        "nauc_mrr_at_10_std": -0.04764,
        "nauc_mrr_at_10_diff1": 0.871828,
        "nauc_mrr_at_20_max": 0.639183,
        "nauc_mrr_at_20_std": -0.049347,
        "nauc_mrr_at_20_diff1": 0.871397,
        "nauc_mrr_at_100_max": 0.638457,
        "nauc_mrr_at_100_std": -0.049293,
        "nauc_mrr_at_100_diff1": 0.871138,
        "nauc_mrr_at_1000_max": 0.638457,
        "nauc_mrr_at_1000_std": -0.049293,
        "nauc_mrr_at_1000_diff1": 0.871138,
        "cv_recall_at_1": 0.85,
        "cv_recall_at_3": 0.954,
        "cv_recall_at_5": 0.984,
        "cv_recall_at_10": 0.99,
        "cv_recall_at_20": 0.996,
        "cv_recall_at_100": 1.0,
        "cv_recall_at_1000": 1.0,
        "main_score": 0.92711,
        "hf_subset": "default",
        "languages": [
          "eng-Latn"
        ]
      }
    ]
  },
  "evaluation_time": 217.12326288223267,
  "kg_co2_emissions": null,
  "date": null
}