{
  "dataset_revision": "7a20df1abe4dafc46f93f9a7965bf9c6968bdf04",
  "task_name": "FreshStackRetrieval",
  "mteb_version": "2.9.0",
  "scores": {
    "test": [
      {
        "ndcg_at_1": 0.34673,
        "ndcg_at_3": 0.29303,
        "ndcg_at_5": 0.27846,
        "ndcg_at_10": 0.27908,
        "ndcg_at_20": 0.31296,
        "ndcg_at_100": 0.41699,
        "ndcg_at_1000": 0.49462,
        "map_at_1": 0.05993,
        "map_at_3": 0.10486,
        "map_at_5": 0.12894,
        "map_at_10": 0.15814,
        "map_at_20": 0.18234,
        "map_at_100": 0.21432,
        "map_at_1000": 0.22324,
        "recall_at_1": 0.05993,
        "recall_at_3": 0.12769,
        "recall_at_5": 0.17713,
        "recall_at_10": 0.25727,
        "recall_at_20": 0.36346,
        "recall_at_100": 0.66202,
        "recall_at_1000": 0.97447,
        "accuracy": 0.05993,
        "precision_at_1": 0.34673,
        "precision_at_3": 0.26835,
        "precision_at_5": 0.23274,
        "precision_at_10": 0.17976,
        "precision_at_20": 0.13304,
        "precision_at_100": 0.05115,
        "precision_at_1000": 0.00788,
        "mrr_at_1": 0.346726,
        "mrr_at_3": 0.435268,
        "mrr_at_5": 0.453571,
        "mrr_at_10": 0.467234,
        "mrr_at_20": 0.474243,
        "mrr_at_100": 0.477425,
        "mrr_at_1000": 0.477691,
        "nauc_ndcg_at_1_max": 0.162718,
        "nauc_ndcg_at_1_std": 0.040076,
        "nauc_ndcg_at_1_diff1": 0.30253,
        "nauc_ndcg_at_3_max": 0.14992,
        "nauc_ndcg_at_3_std": 0.054449,
        "nauc_ndcg_at_3_diff1": 0.183428,
        "nauc_ndcg_at_5_max": 0.158013,
        "nauc_ndcg_at_5_std": 0.08185,
        "nauc_ndcg_at_5_diff1": 0.178105,
        "nauc_ndcg_at_10_max": 0.127245,
        "nauc_ndcg_at_10_std": 0.084667,
        "nauc_ndcg_at_10_diff1": 0.190108,
        "nauc_ndcg_at_20_max": 0.096434,
        "nauc_ndcg_at_20_std": 0.098325,
        "nauc_ndcg_at_20_diff1": 0.187146,
        "nauc_ndcg_at_100_max": 0.115926,
        "nauc_ndcg_at_100_std": 0.161344,
        "nauc_ndcg_at_100_diff1": 0.18583,
        "nauc_ndcg_at_1000_max": 0.17662,
        "nauc_ndcg_at_1000_std": 0.146858,
        "nauc_ndcg_at_1000_diff1": 0.173661,
        "nauc_map_at_1_max": 0.032616,
        "nauc_map_at_1_std": -0.0056,
        "nauc_map_at_1_diff1": 0.243154,
        "nauc_map_at_3_max": 0.039419,
        "nauc_map_at_3_std": -0.020226,
        "nauc_map_at_3_diff1": 0.191788,
        "nauc_map_at_5_max": 0.057229,
        "nauc_map_at_5_std": 0.008588,
        "nauc_map_at_5_diff1": 0.189388,
        "nauc_map_at_10_max": 0.071736,
        "nauc_map_at_10_std": 0.0307,
        "nauc_map_at_10_diff1": 0.193304,
        "nauc_map_at_20_max": 0.076527,
        "nauc_map_at_20_std": 0.056258,
        "nauc_map_at_20_diff1": 0.186238,
        "nauc_map_at_100_max": 0.095902,
        "nauc_map_at_100_std": 0.093315,
        "nauc_map_at_100_diff1": 0.182398,
        "nauc_map_at_1000_max": 0.106899,
        "nauc_map_at_1000_std": 0.096465,
        "nauc_map_at_1000_diff1": 0.18081,
        "nauc_recall_at_1_max": 0.032616,
        "nauc_recall_at_1_std": -0.0056,
        "nauc_recall_at_1_diff1": 0.243154,
        "nauc_recall_at_3_max": 0.00618,
        "nauc_recall_at_3_std": -0.024047,
        "nauc_recall_at_3_diff1": 0.133383,
        "nauc_recall_at_5_max": 0.019753,
        "nauc_recall_at_5_std": 0.015651,
        "nauc_recall_at_5_diff1": 0.133334,
        "nauc_recall_at_10_max": 0.01375,
        "nauc_recall_at_10_std": 0.042733,
        "nauc_recall_at_10_diff1": 0.135329,
        "nauc_recall_at_20_max": 0.001357,
        "nauc_recall_at_20_std": 0.094437,
        "nauc_recall_at_20_diff1": 0.125409,
        "nauc_recall_at_100_max": -0.038144,
        "nauc_recall_at_100_std": 0.218933,
        "nauc_recall_at_100_diff1": 0.132172,
        "nauc_recall_at_1000_max": -0.092367,
        "nauc_recall_at_1000_std": 0.571692,
        "nauc_recall_at_1000_diff1": 0.164166,
        "nauc_precision_at_1_max": 0.162718,
        "nauc_precision_at_1_std": 0.040076,
        "nauc_precision_at_1_diff1": 0.30253,
        "nauc_precision_at_3_max": 0.146584,
        "nauc_precision_at_3_std": 0.062162,
        "nauc_precision_at_3_diff1": 0.13816,
        "nauc_precision_at_5_max": 0.181499,
        "nauc_precision_at_5_std": 0.122514,
        "nauc_precision_at_5_diff1": 0.127533,
        "nauc_precision_at_10_max": 0.198618,
        "nauc_precision_at_10_std": 0.161765,
        "nauc_precision_at_10_diff1": 0.114554,
        "nauc_precision_at_20_max": 0.208996,
        "nauc_precision_at_20_std": 0.203965,
        "nauc_precision_at_20_diff1": 0.077804,
        "nauc_precision_at_100_max": 0.249787,
        "nauc_precision_at_100_std": 0.234179,
        "nauc_precision_at_100_diff1": 0.033121,
        "nauc_precision_at_1000_max": 0.310557,
        "nauc_precision_at_1000_std": 0.109547,
        "nauc_precision_at_1000_diff1": -0.045701,
        "nauc_mrr_at_1_max": 0.162718,
        "nauc_mrr_at_1_std": 0.040076,
        "nauc_mrr_at_1_diff1": 0.30253,
        "nauc_mrr_at_3_max": 0.144262,
        "nauc_mrr_at_3_std": 0.062324,
        "nauc_mrr_at_3_diff1": 0.238289,
        "nauc_mrr_at_5_max": 0.149127,
        "nauc_mrr_at_5_std": 0.067532,
        "nauc_mrr_at_5_diff1": 0.242385,
        "nauc_mrr_at_10_max": 0.151742,
        "nauc_mrr_at_10_std": 0.074,
        "nauc_mrr_at_10_diff1": 0.245982,
        "nauc_mrr_at_20_max": 0.152589,
        "nauc_mrr_at_20_std": 0.074164,
        "nauc_mrr_at_20_diff1": 0.243644,
        "nauc_mrr_at_100_max": 0.151789,
        "nauc_mrr_at_100_std": 0.072086,
        "nauc_mrr_at_100_diff1": 0.24478,
        "nauc_mrr_at_1000_max": 0.151813,
        "nauc_mrr_at_1000_std": 0.071952,
        "nauc_mrr_at_1000_diff1": 0.2451,
        "cv_recall_at_1": 0.34673,
        "cv_recall_at_3": 0.54762,
        "cv_recall_at_5": 0.62649,
        "cv_recall_at_10": 0.72768,
        "cv_recall_at_20": 0.82738,
        "cv_recall_at_100": 0.94792,
        "cv_recall_at_1000": 0.99851,
        "main_score": 0.27908,
        "hf_subset": "default",
        "languages": [
          "eng-Latn",
          "python-Code",
          "javascript-Code",
          "go-Code"
        ]
      }
    ]
  },
  "evaluation_time": 985.6753618717194,
  "kg_co2_emissions": null,
  "date": null
}