{
  "dataset_revision": "4482db2a053706c0aef0ab7bf1878d29bb0295f8",
  "task_name": "GovReport",
  "mteb_version": "2.9.0",
  "scores": {
    "test": [
      {
        "ndcg_at_1": 0.86186,
        "ndcg_at_3": 0.93012,
        "ndcg_at_5": 0.93611,
        "ndcg_at_10": 0.93922,
        "ndcg_at_20": 0.93976,
        "ndcg_at_100": 0.93976,
        "ndcg_at_1000": 0.93976,
        "map_at_1": 0.86082,
        "map_at_3": 0.91469,
        "map_at_5": 0.91804,
        "map_at_10": 0.91939,
        "map_at_20": 0.91955,
        "map_at_100": 0.91955,
        "map_at_1000": 0.91955,
        "recall_at_1": 0.86082,
        "recall_at_3": 0.97423,
        "recall_at_5": 0.98866,
        "recall_at_10": 0.99794,
        "recall_at_20": 1.0,
        "recall_at_100": 1.0,
        "recall_at_1000": 1.0,
        "accuracy": 0.86082,
        "precision_at_1": 0.86186,
        "precision_at_3": 0.32577,
        "precision_at_5": 0.19835,
        "precision_at_10": 0.1001,
        "precision_at_20": 0.05015,
        "precision_at_100": 0.01003,
        "precision_at_1000": 0.001,
        "mrr_at_1": 0.861856,
        "mrr_at_3": 0.914605,
        "mrr_at_5": 0.917955,
        "mrr_at_10": 0.919305,
        "mrr_at_20": 0.919465,
        "mrr_at_100": 0.919465,
        "mrr_at_1000": 0.919465,
        "nauc_ndcg_at_1_max": 0.380756,
        "nauc_ndcg_at_1_std": -0.227869,
        "nauc_ndcg_at_1_diff1": 0.849144,
        "nauc_ndcg_at_3_max": 0.423889,
        "nauc_ndcg_at_3_std": -0.258082,
        "nauc_ndcg_at_3_diff1": 0.843,
        "nauc_ndcg_at_5_max": 0.400313,
        "nauc_ndcg_at_5_std": -0.260801,
        "nauc_ndcg_at_5_diff1": 0.842316,
        "nauc_ndcg_at_10_max": 0.40347,
        "nauc_ndcg_at_10_std": -0.257983,
        "nauc_ndcg_at_10_diff1": 0.845466,
        "nauc_ndcg_at_20_max": 0.40083,
        "nauc_ndcg_at_20_std": -0.255963,
        "nauc_ndcg_at_20_diff1": 0.84591,
        "nauc_ndcg_at_100_max": 0.40083,
        "nauc_ndcg_at_100_std": -0.255963,
        "nauc_ndcg_at_100_diff1": 0.84591,
        "nauc_ndcg_at_1000_max": 0.40083,
        "nauc_ndcg_at_1000_std": -0.255963,
        "nauc_ndcg_at_1000_diff1": 0.84591,
        "nauc_map_at_1_max": 0.38006,
        "nauc_map_at_1_std": -0.239726,
        "nauc_map_at_1_diff1": 0.851158,
        "nauc_map_at_3_max": 0.410172,
        "nauc_map_at_3_std": -0.25445,
        "nauc_map_at_3_diff1": 0.845285,
        "nauc_map_at_5_max": 0.399009,
        "nauc_map_at_5_std": -0.255472,
        "nauc_map_at_5_diff1": 0.844953,
        "nauc_map_at_10_max": 0.399992,
        "nauc_map_at_10_std": -0.254367,
        "nauc_map_at_10_diff1": 0.846164,
        "nauc_map_at_20_max": 0.399371,
        "nauc_map_at_20_std": -0.25404,
        "nauc_map_at_20_diff1": 0.846255,
        "nauc_map_at_100_max": 0.399371,
        "nauc_map_at_100_std": -0.25404,
        "nauc_map_at_100_diff1": 0.846255,
        "nauc_map_at_1000_max": 0.399371,
        "nauc_map_at_1000_std": -0.25404,
        "nauc_map_at_1000_diff1": 0.846255,
        "nauc_recall_at_1_max": 0.38006,
        "nauc_recall_at_1_std": -0.239726,
        "nauc_recall_at_1_diff1": 0.851158,
        "nauc_recall_at_3_max": 0.546872,
        "nauc_recall_at_3_std": -0.281064,
        "nauc_recall_at_3_diff1": 0.821867,
        "nauc_recall_at_5_max": 0.400857,
        "nauc_recall_at_5_std": -0.346533,
        "nauc_recall_at_5_diff1": 0.789704,
        "nauc_recall_at_10_max": 0.679038,
        "nauc_recall_at_10_std": -0.50887,
        "nauc_recall_at_10_diff1": 0.795752,
        "nauc_recall_at_20_max": NaN,
        "nauc_recall_at_20_std": NaN,
        "nauc_recall_at_20_diff1": NaN,
        "nauc_recall_at_100_max": NaN,
        "nauc_recall_at_100_std": NaN,
        "nauc_recall_at_100_diff1": NaN,
        "nauc_recall_at_1000_max": NaN,
        "nauc_recall_at_1000_std": NaN,
        "nauc_recall_at_1000_diff1": NaN,
        "nauc_precision_at_1_max": 0.380756,
        "nauc_precision_at_1_std": -0.227869,
        "nauc_precision_at_1_diff1": 0.849144,
        "nauc_precision_at_3_max": 0.407734,
        "nauc_precision_at_3_std": -0.111693,
        "nauc_precision_at_3_diff1": 0.584959,
        "nauc_precision_at_5_max": 0.188614,
        "nauc_precision_at_5_std": -0.009901,
        "nauc_precision_at_5_diff1": 0.358662,
        "nauc_precision_at_10_max": 0.001099,
        "nauc_precision_at_10_std": 0.364759,
        "nauc_precision_at_10_diff1": -0.17698,
        "nauc_precision_at_20_max": -0.258653,
        "nauc_precision_at_20_std": 0.69949,
        "nauc_precision_at_20_diff1": -0.549682,
        "nauc_precision_at_100_max": -0.258653,
        "nauc_precision_at_100_std": 0.69949,
        "nauc_precision_at_100_diff1": -0.549682,
        "nauc_precision_at_1000_max": -0.258653,
        "nauc_precision_at_1000_std": 0.69949,
        "nauc_precision_at_1000_diff1": -0.549682,
        "nauc_mrr_at_1_max": 0.380756,
        "nauc_mrr_at_1_std": -0.227869,
        "nauc_mrr_at_1_diff1": 0.849144,
        "nauc_mrr_at_3_max": 0.410703,
        "nauc_mrr_at_3_std": -0.254398,
        "nauc_mrr_at_3_diff1": 0.845424,
        "nauc_mrr_at_5_max": 0.399573,
        "nauc_mrr_at_5_std": -0.255417,
        "nauc_mrr_at_5_diff1": 0.845099,
        "nauc_mrr_at_10_max": 0.400565,
        "nauc_mrr_at_10_std": -0.254312,
        "nauc_mrr_at_10_diff1": 0.846311,
        "nauc_mrr_at_20_max": 0.399946,
        "nauc_mrr_at_20_std": -0.253986,
        "nauc_mrr_at_20_diff1": 0.846403,
        "nauc_mrr_at_100_max": 0.399946,
        "nauc_mrr_at_100_std": -0.253986,
        "nauc_mrr_at_100_diff1": 0.846403,
        "nauc_mrr_at_1000_max": 0.399946,
        "nauc_mrr_at_1000_std": -0.253986,
        "nauc_mrr_at_1000_diff1": 0.846403,
        "cv_recall_at_1": 0.86186,
        "cv_recall_at_3": 0.97423,
        "cv_recall_at_5": 0.98866,
        "cv_recall_at_10": 0.99794,
        "cv_recall_at_20": 1.0,
        "cv_recall_at_100": 1.0,
        "cv_recall_at_1000": 1.0,
        "main_score": 0.93922,
        "hf_subset": "default",
        "languages": [
          "eng-Latn"
        ]
      }
    ]
  },
  "evaluation_time": 482.1034343242645,
  "kg_co2_emissions": null,
  "date": null
}