{
  "dataset_revision": "fda6fad068f2ed814d99f29dc95dbb28ac586943",
  "task_name": "HC3FinanceRetrieval",
  "mteb_version": "2.9.0",
  "scores": {
    "test": [
      {
        "ndcg_at_1": 0.32289,
        "ndcg_at_3": 0.44506,
        "ndcg_at_5": 0.47732,
        "ndcg_at_10": 0.51596,
        "ndcg_at_20": 0.53687,
        "ndcg_at_100": 0.56393,
        "ndcg_at_1000": 0.5705,
        "map_at_1": 0.32289,
        "map_at_3": 0.41486,
        "map_at_5": 0.43305,
        "map_at_10": 0.44973,
        "map_at_20": 0.45526,
        "map_at_100": 0.45925,
        "map_at_1000": 0.45957,
        "recall_at_1": 0.32289,
        "recall_at_3": 0.53253,
        "recall_at_5": 0.60964,
        "recall_at_10": 0.7253,
        "recall_at_20": 0.80964,
        "recall_at_100": 0.95181,
        "recall_at_1000": 1.0,
        "accuracy": 0.32289,
        "precision_at_1": 0.32289,
        "precision_at_3": 0.17751,
        "precision_at_5": 0.12193,
        "precision_at_10": 0.07253,
        "precision_at_20": 0.04048,
        "precision_at_100": 0.00952,
        "precision_at_1000": 0.001,
        "mrr_at_1": 0.322892,
        "mrr_at_3": 0.414859,
        "mrr_at_5": 0.433052,
        "mrr_at_10": 0.449734,
        "mrr_at_20": 0.455257,
        "mrr_at_100": 0.459253,
        "mrr_at_1000": 0.459565,
        "nauc_ndcg_at_1_max": 0.157771,
        "nauc_ndcg_at_1_std": 0.026735,
        "nauc_ndcg_at_1_diff1": 0.374198,
        "nauc_ndcg_at_3_max": 0.173034,
        "nauc_ndcg_at_3_std": 0.033151,
        "nauc_ndcg_at_3_diff1": 0.331681,
        "nauc_ndcg_at_5_max": 0.158432,
        "nauc_ndcg_at_5_std": 0.007602,
        "nauc_ndcg_at_5_diff1": 0.322977,
        "nauc_ndcg_at_10_max": 0.174701,
        "nauc_ndcg_at_10_std": 0.02557,
        "nauc_ndcg_at_10_diff1": 0.315177,
        "nauc_ndcg_at_20_max": 0.187161,
        "nauc_ndcg_at_20_std": 0.047516,
        "nauc_ndcg_at_20_diff1": 0.318386,
        "nauc_ndcg_at_100_max": 0.176385,
        "nauc_ndcg_at_100_std": 0.038791,
        "nauc_ndcg_at_100_diff1": 0.32913,
        "nauc_ndcg_at_1000_max": 0.174892,
        "nauc_ndcg_at_1000_std": 0.035016,
        "nauc_ndcg_at_1000_diff1": 0.330761,
        "nauc_map_at_1_max": 0.157771,
        "nauc_map_at_1_std": 0.026735,
        "nauc_map_at_1_diff1": 0.374198,
        "nauc_map_at_3_max": 0.169993,
        "nauc_map_at_3_std": 0.032894,
        "nauc_map_at_3_diff1": 0.342626,
        "nauc_map_at_5_max": 0.162124,
        "nauc_map_at_5_std": 0.018786,
        "nauc_map_at_5_diff1": 0.337875,
        "nauc_map_at_10_max": 0.169085,
        "nauc_map_at_10_std": 0.027751,
        "nauc_map_at_10_diff1": 0.335221,
        "nauc_map_at_20_max": 0.172599,
        "nauc_map_at_20_std": 0.033459,
        "nauc_map_at_20_diff1": 0.336345,
        "nauc_map_at_100_max": 0.170959,
        "nauc_map_at_100_std": 0.031973,
        "nauc_map_at_100_diff1": 0.338061,
        "nauc_map_at_1000_max": 0.170928,
        "nauc_map_at_1000_std": 0.031851,
        "nauc_map_at_1000_diff1": 0.338102,
        "nauc_recall_at_1_max": 0.157771,
        "nauc_recall_at_1_std": 0.026735,
        "nauc_recall_at_1_diff1": 0.374198,
        "nauc_recall_at_3_max": 0.181743,
        "nauc_recall_at_3_std": 0.03336,
        "nauc_recall_at_3_diff1": 0.299062,
        "nauc_recall_at_5_max": 0.143893,
        "nauc_recall_at_5_std": -0.032286,
        "nauc_recall_at_5_diff1": 0.274349,
        "nauc_recall_at_10_max": 0.200395,
        "nauc_recall_at_10_std": 0.015688,
        "nauc_recall_at_10_diff1": 0.229925,
        "nauc_recall_at_20_max": 0.283851,
        "nauc_recall_at_20_std": 0.152334,
        "nauc_recall_at_20_diff1": 0.219895,
        "nauc_recall_at_100_max": 0.245308,
        "nauc_recall_at_100_std": 0.199534,
        "nauc_recall_at_100_diff1": 0.252875,
        "nauc_recall_at_1000_max": NaN,
        "nauc_recall_at_1000_std": NaN,
        "nauc_recall_at_1000_diff1": NaN,
        "nauc_precision_at_1_max": 0.157771,
        "nauc_precision_at_1_std": 0.026735,
        "nauc_precision_at_1_diff1": 0.374198,
        "nauc_precision_at_3_max": 0.181743,
        "nauc_precision_at_3_std": 0.03336,
        "nauc_precision_at_3_diff1": 0.299062,
        "nauc_precision_at_5_max": 0.143893,
        "nauc_precision_at_5_std": -0.032286,
        "nauc_precision_at_5_diff1": 0.274349,
        "nauc_precision_at_10_max": 0.200395,
        "nauc_precision_at_10_std": 0.015688,
        "nauc_precision_at_10_diff1": 0.229925,
        "nauc_precision_at_20_max": 0.283851,
        "nauc_precision_at_20_std": 0.152334,
        "nauc_precision_at_20_diff1": 0.219895,
        "nauc_precision_at_100_max": 0.245308,
        "nauc_precision_at_100_std": 0.199534,
        "nauc_precision_at_100_diff1": 0.252875,
        "nauc_precision_at_1000_max": 1.0,
        "nauc_precision_at_1000_std": 1.0,
        "nauc_precision_at_1000_diff1": 1.0,
        "nauc_mrr_at_1_max": 0.157771,
        "nauc_mrr_at_1_std": 0.026735,
        "nauc_mrr_at_1_diff1": 0.374198,
        "nauc_mrr_at_3_max": 0.169993,
        "nauc_mrr_at_3_std": 0.032894,
        "nauc_mrr_at_3_diff1": 0.342626,
        "nauc_mrr_at_5_max": 0.162124,
        "nauc_mrr_at_5_std": 0.018786,
        "nauc_mrr_at_5_diff1": 0.337875,
        "nauc_mrr_at_10_max": 0.169085,
        "nauc_mrr_at_10_std": 0.027751,
        "nauc_mrr_at_10_diff1": 0.335221,
        "nauc_mrr_at_20_max": 0.172599,
        "nauc_mrr_at_20_std": 0.033459,
        "nauc_mrr_at_20_diff1": 0.336345,
        "nauc_mrr_at_100_max": 0.170959,
        "nauc_mrr_at_100_std": 0.031973,
        "nauc_mrr_at_100_diff1": 0.338061,
        "nauc_mrr_at_1000_max": 0.170928,
        "nauc_mrr_at_1000_std": 0.031851,
        "nauc_mrr_at_1000_diff1": 0.338102,
        "cv_recall_at_1": 0.32289,
        "cv_recall_at_3": 0.53253,
        "cv_recall_at_5": 0.60964,
        "cv_recall_at_10": 0.7253,
        "cv_recall_at_20": 0.80964,
        "cv_recall_at_100": 0.95181,
        "cv_recall_at_1000": 1.0,
        "main_score": 0.51596,
        "hf_subset": "default",
        "languages": [
          "eng-Latn"
        ]
      }
    ]
  },
  "evaluation_time": 55.60363531112671,
  "kg_co2_emissions": null,
  "date": null
}