{
  "dataset_revision": "ed1f48aca747f10bac146795328e2f03326e7625",
  "task_name": "HumanEvalRetrieval",
  "mteb_version": "2.9.0",
  "scores": {
    "test": [
      {
        "ndcg_at_1": 0.58861,
        "ndcg_at_3": 0.71677,
        "ndcg_at_5": 0.73502,
        "ndcg_at_10": 0.75367,
        "ndcg_at_20": 0.77229,
        "ndcg_at_100": 0.77446,
        "ndcg_at_1000": 0.77446,
        "map_at_1": 0.58861,
        "map_at_3": 0.6846,
        "map_at_5": 0.69473,
        "map_at_10": 0.70257,
        "map_at_20": 0.70736,
        "map_at_100": 0.70759,
        "map_at_1000": 0.70759,
        "recall_at_1": 0.58861,
        "recall_at_3": 0.81013,
        "recall_at_5": 0.85443,
        "recall_at_10": 0.91139,
        "recall_at_20": 0.98734,
        "recall_at_100": 1.0,
        "recall_at_1000": 1.0,
        "accuracy": 0.58861,
        "precision_at_1": 0.58861,
        "precision_at_3": 0.27004,
        "precision_at_5": 0.17089,
        "precision_at_10": 0.09114,
        "precision_at_20": 0.04937,
        "precision_at_100": 0.01,
        "precision_at_1000": 0.001,
        "mrr_at_1": 0.588608,
        "mrr_at_3": 0.684599,
        "mrr_at_5": 0.694726,
        "mrr_at_10": 0.702572,
        "mrr_at_20": 0.707361,
        "mrr_at_100": 0.707591,
        "mrr_at_1000": 0.707591,
        "nauc_ndcg_at_1_max": 0.45392,
        "nauc_ndcg_at_1_std": -0.09989,
        "nauc_ndcg_at_1_diff1": 0.581222,
        "nauc_ndcg_at_3_max": 0.398084,
        "nauc_ndcg_at_3_std": -0.203793,
        "nauc_ndcg_at_3_diff1": 0.493068,
        "nauc_ndcg_at_5_max": 0.438654,
        "nauc_ndcg_at_5_std": -0.156301,
        "nauc_ndcg_at_5_diff1": 0.503927,
        "nauc_ndcg_at_10_max": 0.453988,
        "nauc_ndcg_at_10_std": -0.116631,
        "nauc_ndcg_at_10_diff1": 0.50043,
        "nauc_ndcg_at_20_max": 0.440292,
        "nauc_ndcg_at_20_std": -0.13226,
        "nauc_ndcg_at_20_diff1": 0.515029,
        "nauc_ndcg_at_100_max": 0.437266,
        "nauc_ndcg_at_100_std": -0.139225,
        "nauc_ndcg_at_100_diff1": 0.520197,
        "nauc_ndcg_at_1000_max": 0.437266,
        "nauc_ndcg_at_1000_std": -0.139225,
        "nauc_ndcg_at_1000_diff1": 0.520197,
        "nauc_map_at_1_max": 0.45392,
        "nauc_map_at_1_std": -0.09989,
        "nauc_map_at_1_diff1": 0.581222,
        "nauc_map_at_3_max": 0.411174,
        "nauc_map_at_3_std": -0.174802,
        "nauc_map_at_3_diff1": 0.519641,
        "nauc_map_at_5_max": 0.432494,
        "nauc_map_at_5_std": -0.150833,
        "nauc_map_at_5_diff1": 0.525903,
        "nauc_map_at_10_max": 0.438064,
        "nauc_map_at_10_std": -0.136711,
        "nauc_map_at_10_diff1": 0.525187,
        "nauc_map_at_20_max": 0.435049,
        "nauc_map_at_20_std": -0.140022,
        "nauc_map_at_20_diff1": 0.528138,
        "nauc_map_at_100_max": 0.43483,
        "nauc_map_at_100_std": -0.140626,
        "nauc_map_at_100_diff1": 0.528636,
        "nauc_map_at_1000_max": 0.43483,
        "nauc_map_at_1000_std": -0.140626,
        "nauc_map_at_1000_diff1": 0.528636,
        "nauc_recall_at_1_max": 0.45392,
        "nauc_recall_at_1_std": -0.09989,
        "nauc_recall_at_1_diff1": 0.581222,
        "nauc_recall_at_3_max": 0.345205,
        "nauc_recall_at_3_std": -0.324417,
        "nauc_recall_at_3_diff1": 0.381242,
        "nauc_recall_at_5_max": 0.481367,
        "nauc_recall_at_5_std": -0.170301,
        "nauc_recall_at_5_diff1": 0.392671,
        "nauc_recall_at_10_max": 0.610361,
        "nauc_recall_at_10_std": 0.105857,
        "nauc_recall_at_10_diff1": 0.305278,
        "nauc_recall_at_20_max": 0.711603,
        "nauc_recall_at_20_std": 0.456277,
        "nauc_recall_at_20_diff1": 0.093271,
        "nauc_recall_at_100_max": NaN,
        "nauc_recall_at_100_std": NaN,
        "nauc_recall_at_100_diff1": NaN,
        "nauc_recall_at_1000_max": NaN,
        "nauc_recall_at_1000_std": NaN,
        "nauc_recall_at_1000_diff1": NaN,
        "nauc_precision_at_1_max": 0.45392,
        "nauc_precision_at_1_std": -0.09989,
        "nauc_precision_at_1_diff1": 0.581222,
        "nauc_precision_at_3_max": 0.345205,
        "nauc_precision_at_3_std": -0.324417,
        "nauc_precision_at_3_diff1": 0.381242,
        "nauc_precision_at_5_max": 0.481367,
        "nauc_precision_at_5_std": -0.170301,
        "nauc_precision_at_5_diff1": 0.392671,
        "nauc_precision_at_10_max": 0.610361,
        "nauc_precision_at_10_std": 0.105857,
        "nauc_precision_at_10_diff1": 0.305278,
        "nauc_precision_at_20_max": 0.711603,
        "nauc_precision_at_20_std": 0.456277,
        "nauc_precision_at_20_diff1": 0.093271,
        "nauc_precision_at_100_max": 1.0,
        "nauc_precision_at_100_std": 1.0,
        "nauc_precision_at_100_diff1": 1.0,
        "nauc_precision_at_1000_max": 1.0,
        "nauc_precision_at_1000_std": 1.0,
        "nauc_precision_at_1000_diff1": 1.0,
        "nauc_mrr_at_1_max": 0.45392,
        "nauc_mrr_at_1_std": -0.09989,
        "nauc_mrr_at_1_diff1": 0.581222,
        "nauc_mrr_at_3_max": 0.411174,
        "nauc_mrr_at_3_std": -0.174802,
        "nauc_mrr_at_3_diff1": 0.519641,
        "nauc_mrr_at_5_max": 0.432494,
        "nauc_mrr_at_5_std": -0.150833,
        "nauc_mrr_at_5_diff1": 0.525903,
        "nauc_mrr_at_10_max": 0.438064,
        "nauc_mrr_at_10_std": -0.136711,
        "nauc_mrr_at_10_diff1": 0.525187,
        "nauc_mrr_at_20_max": 0.435049,
        "nauc_mrr_at_20_std": -0.140022,
        "nauc_mrr_at_20_diff1": 0.528138,
        "nauc_mrr_at_100_max": 0.43483,
        "nauc_mrr_at_100_std": -0.140626,
        "nauc_mrr_at_100_diff1": 0.528636,
        "nauc_mrr_at_1000_max": 0.43483,
        "nauc_mrr_at_1000_std": -0.140626,
        "nauc_mrr_at_1000_diff1": 0.528636,
        "cv_recall_at_1": 0.58861,
        "cv_recall_at_3": 0.81013,
        "cv_recall_at_5": 0.85443,
        "cv_recall_at_10": 0.91139,
        "cv_recall_at_20": 0.98734,
        "cv_recall_at_100": 1.0,
        "cv_recall_at_1000": 1.0,
        "main_score": 0.75367,
        "hf_subset": "default",
        "languages": [
          "eng-Latn",
          "python-Code"
        ]
      }
    ]
  },
  "evaluation_time": 21.679747104644775,
  "kg_co2_emissions": null,
  "date": null
}