{
  "dataset_revision": "67c0b4f7f15946e0b15cf6cf3b8993d04cb3efc6",
  "task_name": "MSMARCOHardNegatives",
  "mteb_version": "2.9.0",
  "scores": {
    "test": [
      {
        "ndcg_at_1": 0.69767,
        "ndcg_at_3": 0.71803,
        "ndcg_at_5": 0.73808,
        "ndcg_at_10": 0.72594,
        "ndcg_at_20": 0.72476,
        "ndcg_at_100": 0.75134,
        "ndcg_at_1000": 0.85421,
        "map_at_1": 0.02148,
        "map_at_3": 0.05953,
        "map_at_5": 0.10053,
        "map_at_10": 0.1654,
        "map_at_20": 0.2688,
        "map_at_100": 0.51635,
        "map_at_1000": 0.69064,
        "recall_at_1": 0.02148,
        "recall_at_3": 0.06277,
        "recall_at_5": 0.10895,
        "recall_at_10": 0.18021,
        "recall_at_20": 0.30384,
        "recall_at_100": 0.67422,
        "recall_at_1000": 0.97756,
        "accuracy": 0.02148,
        "precision_at_1": 0.88372,
        "precision_at_3": 0.89922,
        "precision_at_5": 0.89767,
        "precision_at_10": 0.83023,
        "precision_at_20": 0.77674,
        "precision_at_100": 0.49349,
        "precision_at_1000": 0.09356,
        "mrr_at_1": 0.883721,
        "mrr_at_3": 0.937984,
        "mrr_at_5": 0.937984,
        "mrr_at_10": 0.937984,
        "mrr_at_20": 0.937984,
        "mrr_at_100": 0.937984,
        "mrr_at_1000": 0.937984,
        "nauc_ndcg_at_1_max": 0.030264,
        "nauc_ndcg_at_1_std": -0.042162,
        "nauc_ndcg_at_1_diff1": 0.100165,
        "nauc_ndcg_at_3_max": 0.043343,
        "nauc_ndcg_at_3_std": 0.012057,
        "nauc_ndcg_at_3_diff1": -0.107481,
        "nauc_ndcg_at_5_max": 0.00491,
        "nauc_ndcg_at_5_std": -0.012257,
        "nauc_ndcg_at_5_diff1": -0.053734,
        "nauc_ndcg_at_10_max": 0.090749,
        "nauc_ndcg_at_10_std": 0.078439,
        "nauc_ndcg_at_10_diff1": -0.010381,
        "nauc_ndcg_at_20_max": 0.143924,
        "nauc_ndcg_at_20_std": 0.146605,
        "nauc_ndcg_at_20_diff1": 0.039307,
        "nauc_ndcg_at_100_max": 0.134435,
        "nauc_ndcg_at_100_std": 0.21693,
        "nauc_ndcg_at_100_diff1": -0.065081,
        "nauc_ndcg_at_1000_max": 0.213973,
        "nauc_ndcg_at_1000_std": 0.33408,
        "nauc_ndcg_at_1000_diff1": -0.065679,
        "nauc_map_at_1_max": -0.318142,
        "nauc_map_at_1_std": -0.457276,
        "nauc_map_at_1_diff1": 0.157772,
        "nauc_map_at_3_max": -0.334041,
        "nauc_map_at_3_std": -0.465775,
        "nauc_map_at_3_diff1": 0.172366,
        "nauc_map_at_5_max": -0.326469,
        "nauc_map_at_5_std": -0.455018,
        "nauc_map_at_5_diff1": 0.184124,
        "nauc_map_at_10_max": -0.22193,
        "nauc_map_at_10_std": -0.399373,
        "nauc_map_at_10_diff1": 0.227708,
        "nauc_map_at_20_max": -0.14136,
        "nauc_map_at_20_std": -0.344878,
        "nauc_map_at_20_diff1": 0.224625,
        "nauc_map_at_100_max": -0.02785,
        "nauc_map_at_100_std": -0.068898,
        "nauc_map_at_100_diff1": 0.071531,
        "nauc_map_at_1000_max": 0.11891,
        "nauc_map_at_1000_std": 0.423825,
        "nauc_map_at_1000_diff1": -0.160063,
        "nauc_recall_at_1_max": -0.318142,
        "nauc_recall_at_1_std": -0.457276,
        "nauc_recall_at_1_diff1": 0.157772,
        "nauc_recall_at_3_max": -0.34391,
        "nauc_recall_at_3_std": -0.472802,
        "nauc_recall_at_3_diff1": 0.162688,
        "nauc_recall_at_5_max": -0.334074,
        "nauc_recall_at_5_std": -0.459072,
        "nauc_recall_at_5_diff1": 0.175052,
        "nauc_recall_at_10_max": -0.222441,
        "nauc_recall_at_10_std": -0.400602,
        "nauc_recall_at_10_diff1": 0.233568,
        "nauc_recall_at_20_max": -0.158262,
        "nauc_recall_at_20_std": -0.35829,
        "nauc_recall_at_20_diff1": 0.231876,
        "nauc_recall_at_100_max": -0.066951,
        "nauc_recall_at_100_std": -0.223627,
        "nauc_recall_at_100_diff1": 0.093578,
        "nauc_recall_at_1000_max": 0.494235,
        "nauc_recall_at_1000_std": 0.906654,
        "nauc_recall_at_1000_diff1": -0.588071,
        "nauc_precision_at_1_max": -0.032728,
        "nauc_precision_at_1_std": 0.149111,
        "nauc_precision_at_1_diff1": -0.129385,
        "nauc_precision_at_3_max": -0.110174,
        "nauc_precision_at_3_std": 0.116849,
        "nauc_precision_at_3_diff1": -0.316207,
        "nauc_precision_at_5_max": -0.027914,
        "nauc_precision_at_5_std": 0.135188,
        "nauc_precision_at_5_diff1": -0.016088,
        "nauc_precision_at_10_max": 0.29061,
        "nauc_precision_at_10_std": 0.350428,
        "nauc_precision_at_10_diff1": 0.057467,
        "nauc_precision_at_20_max": 0.309861,
        "nauc_precision_at_20_std": 0.480551,
        "nauc_precision_at_20_diff1": -0.103582,
        "nauc_precision_at_100_max": 0.179052,
        "nauc_precision_at_100_std": 0.572635,
        "nauc_precision_at_100_diff1": -0.285289,
        "nauc_precision_at_1000_max": 0.109722,
        "nauc_precision_at_1000_std": 0.474129,
        "nauc_precision_at_1000_diff1": -0.258819,
        "nauc_mrr_at_1_max": -0.032728,
        "nauc_mrr_at_1_std": 0.149111,
        "nauc_mrr_at_1_diff1": -0.129385,
        "nauc_mrr_at_3_max": -0.067101,
        "nauc_mrr_at_3_std": 0.162512,
        "nauc_mrr_at_3_diff1": -0.193573,
        "nauc_mrr_at_5_max": -0.067101,
        "nauc_mrr_at_5_std": 0.162512,
        "nauc_mrr_at_5_diff1": -0.193573,
        "nauc_mrr_at_10_max": -0.067101,
        "nauc_mrr_at_10_std": 0.162512,
        "nauc_mrr_at_10_diff1": -0.193573,
        "nauc_mrr_at_20_max": -0.067101,
        "nauc_mrr_at_20_std": 0.162512,
        "nauc_mrr_at_20_diff1": -0.193573,
        "nauc_mrr_at_100_max": -0.067101,
        "nauc_mrr_at_100_std": 0.162512,
        "nauc_mrr_at_100_diff1": -0.193573,
        "nauc_mrr_at_1000_max": -0.067101,
        "nauc_mrr_at_1000_std": 0.162512,
        "nauc_mrr_at_1000_diff1": -0.193573,
        "cv_recall_at_1": 0.88372,
        "cv_recall_at_3": 1.0,
        "cv_recall_at_5": 1.0,
        "cv_recall_at_10": 1.0,
        "cv_recall_at_20": 1.0,
        "cv_recall_at_100": 1.0,
        "cv_recall_at_1000": 1.0,
        "main_score": 0.72594,
        "hf_subset": "default",
        "languages": [
          "eng-Latn"
        ]
      }
    ]
  },
  "evaluation_time": 442.7624204158783,
  "kg_co2_emissions": null,
  "date": null
}