{
  "dataset_revision": "309f1d1ae3ae2e092444a8a0c25bed59b82318bc",
  "task_name": "NanoSciFactRetrieval",
  "mteb_version": "2.9.0",
  "scores": {
    "train": [
      {
        "ndcg_at_1": 0.68,
        "ndcg_at_3": 0.74012,
        "ndcg_at_5": 0.74873,
        "ndcg_at_10": 0.77313,
        "ndcg_at_20": 0.77825,
        "ndcg_at_100": 0.79311,
        "ndcg_at_1000": 0.79785,
        "map_at_1": 0.655,
        "map_at_3": 0.72,
        "map_at_5": 0.73,
        "map_at_10": 0.74033,
        "map_at_20": 0.74176,
        "map_at_100": 0.74476,
        "map_at_1000": 0.74488,
        "recall_at_1": 0.655,
        "recall_at_3": 0.775,
        "recall_at_5": 0.8,
        "recall_at_10": 0.87,
        "recall_at_20": 0.89,
        "recall_at_100": 0.96,
        "recall_at_1000": 1.0,
        "accuracy": 0.655,
        "precision_at_1": 0.68,
        "precision_at_3": 0.28667,
        "precision_at_5": 0.18,
        "precision_at_10": 0.098,
        "precision_at_20": 0.05,
        "precision_at_100": 0.0108,
        "precision_at_1000": 0.00112,
        "mrr_at_1": 0.68,
        "mrr_at_3": 0.726667,
        "mrr_at_5": 0.731667,
        "mrr_at_10": 0.743667,
        "mrr_at_20": 0.745095,
        "mrr_at_100": 0.747145,
        "mrr_at_1000": 0.747263,
        "nauc_ndcg_at_1_max": 0.68119,
        "nauc_ndcg_at_1_std": -0.142008,
        "nauc_ndcg_at_1_diff1": 0.922777,
        "nauc_ndcg_at_3_max": 0.671806,
        "nauc_ndcg_at_3_std": -0.122947,
        "nauc_ndcg_at_3_diff1": 0.894966,
        "nauc_ndcg_at_5_max": 0.662636,
        "nauc_ndcg_at_5_std": -0.081827,
        "nauc_ndcg_at_5_diff1": 0.892032,
        "nauc_ndcg_at_10_max": 0.663387,
        "nauc_ndcg_at_10_std": -0.092749,
        "nauc_ndcg_at_10_diff1": 0.905577,
        "nauc_ndcg_at_20_max": 0.682825,
        "nauc_ndcg_at_20_std": -0.04963,
        "nauc_ndcg_at_20_diff1": 0.907265,
        "nauc_ndcg_at_100_max": 0.684722,
        "nauc_ndcg_at_100_std": -0.063037,
        "nauc_ndcg_at_100_diff1": 0.907172,
        "nauc_ndcg_at_1000_max": 0.682451,
        "nauc_ndcg_at_1000_std": -0.079296,
        "nauc_ndcg_at_1000_diff1": 0.904694,
        "nauc_map_at_1_max": 0.536265,
        "nauc_map_at_1_std": -0.232985,
        "nauc_map_at_1_diff1": 0.866495,
        "nauc_map_at_3_max": 0.624228,
        "nauc_map_at_3_std": -0.163656,
        "nauc_map_at_3_diff1": 0.889375,
        "nauc_map_at_5_max": 0.662749,
        "nauc_map_at_5_std": -0.106702,
        "nauc_map_at_5_diff1": 0.886377,
        "nauc_map_at_10_max": 0.662081,
        "nauc_map_at_10_std": -0.112696,
        "nauc_map_at_10_diff1": 0.891712,
        "nauc_map_at_20_max": 0.666817,
        "nauc_map_at_20_std": -0.102284,
        "nauc_map_at_20_diff1": 0.892048,
        "nauc_map_at_100_max": 0.669311,
        "nauc_map_at_100_std": -0.103166,
        "nauc_map_at_100_diff1": 0.892235,
        "nauc_map_at_1000_max": 0.669277,
        "nauc_map_at_1000_std": -0.103524,
        "nauc_map_at_1000_diff1": 0.892178,
        "nauc_recall_at_1_max": 0.536265,
        "nauc_recall_at_1_std": -0.232985,
        "nauc_recall_at_1_diff1": 0.866495,
        "nauc_recall_at_3_max": 0.615259,
        "nauc_recall_at_3_std": -0.141878,
        "nauc_recall_at_3_diff1": 0.888174,
        "nauc_recall_at_5_max": 0.643956,
        "nauc_recall_at_5_std": 0.014186,
        "nauc_recall_at_5_diff1": 0.881868,
        "nauc_recall_at_10_max": 0.609087,
        "nauc_recall_at_10_std": -0.020699,
        "nauc_recall_at_10_diff1": 0.930941,
        "nauc_recall_at_20_max": 0.738038,
        "nauc_recall_at_20_std": 0.296152,
        "nauc_recall_at_20_diff1": 0.946955,
        "nauc_recall_at_100_max": 0.777077,
        "nauc_recall_at_100_std": 0.540149,
        "nauc_recall_at_100_diff1": 1.0,
        "nauc_recall_at_1000_max": NaN,
        "nauc_recall_at_1000_std": NaN,
        "nauc_recall_at_1000_diff1": NaN,
        "nauc_precision_at_1_max": 0.68119,
        "nauc_precision_at_1_std": -0.142008,
        "nauc_precision_at_1_diff1": 0.922777,
        "nauc_precision_at_3_max": 0.643372,
        "nauc_precision_at_3_std": 0.256751,
        "nauc_precision_at_3_diff1": 0.477944,
        "nauc_precision_at_5_max": 0.663485,
        "nauc_precision_at_5_std": 0.402509,
        "nauc_precision_at_5_diff1": 0.380261,
        "nauc_precision_at_10_max": 0.691608,
        "nauc_precision_at_10_std": 0.520044,
        "nauc_precision_at_10_diff1": 0.28907,
        "nauc_precision_at_20_max": 0.747998,
        "nauc_precision_at_20_std": 0.680048,
        "nauc_precision_at_20_diff1": 0.254694,
        "nauc_precision_at_100_max": 0.648915,
        "nauc_precision_at_100_std": 0.752683,
        "nauc_precision_at_100_diff1": 0.005292,
        "nauc_precision_at_1000_max": 0.624363,
        "nauc_precision_at_1000_std": 0.7934,
        "nauc_precision_at_1000_diff1": -0.18527,
        "nauc_mrr_at_1_max": 0.68119,
        "nauc_mrr_at_1_std": -0.142008,
        "nauc_mrr_at_1_diff1": 0.922777,
        "nauc_mrr_at_3_max": 0.677117,
        "nauc_mrr_at_3_std": -0.139449,
        "nauc_mrr_at_3_diff1": 0.913735,
        "nauc_mrr_at_5_max": 0.672147,
        "nauc_mrr_at_5_std": -0.117049,
        "nauc_mrr_at_5_diff1": 0.912407,
        "nauc_mrr_at_10_max": 0.680382,
        "nauc_mrr_at_10_std": -0.115714,
        "nauc_mrr_at_10_diff1": 0.920618,
        "nauc_mrr_at_20_max": 0.685271,
        "nauc_mrr_at_20_std": -0.105209,
        "nauc_mrr_at_20_diff1": 0.921118,
        "nauc_mrr_at_100_max": 0.683025,
        "nauc_mrr_at_100_std": -0.110706,
        "nauc_mrr_at_100_diff1": 0.920623,
        "nauc_mrr_at_1000_max": 0.682997,
        "nauc_mrr_at_1000_std": -0.111071,
        "nauc_mrr_at_1000_diff1": 0.920581,
        "cv_recall_at_1": 0.68,
        "cv_recall_at_3": 0.78,
        "cv_recall_at_5": 0.8,
        "cv_recall_at_10": 0.88,
        "cv_recall_at_20": 0.9,
        "cv_recall_at_100": 0.96,
        "cv_recall_at_1000": 1.0,
        "main_score": 0.77313,
        "hf_subset": "default",
        "languages": [
          "eng-Latn"
        ]
      }
    ]
  },
  "evaluation_time": 574.8765993118286,
  "kg_co2_emissions": null,
  "date": null
}