{
  "dataset_revision": "5014f29d7fdde6f9073a75b72be53ed73eed60c6",
  "task_name": "BillSumCA",
  "mteb_version": "2.12.19",
  "scores": {
    "test": [
      {
        "ndcg_at_1": 0.836,
        "ndcg_at_3": 0.91157,
        "ndcg_at_5": 0.92052,
        "ndcg_at_10": 0.92118,
        "ndcg_at_20": 0.92265,
        "ndcg_at_100": 0.92374,
        "ndcg_at_1000": 0.92402,
        "map_at_1": 0.836,
        "map_at_3": 0.894,
        "map_at_5": 0.8989,
        "map_at_10": 0.89919,
        "map_at_20": 0.89956,
        "map_at_100": 0.8997,
        "map_at_1000": 0.89971,
        "recall_at_1": 0.836,
        "recall_at_3": 0.962,
        "recall_at_5": 0.984,
        "recall_at_10": 0.986,
        "recall_at_20": 0.992,
        "recall_at_100": 0.998,
        "recall_at_1000": 1.0,
        "accuracy": 0.836,
        "precision_at_1": 0.836,
        "precision_at_3": 0.32067,
        "precision_at_5": 0.1968,
        "precision_at_10": 0.0986,
        "precision_at_20": 0.0496,
        "precision_at_100": 0.00998,
        "precision_at_1000": 0.001,
        "mrr_at_1": 0.836,
        "mrr_at_3": 0.892333,
        "mrr_at_5": 0.897333,
        "mrr_at_10": 0.897952,
        "mrr_at_20": 0.898324,
        "mrr_at_100": 0.89847,
        "mrr_at_1000": 0.898484,
        "nauc_ndcg_at_1_max": 0.557564,
        "nauc_ndcg_at_1_std": -0.027849,
        "nauc_ndcg_at_1_diff1": 0.838191,
        "nauc_ndcg_at_3_max": 0.599274,
        "nauc_ndcg_at_3_std": -0.095388,
        "nauc_ndcg_at_3_diff1": 0.808546,
        "nauc_ndcg_at_5_max": 0.602579,
        "nauc_ndcg_at_5_std": -0.037423,
        "nauc_ndcg_at_5_diff1": 0.820497,
        "nauc_ndcg_at_10_max": 0.601526,
        "nauc_ndcg_at_10_std": -0.044111,
        "nauc_ndcg_at_10_diff1": 0.818917,
        "nauc_ndcg_at_20_max": 0.596253,
        "nauc_ndcg_at_20_std": -0.044969,
        "nauc_ndcg_at_20_diff1": 0.820621,
        "nauc_ndcg_at_100_max": 0.590968,
        "nauc_ndcg_at_100_std": -0.044961,
        "nauc_ndcg_at_100_diff1": 0.820155,
        "nauc_ndcg_at_1000_max": 0.590462,
        "nauc_ndcg_at_1000_std": -0.048994,
        "nauc_ndcg_at_1000_diff1": 0.821182,
        "nauc_map_at_1_max": 0.557564,
        "nauc_map_at_1_std": -0.027849,
        "nauc_map_at_1_diff1": 0.838191,
        "nauc_map_at_3_max": 0.586797,
        "nauc_map_at_3_std": -0.071413,
        "nauc_map_at_3_diff1": 0.817426,
        "nauc_map_at_5_max": 0.587368,
        "nauc_map_at_5_std": -0.046643,
        "nauc_map_at_5_diff1": 0.823001,
        "nauc_map_at_10_max": 0.58697,
        "nauc_map_at_10_std": -0.048916,
        "nauc_map_at_10_diff1": 0.822477,
        "nauc_map_at_20_max": 0.58588,
        "nauc_map_at_20_std": -0.049285,
        "nauc_map_at_20_diff1": 0.822904,
        "nauc_map_at_100_max": 0.58537,
        "nauc_map_at_100_std": -0.049334,
        "nauc_map_at_100_diff1": 0.822852,
        "nauc_map_at_1000_max": 0.585349,
        "nauc_map_at_1000_std": -0.049493,
        "nauc_map_at_1000_diff1": 0.822893,
        "nauc_recall_at_1_max": 0.557564,
        "nauc_recall_at_1_std": -0.027849,
        "nauc_recall_at_1_diff1": 0.838191,
        "nauc_recall_at_3_max": 0.69254,
        "nauc_recall_at_3_std": -0.279743,
        "nauc_recall_at_3_diff1": 0.742149,
        "nauc_recall_at_5_max": 0.865196,
        "nauc_recall_at_5_std": 0.183765,
        "nauc_recall_at_5_diff1": 0.791958,
        "nauc_recall_at_10_max": 0.885621,
        "nauc_recall_at_10_std": 0.106843,
        "nauc_recall_at_10_diff1": 0.762238,
        "nauc_recall_at_20_max": 0.897876,
        "nauc_recall_at_20_std": 0.204832,
        "nauc_recall_at_20_diff1": 0.777077,
        "nauc_recall_at_100_max": 0.722222,
        "nauc_recall_at_100_std": 1.0,
        "nauc_recall_at_100_diff1": 0.554155,
        "nauc_recall_at_1000_max": NaN,
        "nauc_recall_at_1000_std": NaN,
        "nauc_recall_at_1000_diff1": NaN,
        "nauc_precision_at_1_max": 0.557564,
        "nauc_precision_at_1_std": -0.027849,
        "nauc_precision_at_1_diff1": 0.838191,
        "nauc_precision_at_3_max": 0.69254,
        "nauc_precision_at_3_std": -0.279743,
        "nauc_precision_at_3_diff1": 0.742149,
        "nauc_precision_at_5_max": 0.865196,
        "nauc_precision_at_5_std": 0.183765,
        "nauc_precision_at_5_diff1": 0.791958,
        "nauc_precision_at_10_max": 0.885621,
        "nauc_precision_at_10_std": 0.106843,
        "nauc_precision_at_10_diff1": 0.762238,
        "nauc_precision_at_20_max": 0.897876,
        "nauc_precision_at_20_std": 0.204832,
        "nauc_precision_at_20_diff1": 0.777077,
        "nauc_precision_at_100_max": 0.722222,
        "nauc_precision_at_100_std": 1.0,
        "nauc_precision_at_100_diff1": 0.554155,
        "nauc_precision_at_1000_max": 1.0,
        "nauc_precision_at_1000_std": 1.0,
        "nauc_precision_at_1000_diff1": 1.0,
        "nauc_mrr_at_1_max": 0.557564,
        "nauc_mrr_at_1_std": -0.027849,
        "nauc_mrr_at_1_diff1": 0.838191,
        "nauc_mrr_at_3_max": 0.587521,
        "nauc_mrr_at_3_std": -0.071334,
        "nauc_mrr_at_3_diff1": 0.817541,
        "nauc_mrr_at_5_max": 0.5873,
        "nauc_mrr_at_5_std": -0.051232,
        "nauc_mrr_at_5_diff1": 0.819284,
        "nauc_mrr_at_10_max": 0.587019,
        "nauc_mrr_at_10_std": -0.047738,
        "nauc_mrr_at_10_diff1": 0.821129,
        "nauc_mrr_at_20_max": 0.585943,
        "nauc_mrr_at_20_std": -0.048098,
        "nauc_mrr_at_20_diff1": 0.821546,
        "nauc_mrr_at_100_max": 0.585423,
        "nauc_mrr_at_100_std": -0.048136,
        "nauc_mrr_at_100_diff1": 0.821482,
        "nauc_mrr_at_1000_max": 0.585403,
        "nauc_mrr_at_1000_std": -0.04829,
        "nauc_mrr_at_1000_diff1": 0.821522,
        "hit_rate_at_1": 0.836,
        "hit_rate_at_3": 0.962,
        "hit_rate_at_5": 0.984,
        "hit_rate_at_10": 0.986,
        "hit_rate_at_20": 0.992,
        "hit_rate_at_100": 0.998,
        "hit_rate_at_1000": 1.0,
        "main_score": 0.92118,
        "hf_subset": "default",
        "languages": [
          "eng-Latn"
        ]
      }
    ]
  },
  "evaluation_time": 24.897202730178833,
  "kg_co2_emissions": null,
  "date": null
}