{
  "dataset_revision": "1840e8a5ac6ec752bbdd97d543ead0189bc7c25b",
  "task_name": "ChemHotpotQARetrieval",
  "mteb_version": "2.12.20",
  "scores": {
    "train": [
      {
        "ndcg_at_1": 0.85556,
        "ndcg_at_3": 0.89167,
        "ndcg_at_5": 0.89768,
        "ndcg_at_10": 0.90287,
        "ndcg_at_20": 0.90529,
        "ndcg_at_100": 0.91171,
        "ndcg_at_1000": 0.9123,
        "map_at_1": 0.83611,
        "map_at_3": 0.87778,
        "map_at_5": 0.88167,
        "map_at_10": 0.8837,
        "map_at_20": 0.88463,
        "map_at_100": 0.8856,
        "map_at_1000": 0.88561,
        "recall_at_1": 0.83611,
        "recall_at_3": 0.92222,
        "recall_at_5": 0.93611,
        "recall_at_10": 0.95278,
        "recall_at_20": 0.96111,
        "recall_at_100": 0.99444,
        "recall_at_1000": 1.0,
        "accuracy": 0.83611,
        "precision_at_1": 0.85556,
        "precision_at_3": 0.31667,
        "precision_at_5": 0.19333,
        "precision_at_10": 0.09833,
        "precision_at_20": 0.04972,
        "precision_at_100": 0.01033,
        "precision_at_1000": 0.00104,
        "mrr_at_1": 0.855556,
        "mrr_at_3": 0.888889,
        "mrr_at_5": 0.891389,
        "mrr_at_10": 0.893426,
        "mrr_at_20": 0.893889,
        "mrr_at_100": 0.894643,
        "mrr_at_1000": 0.894651,
        "nauc_ndcg_at_1_max": 0.63891,
        "nauc_ndcg_at_1_std": -0.02303,
        "nauc_ndcg_at_1_diff1": 0.938262,
        "nauc_ndcg_at_3_max": 0.4772,
        "nauc_ndcg_at_3_std": -0.122781,
        "nauc_ndcg_at_3_diff1": 0.787822,
        "nauc_ndcg_at_5_max": 0.470888,
        "nauc_ndcg_at_5_std": -0.111526,
        "nauc_ndcg_at_5_diff1": 0.789571,
        "nauc_ndcg_at_10_max": 0.455531,
        "nauc_ndcg_at_10_std": -0.107717,
        "nauc_ndcg_at_10_diff1": 0.780708,
        "nauc_ndcg_at_20_max": 0.456659,
        "nauc_ndcg_at_20_std": -0.117988,
        "nauc_ndcg_at_20_diff1": 0.787786,
        "nauc_ndcg_at_100_max": 0.484278,
        "nauc_ndcg_at_100_std": -0.101799,
        "nauc_ndcg_at_100_diff1": 0.813204,
        "nauc_ndcg_at_1000_max": 0.491551,
        "nauc_ndcg_at_1000_std": -0.101317,
        "nauc_ndcg_at_1000_diff1": 0.812814,
        "nauc_map_at_1_max": 0.463339,
        "nauc_map_at_1_std": -0.052894,
        "nauc_map_at_1_diff1": 0.820766,
        "nauc_map_at_3_max": 0.46748,
        "nauc_map_at_3_std": -0.112831,
        "nauc_map_at_3_diff1": 0.771748,
        "nauc_map_at_5_max": 0.469208,
        "nauc_map_at_5_std": -0.109841,
        "nauc_map_at_5_diff1": 0.772822,
        "nauc_map_at_10_max": 0.464542,
        "nauc_map_at_10_std": -0.109209,
        "nauc_map_at_10_diff1": 0.769774,
        "nauc_map_at_20_max": 0.465339,
        "nauc_map_at_20_std": -0.112876,
        "nauc_map_at_20_diff1": 0.772857,
        "nauc_map_at_100_max": 0.469753,
        "nauc_map_at_100_std": -0.110168,
        "nauc_map_at_100_diff1": 0.776614,
        "nauc_map_at_1000_max": 0.469829,
        "nauc_map_at_1000_std": -0.110163,
        "nauc_map_at_1000_diff1": 0.776607,
        "nauc_recall_at_1_max": 0.463339,
        "nauc_recall_at_1_std": -0.052894,
        "nauc_recall_at_1_diff1": 0.820766,
        "nauc_recall_at_3_max": 0.336368,
        "nauc_recall_at_3_std": -0.219554,
        "nauc_recall_at_3_diff1": 0.661331,
        "nauc_recall_at_5_max": 0.271445,
        "nauc_recall_at_5_std": -0.184123,
        "nauc_recall_at_5_diff1": 0.642614,
        "nauc_recall_at_10_max": 0.097517,
        "nauc_recall_at_10_std": -0.177102,
        "nauc_recall_at_10_diff1": 0.531856,
        "nauc_recall_at_20_max": 0.030479,
        "nauc_recall_at_20_std": -0.272176,
        "nauc_recall_at_20_diff1": 0.53388,
        "nauc_recall_at_100_max": -0.563492,
        "nauc_recall_at_100_std": -0.171335,
        "nauc_recall_at_100_diff1": 0.869281,
        "nauc_recall_at_1000_max": NaN,
        "nauc_recall_at_1000_std": NaN,
        "nauc_recall_at_1000_diff1": NaN,
        "nauc_precision_at_1_max": 0.63891,
        "nauc_precision_at_1_std": -0.02303,
        "nauc_precision_at_1_diff1": 0.938262,
        "nauc_precision_at_3_max": 0.504758,
        "nauc_precision_at_3_std": -0.137563,
        "nauc_precision_at_3_diff1": 0.498251,
        "nauc_precision_at_5_max": 0.435504,
        "nauc_precision_at_5_std": -0.086903,
        "nauc_precision_at_5_diff1": 0.379377,
        "nauc_precision_at_10_max": 0.364859,
        "nauc_precision_at_10_std": -0.061735,
        "nauc_precision_at_10_diff1": 0.255368,
        "nauc_precision_at_20_max": 0.300441,
        "nauc_precision_at_20_std": -0.104678,
        "nauc_precision_at_20_diff1": 0.195033,
        "nauc_precision_at_100_max": 0.408168,
        "nauc_precision_at_100_std": 0.124509,
        "nauc_precision_at_100_diff1": 0.131947,
        "nauc_precision_at_1000_max": 0.487945,
        "nauc_precision_at_1000_std": 0.148798,
        "nauc_precision_at_1000_diff1": 0.071409,
        "nauc_mrr_at_1_max": 0.63891,
        "nauc_mrr_at_1_std": -0.02303,
        "nauc_mrr_at_1_diff1": 0.938262,
        "nauc_mrr_at_3_max": 0.609855,
        "nauc_mrr_at_3_std": -0.066047,
        "nauc_mrr_at_3_diff1": 0.920142,
        "nauc_mrr_at_5_max": 0.602346,
        "nauc_mrr_at_5_std": -0.05881,
        "nauc_mrr_at_5_diff1": 0.923277,
        "nauc_mrr_at_10_max": 0.599915,
        "nauc_mrr_at_10_std": -0.057124,
        "nauc_mrr_at_10_diff1": 0.922937,
        "nauc_mrr_at_20_max": 0.600121,
        "nauc_mrr_at_20_std": -0.057931,
        "nauc_mrr_at_20_diff1": 0.923178,
        "nauc_mrr_at_100_max": 0.601296,
        "nauc_mrr_at_100_std": -0.057699,
        "nauc_mrr_at_100_diff1": 0.923189,
        "nauc_mrr_at_1000_max": 0.601388,
        "nauc_mrr_at_1000_std": -0.057691,
        "nauc_mrr_at_1000_diff1": 0.923193,
        "hit_rate_at_1": 0.85556,
        "hit_rate_at_3": 0.93333,
        "hit_rate_at_5": 0.94444,
        "hit_rate_at_10": 0.96111,
        "hit_rate_at_20": 0.96667,
        "hit_rate_at_100": 0.99444,
        "hit_rate_at_1000": 1.0,
        "main_score": 0.90287,
        "hf_subset": "default",
        "languages": [
          "eng-Latn"
        ]
      }
    ],
    "dev": [
      {
        "ndcg_at_1": 0.75,
        "ndcg_at_3": 0.89137,
        "ndcg_at_5": 0.89137,
        "ndcg_at_10": 0.89137,
        "ndcg_at_20": 0.89137,
        "ndcg_at_100": 0.89137,
        "ndcg_at_1000": 0.89137,
        "map_at_1": 0.75,
        "map_at_3": 0.85417,
        "map_at_5": 0.85417,
        "map_at_10": 0.85417,
        "map_at_20": 0.85417,
        "map_at_100": 0.85417,
        "map_at_1000": 0.85417,
        "recall_at_1": 0.75,
        "recall_at_3": 1.0,
        "recall_at_5": 1.0,
        "recall_at_10": 1.0,
        "recall_at_20": 1.0,
        "recall_at_100": 1.0,
        "recall_at_1000": 1.0,
        "accuracy": 0.75,
        "precision_at_1": 0.75,
        "precision_at_3": 0.33333,
        "precision_at_5": 0.2,
        "precision_at_10": 0.1,
        "precision_at_20": 0.05,
        "precision_at_100": 0.01,
        "precision_at_1000": 0.001,
        "mrr_at_1": 0.75,
        "mrr_at_3": 0.854167,
        "mrr_at_5": 0.854167,
        "mrr_at_10": 0.854167,
        "mrr_at_20": 0.854167,
        "mrr_at_100": 0.854167,
        "mrr_at_1000": 0.854167,
        "nauc_ndcg_at_1_max": 0.730931,
        "nauc_ndcg_at_1_std": -0.030631,
        "nauc_ndcg_at_1_diff1": 1.0,
        "nauc_ndcg_at_3_max": 0.773922,
        "nauc_ndcg_at_3_std": -0.055365,
        "nauc_ndcg_at_3_diff1": 0.978517,
        "nauc_ndcg_at_5_max": 0.773922,
        "nauc_ndcg_at_5_std": -0.055365,
        "nauc_ndcg_at_5_diff1": 0.978517,
        "nauc_ndcg_at_10_max": 0.773922,
        "nauc_ndcg_at_10_std": -0.055365,
        "nauc_ndcg_at_10_diff1": 0.978517,
        "nauc_ndcg_at_20_max": 0.773922,
        "nauc_ndcg_at_20_std": -0.055365,
        "nauc_ndcg_at_20_diff1": 0.978517,
        "nauc_ndcg_at_100_max": 0.773922,