{
  "dataset_revision": "8a17afc1b3e112c65fd6938b75692846afda97f8",
  "task_name": "FeedbackQARetrieval",
  "mteb_version": "2.12.20",
  "scores": {
    "test": [
      {
        "ndcg_at_1": 0.48394,
        "ndcg_at_3": 0.58891,
        "ndcg_at_5": 0.61548,
        "ndcg_at_10": 0.64197,
        "ndcg_at_20": 0.65705,
        "ndcg_at_100": 0.67051,
        "ndcg_at_1000": 0.67701,
        "map_at_1": 0.48394,
        "map_at_3": 0.56309,
        "map_at_5": 0.57777,
        "map_at_10": 0.58872,
        "map_at_20": 0.59291,
        "map_at_100": 0.59481,
        "map_at_1000": 0.59509,
        "recall_at_1": 0.48394,
        "recall_at_3": 0.66365,
        "recall_at_5": 0.72841,
        "recall_at_10": 0.81024,
        "recall_at_20": 0.86948,
        "recall_at_100": 0.94127,
        "recall_at_1000": 0.99046,
        "accuracy": 0.48394,
        "precision_at_1": 0.48394,
        "precision_at_3": 0.22122,
        "precision_at_5": 0.14568,
        "precision_at_10": 0.08102,
        "precision_at_20": 0.04347,
        "precision_at_100": 0.00941,
        "precision_at_1000": 0.00099,
        "mrr_at_1": 0.483936,
        "mrr_at_3": 0.563839,
        "mrr_at_5": 0.577845,
        "mrr_at_10": 0.589078,
        "mrr_at_20": 0.593281,
        "mrr_at_100": 0.595159,
        "mrr_at_1000": 0.595443,
        "nauc_ndcg_at_1_max": 0.271562,
        "nauc_ndcg_at_1_std": -0.140565,
        "nauc_ndcg_at_1_diff1": 0.627085,
        "nauc_ndcg_at_3_max": 0.266433,
        "nauc_ndcg_at_3_std": -0.143917,
        "nauc_ndcg_at_3_diff1": 0.562306,
        "nauc_ndcg_at_5_max": 0.261185,
        "nauc_ndcg_at_5_std": -0.148038,
        "nauc_ndcg_at_5_diff1": 0.550551,
        "nauc_ndcg_at_10_max": 0.261982,
        "nauc_ndcg_at_10_std": -0.140432,
        "nauc_ndcg_at_10_diff1": 0.547047,
        "nauc_ndcg_at_20_max": 0.260033,
        "nauc_ndcg_at_20_std": -0.133786,
        "nauc_ndcg_at_20_diff1": 0.547264,
        "nauc_ndcg_at_100_max": 0.256872,
        "nauc_ndcg_at_100_std": -0.127028,
        "nauc_ndcg_at_100_diff1": 0.554847,
        "nauc_ndcg_at_1000_max": 0.259428,
        "nauc_ndcg_at_1000_std": -0.131588,
        "nauc_ndcg_at_1000_diff1": 0.562853,
        "nauc_map_at_1_max": 0.271562,
        "nauc_map_at_1_std": -0.140565,
        "nauc_map_at_1_diff1": 0.627085,
        "nauc_map_at_3_max": 0.267754,
        "nauc_map_at_3_std": -0.143153,
        "nauc_map_at_3_diff1": 0.578714,
        "nauc_map_at_5_max": 0.264947,
        "nauc_map_at_5_std": -0.145295,
        "nauc_map_at_5_diff1": 0.572971,
        "nauc_map_at_10_max": 0.264959,
        "nauc_map_at_10_std": -0.142267,
        "nauc_map_at_10_diff1": 0.572353,
        "nauc_map_at_20_max": 0.264401,
        "nauc_map_at_20_std": -0.140559,
        "nauc_map_at_20_diff1": 0.572744,
        "nauc_map_at_100_max": 0.263983,
        "nauc_map_at_100_std": -0.139729,
        "nauc_map_at_100_diff1": 0.573811,
        "nauc_map_at_1000_max": 0.264089,
        "nauc_map_at_1000_std": -0.139837,
        "nauc_map_at_1000_diff1": 0.574154,
        "nauc_recall_at_1_max": 0.271562,
        "nauc_recall_at_1_std": -0.140565,
        "nauc_recall_at_1_diff1": 0.627085,
        "nauc_recall_at_3_max": 0.262059,
        "nauc_recall_at_3_std": -0.146399,
        "nauc_recall_at_3_diff1": 0.508091,
        "nauc_recall_at_5_max": 0.24616,
        "nauc_recall_at_5_std": -0.159099,
        "nauc_recall_at_5_diff1": 0.464069,
        "nauc_recall_at_10_max": 0.248274,
        "nauc_recall_at_10_std": -0.12754,
        "nauc_recall_at_10_diff1": 0.417028,
        "nauc_recall_at_20_max": 0.22907,
        "nauc_recall_at_20_std": -0.070522,
        "nauc_recall_at_20_diff1": 0.365169,
        "nauc_recall_at_100_max": 0.125899,
        "nauc_recall_at_100_std": 0.148475,
        "nauc_recall_at_100_diff1": 0.32515,
        "nauc_recall_at_1000_max": -0.069279,
        "nauc_recall_at_1000_std": 0.580099,
        "nauc_recall_at_1000_diff1": 0.607104,
        "nauc_precision_at_1_max": 0.271562,
        "nauc_precision_at_1_std": -0.140565,
        "nauc_precision_at_1_diff1": 0.627085,
        "nauc_precision_at_3_max": 0.262059,
        "nauc_precision_at_3_std": -0.146399,
        "nauc_precision_at_3_diff1": 0.508091,
        "nauc_precision_at_5_max": 0.24616,
        "nauc_precision_at_5_std": -0.159099,
        "nauc_precision_at_5_diff1": 0.464069,
        "nauc_precision_at_10_max": 0.248274,
        "nauc_precision_at_10_std": -0.12754,
        "nauc_precision_at_10_diff1": 0.417028,
        "nauc_precision_at_20_max": 0.22907,
        "nauc_precision_at_20_std": -0.070522,
        "nauc_precision_at_20_diff1": 0.365169,
        "nauc_precision_at_100_max": 0.125899,
        "nauc_precision_at_100_std": 0.148475,
        "nauc_precision_at_100_diff1": 0.32515,
        "nauc_precision_at_1000_max": -0.069279,
        "nauc_precision_at_1000_std": 0.580099,
        "nauc_precision_at_1000_diff1": 0.607104,
        "nauc_mrr_at_1_max": 0.271562,
        "nauc_mrr_at_1_std": -0.140565,
        "nauc_mrr_at_1_diff1": 0.627085,
        "nauc_mrr_at_3_max": 0.266331,
        "nauc_mrr_at_3_std": -0.142159,
        "nauc_mrr_at_3_diff1": 0.578932,
        "nauc_mrr_at_5_max": 0.264161,
        "nauc_mrr_at_5_std": -0.143738,
        "nauc_mrr_at_5_diff1": 0.572575,
        "nauc_mrr_at_10_max": 0.26421,
        "nauc_mrr_at_10_std": -0.14164,
        "nauc_mrr_at_10_diff1": 0.571961,
        "nauc_mrr_at_20_max": 0.263527,
        "nauc_mrr_at_20_std": -0.139923,
        "nauc_mrr_at_20_diff1": 0.572464,
        "nauc_mrr_at_100_max": 0.263252,
        "nauc_mrr_at_100_std": -0.139079,
        "nauc_mrr_at_100_diff1": 0.573416,
        "nauc_mrr_at_1000_max": 0.263355,
        "nauc_mrr_at_1000_std": -0.139189,
        "nauc_mrr_at_1000_diff1": 0.573759,
        "hit_rate_at_1": 0.48394,
        "hit_rate_at_3": 0.66365,
        "hit_rate_at_5": 0.72841,
        "hit_rate_at_10": 0.81024,
        "hit_rate_at_20": 0.86948,
        "hit_rate_at_100": 0.94127,
        "hit_rate_at_1000": 0.99046,
        "main_score": 0.48394,
        "hf_subset": "default",
        "languages": [
          "eng-Latn"
        ]
      }
    ]
  },
  "evaluation_time": 36.42306447029114,
  "kg_co2_emissions": null,
  "date": null
}