{
  "dataset_revision": "ff4a8f2476ae77476c1912f1f3cb5bb5f2d766d4",
  "task_name": "LIMITSmallRetrieval",
  "mteb_version": "2.12.20",
  "scores": {
    "test": [
      {
        "ndcg_at_1": 0.155,
        "ndcg_at_2": 0.14262,
        "ndcg_at_3": 0.1696,
        "ndcg_at_5": 0.21334,
        "ndcg_at_10": 0.28052,
        "ndcg_at_20": 0.35578,
        "ndcg_at_100": 0.43386,
        "ndcg_at_1000": 0.43386,
        "map_at_1": 0.0775,
        "map_at_2": 0.11475,
        "map_at_3": 0.13192,
        "map_at_5": 0.15592,
        "map_at_10": 0.1861,
        "map_at_20": 0.21223,
        "map_at_100": 0.23147,
        "map_at_1000": 0.23147,
        "recall_at_1": 0.0775,
        "recall_at_2": 0.139,
        "recall_at_3": 0.183,
        "recall_at_5": 0.2705,
        "recall_at_10": 0.4405,
        "recall_at_20": 0.6835,
        "recall_at_100": 1.0,
        "recall_at_1000": 1.0,
        "accuracy": 0.0775,
        "precision_at_1": 0.155,
        "precision_at_2": 0.139,
        "precision_at_3": 0.122,
        "precision_at_5": 0.1082,
        "precision_at_10": 0.0881,
        "precision_at_20": 0.06835,
        "precision_at_100": 0.02,
        "precision_at_1000": 0.002,
        "mrr_at_1": 0.155,
        "mrr_at_2": 0.2035,
        "mrr_at_3": 0.227833,
        "mrr_at_5": 0.258733,
        "mrr_at_10": 0.288094,
        "mrr_at_20": 0.302897,
        "mrr_at_100": 0.306758,
        "mrr_at_1000": 0.306758,
        "nauc_ndcg_at_1_max": 0.015964,
        "nauc_ndcg_at_1_std": 0.169155,
        "nauc_ndcg_at_1_diff1": 0.153838,
        "nauc_ndcg_at_2_max": 0.022473,
        "nauc_ndcg_at_2_std": 0.151282,
        "nauc_ndcg_at_2_diff1": 0.126829,
        "nauc_ndcg_at_3_max": 0.014031,
        "nauc_ndcg_at_3_std": 0.126978,
        "nauc_ndcg_at_3_diff1": 0.116791,
        "nauc_ndcg_at_5_max": 0.036334,
        "nauc_ndcg_at_5_std": 0.142992,
        "nauc_ndcg_at_5_diff1": 0.104655,
        "nauc_ndcg_at_10_max": 0.03396,
        "nauc_ndcg_at_10_std": 0.146753,
        "nauc_ndcg_at_10_diff1": 0.124582,
        "nauc_ndcg_at_20_max": 0.032726,
        "nauc_ndcg_at_20_std": 0.153823,
        "nauc_ndcg_at_20_diff1": 0.118789,
        "nauc_ndcg_at_100_max": 0.029357,
        "nauc_ndcg_at_100_std": 0.151543,
        "nauc_ndcg_at_100_diff1": 0.121497,
        "nauc_ndcg_at_1000_max": 0.029357,
        "nauc_ndcg_at_1000_std": 0.151543,
        "nauc_ndcg_at_1000_diff1": 0.121497,
        "nauc_map_at_1_max": 0.015964,
        "nauc_map_at_1_std": 0.169155,
        "nauc_map_at_1_diff1": 0.153838,
        "nauc_map_at_2_max": 0.036813,
        "nauc_map_at_2_std": 0.167194,
        "nauc_map_at_2_diff1": 0.143806,
        "nauc_map_at_3_max": 0.034073,
        "nauc_map_at_3_std": 0.152113,
        "nauc_map_at_3_diff1": 0.135329,
        "nauc_map_at_5_max": 0.046788,
        "nauc_map_at_5_std": 0.159974,
        "nauc_map_at_5_diff1": 0.126687,
        "nauc_map_at_10_max": 0.045779,
        "nauc_map_at_10_std": 0.159543,
        "nauc_map_at_10_diff1": 0.136098,
        "nauc_map_at_20_max": 0.043981,
        "nauc_map_at_20_std": 0.162837,
        "nauc_map_at_20_diff1": 0.131203,
        "nauc_map_at_100_max": 0.043042,
        "nauc_map_at_100_std": 0.162822,
        "nauc_map_at_100_diff1": 0.132475,
        "nauc_map_at_1000_max": 0.043042,
        "nauc_map_at_1000_std": 0.162822,
        "nauc_map_at_1000_diff1": 0.132475,
        "nauc_recall_at_1_max": 0.015964,
        "nauc_recall_at_1_std": 0.169155,
        "nauc_recall_at_1_diff1": 0.153838,
        "nauc_recall_at_2_max": 0.024958,
        "nauc_recall_at_2_std": 0.144459,
        "nauc_recall_at_2_diff1": 0.116519,
        "nauc_recall_at_3_max": 0.010669,
        "nauc_recall_at_3_std": 0.104694,
        "nauc_recall_at_3_diff1": 0.100718,
        "nauc_recall_at_5_max": 0.05137,
        "nauc_recall_at_5_std": 0.132829,
        "nauc_recall_at_5_diff1": 0.078303,
        "nauc_recall_at_10_max": 0.042133,
        "nauc_recall_at_10_std": 0.12905,
        "nauc_recall_at_10_diff1": 0.115026,
        "nauc_recall_at_20_max": 0.033619,
        "nauc_recall_at_20_std": 0.126899,
        "nauc_recall_at_20_diff1": 0.084012,
        "nauc_recall_at_100_max": NaN,
        "nauc_recall_at_100_std": NaN,
        "nauc_recall_at_100_diff1": NaN,
        "nauc_recall_at_1000_max": NaN,
        "nauc_recall_at_1000_std": NaN,
        "nauc_recall_at_1000_diff1": NaN,
        "nauc_precision_at_1_max": 0.015964,
        "nauc_precision_at_1_std": 0.169155,
        "nauc_precision_at_1_diff1": 0.153838,
        "nauc_precision_at_2_max": 0.024958,
        "nauc_precision_at_2_std": 0.144459,
        "nauc_precision_at_2_diff1": 0.116519,
        "nauc_precision_at_3_max": 0.010669,
        "nauc_precision_at_3_std": 0.104694,
        "nauc_precision_at_3_diff1": 0.100718,
        "nauc_precision_at_5_max": 0.05137,
        "nauc_precision_at_5_std": 0.132829,
        "nauc_precision_at_5_diff1": 0.078303,
        "nauc_precision_at_10_max": 0.042133,
        "nauc_precision_at_10_std": 0.12905,
        "nauc_precision_at_10_diff1": 0.115026,
        "nauc_precision_at_20_max": 0.033619,
        "nauc_precision_at_20_std": 0.126899,
        "nauc_precision_at_20_diff1": 0.084012,
        "nauc_precision_at_100_max": 1.0,
        "nauc_precision_at_100_std": 1.0,
        "nauc_precision_at_100_diff1": 1.0,
        "nauc_precision_at_1000_max": NaN,
        "nauc_precision_at_1000_std": NaN,
        "nauc_precision_at_1000_diff1": NaN,
        "nauc_mrr_at_1_max": 0.015964,
        "nauc_mrr_at_1_std": 0.169155,
        "nauc_mrr_at_1_diff1": 0.153838,
        "nauc_mrr_at_2_max": 0.003493,
        "nauc_mrr_at_2_std": 0.139114,
        "nauc_mrr_at_2_diff1": 0.116662,
        "nauc_mrr_at_3_max": -0.007856,
        "nauc_mrr_at_3_std": 0.118816,
        "nauc_mrr_at_3_diff1": 0.107296,
        "nauc_mrr_at_5_max": 0.004868,
        "nauc_mrr_at_5_std": 0.127538,
        "nauc_mrr_at_5_diff1": 0.102579,
        "nauc_mrr_at_10_max": 0.002067,
        "nauc_mrr_at_10_std": 0.132687,
        "nauc_mrr_at_10_diff1": 0.108041,
        "nauc_mrr_at_20_max": 0.004423,
        "nauc_mrr_at_20_std": 0.135512,
        "nauc_mrr_at_20_diff1": 0.111672,
        "nauc_mrr_at_100_max": 0.004631,
        "nauc_mrr_at_100_std": 0.134349,
        "nauc_mrr_at_100_diff1": 0.110951,
        "nauc_mrr_at_1000_max": 0.004631,
        "nauc_mrr_at_1000_std": 0.134349,
        "nauc_mrr_at_1000_diff1": 0.110951,
        "hit_rate_at_1": 0.155,
        "hit_rate_at_2": 0.252,
        "hit_rate_at_3": 0.325,
        "hit_rate_at_5": 0.46,
        "hit_rate_at_10": 0.684,
        "hit_rate_at_20": 0.896,
        "hit_rate_at_100": 1.0,
        "hit_rate_at_1000": 1.0,
        "main_score": 0.139,
        "hf_subset": "default",
        "languages": [
          "eng-Latn"
        ]
      }
    ]
  },
  "evaluation_time": 1.7358920574188232,
  "kg_co2_emissions": null,
  "date": null
}