{
  "dataset_revision": "dd542a7efb9ad2136b9e00768b60fca9038f8156",
  "task_name": "NanoNFCorpusRetrieval",
  "mteb_version": "2.12.20",
  "scores": {
    "train": [
      {
        "ndcg_at_1": 0.48,
        "ndcg_at_3": 0.41508,
        "ndcg_at_5": 0.40368,
        "ndcg_at_10": 0.38517,
        "ndcg_at_20": 0.36434,
        "ndcg_at_100": 0.34372,
        "ndcg_at_1000": 0.45932,
        "map_at_1": 0.05041,
        "map_at_3": 0.08431,
        "map_at_5": 0.10121,
        "map_at_10": 0.12835,
        "map_at_20": 0.15389,
        "map_at_100": 0.18182,
        "map_at_1000": 0.20547,
        "recall_at_1": 0.05041,
        "recall_at_3": 0.08938,
        "recall_at_5": 0.11193,
        "recall_at_10": 0.15696,
        "recall_at_20": 0.24231,
        "recall_at_100": 0.36092,
        "recall_at_1000": 0.69194,
        "accuracy": 0.05041,
        "precision_at_1": 0.48,
        "precision_at_3": 0.38,
        "precision_at_5": 0.36,
        "precision_at_10": 0.326,
        "precision_at_20": 0.254,
        "precision_at_100": 0.1078,
        "precision_at_1000": 0.03076,
        "mrr_at_1": 0.48,
        "mrr_at_3": 0.523333,
        "mrr_at_5": 0.541333,
        "mrr_at_10": 0.555937,
        "mrr_at_20": 0.563238,
        "mrr_at_100": 0.564343,
        "mrr_at_1000": 0.564614,
        "nauc_ndcg_at_1_max": 0.562798,
        "nauc_ndcg_at_1_std": 0.114401,
        "nauc_ndcg_at_1_diff1": 0.26699,
        "nauc_ndcg_at_3_max": 0.598451,
        "nauc_ndcg_at_3_std": 0.145031,
        "nauc_ndcg_at_3_diff1": 0.239811,
        "nauc_ndcg_at_5_max": 0.589571,
        "nauc_ndcg_at_5_std": 0.182184,
        "nauc_ndcg_at_5_diff1": 0.231319,
        "nauc_ndcg_at_10_max": 0.545627,
        "nauc_ndcg_at_10_std": 0.223124,
        "nauc_ndcg_at_10_diff1": 0.165882,
        "nauc_ndcg_at_20_max": 0.488487,
        "nauc_ndcg_at_20_std": 0.203588,
        "nauc_ndcg_at_20_diff1": 0.116871,
        "nauc_ndcg_at_100_max": 0.336421,
        "nauc_ndcg_at_100_std": 0.120773,
        "nauc_ndcg_at_100_diff1": 0.159196,
        "nauc_ndcg_at_1000_max": 0.413277,
        "nauc_ndcg_at_1000_std": 0.202498,
        "nauc_ndcg_at_1000_diff1": 0.053072,
        "nauc_map_at_1_max": -0.184433,
        "nauc_map_at_1_std": -0.350752,
        "nauc_map_at_1_diff1": 0.076632,
        "nauc_map_at_3_max": -0.055234,
        "nauc_map_at_3_std": -0.301748,
        "nauc_map_at_3_diff1": 0.163734,
        "nauc_map_at_5_max": 0.041836,
        "nauc_map_at_5_std": -0.241894,
        "nauc_map_at_5_diff1": 0.164044,
        "nauc_map_at_10_max": 0.117846,
        "nauc_map_at_10_std": -0.161585,
        "nauc_map_at_10_diff1": 0.16131,
        "nauc_map_at_20_max": 0.175815,
        "nauc_map_at_20_std": -0.110884,
        "nauc_map_at_20_diff1": 0.139726,
        "nauc_map_at_100_max": 0.258913,
        "nauc_map_at_100_std": -0.024025,
        "nauc_map_at_100_diff1": 0.152101,
        "nauc_map_at_1000_max": 0.277777,
        "nauc_map_at_1000_std": 0.039874,
        "nauc_map_at_1000_diff1": 0.138622,
        "nauc_recall_at_1_max": -0.184433,
        "nauc_recall_at_1_std": -0.350752,
        "nauc_recall_at_1_diff1": 0.076632,
        "nauc_recall_at_3_max": -0.066737,
        "nauc_recall_at_3_std": -0.302767,
        "nauc_recall_at_3_diff1": 0.148092,
        "nauc_recall_at_5_max": 0.034586,
        "nauc_recall_at_5_std": -0.235529,
        "nauc_recall_at_5_diff1": 0.165457,
        "nauc_recall_at_10_max": 0.077436,
        "nauc_recall_at_10_std": -0.154866,
        "nauc_recall_at_10_diff1": 0.135596,
        "nauc_recall_at_20_max": -0.043716,
        "nauc_recall_at_20_std": -0.208691,
        "nauc_recall_at_20_diff1": 0.004644,
        "nauc_recall_at_100_max": 0.039108,
        "nauc_recall_at_100_std": -0.094462,
        "nauc_recall_at_100_diff1": 0.020613,
        "nauc_recall_at_1000_max": -0.013519,
        "nauc_recall_at_1000_std": -0.000423,
        "nauc_recall_at_1000_diff1": -0.281146,
        "nauc_precision_at_1_max": 0.562798,
        "nauc_precision_at_1_std": 0.114401,
        "nauc_precision_at_1_diff1": 0.26699,
        "nauc_precision_at_3_max": 0.663839,
        "nauc_precision_at_3_std": 0.205815,
        "nauc_precision_at_3_diff1": 0.229308,
        "nauc_precision_at_5_max": 0.683577,
        "nauc_precision_at_5_std": 0.292435,
        "nauc_precision_at_5_diff1": 0.216428,
        "nauc_precision_at_10_max": 0.657842,
        "nauc_precision_at_10_std": 0.383169,
        "nauc_precision_at_10_diff1": 0.127835,
        "nauc_precision_at_20_max": 0.648414,
        "nauc_precision_at_20_std": 0.477187,
        "nauc_precision_at_20_diff1": 0.097351,
        "nauc_precision_at_100_max": 0.459834,
        "nauc_precision_at_100_std": 0.586456,
        "nauc_precision_at_100_diff1": -0.002966,
        "nauc_precision_at_1000_max": 0.18467,
        "nauc_precision_at_1000_std": 0.526705,
        "nauc_precision_at_1000_diff1": -0.071239,
        "nauc_mrr_at_1_max": 0.562798,
        "nauc_mrr_at_1_std": 0.114401,
        "nauc_mrr_at_1_diff1": 0.26699,
        "nauc_mrr_at_3_max": 0.530969,
        "nauc_mrr_at_3_std": 0.145848,
        "nauc_mrr_at_3_diff1": 0.217718,
        "nauc_mrr_at_5_max": 0.539439,
        "nauc_mrr_at_5_std": 0.18192,
        "nauc_mrr_at_5_diff1": 0.224233,
        "nauc_mrr_at_10_max": 0.542212,
        "nauc_mrr_at_10_std": 0.200469,
        "nauc_mrr_at_10_diff1": 0.204349,
        "nauc_mrr_at_20_max": 0.550907,
        "nauc_mrr_at_20_std": 0.19351,
        "nauc_mrr_at_20_diff1": 0.211519,
        "nauc_mrr_at_100_max": 0.54952,
        "nauc_mrr_at_100_std": 0.191951,
        "nauc_mrr_at_100_diff1": 0.21068,
        "nauc_mrr_at_1000_max": 0.549278,
        "nauc_mrr_at_1000_std": 0.192076,
        "nauc_mrr_at_1000_diff1": 0.210393,
        "hit_rate_at_1": 0.48,
        "hit_rate_at_3": 0.56,
        "hit_rate_at_5": 0.66,
        "hit_rate_at_10": 0.76,
        "hit_rate_at_20": 0.86,
        "hit_rate_at_100": 0.92,
        "hit_rate_at_1000": 0.98,
        "main_score": 0.38517,
        "hf_subset": "default",
        "languages": [
          "eng-Latn"
        ]
      }
    ]
  },
  "evaluation_time": 59.43527126312256,
  "kg_co2_emissions": null,
  "date": null
}