{
  "dataset_revision": "974abbc9bc281c3169180a6aa5d7586cfd2f5877",
  "task_name": "R2MEDIIYiClinicalRetrieval",
  "mteb_version": "2.12.20",
  "scores": {
    "test": [
      {
        "ndcg_at_1": 0.13953,
        "ndcg_at_3": 0.12705,
        "ndcg_at_5": 0.12089,
        "ndcg_at_10": 0.14725,
        "ndcg_at_20": 0.18559,
        "ndcg_at_100": 0.26828,
        "ndcg_at_1000": 0.33252,
        "map_at_1": 0.03618,
        "map_at_3": 0.06688,
        "map_at_5": 0.0762,
        "map_at_10": 0.08938,
        "map_at_20": 0.10142,
        "map_at_100": 0.11702,
        "map_at_1000": 0.12163,
        "recall_at_1": 0.03618,
        "recall_at_3": 0.09238,
        "recall_at_5": 0.11357,
        "recall_at_10": 0.17455,
        "recall_at_20": 0.27842,
        "recall_at_100": 0.59716,
        "recall_at_1000": 0.93682,
        "accuracy": 0.03618,
        "precision_at_1": 0.13953,
        "precision_at_3": 0.11886,
        "precision_at_5": 0.08992,
        "precision_at_10": 0.06744,
        "precision_at_20": 0.05194,
        "precision_at_100": 0.02078,
        "precision_at_1000": 0.00335,
        "mrr_at_1": 0.139535,
        "mrr_at_3": 0.202842,
        "mrr_at_5": 0.209819,
        "mrr_at_10": 0.224222,
        "mrr_at_20": 0.237801,
        "mrr_at_100": 0.244448,
        "mrr_at_1000": 0.244975,
        "nauc_ndcg_at_1_max": 0.270698,
        "nauc_ndcg_at_1_std": 0.164229,
        "nauc_ndcg_at_1_diff1": 0.205397,
        "nauc_ndcg_at_3_max": 0.233052,
        "nauc_ndcg_at_3_std": 0.248786,
        "nauc_ndcg_at_3_diff1": 0.100217,
        "nauc_ndcg_at_5_max": 0.196642,
        "nauc_ndcg_at_5_std": 0.215052,
        "nauc_ndcg_at_5_diff1": 0.106396,
        "nauc_ndcg_at_10_max": 0.195097,
        "nauc_ndcg_at_10_std": 0.219368,
        "nauc_ndcg_at_10_diff1": 0.058884,
        "nauc_ndcg_at_20_max": 0.187176,
        "nauc_ndcg_at_20_std": 0.232426,
        "nauc_ndcg_at_20_diff1": 0.05041,
        "nauc_ndcg_at_100_max": 0.197508,
        "nauc_ndcg_at_100_std": 0.26375,
        "nauc_ndcg_at_100_diff1": -0.016674,
        "nauc_ndcg_at_1000_max": 0.209148,
        "nauc_ndcg_at_1000_std": 0.313559,
        "nauc_ndcg_at_1000_diff1": -0.02242,
        "nauc_map_at_1_max": 0.219313,
        "nauc_map_at_1_std": 0.072373,
        "nauc_map_at_1_diff1": 0.287741,
        "nauc_map_at_3_max": 0.235112,
        "nauc_map_at_3_std": 0.202067,
        "nauc_map_at_3_diff1": 0.158528,
        "nauc_map_at_5_max": 0.198515,
        "nauc_map_at_5_std": 0.204243,
        "nauc_map_at_5_diff1": 0.15089,
        "nauc_map_at_10_max": 0.209563,
        "nauc_map_at_10_std": 0.22586,
        "nauc_map_at_10_diff1": 0.113435,
        "nauc_map_at_20_max": 0.194454,
        "nauc_map_at_20_std": 0.229562,
        "nauc_map_at_20_diff1": 0.102032,
        "nauc_map_at_100_max": 0.201042,
        "nauc_map_at_100_std": 0.236477,
        "nauc_map_at_100_diff1": 0.08137,
        "nauc_map_at_1000_max": 0.203767,
        "nauc_map_at_1000_std": 0.244855,
        "nauc_map_at_1000_diff1": 0.078879,
        "nauc_recall_at_1_max": 0.219313,
        "nauc_recall_at_1_std": 0.072373,
        "nauc_recall_at_1_diff1": 0.287741,
        "nauc_recall_at_3_max": 0.221813,
        "nauc_recall_at_3_std": 0.234392,
        "nauc_recall_at_3_diff1": 0.060448,
        "nauc_recall_at_5_max": 0.16429,
        "nauc_recall_at_5_std": 0.211654,
        "nauc_recall_at_5_diff1": 0.051867,
        "nauc_recall_at_10_max": 0.144548,
        "nauc_recall_at_10_std": 0.195782,
        "nauc_recall_at_10_diff1": -0.009779,
        "nauc_recall_at_20_max": 0.101534,
        "nauc_recall_at_20_std": 0.193294,
        "nauc_recall_at_20_diff1": -0.003393,
        "nauc_recall_at_100_max": 0.061713,
        "nauc_recall_at_100_std": 0.181133,
        "nauc_recall_at_100_diff1": -0.180984,
        "nauc_recall_at_1000_max": -0.061233,
        "nauc_recall_at_1000_std": 0.738486,
        "nauc_recall_at_1000_diff1": -0.737623,
        "nauc_precision_at_1_max": 0.270698,
        "nauc_precision_at_1_std": 0.164229,
        "nauc_precision_at_1_diff1": 0.205397,
        "nauc_precision_at_3_max": 0.233716,
        "nauc_precision_at_3_std": 0.294801,
        "nauc_precision_at_3_diff1": 0.054111,
        "nauc_precision_at_5_max": 0.16171,
        "nauc_precision_at_5_std": 0.271637,
        "nauc_precision_at_5_diff1": 0.044471,
        "nauc_precision_at_10_max": 0.165379,
        "nauc_precision_at_10_std": 0.27504,
        "nauc_precision_at_10_diff1": -0.040194,
        "nauc_precision_at_20_max": 0.167559,
        "nauc_precision_at_20_std": 0.301394,
        "nauc_precision_at_20_diff1": -0.071575,
        "nauc_precision_at_100_max": 0.16816,
        "nauc_precision_at_100_std": 0.357672,
        "nauc_precision_at_100_diff1": -0.173102,
        "nauc_precision_at_1000_max": 0.156296,
        "nauc_precision_at_1000_std": 0.385753,
        "nauc_precision_at_1000_diff1": -0.161138,
        "nauc_mrr_at_1_max": 0.270698,
        "nauc_mrr_at_1_std": 0.164229,
        "nauc_mrr_at_1_diff1": 0.205397,
        "nauc_mrr_at_3_max": 0.250577,
        "nauc_mrr_at_3_std": 0.199117,
        "nauc_mrr_at_3_diff1": 0.108226,
        "nauc_mrr_at_5_max": 0.245373,
        "nauc_mrr_at_5_std": 0.197369,
        "nauc_mrr_at_5_diff1": 0.096221,
        "nauc_mrr_at_10_max": 0.233213,
        "nauc_mrr_at_10_std": 0.199857,
        "nauc_mrr_at_10_diff1": 0.085494,
        "nauc_mrr_at_20_max": 0.239886,
        "nauc_mrr_at_20_std": 0.209168,
        "nauc_mrr_at_20_diff1": 0.088537,
        "nauc_mrr_at_100_max": 0.240592,
        "nauc_mrr_at_100_std": 0.20854,
        "nauc_mrr_at_100_diff1": 0.084992,
        "nauc_mrr_at_1000_max": 0.240259,
        "nauc_mrr_at_1000_std": 0.208527,
        "nauc_mrr_at_1000_diff1": 0.085766,
        "hit_rate_at_1": 0.13953,
        "hit_rate_at_3": 0.28682,
        "hit_rate_at_5": 0.31783,
        "hit_rate_at_10": 0.4186,
        "hit_rate_at_20": 0.60465,
        "hit_rate_at_100": 0.85271,
        "hit_rate_at_1000": 0.9845,
        "main_score": 0.14725,
        "hf_subset": "default",
        "languages": [
          "eng-Latn"
        ]
      }
    ]
  },
  "evaluation_time": 250.4540376663208,
  "kg_co2_emissions": null,
  "date": null
}