{
  "dataset_revision": "812829522f7eaa407ef82b96717be85788a50f7e",
  "task_name": "R2MEDPMCClinicalRetrieval",
  "mteb_version": "2.12.20",
  "scores": {
    "test": [
      {
        "ndcg_at_1": 0.07018,
        "ndcg_at_3": 0.08155,
        "ndcg_at_5": 0.10305,
        "ndcg_at_10": 0.1225,
        "ndcg_at_20": 0.1621,
        "ndcg_at_100": 0.21176,
        "ndcg_at_1000": 0.25644,
        "map_at_1": 0.02851,
        "map_at_3": 0.05824,
        "map_at_5": 0.07066,
        "map_at_10": 0.0782,
        "map_at_20": 0.08995,
        "map_at_100": 0.09854,
        "map_at_1000": 0.10069,
        "recall_at_1": 0.02851,
        "recall_at_3": 0.08699,
        "recall_at_5": 0.13231,
        "recall_at_10": 0.18348,
        "recall_at_20": 0.31725,
        "recall_at_100": 0.52558,
        "recall_at_1000": 0.81798,
        "accuracy": 0.02851,
        "precision_at_1": 0.07018,
        "precision_at_3": 0.07018,
        "precision_at_5": 0.05965,
        "precision_at_10": 0.03947,
        "precision_at_20": 0.03289,
        "precision_at_100": 0.01175,
        "precision_at_1000": 0.00176,
        "mrr_at_1": 0.070175,
        "mrr_at_3": 0.122807,
        "mrr_at_5": 0.132456,
        "mrr_at_10": 0.142756,
        "mrr_at_20": 0.153104,
        "mrr_at_100": 0.15881,
        "mrr_at_1000": 0.15989,
        "nauc_ndcg_at_1_max": 0.234927,
        "nauc_ndcg_at_1_std": 0.139647,
        "nauc_ndcg_at_1_diff1": 0.389548,
        "nauc_ndcg_at_3_max": 0.236773,
        "nauc_ndcg_at_3_std": -0.014754,
        "nauc_ndcg_at_3_diff1": 0.179269,
        "nauc_ndcg_at_5_max": 0.212746,
        "nauc_ndcg_at_5_std": 0.00143,
        "nauc_ndcg_at_5_diff1": 0.183883,
        "nauc_ndcg_at_10_max": 0.164445,
        "nauc_ndcg_at_10_std": 0.010832,
        "nauc_ndcg_at_10_diff1": 0.170165,
        "nauc_ndcg_at_20_max": 0.197651,
        "nauc_ndcg_at_20_std": 0.020551,
        "nauc_ndcg_at_20_diff1": 0.166054,
        "nauc_ndcg_at_100_max": 0.177897,
        "nauc_ndcg_at_100_std": 0.071071,
        "nauc_ndcg_at_100_diff1": 0.159897,
        "nauc_ndcg_at_1000_max": 0.192558,
        "nauc_ndcg_at_1000_std": 0.088523,
        "nauc_ndcg_at_1000_diff1": 0.178181,
        "nauc_map_at_1_max": 0.252145,
        "nauc_map_at_1_std": 0.195912,
        "nauc_map_at_1_diff1": 0.284271,
        "nauc_map_at_3_max": 0.276641,
        "nauc_map_at_3_std": 0.002179,
        "nauc_map_at_3_diff1": 0.187049,
        "nauc_map_at_5_max": 0.243476,
        "nauc_map_at_5_std": 0.001791,
        "nauc_map_at_5_diff1": 0.186339,
        "nauc_map_at_10_max": 0.209568,
        "nauc_map_at_10_std": 0.004455,
        "nauc_map_at_10_diff1": 0.178466,
        "nauc_map_at_20_max": 0.226301,
        "nauc_map_at_20_std": 0.012348,
        "nauc_map_at_20_diff1": 0.186062,
        "nauc_map_at_100_max": 0.218007,
        "nauc_map_at_100_std": 0.022096,
        "nauc_map_at_100_diff1": 0.181019,
        "nauc_map_at_1000_max": 0.218223,
        "nauc_map_at_1000_std": 0.024555,
        "nauc_map_at_1000_diff1": 0.181079,
        "nauc_recall_at_1_max": 0.252145,
        "nauc_recall_at_1_std": 0.195912,
        "nauc_recall_at_1_diff1": 0.284271,
        "nauc_recall_at_3_max": 0.207579,
        "nauc_recall_at_3_std": -0.064601,
        "nauc_recall_at_3_diff1": 0.092038,
        "nauc_recall_at_5_max": 0.164439,
        "nauc_recall_at_5_std": -0.022514,
        "nauc_recall_at_5_diff1": 0.135823,
        "nauc_recall_at_10_max": 0.088244,
        "nauc_recall_at_10_std": -0.016467,
        "nauc_recall_at_10_diff1": 0.120528,
        "nauc_recall_at_20_max": 0.157017,
        "nauc_recall_at_20_std": 0.004554,
        "nauc_recall_at_20_diff1": 0.10746,
        "nauc_recall_at_100_max": 0.102306,
        "nauc_recall_at_100_std": 0.147178,
        "nauc_recall_at_100_diff1": 0.094703,
        "nauc_recall_at_1000_max": 0.157252,
        "nauc_recall_at_1000_std": 0.31189,
        "nauc_recall_at_1000_diff1": 0.187395,
        "nauc_precision_at_1_max": 0.234927,
        "nauc_precision_at_1_std": 0.139647,
        "nauc_precision_at_1_diff1": 0.389548,
        "nauc_precision_at_3_max": 0.228883,
        "nauc_precision_at_3_std": -0.08254,
        "nauc_precision_at_3_diff1": 0.201896,
        "nauc_precision_at_5_max": 0.164352,
        "nauc_precision_at_5_std": -0.067608,
        "nauc_precision_at_5_diff1": 0.171436,
        "nauc_precision_at_10_max": 0.076755,
        "nauc_precision_at_10_std": -0.012579,
        "nauc_precision_at_10_diff1": 0.136402,
        "nauc_precision_at_20_max": 0.134585,
        "nauc_precision_at_20_std": 0.029141,
        "nauc_precision_at_20_diff1": 0.134502,
        "nauc_precision_at_100_max": 0.083213,
        "nauc_precision_at_100_std": 0.122971,
        "nauc_precision_at_100_diff1": 0.131171,
        "nauc_precision_at_1000_max": 0.084327,
        "nauc_precision_at_1000_std": 0.13992,
        "nauc_precision_at_1000_diff1": 0.111301,
        "nauc_mrr_at_1_max": 0.234927,
        "nauc_mrr_at_1_std": 0.139647,
        "nauc_mrr_at_1_diff1": 0.389548,
        "nauc_mrr_at_3_max": 0.229892,
        "nauc_mrr_at_3_std": 0.047203,
        "nauc_mrr_at_3_diff1": 0.245753,
        "nauc_mrr_at_5_max": 0.216653,
        "nauc_mrr_at_5_std": 0.05573,
        "nauc_mrr_at_5_diff1": 0.251843,
        "nauc_mrr_at_10_max": 0.19706,
        "nauc_mrr_at_10_std": 0.062681,
        "nauc_mrr_at_10_diff1": 0.239515,
        "nauc_mrr_at_20_max": 0.199989,
        "nauc_mrr_at_20_std": 0.060797,
        "nauc_mrr_at_20_diff1": 0.224771,
        "nauc_mrr_at_100_max": 0.19848,
        "nauc_mrr_at_100_std": 0.06171,
        "nauc_mrr_at_100_diff1": 0.224313,
        "nauc_mrr_at_1000_max": 0.199228,
        "nauc_mrr_at_1000_std": 0.062363,
        "nauc_mrr_at_1000_diff1": 0.226093,
        "hit_rate_at_1": 0.07018,
        "hit_rate_at_3": 0.17544,
        "hit_rate_at_5": 0.23684,
        "hit_rate_at_10": 0.31579,
        "hit_rate_at_20": 0.48246,
        "hit_rate_at_100": 0.69298,
        "hit_rate_at_1000": 0.94737,
        "main_score": 0.1225,
        "hf_subset": "default",
        "languages": [
          "eng-Latn"
        ]
      }
    ]
  },
  "evaluation_time": 1284.3479542732239,
  "kg_co2_emissions": null,
  "date": null
}