{
  "dataset_revision": "local",
  "task_name": "MultiEupV2LV",
  "mteb_version": "2.12.30",
  "scores": {
    "test": [
      {
        "ndcg_at_1": 0.27922,
        "ndcg_at_3": 0.2888,
        "ndcg_at_5": 0.2996,
        "ndcg_at_10": 0.31947,
        "ndcg_at_20": 0.33291,
        "ndcg_at_100": 0.4044,
        "ndcg_at_1000": 0.4303,
        "map_at_1": 0.26429,
        "map_at_3": 0.27944,
        "map_at_5": 0.28658,
        "map_at_10": 0.29503,
        "map_at_20": 0.29905,
        "map_at_100": 0.30778,
        "map_at_1000": 0.30936,
        "recall_at_1": 0.26429,
        "recall_at_3": 0.29675,
        "recall_at_5": 0.32273,
        "recall_at_10": 0.3803,
        "recall_at_20": 0.43009,
        "recall_at_100": 0.82424,
        "recall_at_1000": 1.0,
        "accuracy": 0.26429,
        "precision_at_1": 0.27922,
        "precision_at_3": 0.10606,
        "precision_at_5": 0.07013,
        "precision_at_10": 0.04286,
        "precision_at_20": 0.02468,
        "precision_at_100": 0.00942,
        "precision_at_1000": 0.00114,
        "mrr_at_1": 0.279221,
        "mrr_at_3": 0.297619,
        "mrr_at_5": 0.303788,
        "mrr_at_10": 0.311639,
        "mrr_at_20": 0.315219,
        "mrr_at_100": 0.323411,
        "mrr_at_1000": 0.324715,
        "nauc_ndcg_at_1_max": 0.646941,
        "nauc_ndcg_at_1_std": -0.175512,
        "nauc_ndcg_at_1_diff1": 0.750807,
        "nauc_ndcg_at_3_max": 0.617951,
        "nauc_ndcg_at_3_std": -0.172223,
        "nauc_ndcg_at_3_diff1": 0.682909,
        "nauc_ndcg_at_5_max": 0.599423,
        "nauc_ndcg_at_5_std": -0.160391,
        "nauc_ndcg_at_5_diff1": 0.671414,
        "nauc_ndcg_at_10_max": 0.599556,
        "nauc_ndcg_at_10_std": -0.196671,
        "nauc_ndcg_at_10_diff1": 0.647754,
        "nauc_ndcg_at_20_max": 0.589912,
        "nauc_ndcg_at_20_std": -0.194311,
        "nauc_ndcg_at_20_diff1": 0.641481,
        "nauc_ndcg_at_100_max": 0.564653,
        "nauc_ndcg_at_100_std": -0.197867,
        "nauc_ndcg_at_100_diff1": 0.633264,
        "nauc_ndcg_at_1000_max": 0.594574,
        "nauc_ndcg_at_1000_std": -0.189382,
        "nauc_ndcg_at_1000_diff1": 0.654487,
        "nauc_map_at_1_max": 0.624482,
        "nauc_map_at_1_std": -0.14187,
        "nauc_map_at_1_diff1": 0.740358,
        "nauc_map_at_3_max": 0.609999,
        "nauc_map_at_3_std": -0.157354,
        "nauc_map_at_3_diff1": 0.693814,
        "nauc_map_at_5_max": 0.602743,
        "nauc_map_at_5_std": -0.150798,
        "nauc_map_at_5_diff1": 0.686176,
        "nauc_map_at_10_max": 0.605245,
        "nauc_map_at_10_std": -0.165998,
        "nauc_map_at_10_diff1": 0.676794,
        "nauc_map_at_20_max": 0.602742,
        "nauc_map_at_20_std": -0.166012,
        "nauc_map_at_20_diff1": 0.67422,
        "nauc_map_at_100_max": 0.599969,
        "nauc_map_at_100_std": -0.167638,
        "nauc_map_at_100_diff1": 0.672115,
        "nauc_map_at_1000_max": 0.601553,
        "nauc_map_at_1000_std": -0.167212,
        "nauc_map_at_1000_diff1": 0.673403,
        "nauc_recall_at_1_max": 0.624482,
        "nauc_recall_at_1_std": -0.14187,
        "nauc_recall_at_1_diff1": 0.740358,
        "nauc_recall_at_3_max": 0.600358,
        "nauc_recall_at_3_std": -0.176871,
        "nauc_recall_at_3_diff1": 0.642301,
        "nauc_recall_at_5_max": 0.558148,
        "nauc_recall_at_5_std": -0.153757,
        "nauc_recall_at_5_diff1": 0.620005,
        "nauc_recall_at_10_max": 0.558597,
        "nauc_recall_at_10_std": -0.25932,
        "nauc_recall_at_10_diff1": 0.557004,
        "nauc_recall_at_20_max": 0.515432,
        "nauc_recall_at_20_std": -0.247869,
        "nauc_recall_at_20_diff1": 0.527976,
        "nauc_recall_at_100_max": 0.175916,
        "nauc_recall_at_100_std": -0.300636,
        "nauc_recall_at_100_diff1": 0.353548,
        "nauc_recall_at_1000_max": NaN,
        "nauc_recall_at_1000_std": NaN,
        "nauc_recall_at_1000_diff1": NaN,
        "nauc_precision_at_1_max": 0.646941,
        "nauc_precision_at_1_std": -0.175512,
        "nauc_precision_at_1_diff1": 0.750807,
        "nauc_precision_at_3_max": 0.645519,
        "nauc_precision_at_3_std": -0.212353,
        "nauc_precision_at_3_diff1": 0.64037,
        "nauc_precision_at_5_max": 0.595947,
        "nauc_precision_at_5_std": -0.191232,
        "nauc_precision_at_5_diff1": 0.595757,
        "nauc_precision_at_10_max": 0.554186,
        "nauc_precision_at_10_std": -0.293072,
        "nauc_precision_at_10_diff1": 0.49847,
        "nauc_precision_at_20_max": 0.494235,
        "nauc_precision_at_20_std": -0.279014,
        "nauc_precision_at_20_diff1": 0.444815,
        "nauc_precision_at_100_max": 0.121615,
        "nauc_precision_at_100_std": -0.262072,
        "nauc_precision_at_100_diff1": 0.162014,
        "nauc_precision_at_1000_max": 0.058765,
        "nauc_precision_at_1000_std": -0.196998,
        "nauc_precision_at_1000_diff1": 0.010099,
        "nauc_mrr_at_1_max": 0.646941,
        "nauc_mrr_at_1_std": -0.175512,
        "nauc_mrr_at_1_diff1": 0.750807,
        "nauc_mrr_at_3_max": 0.642918,
        "nauc_mrr_at_3_std": -0.191662,
        "nauc_mrr_at_3_diff1": 0.696567,
        "nauc_mrr_at_5_max": 0.630282,
        "nauc_mrr_at_5_std": -0.187886,
        "nauc_mrr_at_5_diff1": 0.694817,
        "nauc_mrr_at_10_max": 0.626481,
        "nauc_mrr_at_10_std": -0.200969,
        "nauc_mrr_at_10_diff1": 0.681305,
        "nauc_mrr_at_20_max": 0.623411,
        "nauc_mrr_at_20_std": -0.198944,
        "nauc_mrr_at_20_diff1": 0.681095,
        "nauc_mrr_at_100_max": 0.621029,
        "nauc_mrr_at_100_std": -0.200318,
        "nauc_mrr_at_100_diff1": 0.678981,
        "nauc_mrr_at_1000_max": 0.622669,
        "nauc_mrr_at_1000_std": -0.199859,
        "nauc_mrr_at_1000_diff1": 0.68013,
        "hit_rate_at_1": 0.27922,
        "hit_rate_at_3": 0.31818,
        "hit_rate_at_5": 0.34416,
        "hit_rate_at_10": 0.4026,
        "hit_rate_at_20": 0.45455,
        "hit_rate_at_100": 0.83766,
        "hit_rate_at_1000": 1.0,
        "main_score": 0.31947,
        "hf_subset": "default",
        "languages": [
          "lav-Latn"
        ]
      }
    ]
  },
  "evaluation_time": 14.008588314056396,
  "kg_co2_emissions": null,
  "date": null
}