{
  "dataset_revision": "5014f29d7fdde6f9073a75b72be53ed73eed60c6",
  "task_name": "BillSumCA",
  "mteb_version": "2.12.21",
  "scores": {
    "test": [
      {
        "ndcg_at_1": 0.942,
        "ndcg_at_3": 0.97302,
        "ndcg_at_5": 0.97475,
        "ndcg_at_10": 0.97475,
        "ndcg_at_20": 0.97523,
        "ndcg_at_100": 0.97568,
        "ndcg_at_1000": 0.97568,
        "map_at_1": 0.942,
        "map_at_3": 0.96633,
        "map_at_5": 0.96733,
        "map_at_10": 0.96733,
        "map_at_20": 0.96746,
        "map_at_100": 0.96755,
        "map_at_1000": 0.96755,
        "recall_at_1": 0.942,
        "recall_at_3": 0.992,
        "recall_at_5": 0.996,
        "recall_at_10": 0.996,
        "recall_at_20": 0.998,
        "recall_at_100": 1.0,
        "recall_at_1000": 1.0,
        "accuracy": 0.942,
        "precision_at_1": 0.942,
        "precision_at_3": 0.33067,
        "precision_at_5": 0.1992,
        "precision_at_10": 0.0996,
        "precision_at_20": 0.0499,
        "precision_at_100": 0.01,
        "precision_at_1000": 0.001,
        "mrr_at_1": 0.942,
        "mrr_at_3": 0.966333,
        "mrr_at_5": 0.967333,
        "mrr_at_10": 0.967333,
        "mrr_at_20": 0.967458,
        "mrr_at_100": 0.967554,
        "mrr_at_1000": 0.967554,
        "nauc_ndcg_at_1_max": 0.542725,
        "nauc_ndcg_at_1_std": -0.099247,
        "nauc_ndcg_at_1_diff1": 0.962088,
        "nauc_ndcg_at_3_max": 0.634621,
        "nauc_ndcg_at_3_std": -0.113665,
        "nauc_ndcg_at_3_diff1": 0.968649,
        "nauc_ndcg_at_5_max": 0.609697,
        "nauc_ndcg_at_5_std": -0.114412,
        "nauc_ndcg_at_5_diff1": 0.96651,
        "nauc_ndcg_at_10_max": 0.609697,
        "nauc_ndcg_at_10_std": -0.114412,
        "nauc_ndcg_at_10_diff1": 0.96651,
        "nauc_ndcg_at_20_max": 0.601985,
        "nauc_ndcg_at_20_std": -0.10554,
        "nauc_ndcg_at_20_diff1": 0.965848,
        "nauc_ndcg_at_100_max": 0.594645,
        "nauc_ndcg_at_100_std": -0.11409,
        "nauc_ndcg_at_100_diff1": 0.965219,
        "nauc_ndcg_at_1000_max": 0.594645,
        "nauc_ndcg_at_1000_std": -0.11409,
        "nauc_ndcg_at_1000_diff1": 0.965219,
        "nauc_map_at_1_max": 0.542725,
        "nauc_map_at_1_std": -0.099247,
        "nauc_map_at_1_diff1": 0.962088,
        "nauc_map_at_3_max": 0.603521,
        "nauc_map_at_3_std": -0.113704,
        "nauc_map_at_3_diff1": 0.966049,
        "nauc_map_at_5_max": 0.591384,
        "nauc_map_at_5_std": -0.114041,
        "nauc_map_at_5_diff1": 0.96501,
        "nauc_map_at_10_max": 0.591384,
        "nauc_map_at_10_std": -0.114041,
        "nauc_map_at_10_diff1": 0.96501,
        "nauc_map_at_20_max": 0.589815,
        "nauc_map_at_20_std": -0.112314,
        "nauc_map_at_20_diff1": 0.964875,
        "nauc_map_at_100_max": 0.588611,
        "nauc_map_at_100_std": -0.113695,
        "nauc_map_at_100_diff1": 0.964772,
        "nauc_map_at_1000_max": 0.588611,
        "nauc_map_at_1000_std": -0.113695,
        "nauc_map_at_1000_diff1": 0.964772,
        "nauc_recall_at_1_max": 0.542725,
        "nauc_recall_at_1_std": -0.099247,
        "nauc_recall_at_1_diff1": 0.962088,
        "nauc_recall_at_3_max": 1.0,
        "nauc_recall_at_3_std": -0.102708,
        "nauc_recall_at_3_diff1": 1.0,
        "nauc_recall_at_5_max": 1.0,
        "nauc_recall_at_5_std": -0.102708,
        "nauc_recall_at_5_diff1": 1.0,
        "nauc_recall_at_10_max": 1.0,
        "nauc_recall_at_10_std": -0.102708,
        "nauc_recall_at_10_diff1": 1.0,
        "nauc_recall_at_20_max": 1.0,
        "nauc_recall_at_20_std": 0.358077,
        "nauc_recall_at_20_diff1": 1.0,
        "nauc_recall_at_100_max": NaN,
        "nauc_recall_at_100_std": NaN,
        "nauc_recall_at_100_diff1": NaN,
        "nauc_recall_at_1000_max": NaN,
        "nauc_recall_at_1000_std": NaN,
        "nauc_recall_at_1000_diff1": NaN,
        "nauc_precision_at_1_max": 0.542725,
        "nauc_precision_at_1_std": -0.099247,
        "nauc_precision_at_1_diff1": 0.962088,
        "nauc_precision_at_3_max": 1.0,
        "nauc_precision_at_3_std": -0.102708,
        "nauc_precision_at_3_diff1": 1.0,
        "nauc_precision_at_5_max": 1.0,
        "nauc_precision_at_5_std": -0.102708,
        "nauc_precision_at_5_diff1": 1.0,
        "nauc_precision_at_10_max": 1.0,
        "nauc_precision_at_10_std": -0.102708,
        "nauc_precision_at_10_diff1": 1.0,
        "nauc_precision_at_20_max": 1.0,
        "nauc_precision_at_20_std": 0.358077,
        "nauc_precision_at_20_diff1": 1.0,
        "nauc_precision_at_100_max": 1.0,
        "nauc_precision_at_100_std": 1.0,
        "nauc_precision_at_100_diff1": 1.0,
        "nauc_precision_at_1000_max": 1.0,
        "nauc_precision_at_1000_std": 1.0,
        "nauc_precision_at_1000_diff1": 1.0,
        "nauc_mrr_at_1_max": 0.542725,
        "nauc_mrr_at_1_std": -0.099247,
        "nauc_mrr_at_1_diff1": 0.962088,
        "nauc_mrr_at_3_max": 0.603521,
        "nauc_mrr_at_3_std": -0.113704,
        "nauc_mrr_at_3_diff1": 0.966049,
        "nauc_mrr_at_5_max": 0.591384,
        "nauc_mrr_at_5_std": -0.114041,
        "nauc_mrr_at_5_diff1": 0.96501,
        "nauc_mrr_at_10_max": 0.591384,
        "nauc_mrr_at_10_std": -0.114041,
        "nauc_mrr_at_10_diff1": 0.96501,
        "nauc_mrr_at_20_max": 0.589815,
        "nauc_mrr_at_20_std": -0.112314,
        "nauc_mrr_at_20_diff1": 0.964875,
        "nauc_mrr_at_100_max": 0.588611,
        "nauc_mrr_at_100_std": -0.113695,
        "nauc_mrr_at_100_diff1": 0.964772,
        "nauc_mrr_at_1000_max": 0.588611,
        "nauc_mrr_at_1000_std": -0.113695,
        "nauc_mrr_at_1000_diff1": 0.964772,
        "hit_rate_at_1": 0.942,
        "hit_rate_at_3": 0.992,
        "hit_rate_at_5": 0.996,
        "hit_rate_at_10": 0.996,
        "hit_rate_at_20": 0.998,
        "hit_rate_at_100": 1.0,
        "hit_rate_at_1000": 1.0,
        "main_score": 0.97475,
        "hf_subset": "default",
        "languages": [
          "eng-Latn"
        ]
      }
    ]
  },
  "evaluation_time": 170.484472990036,
  "kg_co2_emissions": null,
  "date": null
}