{
  "dataset_revision": "ef7b3a7f08dd2f0f7bdf0cf23391f8a1a26ad477",
  "task_name": "BIRCO-ClinicalTrial",
  "mteb_version": "2.12.21",
  "scores": {
    "test": [
      {
        "ndcg_at_1": 0.2,
        "ndcg_at_3": 0.1896,
        "ndcg_at_5": 0.18803,
        "ndcg_at_10": 0.1861,
        "ndcg_at_20": 0.2113,
        "ndcg_at_100": 0.31347,
        "ndcg_at_1000": 0.44036,
        "map_at_1": 0.01359,
        "map_at_3": 0.03379,
        "map_at_5": 0.04532,
        "map_at_10": 0.063,
        "map_at_20": 0.08758,
        "map_at_100": 0.1387,
        "map_at_1000": 0.16108,
        "recall_at_1": 0.01359,
        "recall_at_3": 0.04388,
        "recall_at_5": 0.06792,
        "recall_at_10": 0.11677,
        "recall_at_20": 0.20472,
        "recall_at_100": 0.47261,
        "recall_at_1000": 0.89152,
        "accuracy": 0.01359,
        "precision_at_1": 0.26,
        "precision_at_3": 0.23333,
        "precision_at_5": 0.224,
        "precision_at_10": 0.2,
        "precision_at_20": 0.18,
        "precision_at_100": 0.097,
        "precision_at_1000": 0.01888,
        "mrr_at_1": 0.26,
        "mrr_at_3": 0.336667,
        "mrr_at_5": 0.368667,
        "mrr_at_10": 0.37946,
        "mrr_at_20": 0.391016,
        "mrr_at_100": 0.394721,
        "mrr_at_1000": 0.395063,
        "nauc_ndcg_at_1_max": 0.446303,
        "nauc_ndcg_at_1_std": 0.367607,
        "nauc_ndcg_at_1_diff1": 0.168707,
        "nauc_ndcg_at_3_max": 0.46454,
        "nauc_ndcg_at_3_std": 0.412091,
        "nauc_ndcg_at_3_diff1": 0.195674,
        "nauc_ndcg_at_5_max": 0.522183,
        "nauc_ndcg_at_5_std": 0.440806,
        "nauc_ndcg_at_5_diff1": 0.208359,
        "nauc_ndcg_at_10_max": 0.564804,
        "nauc_ndcg_at_10_std": 0.420646,
        "nauc_ndcg_at_10_diff1": 0.259355,
        "nauc_ndcg_at_20_max": 0.562752,
        "nauc_ndcg_at_20_std": 0.436779,
        "nauc_ndcg_at_20_diff1": 0.279893,
        "nauc_ndcg_at_100_max": 0.618734,
        "nauc_ndcg_at_100_std": 0.547196,
        "nauc_ndcg_at_100_diff1": 0.244146,
        "nauc_ndcg_at_1000_max": 0.610837,
        "nauc_ndcg_at_1000_std": 0.60623,
        "nauc_ndcg_at_1000_diff1": 0.226361,
        "nauc_map_at_1_max": 0.386279,
        "nauc_map_at_1_std": 0.292189,
        "nauc_map_at_1_diff1": 0.105604,
        "nauc_map_at_3_max": 0.388286,
        "nauc_map_at_3_std": 0.315101,
        "nauc_map_at_3_diff1": 0.158627,
        "nauc_map_at_5_max": 0.406093,
        "nauc_map_at_5_std": 0.287349,
        "nauc_map_at_5_diff1": 0.204838,
        "nauc_map_at_10_max": 0.48567,
        "nauc_map_at_10_std": 0.303271,
        "nauc_map_at_10_diff1": 0.289983,
        "nauc_map_at_20_max": 0.550054,
        "nauc_map_at_20_std": 0.36499,
        "nauc_map_at_20_diff1": 0.361265,
        "nauc_map_at_100_max": 0.632705,
        "nauc_map_at_100_std": 0.534662,
        "nauc_map_at_100_diff1": 0.315246,
        "nauc_map_at_1000_max": 0.628949,
        "nauc_map_at_1000_std": 0.568868,
        "nauc_map_at_1000_diff1": 0.29438,
        "nauc_recall_at_1_max": 0.386279,
        "nauc_recall_at_1_std": 0.292189,
        "nauc_recall_at_1_diff1": 0.105604,
        "nauc_recall_at_3_max": 0.372007,
        "nauc_recall_at_3_std": 0.266416,
        "nauc_recall_at_3_diff1": 0.120361,
        "nauc_recall_at_5_max": 0.422819,
        "nauc_recall_at_5_std": 0.272669,
        "nauc_recall_at_5_diff1": 0.180513,
        "nauc_recall_at_10_max": 0.502075,
        "nauc_recall_at_10_std": 0.251426,
        "nauc_recall_at_10_diff1": 0.294691,
        "nauc_recall_at_20_max": 0.466948,
        "nauc_recall_at_20_std": 0.241494,
        "nauc_recall_at_20_diff1": 0.313414,
        "nauc_recall_at_100_max": 0.616811,
        "nauc_recall_at_100_std": 0.57093,
        "nauc_recall_at_100_diff1": 0.197184,
        "nauc_recall_at_1000_max": 0.558977,
        "nauc_recall_at_1000_std": 0.641011,
        "nauc_recall_at_1000_diff1": 0.243412,
        "nauc_precision_at_1_max": 0.475788,
        "nauc_precision_at_1_std": 0.362377,
        "nauc_precision_at_1_diff1": 0.183892,
        "nauc_precision_at_3_max": 0.473352,
        "nauc_precision_at_3_std": 0.378774,
        "nauc_precision_at_3_diff1": 0.177874,
        "nauc_precision_at_5_max": 0.505301,
        "nauc_precision_at_5_std": 0.401818,
        "nauc_precision_at_5_diff1": 0.162586,
        "nauc_precision_at_10_max": 0.537535,
        "nauc_precision_at_10_std": 0.40042,
        "nauc_precision_at_10_diff1": 0.273397,
        "nauc_precision_at_20_max": 0.53185,
        "nauc_precision_at_20_std": 0.466108,
        "nauc_precision_at_20_diff1": 0.267504,
        "nauc_precision_at_100_max": 0.450594,
        "nauc_precision_at_100_std": 0.578246,
        "nauc_precision_at_100_diff1": 0.078723,
        "nauc_precision_at_1000_max": 0.202188,
        "nauc_precision_at_1000_std": 0.394025,
        "nauc_precision_at_1000_diff1": -0.018305,
        "nauc_mrr_at_1_max": 0.475788,
        "nauc_mrr_at_1_std": 0.362377,
        "nauc_mrr_at_1_diff1": 0.183892,
        "nauc_mrr_at_3_max": 0.489724,
        "nauc_mrr_at_3_std": 0.377289,
        "nauc_mrr_at_3_diff1": 0.152679,
        "nauc_mrr_at_5_max": 0.513152,
        "nauc_mrr_at_5_std": 0.399443,
        "nauc_mrr_at_5_diff1": 0.174952,
        "nauc_mrr_at_10_max": 0.494006,
        "nauc_mrr_at_10_std": 0.395606,
        "nauc_mrr_at_10_diff1": 0.161569,
        "nauc_mrr_at_20_max": 0.494726,
        "nauc_mrr_at_20_std": 0.388742,
        "nauc_mrr_at_20_diff1": 0.15673,
        "nauc_mrr_at_100_max": 0.497352,
        "nauc_mrr_at_100_std": 0.396034,
        "nauc_mrr_at_100_diff1": 0.159126,
        "nauc_mrr_at_1000_max": 0.496994,
        "nauc_mrr_at_1000_std": 0.395386,
        "nauc_mrr_at_1000_diff1": 0.159709,
        "hit_rate_at_1": 0.26,
        "hit_rate_at_3": 0.46,
        "hit_rate_at_5": 0.6,
        "hit_rate_at_10": 0.68,
        "hit_rate_at_20": 0.84,
        "hit_rate_at_100": 0.94,
        "hit_rate_at_1000": 1.0,
        "main_score": 0.1861,
        "hf_subset": "default",
        "languages": [
          "eng-Latn"
        ]
      }
    ]
  },
  "evaluation_time": 88.60492610931396,
  "kg_co2_emissions": null,
  "date": null
}