{
  "dataset_revision": "3d593fde907860102a282b4a6ea7fb1e1f1f83dd",
  "task_name": "BIRCO-Relic",
  "mteb_version": "2.12.21",
  "scores": {
    "test": [
      {
        "ndcg_at_1": 0.04,
        "ndcg_at_3": 0.06631,
        "ndcg_at_5": 0.06631,
        "ndcg_at_10": 0.08279,
        "ndcg_at_20": 0.12157,
        "ndcg_at_100": 0.16915,
        "ndcg_at_1000": 0.20989,
        "map_at_1": 0.04,
        "map_at_3": 0.05833,
        "map_at_5": 0.05833,
        "map_at_10": 0.06532,
        "map_at_20": 0.07643,
        "map_at_100": 0.08335,
        "map_at_1000": 0.0849,
        "recall_at_1": 0.04,
        "recall_at_3": 0.09,
        "recall_at_5": 0.09,
        "recall_at_10": 0.14,
        "recall_at_20": 0.29,
        "recall_at_100": 0.54,
        "recall_at_1000": 0.86,
        "accuracy": 0.04,
        "precision_at_1": 0.04,
        "precision_at_3": 0.03,
        "precision_at_5": 0.018,
        "precision_at_10": 0.014,
        "precision_at_20": 0.0145,
        "precision_at_100": 0.0054,
        "precision_at_1000": 0.00086,
        "mrr_at_1": 0.04,
        "mrr_at_3": 0.058333,
        "mrr_at_5": 0.058333,
        "mrr_at_10": 0.065317,
        "mrr_at_20": 0.076426,
        "mrr_at_100": 0.083354,
        "mrr_at_1000": 0.084903,
        "nauc_ndcg_at_1_max": 0.013751,
        "nauc_ndcg_at_1_std": -0.179434,
        "nauc_ndcg_at_1_diff1": 0.103904,
        "nauc_ndcg_at_3_max": 0.052179,
        "nauc_ndcg_at_3_std": -0.045378,
        "nauc_ndcg_at_3_diff1": 0.051776,
        "nauc_ndcg_at_5_max": 0.052179,
        "nauc_ndcg_at_5_std": -0.045378,
        "nauc_ndcg_at_5_diff1": 0.051776,
        "nauc_ndcg_at_10_max": 0.090484,
        "nauc_ndcg_at_10_std": -0.022197,
        "nauc_ndcg_at_10_diff1": 0.093909,
        "nauc_ndcg_at_20_max": 0.090261,
        "nauc_ndcg_at_20_std": -0.030658,
        "nauc_ndcg_at_20_diff1": 0.057144,
        "nauc_ndcg_at_100_max": 0.131695,
        "nauc_ndcg_at_100_std": 0.032807,
        "nauc_ndcg_at_100_diff1": 0.093631,
        "nauc_ndcg_at_1000_max": 0.119193,
        "nauc_ndcg_at_1000_std": 0.020913,
        "nauc_ndcg_at_1000_diff1": 0.07824,
        "nauc_map_at_1_max": 0.013751,
        "nauc_map_at_1_std": -0.179434,
        "nauc_map_at_1_diff1": 0.103904,
        "nauc_map_at_3_max": 0.047093,
        "nauc_map_at_3_std": -0.074062,
        "nauc_map_at_3_diff1": 0.060186,
        "nauc_map_at_5_max": 0.047093,
        "nauc_map_at_5_std": -0.074062,
        "nauc_map_at_5_diff1": 0.060186,
        "nauc_map_at_10_max": 0.063163,
        "nauc_map_at_10_std": -0.064446,
        "nauc_map_at_10_diff1": 0.077828,
        "nauc_map_at_20_max": 0.067999,
        "nauc_map_at_20_std": -0.068048,
        "nauc_map_at_20_diff1": 0.068046,
        "nauc_map_at_100_max": 0.073739,
        "nauc_map_at_100_std": -0.05757,
        "nauc_map_at_100_diff1": 0.072403,
        "nauc_map_at_1000_max": 0.072949,
        "nauc_map_at_1000_std": -0.057945,
        "nauc_map_at_1000_diff1": 0.071571,
        "nauc_recall_at_1_max": 0.013751,
        "nauc_recall_at_1_std": -0.179434,
        "nauc_recall_at_1_diff1": 0.103904,
        "nauc_recall_at_3_max": 0.061354,
        "nauc_recall_at_3_std": 0.010017,
        "nauc_recall_at_3_diff1": 0.036103,
        "nauc_recall_at_5_max": 0.061354,
        "nauc_recall_at_5_std": 0.010017,
        "nauc_recall_at_5_diff1": 0.036103,
        "nauc_recall_at_10_max": 0.142221,
        "nauc_recall_at_10_std": 0.050448,
        "nauc_recall_at_10_diff1": 0.129662,
        "nauc_recall_at_20_max": 0.116135,
        "nauc_recall_at_20_std": 0.018488,
        "nauc_recall_at_20_diff1": 0.036537,
        "nauc_recall_at_100_max": 0.237045,
        "nauc_recall_at_100_std": 0.195702,
        "nauc_recall_at_100_diff1": 0.147148,
        "nauc_recall_at_1000_max": 0.269295,
        "nauc_recall_at_1000_std": 0.290252,
        "nauc_recall_at_1000_diff1": 0.096785,
        "nauc_precision_at_1_max": 0.013751,
        "nauc_precision_at_1_std": -0.179434,
        "nauc_precision_at_1_diff1": 0.103904,
        "nauc_precision_at_3_max": 0.061354,
        "nauc_precision_at_3_std": 0.010017,
        "nauc_precision_at_3_diff1": 0.036103,
        "nauc_precision_at_5_max": 0.061354,
        "nauc_precision_at_5_std": 0.010017,
        "nauc_precision_at_5_diff1": 0.036103,
        "nauc_precision_at_10_max": 0.142221,
        "nauc_precision_at_10_std": 0.050448,
        "nauc_precision_at_10_diff1": 0.129662,
        "nauc_precision_at_20_max": 0.116135,
        "nauc_precision_at_20_std": 0.018488,
        "nauc_precision_at_20_diff1": 0.036537,
        "nauc_precision_at_100_max": 0.237045,
        "nauc_precision_at_100_std": 0.195702,
        "nauc_precision_at_100_diff1": 0.147148,
        "nauc_precision_at_1000_max": 0.269295,
        "nauc_precision_at_1000_std": 0.290252,
        "nauc_precision_at_1000_diff1": 0.096785,
        "nauc_mrr_at_1_max": 0.013751,
        "nauc_mrr_at_1_std": -0.179434,
        "nauc_mrr_at_1_diff1": 0.103904,
        "nauc_mrr_at_3_max": 0.047093,
        "nauc_mrr_at_3_std": -0.074062,
        "nauc_mrr_at_3_diff1": 0.060186,
        "nauc_mrr_at_5_max": 0.047093,
        "nauc_mrr_at_5_std": -0.074062,
        "nauc_mrr_at_5_diff1": 0.060186,
        "nauc_mrr_at_10_max": 0.063163,
        "nauc_mrr_at_10_std": -0.064446,
        "nauc_mrr_at_10_diff1": 0.077828,
        "nauc_mrr_at_20_max": 0.067999,
        "nauc_mrr_at_20_std": -0.068048,
        "nauc_mrr_at_20_diff1": 0.068046,
        "nauc_mrr_at_100_max": 0.073739,
        "nauc_mrr_at_100_std": -0.05757,
        "nauc_mrr_at_100_diff1": 0.072403,
        "nauc_mrr_at_1000_max": 0.072949,
        "nauc_mrr_at_1000_std": -0.057945,
        "nauc_mrr_at_1000_diff1": 0.071571,
        "hit_rate_at_1": 0.04,
        "hit_rate_at_3": 0.09,
        "hit_rate_at_5": 0.09,
        "hit_rate_at_10": 0.14,
        "hit_rate_at_20": 0.29,
        "hit_rate_at_100": 0.54,
        "hit_rate_at_1000": 0.86,
        "main_score": 0.08279,
        "hf_subset": "default",
        "languages": [
          "eng-Latn"
        ]
      }
    ]
  },
  "evaluation_time": 60.383875608444214,
  "kg_co2_emissions": null,
  "date": null
}