{
  "dataset_revision": "1840e8a5ac6ec752bbdd97d543ead0189bc7c25b",
  "task_name": "ChemHotpotQARetrieval",
  "mteb_version": "2.12.21",
  "scores": {
    "train": [
      {
        "ndcg_at_1": 0.75556,
        "ndcg_at_3": 0.80436,
        "ndcg_at_5": 0.8113,
        "ndcg_at_10": 0.8168,
        "ndcg_at_20": 0.82907,
        "ndcg_at_100": 0.8356,
        "ndcg_at_1000": 0.84142,
        "map_at_1": 0.73611,
        "map_at_3": 0.78889,
        "map_at_5": 0.79278,
        "map_at_10": 0.79511,
        "map_at_20": 0.79828,
        "map_at_100": 0.79931,
        "map_at_1000": 0.79954,
        "recall_at_1": 0.73611,
        "recall_at_3": 0.83889,
        "recall_at_5": 0.85556,
        "recall_at_10": 0.87222,
        "recall_at_20": 0.92222,
        "recall_at_100": 0.95556,
        "recall_at_1000": 1.0,
        "accuracy": 0.73611,
        "precision_at_1": 0.75556,
        "precision_at_3": 0.28889,
        "precision_at_5": 0.17667,
        "precision_at_10": 0.09,
        "precision_at_20": 0.0475,
        "precision_at_100": 0.00989,
        "precision_at_1000": 0.00104,
        "mrr_at_1": 0.755556,
        "mrr_at_3": 0.8,
        "mrr_at_5": 0.803889,
        "mrr_at_10": 0.806226,
        "mrr_at_20": 0.809393,
        "mrr_at_100": 0.810164,
        "mrr_at_1000": 0.810353,
        "nauc_ndcg_at_1_max": 0.774702,
        "nauc_ndcg_at_1_std": 0.442237,
        "nauc_ndcg_at_1_diff1": 0.838575,
        "nauc_ndcg_at_3_max": 0.689968,
        "nauc_ndcg_at_3_std": 0.418398,
        "nauc_ndcg_at_3_diff1": 0.743452,
        "nauc_ndcg_at_5_max": 0.688274,
        "nauc_ndcg_at_5_std": 0.425,
        "nauc_ndcg_at_5_diff1": 0.745216,
        "nauc_ndcg_at_10_max": 0.685301,
        "nauc_ndcg_at_10_std": 0.438626,
        "nauc_ndcg_at_10_diff1": 0.735163,
        "nauc_ndcg_at_20_max": 0.683461,
        "nauc_ndcg_at_20_std": 0.436655,
        "nauc_ndcg_at_20_diff1": 0.73913,
        "nauc_ndcg_at_100_max": 0.685335,
        "nauc_ndcg_at_100_std": 0.433031,
        "nauc_ndcg_at_100_diff1": 0.740774,
        "nauc_ndcg_at_1000_max": 0.695114,
        "nauc_ndcg_at_1000_std": 0.433579,
        "nauc_ndcg_at_1000_diff1": 0.750954,
        "nauc_map_at_1_max": 0.649464,
        "nauc_map_at_1_std": 0.388928,
        "nauc_map_at_1_diff1": 0.738,
        "nauc_map_at_3_max": 0.678134,
        "nauc_map_at_3_std": 0.410048,
        "nauc_map_at_3_diff1": 0.730895,
        "nauc_map_at_5_max": 0.677211,
        "nauc_map_at_5_std": 0.413795,
        "nauc_map_at_5_diff1": 0.731404,
        "nauc_map_at_10_max": 0.675515,
        "nauc_map_at_10_std": 0.418255,
        "nauc_map_at_10_diff1": 0.727392,
        "nauc_map_at_20_max": 0.674976,
        "nauc_map_at_20_std": 0.418389,
        "nauc_map_at_20_diff1": 0.72808,
        "nauc_map_at_100_max": 0.67555,
        "nauc_map_at_100_std": 0.417817,
        "nauc_map_at_100_diff1": 0.72873,
        "nauc_map_at_1000_max": 0.675888,
        "nauc_map_at_1000_std": 0.417894,
        "nauc_map_at_1000_diff1": 0.729127,
        "nauc_recall_at_1_max": 0.649464,
        "nauc_recall_at_1_std": 0.388928,
        "nauc_recall_at_1_diff1": 0.738,
        "nauc_recall_at_3_max": 0.63388,
        "nauc_recall_at_3_std": 0.402961,
        "nauc_recall_at_3_diff1": 0.680934,
        "nauc_recall_at_5_max": 0.621997,
        "nauc_recall_at_5_std": 0.418469,
        "nauc_recall_at_5_diff1": 0.680704,
        "nauc_recall_at_10_max": 0.60544,
        "nauc_recall_at_10_std": 0.478837,
        "nauc_recall_at_10_diff1": 0.631743,
        "nauc_recall_at_20_max": 0.529245,
        "nauc_recall_at_20_std": 0.462552,
        "nauc_recall_at_20_diff1": 0.589903,
        "nauc_recall_at_100_max": 0.447771,
        "nauc_recall_at_100_std": 0.434349,
        "nauc_recall_at_100_diff1": 0.504318,
        "nauc_recall_at_1000_max": NaN,
        "nauc_recall_at_1000_std": NaN,
        "nauc_recall_at_1000_diff1": NaN,
        "nauc_precision_at_1_max": 0.774702,
        "nauc_precision_at_1_std": 0.442237,
        "nauc_precision_at_1_diff1": 0.838575,
        "nauc_precision_at_3_max": 0.713557,
        "nauc_precision_at_3_std": 0.407429,
        "nauc_precision_at_3_diff1": 0.67196,
        "nauc_precision_at_5_max": 0.710437,
        "nauc_precision_at_5_std": 0.421448,
        "nauc_precision_at_5_diff1": 0.670935,
        "nauc_precision_at_10_max": 0.705041,
        "nauc_precision_at_10_std": 0.47398,
        "nauc_precision_at_10_diff1": 0.627587,
        "nauc_precision_at_20_max": 0.702074,
        "nauc_precision_at_20_std": 0.465582,
        "nauc_precision_at_20_diff1": 0.601084,
        "nauc_precision_at_100_max": 0.537185,
        "nauc_precision_at_100_std": 0.290464,
        "nauc_precision_at_100_diff1": 0.413631,
        "nauc_precision_at_1000_max": 0.541186,
        "nauc_precision_at_1000_std": 0.183679,
        "nauc_precision_at_1000_diff1": 0.344781,
        "nauc_mrr_at_1_max": 0.774702,
        "nauc_mrr_at_1_std": 0.442237,
        "nauc_mrr_at_1_diff1": 0.838575,
        "nauc_mrr_at_3_max": 0.765579,
        "nauc_mrr_at_3_std": 0.449006,
        "nauc_mrr_at_3_diff1": 0.826576,
        "nauc_mrr_at_5_max": 0.766254,
        "nauc_mrr_at_5_std": 0.45365,
        "nauc_mrr_at_5_diff1": 0.828902,
        "nauc_mrr_at_10_max": 0.765497,
        "nauc_mrr_at_10_std": 0.458765,
        "nauc_mrr_at_10_diff1": 0.825821,
        "nauc_mrr_at_20_max": 0.766473,
        "nauc_mrr_at_20_std": 0.459599,
        "nauc_mrr_at_20_diff1": 0.828225,
        "nauc_mrr_at_100_max": 0.766499,
        "nauc_mrr_at_100_std": 0.459384,
        "nauc_mrr_at_100_diff1": 0.827965,
        "nauc_mrr_at_1000_max": 0.766424,
        "nauc_mrr_at_1000_std": 0.459165,
        "nauc_mrr_at_1000_diff1": 0.82795,
        "hit_rate_at_1": 0.75556,
        "hit_rate_at_3": 0.85,
        "hit_rate_at_5": 0.86667,
        "hit_rate_at_10": 0.88333,
        "hit_rate_at_20": 0.93333,
        "hit_rate_at_100": 0.96111,
        "hit_rate_at_1000": 1.0,
        "main_score": 0.8168,
        "hf_subset": "default",
        "languages": [
          "eng-Latn"
        ]
      }
    ],
    "dev": [
      {
        "ndcg_at_1": 1.0,
        "ndcg_at_3": 1.0,
        "ndcg_at_5": 1.0,
        "ndcg_at_10": 1.0,
        "ndcg_at_20": 1.0,
        "ndcg_at_100": 1.0,
        "ndcg_at_1000": 1.0,
        "map_at_1": 1.0,
        "map_at_3": 1.0,
        "map_at_5": 1.0,
        "map_at_10": 1.0,
        "map_at_20": 1.0,
        "map_at_100": 1.0,
        "map_at_1000": 1.0,
        "recall_at_1": 1.0,
        "recall_at_3": 1.0,
        "recall_at_5": 1.0,
        "recall_at_10": 1.0,
        "recall_at_20": 1.0,
        "recall_at_100": 1.0,
        "recall_at_1000": 1.0,
        "accuracy": 1.0,
        "precision_at_1": 1.0,
        "precision_at_3": 0.33333,
        "precision_at_5": 0.2,
        "precision_at_10": 0.1,
        "precision_at_20": 0.05,
        "precision_at_100": 0.01,
        "precision_at_1000": 0.001,
        "mrr_at_1": 1.0,
        "mrr_at_3": 1.0,
        "mrr_at_5": 1.0,
        "mrr_at_10": 1.0,
        "mrr_at_20": 1.0,
        "mrr_at_100": 1.0,
        "mrr_at_1000": 1.0,
        "nauc_ndcg_at_1_max": NaN,
        "nauc_ndcg_at_1_std": NaN,
        "nauc_ndcg_at_1_diff1": NaN,
        "nauc_ndcg_at_3_max": NaN,
        "nauc_ndcg_at_3_std": NaN,
        "nauc_ndcg_at_3_diff1": NaN,
        "nauc_ndcg_at_5_max": NaN,
        "nauc_ndcg_at_5_std": NaN,
        "nauc_ndcg_at_5_diff1": NaN,
        "nauc_ndcg_at_10_max": NaN,
        "nauc_ndcg_at_10_std": NaN,
        "nauc_ndcg_at_10_diff1": NaN,
        "nauc_ndcg_at_20_max": NaN,
        "nauc_ndcg_at_20_std": NaN,
        "nauc_ndcg_at_20_diff1": NaN,
        "nauc_ndcg_at_100_max": NaN,
        "nauc_ndcg_at_100_std": NaN,
        "nauc_ndcg_at_100_diff1": NaN,
        "nauc_ndcg_at_1000_max": NaN,
        "nauc_ndcg_at_1000_std": NaN,
        "nauc_ndcg_at_1000_diff1": NaN,
        "nauc_map_at_1_max": NaN,
        "nauc_map_at_1_std": NaN,