{
  "dataset_revision": "b0f12fa0c0dd67f59c95a5c33d02aeeb4c398c5f",
  "task_name": "CodeFeedbackMT",
  "mteb_version": "2.12.26",
  "scores": {
    "test": [
      {
        "ndcg_at_1": 0.34918,
        "ndcg_at_3": 0.43076,
        "ndcg_at_5": 0.45413,
        "ndcg_at_10": 0.47821,
        "ndcg_at_20": 0.4952,
        "ndcg_at_100": 0.51992,
        "ndcg_at_1000": 0.5357,
        "map_at_1": 0.34918,
        "map_at_3": 0.41086,
        "map_at_5": 0.42385,
        "map_at_10": 0.43383,
        "map_at_20": 0.43853,
        "map_at_100": 0.44189,
        "map_at_1000": 0.44243,
        "recall_at_1": 0.34918,
        "recall_at_3": 0.48829,
        "recall_at_5": 0.54493,
        "recall_at_10": 0.61912,
        "recall_at_20": 0.68607,
        "recall_at_100": 0.82014,
        "recall_at_1000": 0.94743,
        "accuracy": 0.34918,
        "precision_at_1": 0.34918,
        "precision_at_3": 0.16276,
        "precision_at_5": 0.10899,
        "precision_at_10": 0.06191,
        "precision_at_20": 0.0343,
        "precision_at_100": 0.0082,
        "precision_at_1000": 0.00095,
        "mrr_at_1": 0.349175,
        "mrr_at_3": 0.410861,
        "mrr_at_5": 0.423846,
        "mrr_at_10": 0.433834,
        "mrr_at_20": 0.438531,
        "mrr_at_100": 0.441893,
        "mrr_at_1000": 0.442431,
        "nauc_ndcg_at_1_max": 0.167766,
        "nauc_ndcg_at_1_std": -0.180491,
        "nauc_ndcg_at_1_diff1": 0.581035,
        "nauc_ndcg_at_3_max": 0.164178,
        "nauc_ndcg_at_3_std": -0.190018,
        "nauc_ndcg_at_3_diff1": 0.527956,
        "nauc_ndcg_at_5_max": 0.159744,
        "nauc_ndcg_at_5_std": -0.189575,
        "nauc_ndcg_at_5_diff1": 0.518784,
        "nauc_ndcg_at_10_max": 0.158598,
        "nauc_ndcg_at_10_std": -0.184696,
        "nauc_ndcg_at_10_diff1": 0.511541,
        "nauc_ndcg_at_20_max": 0.159714,
        "nauc_ndcg_at_20_std": -0.17852,
        "nauc_ndcg_at_20_diff1": 0.508024,
        "nauc_ndcg_at_100_max": 0.162151,
        "nauc_ndcg_at_100_std": -0.172043,
        "nauc_ndcg_at_100_diff1": 0.509002,
        "nauc_ndcg_at_1000_max": 0.16355,
        "nauc_ndcg_at_1000_std": -0.172384,
        "nauc_ndcg_at_1000_diff1": 0.515571,
        "nauc_map_at_1_max": 0.167766,
        "nauc_map_at_1_std": -0.180491,
        "nauc_map_at_1_diff1": 0.581035,
        "nauc_map_at_3_max": 0.165202,
        "nauc_map_at_3_std": -0.187858,
        "nauc_map_at_3_diff1": 0.540553,
        "nauc_map_at_5_max": 0.162758,
        "nauc_map_at_5_std": -0.18769,
        "nauc_map_at_5_diff1": 0.535607,
        "nauc_map_at_10_max": 0.162167,
        "nauc_map_at_10_std": -0.185837,
        "nauc_map_at_10_diff1": 0.532724,
        "nauc_map_at_20_max": 0.16248,
        "nauc_map_at_20_std": -0.18432,
        "nauc_map_at_20_diff1": 0.531933,
        "nauc_map_at_100_max": 0.162894,
        "nauc_map_at_100_std": -0.183524,
        "nauc_map_at_100_diff1": 0.532101,
        "nauc_map_at_1000_max": 0.16295,
        "nauc_map_at_1000_std": -0.183487,
        "nauc_map_at_1000_diff1": 0.532299,
        "nauc_recall_at_1_max": 0.167766,
        "nauc_recall_at_1_std": -0.180491,
        "nauc_recall_at_1_diff1": 0.581035,
        "nauc_recall_at_3_max": 0.16114,
        "nauc_recall_at_3_std": -0.196227,
        "nauc_recall_at_3_diff1": 0.491483,
        "nauc_recall_at_5_max": 0.149923,
        "nauc_recall_at_5_std": -0.19501,
        "nauc_recall_at_5_diff1": 0.466735,
        "nauc_recall_at_10_max": 0.145997,
        "nauc_recall_at_10_std": -0.178151,
        "nauc_recall_at_10_diff1": 0.437803,
        "nauc_recall_at_20_max": 0.149695,
        "nauc_recall_at_20_std": -0.146434,
        "nauc_recall_at_20_diff1": 0.410759,
        "nauc_recall_at_100_max": 0.165703,
        "nauc_recall_at_100_std": -0.064803,
        "nauc_recall_at_100_diff1": 0.368268,
        "nauc_recall_at_1000_max": 0.232306,
        "nauc_recall_at_1000_std": 0.132509,
        "nauc_recall_at_1000_diff1": 0.363287,
        "nauc_precision_at_1_max": 0.167766,
        "nauc_precision_at_1_std": -0.180491,
        "nauc_precision_at_1_diff1": 0.581035,
        "nauc_precision_at_3_max": 0.16114,
        "nauc_precision_at_3_std": -0.196227,
        "nauc_precision_at_3_diff1": 0.491483,
        "nauc_precision_at_5_max": 0.149923,
        "nauc_precision_at_5_std": -0.19501,
        "nauc_precision_at_5_diff1": 0.466735,
        "nauc_precision_at_10_max": 0.145997,
        "nauc_precision_at_10_std": -0.178151,
        "nauc_precision_at_10_diff1": 0.437803,
        "nauc_precision_at_20_max": 0.149695,
        "nauc_precision_at_20_std": -0.146434,
        "nauc_precision_at_20_diff1": 0.410759,
        "nauc_precision_at_100_max": 0.165703,
        "nauc_precision_at_100_std": -0.064803,
        "nauc_precision_at_100_diff1": 0.368268,
        "nauc_precision_at_1000_max": 0.232306,
        "nauc_precision_at_1000_std": 0.132509,
        "nauc_precision_at_1000_diff1": 0.363287,
        "nauc_mrr_at_1_max": 0.167766,
        "nauc_mrr_at_1_std": -0.180491,
        "nauc_mrr_at_1_diff1": 0.581035,
        "nauc_mrr_at_3_max": 0.165202,
        "nauc_mrr_at_3_std": -0.187858,
        "nauc_mrr_at_3_diff1": 0.540553,
        "nauc_mrr_at_5_max": 0.162758,
        "nauc_mrr_at_5_std": -0.18769,
        "nauc_mrr_at_5_diff1": 0.535607,
        "nauc_mrr_at_10_max": 0.162167,
        "nauc_mrr_at_10_std": -0.185837,
        "nauc_mrr_at_10_diff1": 0.532724,
        "nauc_mrr_at_20_max": 0.16248,
        "nauc_mrr_at_20_std": -0.18432,
        "nauc_mrr_at_20_diff1": 0.531933,
        "nauc_mrr_at_100_max": 0.162894,
        "nauc_mrr_at_100_std": -0.183524,
        "nauc_mrr_at_100_diff1": 0.532101,
        "nauc_mrr_at_1000_max": 0.16295,
        "nauc_mrr_at_1000_std": -0.183487,
        "nauc_mrr_at_1000_diff1": 0.532299,
        "hit_rate_at_1": 0.34918,
        "hit_rate_at_3": 0.48829,
        "hit_rate_at_5": 0.54493,
        "hit_rate_at_10": 0.61912,
        "hit_rate_at_20": 0.68607,
        "hit_rate_at_100": 0.82014,
        "hit_rate_at_1000": 0.94743,
        "main_score": 0.47821,
        "hf_subset": "default",
        "languages": [
          "eng-Latn"
        ]
      }
    ]
  },
  "evaluation_time": 1017.4077575206757,
  "kg_co2_emissions": null,
  "date": null
}