{
  "dataset_revision": "8a17afc1b3e112c65fd6938b75692846afda97f8",
  "task_name": "FeedbackQARetrieval",
  "mteb_version": "2.12.21",
  "scores": {
    "test": [
      {
        "ndcg_at_1": 0.53263,
        "ndcg_at_3": 0.63363,
        "ndcg_at_5": 0.6609,
        "ndcg_at_10": 0.68442,
        "ndcg_at_20": 0.69737,
        "ndcg_at_100": 0.70993,
        "ndcg_at_1000": 0.71433,
        "map_at_1": 0.53263,
        "map_at_3": 0.60885,
        "map_at_5": 0.62409,
        "map_at_10": 0.63388,
        "map_at_20": 0.6375,
        "map_at_100": 0.63924,
        "map_at_1000": 0.63943,
        "recall_at_1": 0.53263,
        "recall_at_3": 0.70532,
        "recall_at_5": 0.77108,
        "recall_at_10": 0.84337,
        "recall_at_20": 0.89408,
        "recall_at_100": 0.96185,
        "recall_at_1000": 0.99548,
        "accuracy": 0.53263,
        "precision_at_1": 0.53263,
        "precision_at_3": 0.23511,
        "precision_at_5": 0.15422,
        "precision_at_10": 0.08434,
        "precision_at_20": 0.0447,
        "precision_at_100": 0.00962,
        "precision_at_1000": 0.001,
        "mrr_at_1": 0.532631,
        "mrr_at_3": 0.608852,
        "mrr_at_5": 0.624088,
        "mrr_at_10": 0.633878,
        "mrr_at_20": 0.6375,
        "mrr_at_100": 0.639245,
        "mrr_at_1000": 0.63943,
        "nauc_ndcg_at_1_max": 0.368644,
        "nauc_ndcg_at_1_std": -0.211877,
        "nauc_ndcg_at_1_diff1": 0.680193,
        "nauc_ndcg_at_3_max": 0.376598,
        "nauc_ndcg_at_3_std": -0.219715,
        "nauc_ndcg_at_3_diff1": 0.619582,
        "nauc_ndcg_at_5_max": 0.370028,
        "nauc_ndcg_at_5_std": -0.224609,
        "nauc_ndcg_at_5_diff1": 0.61666,
        "nauc_ndcg_at_10_max": 0.370844,
        "nauc_ndcg_at_10_std": -0.219362,
        "nauc_ndcg_at_10_diff1": 0.612074,
        "nauc_ndcg_at_20_max": 0.365076,
        "nauc_ndcg_at_20_std": -0.218242,
        "nauc_ndcg_at_20_diff1": 0.613457,
        "nauc_ndcg_at_100_max": 0.368139,
        "nauc_ndcg_at_100_std": -0.21012,
        "nauc_ndcg_at_100_diff1": 0.618028,
        "nauc_ndcg_at_1000_max": 0.367906,
        "nauc_ndcg_at_1000_std": -0.215105,
        "nauc_ndcg_at_1000_diff1": 0.62223,
        "nauc_map_at_1_max": 0.368644,
        "nauc_map_at_1_std": -0.211877,
        "nauc_map_at_1_diff1": 0.680193,
        "nauc_map_at_3_max": 0.375412,
        "nauc_map_at_3_std": -0.218315,
        "nauc_map_at_3_diff1": 0.635675,
        "nauc_map_at_5_max": 0.371941,
        "nauc_map_at_5_std": -0.220753,
        "nauc_map_at_5_diff1": 0.634781,
        "nauc_map_at_10_max": 0.371997,
        "nauc_map_at_10_std": -0.2196,
        "nauc_map_at_10_diff1": 0.633266,
        "nauc_map_at_20_max": 0.370689,
        "nauc_map_at_20_std": -0.219342,
        "nauc_map_at_20_diff1": 0.633817,
        "nauc_map_at_100_max": 0.370704,
        "nauc_map_at_100_std": -0.218521,
        "nauc_map_at_100_diff1": 0.634164,
        "nauc_map_at_1000_max": 0.3707,
        "nauc_map_at_1000_std": -0.218637,
        "nauc_map_at_1000_diff1": 0.634302,
        "nauc_recall_at_1_max": 0.368644,
        "nauc_recall_at_1_std": -0.211877,
        "nauc_recall_at_1_diff1": 0.680193,
        "nauc_recall_at_3_max": 0.380188,
        "nauc_recall_at_3_std": -0.224155,
        "nauc_recall_at_3_diff1": 0.564629,
        "nauc_recall_at_5_max": 0.360445,
        "nauc_recall_at_5_std": -0.24084,
        "nauc_recall_at_5_diff1": 0.54279,
        "nauc_recall_at_10_max": 0.363861,
        "nauc_recall_at_10_std": -0.210979,
        "nauc_recall_at_10_diff1": 0.493136,
        "nauc_recall_at_20_max": 0.307965,
        "nauc_recall_at_20_std": -0.197278,
        "nauc_recall_at_20_diff1": 0.456017,
        "nauc_recall_at_100_max": 0.34726,
        "nauc_recall_at_100_std": 0.11056,
        "nauc_recall_at_100_diff1": 0.358882,
        "nauc_recall_at_1000_max": 0.106122,
        "nauc_recall_at_1000_std": 0.423579,
        "nauc_recall_at_1000_diff1": 0.062464,
        "nauc_precision_at_1_max": 0.368644,
        "nauc_precision_at_1_std": -0.211877,
        "nauc_precision_at_1_diff1": 0.680193,
        "nauc_precision_at_3_max": 0.380188,
        "nauc_precision_at_3_std": -0.224155,
        "nauc_precision_at_3_diff1": 0.564629,
        "nauc_precision_at_5_max": 0.360445,
        "nauc_precision_at_5_std": -0.24084,
        "nauc_precision_at_5_diff1": 0.54279,
        "nauc_precision_at_10_max": 0.363861,
        "nauc_precision_at_10_std": -0.210979,
        "nauc_precision_at_10_diff1": 0.493136,
        "nauc_precision_at_20_max": 0.307965,
        "nauc_precision_at_20_std": -0.197278,
        "nauc_precision_at_20_diff1": 0.456017,
        "nauc_precision_at_100_max": 0.34726,
        "nauc_precision_at_100_std": 0.11056,
        "nauc_precision_at_100_diff1": 0.358882,
        "nauc_precision_at_1000_max": 0.106122,
        "nauc_precision_at_1000_std": 0.423579,
        "nauc_precision_at_1000_diff1": 0.062464,
        "nauc_mrr_at_1_max": 0.368644,
        "nauc_mrr_at_1_std": -0.211877,
        "nauc_mrr_at_1_diff1": 0.680193,
        "nauc_mrr_at_3_max": 0.375412,
        "nauc_mrr_at_3_std": -0.218315,
        "nauc_mrr_at_3_diff1": 0.635675,
        "nauc_mrr_at_5_max": 0.371941,
        "nauc_mrr_at_5_std": -0.220753,
        "nauc_mrr_at_5_diff1": 0.634781,
        "nauc_mrr_at_10_max": 0.371997,
        "nauc_mrr_at_10_std": -0.2196,
        "nauc_mrr_at_10_diff1": 0.633266,
        "nauc_mrr_at_20_max": 0.370689,
        "nauc_mrr_at_20_std": -0.219342,
        "nauc_mrr_at_20_diff1": 0.633817,
        "nauc_mrr_at_100_max": 0.370704,
        "nauc_mrr_at_100_std": -0.218521,
        "nauc_mrr_at_100_diff1": 0.634164,
        "nauc_mrr_at_1000_max": 0.3707,
        "nauc_mrr_at_1000_std": -0.218637,
        "nauc_mrr_at_1000_diff1": 0.634302,
        "hit_rate_at_1": 0.53263,
        "hit_rate_at_3": 0.70532,
        "hit_rate_at_5": 0.77108,
        "hit_rate_at_10": 0.84337,
        "hit_rate_at_20": 0.89408,
        "hit_rate_at_100": 0.96185,
        "hit_rate_at_1000": 0.99548,
        "main_score": 0.53263,
        "hf_subset": "default",
        "languages": [
          "eng-Latn"
        ]
      }
    ]
  },
  "evaluation_time": 74.36932921409607,
  "kg_co2_emissions": null,
  "date": null
}