{
  "dataset_revision": "b23590301ec94e8087e2850b21d43d4956b1cca9",
  "task_name": "LegalBenchConsumerContractsQA",
  "mteb_version": "2.12.21",
  "scores": {
    "test": [
      {
        "ndcg_at_1": 0.63889,
        "ndcg_at_3": 0.75198,
        "ndcg_at_5": 0.77491,
        "ndcg_at_10": 0.79036,
        "ndcg_at_20": 0.8006,
        "ndcg_at_100": 0.80519,
        "ndcg_at_1000": 0.80519,
        "map_at_1": 0.63889,
        "map_at_3": 0.72391,
        "map_at_5": 0.73666,
        "map_at_10": 0.74301,
        "map_at_20": 0.74583,
        "map_at_100": 0.74661,
        "map_at_1000": 0.74661,
        "recall_at_1": 0.63889,
        "recall_at_3": 0.83333,
        "recall_at_5": 0.88889,
        "recall_at_10": 0.93687,
        "recall_at_20": 0.97727,
        "recall_at_100": 1.0,
        "recall_at_1000": 1.0,
        "accuracy": 0.63889,
        "precision_at_1": 0.63889,
        "precision_at_3": 0.27778,
        "precision_at_5": 0.17778,
        "precision_at_10": 0.09369,
        "precision_at_20": 0.04886,
        "precision_at_100": 0.01,
        "precision_at_1000": 0.001,
        "mrr_at_1": 0.641414,
        "mrr_at_3": 0.725168,
        "mrr_at_5": 0.737416,
        "mrr_at_10": 0.744187,
        "mrr_at_20": 0.747005,
        "mrr_at_100": 0.747786,
        "mrr_at_1000": 0.747786,
        "nauc_ndcg_at_1_max": 0.411109,
        "nauc_ndcg_at_1_std": 0.088676,
        "nauc_ndcg_at_1_diff1": 0.625408,
        "nauc_ndcg_at_3_max": 0.464788,
        "nauc_ndcg_at_3_std": 0.134216,
        "nauc_ndcg_at_3_diff1": 0.54717,
        "nauc_ndcg_at_5_max": 0.46132,
        "nauc_ndcg_at_5_std": 0.158678,
        "nauc_ndcg_at_5_diff1": 0.5538,
        "nauc_ndcg_at_10_max": 0.475081,
        "nauc_ndcg_at_10_std": 0.172309,
        "nauc_ndcg_at_10_diff1": 0.567956,
        "nauc_ndcg_at_20_max": 0.459557,
        "nauc_ndcg_at_20_std": 0.156671,
        "nauc_ndcg_at_20_diff1": 0.58423,
        "nauc_ndcg_at_100_max": 0.45161,
        "nauc_ndcg_at_100_std": 0.141834,
        "nauc_ndcg_at_100_diff1": 0.578722,
        "nauc_ndcg_at_1000_max": 0.45161,
        "nauc_ndcg_at_1000_std": 0.141834,
        "nauc_ndcg_at_1000_diff1": 0.578722,
        "nauc_map_at_1_max": 0.411109,
        "nauc_map_at_1_std": 0.088676,
        "nauc_map_at_1_diff1": 0.625408,
        "nauc_map_at_3_max": 0.449314,
        "nauc_map_at_3_std": 0.123771,
        "nauc_map_at_3_diff1": 0.569447,
        "nauc_map_at_5_max": 0.446097,
        "nauc_map_at_5_std": 0.134297,
        "nauc_map_at_5_diff1": 0.573868,
        "nauc_map_at_10_max": 0.450429,
        "nauc_map_at_10_std": 0.139038,
        "nauc_map_at_10_diff1": 0.578932,
        "nauc_map_at_20_max": 0.446916,
        "nauc_map_at_20_std": 0.135291,
        "nauc_map_at_20_diff1": 0.582983,
        "nauc_map_at_100_max": 0.445745,
        "nauc_map_at_100_std": 0.133202,
        "nauc_map_at_100_diff1": 0.582308,
        "nauc_map_at_1000_max": 0.445745,
        "nauc_map_at_1000_std": 0.133202,
        "nauc_map_at_1000_diff1": 0.582308,
        "nauc_recall_at_1_max": 0.411109,
        "nauc_recall_at_1_std": 0.088676,
        "nauc_recall_at_1_diff1": 0.625408,
        "nauc_recall_at_3_max": 0.530827,
        "nauc_recall_at_3_std": 0.177077,
        "nauc_recall_at_3_diff1": 0.452268,
        "nauc_recall_at_5_max": 0.551424,
        "nauc_recall_at_5_std": 0.308478,
        "nauc_recall_at_5_diff1": 0.438269,
        "nauc_recall_at_10_max": 0.739267,
        "nauc_recall_at_10_std": 0.525815,
        "nauc_recall_at_10_diff1": 0.484251,
        "nauc_recall_at_20_max": 0.736272,
        "nauc_recall_at_20_std": 0.685213,
        "nauc_recall_at_20_diff1": 0.791147,
        "nauc_recall_at_100_max": NaN,
        "nauc_recall_at_100_std": NaN,
        "nauc_recall_at_100_diff1": NaN,
        "nauc_recall_at_1000_max": NaN,
        "nauc_recall_at_1000_std": NaN,
        "nauc_recall_at_1000_diff1": NaN,
        "nauc_precision_at_1_max": 0.411109,
        "nauc_precision_at_1_std": 0.088676,
        "nauc_precision_at_1_diff1": 0.625408,
        "nauc_precision_at_3_max": 0.530827,
        "nauc_precision_at_3_std": 0.177077,
        "nauc_precision_at_3_diff1": 0.452268,
        "nauc_precision_at_5_max": 0.551424,
        "nauc_precision_at_5_std": 0.308478,
        "nauc_precision_at_5_diff1": 0.438269,
        "nauc_precision_at_10_max": 0.739267,
        "nauc_precision_at_10_std": 0.525815,
        "nauc_precision_at_10_diff1": 0.484251,
        "nauc_precision_at_20_max": 0.736272,
        "nauc_precision_at_20_std": 0.685213,
        "nauc_precision_at_20_diff1": 0.791147,
        "nauc_precision_at_100_max": NaN,
        "nauc_precision_at_100_std": NaN,
        "nauc_precision_at_100_diff1": NaN,
        "nauc_precision_at_1000_max": NaN,
        "nauc_precision_at_1000_std": NaN,
        "nauc_precision_at_1000_diff1": NaN,
        "nauc_mrr_at_1_max": 0.402001,
        "nauc_mrr_at_1_std": 0.063032,
        "nauc_mrr_at_1_diff1": 0.619751,
        "nauc_mrr_at_3_max": 0.443764,
        "nauc_mrr_at_3_std": 0.107925,
        "nauc_mrr_at_3_diff1": 0.565762,
        "nauc_mrr_at_5_max": 0.440647,
        "nauc_mrr_at_5_std": 0.114866,
        "nauc_mrr_at_5_diff1": 0.569704,
        "nauc_mrr_at_10_max": 0.444507,
        "nauc_mrr_at_10_std": 0.121499,
        "nauc_mrr_at_10_diff1": 0.574931,
        "nauc_mrr_at_20_max": 0.440906,
        "nauc_mrr_at_20_std": 0.117511,
        "nauc_mrr_at_20_diff1": 0.57894,
        "nauc_mrr_at_100_max": 0.43971,
        "nauc_mrr_at_100_std": 0.115351,
        "nauc_mrr_at_100_diff1": 0.578248,
        "nauc_mrr_at_1000_max": 0.43971,
        "nauc_mrr_at_1000_std": 0.115351,
        "nauc_mrr_at_1000_diff1": 0.578248,
        "hit_rate_at_1": 0.63889,
        "hit_rate_at_3": 0.83333,
        "hit_rate_at_5": 0.88889,
        "hit_rate_at_10": 0.93687,
        "hit_rate_at_20": 0.97727,
        "hit_rate_at_100": 1.0,
        "hit_rate_at_1000": 1.0,
        "main_score": 0.79036,
        "hf_subset": "default",
        "languages": [
          "eng-Latn"
        ]
      }
    ]
  },
  "evaluation_time": 13.289874076843262,
  "kg_co2_emissions": null,
  "date": null
}