{
  "dataset_revision": "f69691c650464e62546d7f2a4536f8f87c891e38",
  "task_name": "LegalBenchCorporateLobbying",
  "mteb_version": "2.12.21",
  "scores": {
    "test": [
      {
        "ndcg_at_1": 0.77941,
        "ndcg_at_3": 0.86649,
        "ndcg_at_5": 0.87016,
        "ndcg_at_10": 0.87892,
        "ndcg_at_20": 0.88419,
        "ndcg_at_100": 0.8876,
        "ndcg_at_1000": 0.88799,
        "map_at_1": 0.77941,
        "map_at_3": 0.84657,
        "map_at_5": 0.84863,
        "map_at_10": 0.85236,
        "map_at_20": 0.85385,
        "map_at_100": 0.85438,
        "map_at_1000": 0.8544,
        "recall_at_1": 0.77941,
        "recall_at_3": 0.92353,
        "recall_at_5": 0.93235,
        "recall_at_10": 0.95882,
        "recall_at_20": 0.97941,
        "recall_at_100": 0.99706,
        "recall_at_1000": 1.0,
        "accuracy": 0.77941,
        "precision_at_1": 0.77941,
        "precision_at_3": 0.30784,
        "precision_at_5": 0.18647,
        "precision_at_10": 0.09588,
        "precision_at_20": 0.04897,
        "precision_at_100": 0.00997,
        "precision_at_1000": 0.001,
        "mrr_at_1": 0.779412,
        "mrr_at_3": 0.846569,
        "mrr_at_5": 0.848627,
        "mrr_at_10": 0.852356,
        "mrr_at_20": 0.853847,
        "mrr_at_100": 0.854381,
        "mrr_at_1000": 0.854397,
        "nauc_ndcg_at_1_max": 0.334365,
        "nauc_ndcg_at_1_std": -0.119321,
        "nauc_ndcg_at_1_diff1": 0.730228,
        "nauc_ndcg_at_3_max": 0.523387,
        "nauc_ndcg_at_3_std": 0.039011,
        "nauc_ndcg_at_3_diff1": 0.697365,
        "nauc_ndcg_at_5_max": 0.52091,
        "nauc_ndcg_at_5_std": 0.065524,
        "nauc_ndcg_at_5_diff1": 0.689666,
        "nauc_ndcg_at_10_max": 0.496821,
        "nauc_ndcg_at_10_std": 0.037288,
        "nauc_ndcg_at_10_diff1": 0.692293,
        "nauc_ndcg_at_20_max": 0.476415,
        "nauc_ndcg_at_20_std": 0.013355,
        "nauc_ndcg_at_20_diff1": 0.693027,
        "nauc_ndcg_at_100_max": 0.463733,
        "nauc_ndcg_at_100_std": -0.003276,
        "nauc_ndcg_at_100_diff1": 0.699521,
        "nauc_ndcg_at_1000_max": 0.461726,
        "nauc_ndcg_at_1000_std": -0.007033,
        "nauc_ndcg_at_1000_diff1": 0.700065,
        "nauc_map_at_1_max": 0.334365,
        "nauc_map_at_1_std": -0.119321,
        "nauc_map_at_1_diff1": 0.730228,
        "nauc_map_at_3_max": 0.463264,
        "nauc_map_at_3_std": -0.017076,
        "nauc_map_at_3_diff1": 0.706082,
        "nauc_map_at_5_max": 0.461248,
        "nauc_map_at_5_std": -0.004673,
        "nauc_map_at_5_diff1": 0.702493,
        "nauc_map_at_10_max": 0.451459,
        "nauc_map_at_10_std": -0.01699,
        "nauc_map_at_10_diff1": 0.70429,
        "nauc_map_at_20_max": 0.446477,
        "nauc_map_at_20_std": -0.023025,
        "nauc_map_at_20_diff1": 0.704727,
        "nauc_map_at_100_max": 0.44471,
        "nauc_map_at_100_std": -0.025461,
        "nauc_map_at_100_diff1": 0.705101,
        "nauc_map_at_1000_max": 0.444643,
        "nauc_map_at_1000_std": -0.025585,
        "nauc_map_at_1000_diff1": 0.70512,
        "nauc_recall_at_1_max": 0.334365,
        "nauc_recall_at_1_std": -0.119321,
        "nauc_recall_at_1_diff1": 0.730228,
        "nauc_recall_at_3_max": 0.846944,
        "nauc_recall_at_3_std": 0.345579,
        "nauc_recall_at_3_diff1": 0.651889,
        "nauc_recall_at_5_max": 0.877826,
        "nauc_recall_at_5_std": 0.498254,
        "nauc_recall_at_5_diff1": 0.612167,
        "nauc_recall_at_10_max": 0.90046,
        "nauc_recall_at_10_std": 0.548753,
        "nauc_recall_at_10_diff1": 0.57523,
        "nauc_recall_at_20_max": 0.877951,
        "nauc_recall_at_20_std": 0.570562,
        "nauc_recall_at_20_diff1": 0.46552,
        "nauc_recall_at_100_max": 1.0,
        "nauc_recall_at_100_std": 1.0,
        "nauc_recall_at_100_diff1": 0.554155,
        "nauc_recall_at_1000_max": NaN,
        "nauc_recall_at_1000_std": NaN,
        "nauc_recall_at_1000_diff1": NaN,
        "nauc_precision_at_1_max": 0.334365,
        "nauc_precision_at_1_std": -0.119321,
        "nauc_precision_at_1_diff1": 0.730228,
        "nauc_precision_at_3_max": 0.846944,
        "nauc_precision_at_3_std": 0.345579,
        "nauc_precision_at_3_diff1": 0.651889,
        "nauc_precision_at_5_max": 0.877826,
        "nauc_precision_at_5_std": 0.498254,
        "nauc_precision_at_5_diff1": 0.612167,
        "nauc_precision_at_10_max": 0.90046,
        "nauc_precision_at_10_std": 0.548753,
        "nauc_precision_at_10_diff1": 0.57523,
        "nauc_precision_at_20_max": 0.877951,
        "nauc_precision_at_20_std": 0.570562,
        "nauc_precision_at_20_diff1": 0.46552,
        "nauc_precision_at_100_max": 1.0,
        "nauc_precision_at_100_std": 1.0,
        "nauc_precision_at_100_diff1": 0.554155,
        "nauc_precision_at_1000_max": 1.0,
        "nauc_precision_at_1000_std": 1.0,
        "nauc_precision_at_1000_diff1": 1.0,
        "nauc_mrr_at_1_max": 0.334365,
        "nauc_mrr_at_1_std": -0.119321,
        "nauc_mrr_at_1_diff1": 0.730228,
        "nauc_mrr_at_3_max": 0.463264,
        "nauc_mrr_at_3_std": -0.017076,
        "nauc_mrr_at_3_diff1": 0.706082,
        "nauc_mrr_at_5_max": 0.461248,
        "nauc_mrr_at_5_std": -0.004673,
        "nauc_mrr_at_5_diff1": 0.702493,
        "nauc_mrr_at_10_max": 0.451459,
        "nauc_mrr_at_10_std": -0.01699,
        "nauc_mrr_at_10_diff1": 0.70429,
        "nauc_mrr_at_20_max": 0.446477,
        "nauc_mrr_at_20_std": -0.023025,
        "nauc_mrr_at_20_diff1": 0.704727,
        "nauc_mrr_at_100_max": 0.44471,
        "nauc_mrr_at_100_std": -0.025461,
        "nauc_mrr_at_100_diff1": 0.705101,
        "nauc_mrr_at_1000_max": 0.444643,
        "nauc_mrr_at_1000_std": -0.025585,
        "nauc_mrr_at_1000_diff1": 0.70512,
        "hit_rate_at_1": 0.77941,
        "hit_rate_at_3": 0.92353,
        "hit_rate_at_5": 0.93235,
        "hit_rate_at_10": 0.95882,
        "hit_rate_at_20": 0.97941,
        "hit_rate_at_100": 0.99706,
        "hit_rate_at_1000": 1.0,
        "main_score": 0.87892,
        "hf_subset": "default",
        "languages": [
          "eng-Latn"
        ]
      }
    ]
  },
  "evaluation_time": 15.497016191482544,
  "kg_co2_emissions": null,
  "date": null
}