{
  "dataset_revision": "6e346642246bfb4928c560ee08640dc84d074e8c",
  "task_name": "LEMBNarrativeQARetrieval",
  "mteb_version": "2.12.26",
  "scores": {
    "test": [
      {
        "ndcg_at_1": 0.36999,
        "ndcg_at_3": 0.43524,
        "ndcg_at_5": 0.45387,
        "ndcg_at_10": 0.47308,
        "ndcg_at_20": 0.48852,
        "ndcg_at_100": 0.5238,
        "ndcg_at_1000": 0.54502,
        "map_at_1": 0.36999,
        "map_at_3": 0.4194,
        "map_at_5": 0.4297,
        "map_at_10": 0.43761,
        "map_at_20": 0.44185,
        "map_at_100": 0.44648,
        "map_at_1000": 0.4474,
        "recall_at_1": 0.36999,
        "recall_at_3": 0.481,
        "recall_at_5": 0.52637,
        "recall_at_10": 0.58589,
        "recall_at_20": 0.64695,
        "recall_at_100": 0.84085,
        "recall_at_1000": 1.0,
        "accuracy": 0.36999,
        "precision_at_1": 0.36999,
        "precision_at_3": 0.16033,
        "precision_at_5": 0.10527,
        "precision_at_10": 0.05859,
        "precision_at_20": 0.03235,
        "precision_at_100": 0.00841,
        "precision_at_1000": 0.001,
        "mrr_at_1": 0.369988,
        "mrr_at_3": 0.419402,
        "mrr_at_5": 0.429705,
        "mrr_at_10": 0.437606,
        "mrr_at_20": 0.441849,
        "mrr_at_100": 0.446484,
        "mrr_at_1000": 0.4474,
        "nauc_ndcg_at_1_max": 0.61927,
        "nauc_ndcg_at_1_std": 0.096173,
        "nauc_ndcg_at_1_diff1": 0.703677,
        "nauc_ndcg_at_3_max": 0.610881,
        "nauc_ndcg_at_3_std": 0.113421,
        "nauc_ndcg_at_3_diff1": 0.644358,
        "nauc_ndcg_at_5_max": 0.601884,
        "nauc_ndcg_at_5_std": 0.121272,
        "nauc_ndcg_at_5_diff1": 0.628946,
        "nauc_ndcg_at_10_max": 0.593796,
        "nauc_ndcg_at_10_std": 0.130438,
        "nauc_ndcg_at_10_diff1": 0.61874,
        "nauc_ndcg_at_20_max": 0.590481,
        "nauc_ndcg_at_20_std": 0.135418,
        "nauc_ndcg_at_20_diff1": 0.615776,
        "nauc_ndcg_at_100_max": 0.588579,
        "nauc_ndcg_at_100_std": 0.138406,
        "nauc_ndcg_at_100_diff1": 0.616366,
        "nauc_ndcg_at_1000_max": 0.597081,
        "nauc_ndcg_at_1000_std": 0.127398,
        "nauc_ndcg_at_1000_diff1": 0.630558,
        "nauc_map_at_1_max": 0.61927,
        "nauc_map_at_1_std": 0.096173,
        "nauc_map_at_1_diff1": 0.703677,
        "nauc_map_at_3_max": 0.613916,
        "nauc_map_at_3_std": 0.109086,
        "nauc_map_at_3_diff1": 0.658858,
        "nauc_map_at_5_max": 0.608941,
        "nauc_map_at_5_std": 0.11327,
        "nauc_map_at_5_diff1": 0.650394,
        "nauc_map_at_10_max": 0.605796,
        "nauc_map_at_10_std": 0.117032,
        "nauc_map_at_10_diff1": 0.646423,
        "nauc_map_at_20_max": 0.604965,
        "nauc_map_at_20_std": 0.118283,
        "nauc_map_at_20_diff1": 0.645776,
        "nauc_map_at_100_max": 0.60462,
        "nauc_map_at_100_std": 0.118458,
        "nauc_map_at_100_diff1": 0.645963,
        "nauc_map_at_1000_max": 0.604939,
        "nauc_map_at_1000_std": 0.118086,
        "nauc_map_at_1000_diff1": 0.646509,
        "nauc_recall_at_1_max": 0.61927,
        "nauc_recall_at_1_std": 0.096173,
        "nauc_recall_at_1_diff1": 0.703677,
        "nauc_recall_at_3_max": 0.601628,
        "nauc_recall_at_3_std": 0.126105,
        "nauc_recall_at_3_diff1": 0.602088,
        "nauc_recall_at_5_max": 0.579059,
        "nauc_recall_at_5_std": 0.146583,
        "nauc_recall_at_5_diff1": 0.562559,
        "nauc_recall_at_10_max": 0.55027,
        "nauc_recall_at_10_std": 0.178064,
        "nauc_recall_at_10_diff1": 0.524307,
        "nauc_recall_at_20_max": 0.530566,
        "nauc_recall_at_20_std": 0.205971,
        "nauc_recall_at_20_diff1": 0.500762,
        "nauc_recall_at_100_max": 0.462996,
        "nauc_recall_at_100_std": 0.304407,
        "nauc_recall_at_100_diff1": 0.407575,
        "nauc_recall_at_1000_max": NaN,
        "nauc_recall_at_1000_std": NaN,
        "nauc_recall_at_1000_diff1": NaN,
        "nauc_precision_at_1_max": 0.61927,
        "nauc_precision_at_1_std": 0.096173,
        "nauc_precision_at_1_diff1": 0.703677,
        "nauc_precision_at_3_max": 0.601628,
        "nauc_precision_at_3_std": 0.126105,
        "nauc_precision_at_3_diff1": 0.602088,
        "nauc_precision_at_5_max": 0.579059,
        "nauc_precision_at_5_std": 0.146583,
        "nauc_precision_at_5_diff1": 0.562559,
        "nauc_precision_at_10_max": 0.55027,
        "nauc_precision_at_10_std": 0.178064,
        "nauc_precision_at_10_diff1": 0.524307,
        "nauc_precision_at_20_max": 0.530566,
        "nauc_precision_at_20_std": 0.205971,
        "nauc_precision_at_20_diff1": 0.500762,
        "nauc_precision_at_100_max": 0.462996,
        "nauc_precision_at_100_std": 0.304407,
        "nauc_precision_at_100_diff1": 0.407575,
        "nauc_precision_at_1000_max": 1.0,
        "nauc_precision_at_1000_std": 1.0,
        "nauc_precision_at_1000_diff1": 1.0,
        "nauc_mrr_at_1_max": 0.61927,
        "nauc_mrr_at_1_std": 0.096173,
        "nauc_mrr_at_1_diff1": 0.703677,
        "nauc_mrr_at_3_max": 0.613916,
        "nauc_mrr_at_3_std": 0.109086,
        "nauc_mrr_at_3_diff1": 0.658858,
        "nauc_mrr_at_5_max": 0.608941,
        "nauc_mrr_at_5_std": 0.11327,
        "nauc_mrr_at_5_diff1": 0.650394,
        "nauc_mrr_at_10_max": 0.605796,
        "nauc_mrr_at_10_std": 0.117032,
        "nauc_mrr_at_10_diff1": 0.646423,
        "nauc_mrr_at_20_max": 0.604965,
        "nauc_mrr_at_20_std": 0.118283,
        "nauc_mrr_at_20_diff1": 0.645776,
        "nauc_mrr_at_100_max": 0.60462,
        "nauc_mrr_at_100_std": 0.118458,
        "nauc_mrr_at_100_diff1": 0.645963,
        "nauc_mrr_at_1000_max": 0.604939,
        "nauc_mrr_at_1000_std": 0.118086,
        "nauc_mrr_at_1000_diff1": 0.646509,
        "hit_rate_at_1": 0.36999,
        "hit_rate_at_3": 0.481,
        "hit_rate_at_5": 0.52637,
        "hit_rate_at_10": 0.58589,
        "hit_rate_at_20": 0.64695,
        "hit_rate_at_100": 0.84085,
        "hit_rate_at_1000": 1.0,
        "main_score": 0.47308,
        "hf_subset": "default",
        "languages": [
          "eng-Latn"
        ]
      }
    ]
  },
  "evaluation_time": 120.81059408187866,
  "kg_co2_emissions": null,
  "date": null
}