{
  "dataset_revision": "48142cc741b04d0b4af370ade7e8b42430382670",
  "task_name": "LIMITRetrieval",
  "mteb_version": "2.12.21",
  "scores": {
    "test": [
      {
        "ndcg_at_1": 0.0,
        "ndcg_at_2": 0.00039,
        "ndcg_at_3": 0.00069,
        "ndcg_at_5": 0.00096,
        "ndcg_at_10": 0.00135,
        "ndcg_at_20": 0.00213,
        "ndcg_at_100": 0.00386,
        "ndcg_at_1000": 0.01422,
        "map_at_1": 0.0,
        "map_at_2": 0.00025,
        "map_at_3": 0.00042,
        "map_at_5": 0.00054,
        "map_at_10": 0.00067,
        "map_at_20": 0.00087,
        "map_at_100": 0.00105,
        "map_at_1000": 0.00125,
        "recall_at_1": 0.0,
        "recall_at_2": 0.0005,
        "recall_at_3": 0.001,
        "recall_at_5": 0.0015,
        "recall_at_10": 0.0025,
        "recall_at_20": 0.005,
        "recall_at_100": 0.013,
        "recall_at_1000": 0.087,
        "accuracy": 0.0,
        "precision_at_1": 0.0,
        "precision_at_2": 0.0005,
        "precision_at_3": 0.00067,
        "precision_at_5": 0.0006,
        "precision_at_10": 0.0005,
        "precision_at_20": 0.0005,
        "precision_at_100": 0.00026,
        "precision_at_1000": 0.00017,
        "mrr_at_1": 0.0,
        "mrr_at_2": 0.0005,
        "mrr_at_3": 0.000833,
        "mrr_at_5": 0.001083,
        "mrr_at_10": 0.001337,
        "mrr_at_20": 0.001638,
        "mrr_at_100": 0.001985,
        "mrr_at_1000": 0.002358,
        "nauc_ndcg_at_1_max": NaN,
        "nauc_ndcg_at_1_std": NaN,
        "nauc_ndcg_at_1_diff1": NaN,
        "nauc_ndcg_at_2_max": 1.0,
        "nauc_ndcg_at_2_std": -0.318487,
        "nauc_ndcg_at_2_diff1": 0.098471,
        "nauc_ndcg_at_3_max": 0.303792,
        "nauc_ndcg_at_3_std": 0.114968,
        "nauc_ndcg_at_3_diff1": 0.023737,
        "nauc_ndcg_at_5_max": 0.200547,
        "nauc_ndcg_at_5_std": 0.110418,
        "nauc_ndcg_at_5_diff1": 0.044348,
        "nauc_ndcg_at_10_max": 0.093106,
        "nauc_ndcg_at_10_std": 0.039598,
        "nauc_ndcg_at_10_diff1": -0.056602,
        "nauc_ndcg_at_20_max": 0.058245,
        "nauc_ndcg_at_20_std": 0.110035,
        "nauc_ndcg_at_20_diff1": -0.12197,
        "nauc_ndcg_at_100_max": 0.000901,
        "nauc_ndcg_at_100_std": 0.11069,
        "nauc_ndcg_at_100_diff1": -0.094539,
        "nauc_ndcg_at_1000_max": -0.023839,
        "nauc_ndcg_at_1000_std": 0.021878,
        "nauc_ndcg_at_1000_diff1": 0.021173,
        "nauc_map_at_1_max": NaN,
        "nauc_map_at_1_std": NaN,
        "nauc_map_at_1_diff1": NaN,
        "nauc_map_at_2_max": 1.0,
        "nauc_map_at_2_std": -0.318487,
        "nauc_map_at_2_diff1": 0.098471,
        "nauc_map_at_3_max": 0.37011,
        "nauc_map_at_3_std": 0.073679,
        "nauc_map_at_3_diff1": 0.030856,
        "nauc_map_at_5_max": 0.268416,
        "nauc_map_at_5_std": 0.0794,
        "nauc_map_at_5_diff1": 0.046459,
        "nauc_map_at_10_max": 0.181281,
        "nauc_map_at_10_std": 0.039684,
        "nauc_map_at_10_diff1": -0.018835,
        "nauc_map_at_20_max": 0.139585,
        "nauc_map_at_20_std": 0.076729,
        "nauc_map_at_20_diff1": -0.05933,
        "nauc_map_at_100_max": 0.099768,
        "nauc_map_at_100_std": 0.064515,
        "nauc_map_at_100_diff1": -0.065684,
        "nauc_map_at_1000_max": 0.082882,
        "nauc_map_at_1000_std": 0.053437,
        "nauc_map_at_1000_diff1": -0.038924,
        "nauc_recall_at_1_max": NaN,
        "nauc_recall_at_1_std": NaN,
        "nauc_recall_at_1_diff1": NaN,
        "nauc_recall_at_2_max": 1.0,
        "nauc_recall_at_2_std": -0.318487,
        "nauc_recall_at_2_diff1": 0.098471,
        "nauc_recall_at_3_max": 0.212638,
        "nauc_recall_at_3_std": 0.17172,
        "nauc_recall_at_3_diff1": 0.013952,
        "nauc_recall_at_5_max": 0.118236,
        "nauc_recall_at_5_std": 0.147303,
        "nauc_recall_at_5_diff1": 0.042125,
        "nauc_recall_at_10_max": 0.00762,
        "nauc_recall_at_10_std": 0.03311,
        "nauc_recall_at_10_diff1": -0.0989,
        "nauc_recall_at_20_max": -0.001127,
        "nauc_recall_at_20_std": 0.136786,
        "nauc_recall_at_20_diff1": -0.166219,
        "nauc_recall_at_100_max": -0.036181,
        "nauc_recall_at_100_std": 0.143093,
        "nauc_recall_at_100_diff1": -0.093713,
        "nauc_recall_at_1000_max": -0.039117,
        "nauc_recall_at_1000_std": 0.009775,
        "nauc_recall_at_1000_diff1": 0.03594,
        "nauc_precision_at_1_max": NaN,
        "nauc_precision_at_1_std": NaN,
        "nauc_precision_at_1_diff1": NaN,
        "nauc_precision_at_2_max": 1.0,
        "nauc_precision_at_2_std": -0.318487,
        "nauc_precision_at_2_diff1": 0.098471,
        "nauc_precision_at_3_max": 0.212638,
        "nauc_precision_at_3_std": 0.17172,
        "nauc_precision_at_3_diff1": 0.013952,
        "nauc_precision_at_5_max": 0.118236,
        "nauc_precision_at_5_std": 0.147303,
        "nauc_precision_at_5_diff1": 0.042125,
        "nauc_precision_at_10_max": 0.00762,
        "nauc_precision_at_10_std": 0.03311,
        "nauc_precision_at_10_diff1": -0.0989,
        "nauc_precision_at_20_max": -0.001127,
        "nauc_precision_at_20_std": 0.136786,
        "nauc_precision_at_20_diff1": -0.166219,
        "nauc_precision_at_100_max": -0.036181,
        "nauc_precision_at_100_std": 0.143093,
        "nauc_precision_at_100_diff1": -0.093713,
        "nauc_precision_at_1000_max": -0.039117,
        "nauc_precision_at_1000_std": 0.009775,
        "nauc_precision_at_1000_diff1": 0.03594,
        "nauc_mrr_at_1_max": NaN,
        "nauc_mrr_at_1_std": NaN,
        "nauc_mrr_at_1_diff1": NaN,
        "nauc_mrr_at_2_max": 1.0,
        "nauc_mrr_at_2_std": -0.318487,
        "nauc_mrr_at_2_diff1": 0.098471,
        "nauc_mrr_at_3_max": 0.37011,
        "nauc_mrr_at_3_std": 0.073679,
        "nauc_mrr_at_3_diff1": 0.030856,
        "nauc_mrr_at_5_max": 0.268416,
        "nauc_mrr_at_5_std": 0.0794,
        "nauc_mrr_at_5_diff1": 0.046459,
        "nauc_mrr_at_10_max": 0.181281,
        "nauc_mrr_at_10_std": 0.039684,
        "nauc_mrr_at_10_diff1": -0.018835,
        "nauc_mrr_at_20_max": 0.153091,
        "nauc_mrr_at_20_std": 0.075332,
        "nauc_mrr_at_20_diff1": -0.069472,
        "nauc_mrr_at_100_max": 0.1088,
        "nauc_mrr_at_100_std": 0.062714,
        "nauc_mrr_at_100_diff1": -0.074388,
        "nauc_mrr_at_1000_max": 0.09206,
        "nauc_mrr_at_1000_std": 0.053655,
        "nauc_mrr_at_1000_diff1": -0.046879,
        "hit_rate_at_1": 0.0,
        "hit_rate_at_2": 0.001,
        "hit_rate_at_3": 0.002,
        "hit_rate_at_5": 0.003,
        "hit_rate_at_10": 0.005,
        "hit_rate_at_20": 0.009,
        "hit_rate_at_100": 0.025,
        "hit_rate_at_1000": 0.164,
        "main_score": 0.0005,
        "hf_subset": "default",
        "languages": [
          "eng-Latn"
        ]
      }
    ]
  },
  "evaluation_time": 743.4000594615936,
  "kg_co2_emissions": null,
  "date": null
}