{
  "dataset_revision": "local",
  "task_name": "MultiEupV2LV",
  "mteb_version": "2.12.30",
  "scores": {
    "test": [
      {
        "ndcg_at_1": 0.41558,
        "ndcg_at_3": 0.47298,
        "ndcg_at_5": 0.49859,
        "ndcg_at_10": 0.53166,
        "ndcg_at_20": 0.55321,
        "ndcg_at_100": 0.58662,
        "ndcg_at_1000": 0.59697,
        "map_at_1": 0.38961,
        "map_at_3": 0.45011,
        "map_at_5": 0.46456,
        "map_at_10": 0.47858,
        "map_at_20": 0.48563,
        "map_at_100": 0.49038,
        "map_at_1000": 0.4911,
        "recall_at_1": 0.38961,
        "recall_at_3": 0.51537,
        "recall_at_5": 0.57706,
        "recall_at_10": 0.67684,
        "recall_at_20": 0.75498,
        "recall_at_100": 0.93247,
        "recall_at_1000": 1.0,
        "accuracy": 0.38961,
        "precision_at_1": 0.41558,
        "precision_at_3": 0.18831,
        "precision_at_5": 0.12597,
        "precision_at_10": 0.07532,
        "precision_at_20": 0.04253,
        "precision_at_100": 0.01045,
        "precision_at_1000": 0.00114,
        "mrr_at_1": 0.415584,
        "mrr_at_3": 0.474026,
        "mrr_at_5": 0.489286,
        "mrr_at_10": 0.501662,
        "mrr_at_20": 0.50679,
        "mrr_at_100": 0.511158,
        "mrr_at_1000": 0.511538,
        "nauc_ndcg_at_1_max": 0.509698,
        "nauc_ndcg_at_1_std": -0.058999,
        "nauc_ndcg_at_1_diff1": 0.702538,
        "nauc_ndcg_at_3_max": 0.463871,
        "nauc_ndcg_at_3_std": -0.101813,
        "nauc_ndcg_at_3_diff1": 0.642582,
        "nauc_ndcg_at_5_max": 0.455376,
        "nauc_ndcg_at_5_std": -0.082047,
        "nauc_ndcg_at_5_diff1": 0.622356,
        "nauc_ndcg_at_10_max": 0.451691,
        "nauc_ndcg_at_10_std": -0.073348,
        "nauc_ndcg_at_10_diff1": 0.598264,
        "nauc_ndcg_at_20_max": 0.451607,
        "nauc_ndcg_at_20_std": -0.076113,
        "nauc_ndcg_at_20_diff1": 0.620532,
        "nauc_ndcg_at_100_max": 0.459067,
        "nauc_ndcg_at_100_std": -0.073591,
        "nauc_ndcg_at_100_diff1": 0.628608,
        "nauc_ndcg_at_1000_max": 0.463145,
        "nauc_ndcg_at_1000_std": -0.074331,
        "nauc_ndcg_at_1000_diff1": 0.628791,
        "nauc_map_at_1_max": 0.485355,
        "nauc_map_at_1_std": -0.089168,
        "nauc_map_at_1_diff1": 0.706931,
        "nauc_map_at_3_max": 0.469346,
        "nauc_map_at_3_std": -0.099055,
        "nauc_map_at_3_diff1": 0.65336,
        "nauc_map_at_5_max": 0.465055,
        "nauc_map_at_5_std": -0.08829,
        "nauc_map_at_5_diff1": 0.641404,
        "nauc_map_at_10_max": 0.46534,
        "nauc_map_at_10_std": -0.082457,
        "nauc_map_at_10_diff1": 0.632113,
        "nauc_map_at_20_max": 0.466437,
        "nauc_map_at_20_std": -0.082079,
        "nauc_map_at_20_diff1": 0.639299,
        "nauc_map_at_100_max": 0.467337,
        "nauc_map_at_100_std": -0.081396,
        "nauc_map_at_100_diff1": 0.63963,
        "nauc_map_at_1000_max": 0.467509,
        "nauc_map_at_1000_std": -0.081387,
        "nauc_map_at_1000_diff1": 0.639509,
        "nauc_recall_at_1_max": 0.485355,
        "nauc_recall_at_1_std": -0.089168,
        "nauc_recall_at_1_diff1": 0.706931,
        "nauc_recall_at_3_max": 0.418603,
        "nauc_recall_at_3_std": -0.137553,
        "nauc_recall_at_3_diff1": 0.597162,
        "nauc_recall_at_5_max": 0.396174,
        "nauc_recall_at_5_std": -0.08428,
        "nauc_recall_at_5_diff1": 0.539112,
        "nauc_recall_at_10_max": 0.369883,
        "nauc_recall_at_10_std": -0.050158,
        "nauc_recall_at_10_diff1": 0.430415,
        "nauc_recall_at_20_max": 0.353256,
        "nauc_recall_at_20_std": -0.068218,
        "nauc_recall_at_20_diff1": 0.516421,
        "nauc_recall_at_100_max": 0.29018,
        "nauc_recall_at_100_std": -0.035195,
        "nauc_recall_at_100_diff1": 0.527754,
        "nauc_recall_at_1000_max": NaN,
        "nauc_recall_at_1000_std": NaN,
        "nauc_recall_at_1000_diff1": NaN,
        "nauc_precision_at_1_max": 0.509698,
        "nauc_precision_at_1_std": -0.058999,
        "nauc_precision_at_1_diff1": 0.702538,
        "nauc_precision_at_3_max": 0.422357,
        "nauc_precision_at_3_std": -0.077755,
        "nauc_precision_at_3_diff1": 0.510648,
        "nauc_precision_at_5_max": 0.397634,
        "nauc_precision_at_5_std": -0.027957,
        "nauc_precision_at_5_diff1": 0.457323,
        "nauc_precision_at_10_max": 0.314801,
        "nauc_precision_at_10_std": 0.014862,
        "nauc_precision_at_10_diff1": 0.264968,
        "nauc_precision_at_20_max": 0.251573,
        "nauc_precision_at_20_std": 0.03237,
        "nauc_precision_at_20_diff1": 0.249928,
        "nauc_precision_at_100_max": 0.085776,
        "nauc_precision_at_100_std": 0.084102,
        "nauc_precision_at_100_diff1": 0.000334,
        "nauc_precision_at_1000_max": -0.028816,
        "nauc_precision_at_1000_std": 0.093545,
        "nauc_precision_at_1000_diff1": -0.215289,
        "nauc_mrr_at_1_max": 0.509698,
        "nauc_mrr_at_1_std": -0.058999,
        "nauc_mrr_at_1_diff1": 0.702538,
        "nauc_mrr_at_3_max": 0.487049,
        "nauc_mrr_at_3_std": -0.073865,
        "nauc_mrr_at_3_diff1": 0.661145,
        "nauc_mrr_at_5_max": 0.481759,
        "nauc_mrr_at_5_std": -0.063633,
        "nauc_mrr_at_5_diff1": 0.650745,
        "nauc_mrr_at_10_max": 0.478622,
        "nauc_mrr_at_10_std": -0.063531,
        "nauc_mrr_at_10_diff1": 0.643627,
        "nauc_mrr_at_20_max": 0.47732,
        "nauc_mrr_at_20_std": -0.065981,
        "nauc_mrr_at_20_diff1": 0.648934,
        "nauc_mrr_at_100_max": 0.478962,
        "nauc_mrr_at_100_std": -0.06457,
        "nauc_mrr_at_100_diff1": 0.649146,
        "nauc_mrr_at_1000_max": 0.479205,
        "nauc_mrr_at_1000_std": -0.064485,
        "nauc_mrr_at_1000_diff1": 0.64931,
        "hit_rate_at_1": 0.41558,
        "hit_rate_at_3": 0.54545,
        "hit_rate_at_5": 0.61039,
        "hit_rate_at_10": 0.70779,
        "hit_rate_at_20": 0.77273,
        "hit_rate_at_100": 0.94805,
        "hit_rate_at_1000": 1.0,
        "main_score": 0.53166,
        "hf_subset": "default",
        "languages": [
          "lav-Latn"
        ]
      }
    ]
  },
  "evaluation_time": 3.8190979957580566,
  "kg_co2_emissions": null,
  "date": null
}