{
  "dataset_revision": "53c489a44a3664ba352c07550b72b4525a5968d5",
  "task_name": "R2MEDPMCTreatmentRetrieval",
  "mteb_version": "2.12.26",
  "scores": {
    "test": [
      {
        "ndcg_at_1": 0.40667,
        "ndcg_at_3": 0.37247,
        "ndcg_at_5": 0.38337,
        "ndcg_at_10": 0.41607,
        "ndcg_at_20": 0.44305,
        "ndcg_at_100": 0.47149,
        "ndcg_at_1000": 0.49651,
        "map_at_1": 0.25156,
        "map_at_3": 0.31454,
        "map_at_5": 0.33104,
        "map_at_10": 0.3492,
        "map_at_20": 0.35888,
        "map_at_100": 0.36384,
        "map_at_1000": 0.36492,
        "recall_at_1": 0.25156,
        "recall_at_3": 0.35156,
        "recall_at_5": 0.39789,
        "recall_at_10": 0.48022,
        "recall_at_20": 0.56667,
        "recall_at_100": 0.70233,
        "recall_at_1000": 0.86944,
        "accuracy": 0.25156,
        "precision_at_1": 0.40667,
        "precision_at_3": 0.21778,
        "precision_at_5": 0.15333,
        "precision_at_10": 0.09533,
        "precision_at_20": 0.057,
        "precision_at_100": 0.01373,
        "precision_at_1000": 0.00175,
        "mrr_at_1": 0.406667,
        "mrr_at_3": 0.465556,
        "mrr_at_5": 0.474889,
        "mrr_at_10": 0.481931,
        "mrr_at_20": 0.487673,
        "mrr_at_100": 0.490294,
        "mrr_at_1000": 0.490756,
        "nauc_ndcg_at_1_max": 0.426443,
        "nauc_ndcg_at_1_std": 0.051575,
        "nauc_ndcg_at_1_diff1": 0.473064,
        "nauc_ndcg_at_3_max": 0.278063,
        "nauc_ndcg_at_3_std": -0.073759,
        "nauc_ndcg_at_3_diff1": 0.392085,
        "nauc_ndcg_at_5_max": 0.273497,
        "nauc_ndcg_at_5_std": -0.077757,
        "nauc_ndcg_at_5_diff1": 0.39499,
        "nauc_ndcg_at_10_max": 0.284096,
        "nauc_ndcg_at_10_std": -0.047718,
        "nauc_ndcg_at_10_diff1": 0.390084,
        "nauc_ndcg_at_20_max": 0.282195,
        "nauc_ndcg_at_20_std": -0.03549,
        "nauc_ndcg_at_20_diff1": 0.402069,
        "nauc_ndcg_at_100_max": 0.306106,
        "nauc_ndcg_at_100_std": -0.017135,
        "nauc_ndcg_at_100_diff1": 0.402343,
        "nauc_ndcg_at_1000_max": 0.309172,
        "nauc_ndcg_at_1000_std": -0.016703,
        "nauc_ndcg_at_1000_diff1": 0.399317,
        "nauc_map_at_1_max": 0.151577,
        "nauc_map_at_1_std": -0.179028,
        "nauc_map_at_1_diff1": 0.401832,
        "nauc_map_at_3_max": 0.222003,
        "nauc_map_at_3_std": -0.124299,
        "nauc_map_at_3_diff1": 0.378123,
        "nauc_map_at_5_max": 0.242383,
        "nauc_map_at_5_std": -0.109175,
        "nauc_map_at_5_diff1": 0.385901,
        "nauc_map_at_10_max": 0.253219,
        "nauc_map_at_10_std": -0.089668,
        "nauc_map_at_10_diff1": 0.382102,
        "nauc_map_at_20_max": 0.253031,
        "nauc_map_at_20_std": -0.083842,
        "nauc_map_at_20_diff1": 0.38762,
        "nauc_map_at_100_max": 0.259578,
        "nauc_map_at_100_std": -0.080928,
        "nauc_map_at_100_diff1": 0.388808,
        "nauc_map_at_1000_max": 0.260014,
        "nauc_map_at_1000_std": -0.080401,
        "nauc_map_at_1000_diff1": 0.388534,
        "nauc_recall_at_1_max": 0.151577,
        "nauc_recall_at_1_std": -0.179028,
        "nauc_recall_at_1_diff1": 0.401832,
        "nauc_recall_at_3_max": 0.184277,
        "nauc_recall_at_3_std": -0.139854,
        "nauc_recall_at_3_diff1": 0.341551,
        "nauc_recall_at_5_max": 0.207163,
        "nauc_recall_at_5_std": -0.102753,
        "nauc_recall_at_5_diff1": 0.333656,
        "nauc_recall_at_10_max": 0.207524,
        "nauc_recall_at_10_std": -0.037568,
        "nauc_recall_at_10_diff1": 0.30224,
        "nauc_recall_at_20_max": 0.189128,
        "nauc_recall_at_20_std": 0.00113,
        "nauc_recall_at_20_diff1": 0.330227,
        "nauc_recall_at_100_max": 0.284164,
        "nauc_recall_at_100_std": 0.131686,
        "nauc_recall_at_100_diff1": 0.307076,
        "nauc_recall_at_1000_max": 0.251596,
        "nauc_recall_at_1000_std": 0.246352,
        "nauc_recall_at_1000_diff1": 0.228935,
        "nauc_precision_at_1_max": 0.426443,
        "nauc_precision_at_1_std": 0.051575,
        "nauc_precision_at_1_diff1": 0.473064,
        "nauc_precision_at_3_max": 0.429085,
        "nauc_precision_at_3_std": 0.134949,
        "nauc_precision_at_3_diff1": 0.314115,
        "nauc_precision_at_5_max": 0.430449,
        "nauc_precision_at_5_std": 0.137862,
        "nauc_precision_at_5_diff1": 0.292324,
        "nauc_precision_at_10_max": 0.414611,
        "nauc_precision_at_10_std": 0.20893,
        "nauc_precision_at_10_diff1": 0.250257,
        "nauc_precision_at_20_max": 0.359125,
        "nauc_precision_at_20_std": 0.230041,
        "nauc_precision_at_20_diff1": 0.225341,
        "nauc_precision_at_100_max": 0.410918,
        "nauc_precision_at_100_std": 0.292678,
        "nauc_precision_at_100_diff1": 0.172951,
        "nauc_precision_at_1000_max": 0.341877,
        "nauc_precision_at_1000_std": 0.260625,
        "nauc_precision_at_1000_diff1": 0.019166,
        "nauc_mrr_at_1_max": 0.426443,
        "nauc_mrr_at_1_std": 0.051575,
        "nauc_mrr_at_1_diff1": 0.473064,
        "nauc_mrr_at_3_max": 0.384242,
        "nauc_mrr_at_3_std": 0.025571,
        "nauc_mrr_at_3_diff1": 0.453897,
        "nauc_mrr_at_5_max": 0.388335,
        "nauc_mrr_at_5_std": 0.02389,
        "nauc_mrr_at_5_diff1": 0.455377,
        "nauc_mrr_at_10_max": 0.386115,
        "nauc_mrr_at_10_std": 0.022649,
        "nauc_mrr_at_10_diff1": 0.455299,
        "nauc_mrr_at_20_max": 0.385263,
        "nauc_mrr_at_20_std": 0.024282,
        "nauc_mrr_at_20_diff1": 0.455143,
        "nauc_mrr_at_100_max": 0.387014,
        "nauc_mrr_at_100_std": 0.025332,
        "nauc_mrr_at_100_diff1": 0.454901,
        "nauc_mrr_at_1000_max": 0.38697,
        "nauc_mrr_at_1000_std": 0.025455,
        "nauc_mrr_at_1000_diff1": 0.455057,
        "hit_rate_at_1": 0.40667,
        "hit_rate_at_3": 0.54,
        "hit_rate_at_5": 0.58,
        "hit_rate_at_10": 0.63333,
        "hit_rate_at_20": 0.71333,
        "hit_rate_at_100": 0.82667,
        "hit_rate_at_1000": 0.94667,
        "main_score": 0.41607,
        "hf_subset": "default",
        "languages": [
          "eng-Latn"
        ]
      }
    ]
  },
  "evaluation_time": 103.68199801445007,
  "kg_co2_emissions": null,
  "date": null
}