{
  "dataset_revision": "8b9fec2db9eda4b5742d03732213fbaee8169556",
  "task_name": "R2MEDBiologyRetrieval",
  "mteb_version": "2.12.26",
  "scores": {
    "test": [
      {
        "ndcg_at_1": 0.12621,
        "ndcg_at_3": 0.11175,
        "ndcg_at_5": 0.10849,
        "ndcg_at_10": 0.11862,
        "ndcg_at_20": 0.14139,
        "ndcg_at_100": 0.20309,
        "ndcg_at_1000": 0.27252,
        "map_at_1": 0.03224,
        "map_at_3": 0.06198,
        "map_at_5": 0.07022,
        "map_at_10": 0.0776,
        "map_at_20": 0.08511,
        "map_at_100": 0.09652,
        "map_at_1000": 0.10053,
        "recall_at_1": 0.03224,
        "recall_at_3": 0.08042,
        "recall_at_5": 0.10437,
        "recall_at_10": 0.13418,
        "recall_at_20": 0.198,
        "recall_at_100": 0.4333,
        "recall_at_1000": 0.82176,
        "accuracy": 0.03224,
        "precision_at_1": 0.12621,
        "precision_at_3": 0.10032,
        "precision_at_5": 0.07379,
        "precision_at_10": 0.0534,
        "precision_at_20": 0.03738,
        "precision_at_100": 0.01583,
        "precision_at_1000": 0.00293,
        "mrr_at_1": 0.126214,
        "mrr_at_3": 0.158576,
        "mrr_at_5": 0.165858,
        "mrr_at_10": 0.173582,
        "mrr_at_20": 0.179757,
        "mrr_at_100": 0.18704,
        "mrr_at_1000": 0.188471,
        "nauc_ndcg_at_1_max": 0.27357,
        "nauc_ndcg_at_1_std": -0.26483,
        "nauc_ndcg_at_1_diff1": 0.419999,
        "nauc_ndcg_at_3_max": 0.232546,
        "nauc_ndcg_at_3_std": -0.225502,
        "nauc_ndcg_at_3_diff1": 0.335768,
        "nauc_ndcg_at_5_max": 0.222176,
        "nauc_ndcg_at_5_std": -0.197052,
        "nauc_ndcg_at_5_diff1": 0.331288,
        "nauc_ndcg_at_10_max": 0.210877,
        "nauc_ndcg_at_10_std": -0.202851,
        "nauc_ndcg_at_10_diff1": 0.317812,
        "nauc_ndcg_at_20_max": 0.179801,
        "nauc_ndcg_at_20_std": -0.210519,
        "nauc_ndcg_at_20_diff1": 0.297644,
        "nauc_ndcg_at_100_max": 0.157369,
        "nauc_ndcg_at_100_std": -0.190819,
        "nauc_ndcg_at_100_diff1": 0.279827,
        "nauc_ndcg_at_1000_max": 0.172565,
        "nauc_ndcg_at_1000_std": -0.153084,
        "nauc_ndcg_at_1000_diff1": 0.283912,
        "nauc_map_at_1_max": 0.287444,
        "nauc_map_at_1_std": -0.28265,
        "nauc_map_at_1_diff1": 0.410046,
        "nauc_map_at_3_max": 0.269693,
        "nauc_map_at_3_std": -0.242788,
        "nauc_map_at_3_diff1": 0.339687,
        "nauc_map_at_5_max": 0.264992,
        "nauc_map_at_5_std": -0.202927,
        "nauc_map_at_5_diff1": 0.359869,
        "nauc_map_at_10_max": 0.241891,
        "nauc_map_at_10_std": -0.217457,
        "nauc_map_at_10_diff1": 0.343705,
        "nauc_map_at_20_max": 0.229523,
        "nauc_map_at_20_std": -0.22289,
        "nauc_map_at_20_diff1": 0.342107,
        "nauc_map_at_100_max": 0.213497,
        "nauc_map_at_100_std": -0.220452,
        "nauc_map_at_100_diff1": 0.328862,
        "nauc_map_at_1000_max": 0.210813,
        "nauc_map_at_1000_std": -0.217553,
        "nauc_map_at_1000_diff1": 0.329777,
        "nauc_recall_at_1_max": 0.287444,
        "nauc_recall_at_1_std": -0.28265,
        "nauc_recall_at_1_diff1": 0.410046,
        "nauc_recall_at_3_max": 0.240235,
        "nauc_recall_at_3_std": -0.198533,
        "nauc_recall_at_3_diff1": 0.232741,
        "nauc_recall_at_5_max": 0.224285,
        "nauc_recall_at_5_std": -0.108908,
        "nauc_recall_at_5_diff1": 0.251832,
        "nauc_recall_at_10_max": 0.194716,
        "nauc_recall_at_10_std": -0.138444,
        "nauc_recall_at_10_diff1": 0.248972,
        "nauc_recall_at_20_max": 0.109127,
        "nauc_recall_at_20_std": -0.147199,
        "nauc_recall_at_20_diff1": 0.183807,
        "nauc_recall_at_100_max": 0.08535,
        "nauc_recall_at_100_std": -0.092684,
        "nauc_recall_at_100_diff1": 0.144196,
        "nauc_recall_at_1000_max": 0.181468,
        "nauc_recall_at_1000_std": 0.234761,
        "nauc_recall_at_1000_diff1": -0.011119,
        "nauc_precision_at_1_max": 0.27357,
        "nauc_precision_at_1_std": -0.26483,
        "nauc_precision_at_1_diff1": 0.419999,
        "nauc_precision_at_3_max": 0.197956,
        "nauc_precision_at_3_std": -0.226478,
        "nauc_precision_at_3_diff1": 0.322121,
        "nauc_precision_at_5_max": 0.184324,
        "nauc_precision_at_5_std": -0.18574,
        "nauc_precision_at_5_diff1": 0.347639,
        "nauc_precision_at_10_max": 0.0857,
        "nauc_precision_at_10_std": -0.230469,
        "nauc_precision_at_10_diff1": 0.270038,
        "nauc_precision_at_20_max": 0.043397,
        "nauc_precision_at_20_std": -0.225049,
        "nauc_precision_at_20_diff1": 0.233142,
        "nauc_precision_at_100_max": 0.007601,
        "nauc_precision_at_100_std": -0.166758,
        "nauc_precision_at_100_diff1": 0.215183,
        "nauc_precision_at_1000_max": -0.016211,
        "nauc_precision_at_1000_std": -0.078942,
        "nauc_precision_at_1000_diff1": 0.206931,
        "nauc_mrr_at_1_max": 0.27357,
        "nauc_mrr_at_1_std": -0.26483,
        "nauc_mrr_at_1_diff1": 0.419999,
        "nauc_mrr_at_3_max": 0.240198,
        "nauc_mrr_at_3_std": -0.22314,
        "nauc_mrr_at_3_diff1": 0.356136,
        "nauc_mrr_at_5_max": 0.237011,
        "nauc_mrr_at_5_std": -0.207893,
        "nauc_mrr_at_5_diff1": 0.345908,
        "nauc_mrr_at_10_max": 0.225655,
        "nauc_mrr_at_10_std": -0.212336,
        "nauc_mrr_at_10_diff1": 0.345026,
        "nauc_mrr_at_20_max": 0.219514,
        "nauc_mrr_at_20_std": -0.210909,
        "nauc_mrr_at_20_diff1": 0.333318,
        "nauc_mrr_at_100_max": 0.216754,
        "nauc_mrr_at_100_std": -0.213841,
        "nauc_mrr_at_100_diff1": 0.336798,
        "nauc_mrr_at_1000_max": 0.217499,
        "nauc_mrr_at_1000_std": -0.213416,
        "nauc_mrr_at_1000_diff1": 0.337841,
        "hit_rate_at_1": 0.12621,
        "hit_rate_at_3": 0.20388,
        "hit_rate_at_5": 0.23301,
        "hit_rate_at_10": 0.29126,
        "hit_rate_at_20": 0.37864,
        "hit_rate_at_100": 0.66019,
        "hit_rate_at_1000": 0.98058,
        "main_score": 0.11862,
        "hf_subset": "default",
        "languages": [
          "eng-Latn"
        ]
      }
    ]
  },
  "evaluation_time": 118.29097771644592,
  "kg_co2_emissions": null,
  "date": null
}