{
  "dataset_revision": "6021fce366892cbfd7837fa85a4128ea93315e18",
  "task_name": "R2MEDBioinformaticsRetrieval",
  "mteb_version": "2.12.21",
  "scores": {
    "test": [
      {
        "ndcg_at_1": 0.20779,
        "ndcg_at_3": 0.24211,
        "ndcg_at_5": 0.25409,
        "ndcg_at_10": 0.28639,
        "ndcg_at_20": 0.32006,
        "ndcg_at_100": 0.38998,
        "ndcg_at_1000": 0.42801,
        "map_at_1": 0.12489,
        "map_at_3": 0.18259,
        "map_at_5": 0.19785,
        "map_at_10": 0.21479,
        "map_at_20": 0.22731,
        "map_at_100": 0.24244,
        "map_at_1000": 0.2452,
        "recall_at_1": 0.12489,
        "recall_at_3": 0.25501,
        "recall_at_5": 0.29853,
        "recall_at_10": 0.37539,
        "recall_at_20": 0.46858,
        "recall_at_100": 0.72924,
        "recall_at_1000": 0.95331,
        "accuracy": 0.12489,
        "precision_at_1": 0.20779,
        "precision_at_3": 0.15584,
        "precision_at_5": 0.11948,
        "precision_at_10": 0.08701,
        "precision_at_20": 0.05909,
        "precision_at_100": 0.02143,
        "precision_at_1000": 0.00283,
        "mrr_at_1": 0.207792,
        "mrr_at_3": 0.290043,
        "mrr_at_5": 0.301732,
        "mrr_at_10": 0.318141,
        "mrr_at_20": 0.326753,
        "mrr_at_100": 0.330687,
        "mrr_at_1000": 0.33125,
        "nauc_ndcg_at_1_max": 0.041065,
        "nauc_ndcg_at_1_std": 0.011464,
        "nauc_ndcg_at_1_diff1": 0.28301,
        "nauc_ndcg_at_3_max": -0.008331,
        "nauc_ndcg_at_3_std": 0.002108,
        "nauc_ndcg_at_3_diff1": 0.163369,
        "nauc_ndcg_at_5_max": 0.012184,
        "nauc_ndcg_at_5_std": -0.030961,
        "nauc_ndcg_at_5_diff1": 0.158757,
        "nauc_ndcg_at_10_max": 0.036978,
        "nauc_ndcg_at_10_std": -0.05958,
        "nauc_ndcg_at_10_diff1": 0.212885,
        "nauc_ndcg_at_20_max": 0.042941,
        "nauc_ndcg_at_20_std": -0.043002,
        "nauc_ndcg_at_20_diff1": 0.228658,
        "nauc_ndcg_at_100_max": 0.056427,
        "nauc_ndcg_at_100_std": -0.000567,
        "nauc_ndcg_at_100_diff1": 0.165084,
        "nauc_ndcg_at_1000_max": 0.033349,
        "nauc_ndcg_at_1000_std": 0.009143,
        "nauc_ndcg_at_1000_diff1": 0.161083,
        "nauc_map_at_1_max": 0.012131,
        "nauc_map_at_1_std": 0.06095,
        "nauc_map_at_1_diff1": 0.199961,
        "nauc_map_at_3_max": 0.016365,
        "nauc_map_at_3_std": 0.019009,
        "nauc_map_at_3_diff1": 0.177833,
        "nauc_map_at_5_max": 0.02847,
        "nauc_map_at_5_std": 0.002637,
        "nauc_map_at_5_diff1": 0.168556,
        "nauc_map_at_10_max": 0.045515,
        "nauc_map_at_10_std": -0.014289,
        "nauc_map_at_10_diff1": 0.193807,
        "nauc_map_at_20_max": 0.052133,
        "nauc_map_at_20_std": -0.007108,
        "nauc_map_at_20_diff1": 0.206081,
        "nauc_map_at_100_max": 0.049596,
        "nauc_map_at_100_std": -0.004313,
        "nauc_map_at_100_diff1": 0.189225,
        "nauc_map_at_1000_max": 0.048199,
        "nauc_map_at_1000_std": -0.002147,
        "nauc_map_at_1000_diff1": 0.186855,
        "nauc_recall_at_1_max": 0.012131,
        "nauc_recall_at_1_std": 0.06095,
        "nauc_recall_at_1_diff1": 0.199961,
        "nauc_recall_at_3_max": -0.018154,
        "nauc_recall_at_3_std": -0.074729,
        "nauc_recall_at_3_diff1": 0.145302,
        "nauc_recall_at_5_max": 0.017666,
        "nauc_recall_at_5_std": -0.089685,
        "nauc_recall_at_5_diff1": 0.118892,
        "nauc_recall_at_10_max": 0.047026,
        "nauc_recall_at_10_std": -0.147653,
        "nauc_recall_at_10_diff1": 0.222487,
        "nauc_recall_at_20_max": 0.048562,
        "nauc_recall_at_20_std": -0.11679,
        "nauc_recall_at_20_diff1": 0.260661,
        "nauc_recall_at_100_max": 0.160083,
        "nauc_recall_at_100_std": -0.001126,
        "nauc_recall_at_100_diff1": 0.092058,
        "nauc_recall_at_1000_max": -0.642431,
        "nauc_recall_at_1000_std": -0.539631,
        "nauc_recall_at_1000_diff1": -0.022727,
        "nauc_precision_at_1_max": 0.041065,
        "nauc_precision_at_1_std": 0.011464,
        "nauc_precision_at_1_diff1": 0.28301,
        "nauc_precision_at_3_max": 0.004063,
        "nauc_precision_at_3_std": 0.036641,
        "nauc_precision_at_3_diff1": 0.139715,
        "nauc_precision_at_5_max": 0.014267,
        "nauc_precision_at_5_std": -0.026642,
        "nauc_precision_at_5_diff1": 0.079618,
        "nauc_precision_at_10_max": 0.059593,
        "nauc_precision_at_10_std": -0.067635,
        "nauc_precision_at_10_diff1": 0.118665,
        "nauc_precision_at_20_max": 0.046355,
        "nauc_precision_at_20_std": -0.019262,
        "nauc_precision_at_20_diff1": 0.106846,
        "nauc_precision_at_100_max": -0.006238,
        "nauc_precision_at_100_std": 0.159569,
        "nauc_precision_at_100_diff1": -0.230139,
        "nauc_precision_at_1000_max": 0.004962,
        "nauc_precision_at_1000_std": 0.246669,
        "nauc_precision_at_1000_diff1": -0.235528,
        "nauc_mrr_at_1_max": 0.041065,
        "nauc_mrr_at_1_std": 0.011464,
        "nauc_mrr_at_1_diff1": 0.28301,
        "nauc_mrr_at_3_max": -0.007437,
        "nauc_mrr_at_3_std": -0.039005,
        "nauc_mrr_at_3_diff1": 0.227991,
        "nauc_mrr_at_5_max": -0.001632,
        "nauc_mrr_at_5_std": -0.038192,
        "nauc_mrr_at_5_diff1": 0.221807,
        "nauc_mrr_at_10_max": 0.003329,
        "nauc_mrr_at_10_std": -0.033553,
        "nauc_mrr_at_10_diff1": 0.232153,
        "nauc_mrr_at_20_max": 0.006715,
        "nauc_mrr_at_20_std": -0.023722,
        "nauc_mrr_at_20_diff1": 0.230611,
        "nauc_mrr_at_100_max": 0.012292,
        "nauc_mrr_at_100_std": -0.020817,
        "nauc_mrr_at_100_diff1": 0.230892,
        "nauc_mrr_at_1000_max": 0.011567,
        "nauc_mrr_at_1000_std": -0.021464,
        "nauc_mrr_at_1000_diff1": 0.231407,
        "hit_rate_at_1": 0.20779,
        "hit_rate_at_3": 0.41558,
        "hit_rate_at_5": 0.46753,
        "hit_rate_at_10": 0.58442,
        "hit_rate_at_20": 0.7013,
        "hit_rate_at_100": 0.85714,
        "hit_rate_at_1000": 0.98701,
        "main_score": 0.28639,
        "hf_subset": "default",
        "languages": [
          "eng-Latn"
        ]
      }
    ]
  },
  "evaluation_time": 895.0779545307159,
  "kg_co2_emissions": null,
  "date": null
}