{
  "dataset_revision": "812829522f7eaa407ef82b96717be85788a50f7e",
  "task_name": "R2MEDPMCClinicalRetrieval",
  "mteb_version": "2.12.22",
  "scores": {
    "test": [
      {
        "ndcg_at_1": 0.15789,
        "ndcg_at_3": 0.15638,
        "ndcg_at_5": 0.17736,
        "ndcg_at_10": 0.21325,
        "ndcg_at_20": 0.24356,
        "ndcg_at_100": 0.28872,
        "ndcg_at_1000": 0.3268,
        "map_at_1": 0.08918,
        "map_at_3": 0.12744,
        "map_at_5": 0.13957,
        "map_at_10": 0.15593,
        "map_at_20": 0.1653,
        "map_at_100": 0.17243,
        "map_at_1000": 0.17428,
        "recall_at_1": 0.08918,
        "recall_at_3": 0.16447,
        "recall_at_5": 0.20906,
        "recall_at_10": 0.29678,
        "recall_at_20": 0.39766,
        "recall_at_100": 0.60015,
        "recall_at_1000": 0.84137,
        "accuracy": 0.08918,
        "precision_at_1": 0.15789,
        "precision_at_3": 0.10234,
        "precision_at_5": 0.0807,
        "precision_at_10": 0.05965,
        "precision_at_20": 0.03991,
        "precision_at_100": 0.01228,
        "precision_at_1000": 0.0018,
        "mrr_at_1": 0.157895,
        "mrr_at_3": 0.201754,
        "mrr_at_5": 0.217105,
        "mrr_at_10": 0.234959,
        "mrr_at_20": 0.241754,
        "mrr_at_100": 0.247121,
        "mrr_at_1000": 0.247723,
        "nauc_ndcg_at_1_max": 0.088901,
        "nauc_ndcg_at_1_std": -0.058894,
        "nauc_ndcg_at_1_diff1": 0.257247,
        "nauc_ndcg_at_3_max": 0.225419,
        "nauc_ndcg_at_3_std": 0.101471,
        "nauc_ndcg_at_3_diff1": 0.218186,
        "nauc_ndcg_at_5_max": 0.227834,
        "nauc_ndcg_at_5_std": 0.114737,
        "nauc_ndcg_at_5_diff1": 0.20788,
        "nauc_ndcg_at_10_max": 0.230714,
        "nauc_ndcg_at_10_std": 0.119675,
        "nauc_ndcg_at_10_diff1": 0.23462,
        "nauc_ndcg_at_20_max": 0.243706,
        "nauc_ndcg_at_20_std": 0.156675,
        "nauc_ndcg_at_20_diff1": 0.229944,
        "nauc_ndcg_at_100_max": 0.232768,
        "nauc_ndcg_at_100_std": 0.156395,
        "nauc_ndcg_at_100_diff1": 0.212368,
        "nauc_ndcg_at_1000_max": 0.255425,
        "nauc_ndcg_at_1000_std": 0.16795,
        "nauc_ndcg_at_1000_diff1": 0.231368,
        "nauc_map_at_1_max": 0.030848,
        "nauc_map_at_1_std": -0.096624,
        "nauc_map_at_1_diff1": 0.267541,
        "nauc_map_at_3_max": 0.183646,
        "nauc_map_at_3_std": 0.052987,
        "nauc_map_at_3_diff1": 0.217841,
        "nauc_map_at_5_max": 0.187237,
        "nauc_map_at_5_std": 0.062182,
        "nauc_map_at_5_diff1": 0.218378,
        "nauc_map_at_10_max": 0.197372,
        "nauc_map_at_10_std": 0.06224,
        "nauc_map_at_10_diff1": 0.236109,
        "nauc_map_at_20_max": 0.203125,
        "nauc_map_at_20_std": 0.079671,
        "nauc_map_at_20_diff1": 0.235009,
        "nauc_map_at_100_max": 0.201957,
        "nauc_map_at_100_std": 0.081484,
        "nauc_map_at_100_diff1": 0.229023,
        "nauc_map_at_1000_max": 0.202854,
        "nauc_map_at_1000_std": 0.082214,
        "nauc_map_at_1000_diff1": 0.228847,
        "nauc_recall_at_1_max": 0.030848,
        "nauc_recall_at_1_std": -0.096624,
        "nauc_recall_at_1_diff1": 0.267541,
        "nauc_recall_at_3_max": 0.275533,
        "nauc_recall_at_3_std": 0.184955,
        "nauc_recall_at_3_diff1": 0.172725,
        "nauc_recall_at_5_max": 0.272854,
        "nauc_recall_at_5_std": 0.203316,
        "nauc_recall_at_5_diff1": 0.147047,
        "nauc_recall_at_10_max": 0.250617,
        "nauc_recall_at_10_std": 0.196317,
        "nauc_recall_at_10_diff1": 0.196433,
        "nauc_recall_at_20_max": 0.260077,
        "nauc_recall_at_20_std": 0.271992,
        "nauc_recall_at_20_diff1": 0.168053,
        "nauc_recall_at_100_max": 0.186138,
        "nauc_recall_at_100_std": 0.265008,
        "nauc_recall_at_100_diff1": 0.099823,
        "nauc_recall_at_1000_max": 0.381134,
        "nauc_recall_at_1000_std": 0.498619,
        "nauc_recall_at_1000_diff1": 0.182781,
        "nauc_precision_at_1_max": 0.088901,
        "nauc_precision_at_1_std": -0.058894,
        "nauc_precision_at_1_diff1": 0.257247,
        "nauc_precision_at_3_max": 0.343244,
        "nauc_precision_at_3_std": 0.204954,
        "nauc_precision_at_3_diff1": 0.190744,
        "nauc_precision_at_5_max": 0.341478,
        "nauc_precision_at_5_std": 0.233134,
        "nauc_precision_at_5_diff1": 0.183196,
        "nauc_precision_at_10_max": 0.344758,
        "nauc_precision_at_10_std": 0.228201,
        "nauc_precision_at_10_diff1": 0.236172,
        "nauc_precision_at_20_max": 0.350542,
        "nauc_precision_at_20_std": 0.296377,
        "nauc_precision_at_20_diff1": 0.201125,
        "nauc_precision_at_100_max": 0.304546,
        "nauc_precision_at_100_std": 0.268255,
        "nauc_precision_at_100_diff1": 0.142204,
        "nauc_precision_at_1000_max": 0.313222,
        "nauc_precision_at_1000_std": 0.250511,
        "nauc_precision_at_1000_diff1": 0.181437,
        "nauc_mrr_at_1_max": 0.088901,
        "nauc_mrr_at_1_std": -0.058894,
        "nauc_mrr_at_1_diff1": 0.257247,
        "nauc_mrr_at_3_max": 0.19486,
        "nauc_mrr_at_3_std": 0.057496,
        "nauc_mrr_at_3_diff1": 0.2539,
        "nauc_mrr_at_5_max": 0.201735,
        "nauc_mrr_at_5_std": 0.076065,
        "nauc_mrr_at_5_diff1": 0.236035,
        "nauc_mrr_at_10_max": 0.201186,
        "nauc_mrr_at_10_std": 0.082555,
        "nauc_mrr_at_10_diff1": 0.248296,
        "nauc_mrr_at_20_max": 0.200725,
        "nauc_mrr_at_20_std": 0.083468,
        "nauc_mrr_at_20_diff1": 0.245254,
        "nauc_mrr_at_100_max": 0.198551,
        "nauc_mrr_at_100_std": 0.081916,
        "nauc_mrr_at_100_diff1": 0.242982,
        "nauc_mrr_at_1000_max": 0.198777,
        "nauc_mrr_at_1000_std": 0.081695,
        "nauc_mrr_at_1000_diff1": 0.243517,
        "hit_rate_at_1": 0.15789,
        "hit_rate_at_3": 0.26316,
        "hit_rate_at_5": 0.33333,
        "hit_rate_at_10": 0.46491,
        "hit_rate_at_20": 0.57018,
        "hit_rate_at_100": 0.78947,
        "hit_rate_at_1000": 0.92105,
        "main_score": 0.21325,
        "hf_subset": "default",
        "languages": [
          "eng-Latn"
        ]
      }
    ]
  },
  "evaluation_time": 3236.35791182518,
  "kg_co2_emissions": null,
  "date": null
}