{
  "dataset_revision": "ed0a01c3e4d39ec17badb87405e595322f8f2b86",
  "task_name": "RARbCode",
  "mteb_version": "2.12.26",
  "scores": {
    "test": [
      {
        "ndcg_at_1": 0.23854,
        "ndcg_at_3": 0.30477,
        "ndcg_at_5": 0.32286,
        "ndcg_at_10": 0.33885,
        "ndcg_at_20": 0.35323,
        "ndcg_at_100": 0.37744,
        "ndcg_at_1000": 0.39872,
        "map_at_1": 0.23854,
        "map_at_3": 0.28852,
        "map_at_5": 0.2986,
        "map_at_10": 0.30537,
        "map_at_20": 0.30935,
        "map_at_100": 0.31253,
        "map_at_1000": 0.31321,
        "recall_at_1": 0.23854,
        "recall_at_3": 0.35175,
        "recall_at_5": 0.39555,
        "recall_at_10": 0.44407,
        "recall_at_20": 0.50067,
        "recall_at_100": 0.6341,
        "recall_at_1000": 0.80795,
        "accuracy": 0.23854,
        "precision_at_1": 0.23854,
        "precision_at_3": 0.11725,
        "precision_at_5": 0.07911,
        "precision_at_10": 0.04441,
        "precision_at_20": 0.02503,
        "precision_at_100": 0.00634,
        "precision_at_1000": 0.00081,
        "mrr_at_1": 0.238544,
        "mrr_at_3": 0.28841,
        "mrr_at_5": 0.298484,
        "mrr_at_10": 0.305262,
        "mrr_at_20": 0.309239,
        "mrr_at_100": 0.312415,
        "mrr_at_1000": 0.3131,
        "nauc_ndcg_at_1_max": 0.075505,
        "nauc_ndcg_at_1_std": 0.328072,
        "nauc_ndcg_at_1_diff1": 0.622381,
        "nauc_ndcg_at_3_max": 0.018902,
        "nauc_ndcg_at_3_std": 0.359643,
        "nauc_ndcg_at_3_diff1": 0.515093,
        "nauc_ndcg_at_5_max": 0.014828,
        "nauc_ndcg_at_5_std": 0.371897,
        "nauc_ndcg_at_5_diff1": 0.499335,
        "nauc_ndcg_at_10_max": 0.016539,
        "nauc_ndcg_at_10_std": 0.384259,
        "nauc_ndcg_at_10_diff1": 0.49715,
        "nauc_ndcg_at_20_max": 0.000738,
        "nauc_ndcg_at_20_std": 0.388627,
        "nauc_ndcg_at_20_diff1": 0.492126,
        "nauc_ndcg_at_100_max": -0.008227,
        "nauc_ndcg_at_100_std": 0.399155,
        "nauc_ndcg_at_100_diff1": 0.486025,
        "nauc_ndcg_at_1000_max": -0.017092,
        "nauc_ndcg_at_1000_std": 0.399333,
        "nauc_ndcg_at_1000_diff1": 0.490972,
        "nauc_map_at_1_max": 0.075505,
        "nauc_map_at_1_std": 0.328072,
        "nauc_map_at_1_diff1": 0.622381,
        "nauc_map_at_3_max": 0.031949,
        "nauc_map_at_3_std": 0.352172,
        "nauc_map_at_3_diff1": 0.538758,
        "nauc_map_at_5_max": 0.029474,
        "nauc_map_at_5_std": 0.359163,
        "nauc_map_at_5_diff1": 0.529682,
        "nauc_map_at_10_max": 0.029881,
        "nauc_map_at_10_std": 0.364533,
        "nauc_map_at_10_diff1": 0.528817,
        "nauc_map_at_20_max": 0.025455,
        "nauc_map_at_20_std": 0.365843,
        "nauc_map_at_20_diff1": 0.527649,
        "nauc_map_at_100_max": 0.024371,
        "nauc_map_at_100_std": 0.36721,
        "nauc_map_at_100_diff1": 0.526983,
        "nauc_map_at_1000_max": 0.024135,
        "nauc_map_at_1000_std": 0.367175,
        "nauc_map_at_1000_diff1": 0.527144,
        "nauc_recall_at_1_max": 0.075505,
        "nauc_recall_at_1_std": 0.328072,
        "nauc_recall_at_1_diff1": 0.622381,
        "nauc_recall_at_3_max": -0.016417,
        "nauc_recall_at_3_std": 0.37994,
        "nauc_recall_at_3_diff1": 0.45144,
        "nauc_recall_at_5_max": -0.02462,
        "nauc_recall_at_5_std": 0.407503,
        "nauc_recall_at_5_diff1": 0.416821,
        "nauc_recall_at_10_max": -0.018434,
        "nauc_recall_at_10_std": 0.443198,
        "nauc_recall_at_10_diff1": 0.409343,
        "nauc_recall_at_20_max": -0.079032,
        "nauc_recall_at_20_std": 0.460174,
        "nauc_recall_at_20_diff1": 0.387093,
        "nauc_recall_at_100_max": -0.148117,
        "nauc_recall_at_100_std": 0.535881,
        "nauc_recall_at_100_diff1": 0.33134,
        "nauc_recall_at_1000_max": -0.362981,
        "nauc_recall_at_1000_std": 0.626378,
        "nauc_recall_at_1000_diff1": 0.306496,
        "nauc_precision_at_1_max": 0.075505,
        "nauc_precision_at_1_std": 0.328072,
        "nauc_precision_at_1_diff1": 0.622381,
        "nauc_precision_at_3_max": -0.016417,
        "nauc_precision_at_3_std": 0.37994,
        "nauc_precision_at_3_diff1": 0.45144,
        "nauc_precision_at_5_max": -0.02462,
        "nauc_precision_at_5_std": 0.407503,
        "nauc_precision_at_5_diff1": 0.416821,
        "nauc_precision_at_10_max": -0.018434,
        "nauc_precision_at_10_std": 0.443198,
        "nauc_precision_at_10_diff1": 0.409343,
        "nauc_precision_at_20_max": -0.079032,
        "nauc_precision_at_20_std": 0.460174,
        "nauc_precision_at_20_diff1": 0.387093,
        "nauc_precision_at_100_max": -0.148117,
        "nauc_precision_at_100_std": 0.535881,
        "nauc_precision_at_100_diff1": 0.33134,
        "nauc_precision_at_1000_max": -0.362981,
        "nauc_precision_at_1000_std": 0.626378,
        "nauc_precision_at_1000_diff1": 0.306496,
        "nauc_mrr_at_1_max": 0.075505,
        "nauc_mrr_at_1_std": 0.328072,
        "nauc_mrr_at_1_diff1": 0.622381,
        "nauc_mrr_at_3_max": 0.032196,
        "nauc_mrr_at_3_std": 0.352134,
        "nauc_mrr_at_3_diff1": 0.538831,
        "nauc_mrr_at_5_max": 0.029719,
        "nauc_mrr_at_5_std": 0.359126,
        "nauc_mrr_at_5_diff1": 0.529754,
        "nauc_mrr_at_10_max": 0.030127,
        "nauc_mrr_at_10_std": 0.364497,
        "nauc_mrr_at_10_diff1": 0.528889,
        "nauc_mrr_at_20_max": 0.025701,
        "nauc_mrr_at_20_std": 0.365806,
        "nauc_mrr_at_20_diff1": 0.527721,
        "nauc_mrr_at_100_max": 0.024618,
        "nauc_mrr_at_100_std": 0.367173,
        "nauc_mrr_at_100_diff1": 0.527056,
        "nauc_mrr_at_1000_max": 0.024383,
        "nauc_mrr_at_1000_std": 0.367139,
        "nauc_mrr_at_1000_diff1": 0.527217,
        "hit_rate_at_1": 0.23854,
        "hit_rate_at_3": 0.35175,
        "hit_rate_at_5": 0.39555,
        "hit_rate_at_10": 0.44407,
        "hit_rate_at_20": 0.50067,
        "hit_rate_at_100": 0.6341,
        "hit_rate_at_1000": 0.80795,
        "main_score": 0.33885,
        "hf_subset": "default",
        "languages": [
          "eng-Latn"
        ]
      }
    ]
  },
  "evaluation_time": 1386.9608161449432,
  "kg_co2_emissions": null,
  "date": null
}