{
  "dataset_revision": "7b46f5ebd2365278c1bb025986dda2fee893bbf5",
  "task_name": "StackOverflowQA",
  "mteb_version": "2.12.26",
  "scores": {
    "test": [
      {
        "ndcg_at_1": 0.72317,
        "ndcg_at_3": 0.78495,
        "ndcg_at_5": 0.79903,
        "ndcg_at_10": 0.81234,
        "ndcg_at_20": 0.82032,
        "ndcg_at_100": 0.82774,
        "ndcg_at_1000": 0.8303,
        "map_at_1": 0.72317,
        "map_at_3": 0.76989,
        "map_at_5": 0.77772,
        "map_at_10": 0.78322,
        "map_at_20": 0.78547,
        "map_at_100": 0.78655,
        "map_at_1000": 0.78666,
        "recall_at_1": 0.72317,
        "recall_at_3": 0.82849,
        "recall_at_5": 0.86259,
        "recall_at_10": 0.90371,
        "recall_at_20": 0.9348,
        "recall_at_100": 0.97392,
        "recall_at_1000": 0.99348,
        "accuracy": 0.72317,
        "precision_at_1": 0.72317,
        "precision_at_3": 0.27616,
        "precision_at_5": 0.17252,
        "precision_at_10": 0.09037,
        "precision_at_20": 0.04674,
        "precision_at_100": 0.00974,
        "precision_at_1000": 0.00099,
        "mrr_at_1": 0.72317,
        "mrr_at_3": 0.769893,
        "mrr_at_5": 0.777716,
        "mrr_at_10": 0.783217,
        "mrr_at_20": 0.785472,
        "mrr_at_100": 0.786554,
        "mrr_at_1000": 0.78666,
        "nauc_ndcg_at_1_max": 0.742354,
        "nauc_ndcg_at_1_std": -0.083799,
        "nauc_ndcg_at_1_diff1": 0.818824,
        "nauc_ndcg_at_3_max": 0.763096,
        "nauc_ndcg_at_3_std": -0.072775,
        "nauc_ndcg_at_3_diff1": 0.800361,
        "nauc_ndcg_at_5_max": 0.759403,
        "nauc_ndcg_at_5_std": -0.076887,
        "nauc_ndcg_at_5_diff1": 0.799114,
        "nauc_ndcg_at_10_max": 0.75398,
        "nauc_ndcg_at_10_std": -0.072213,
        "nauc_ndcg_at_10_diff1": 0.795405,
        "nauc_ndcg_at_20_max": 0.753294,
        "nauc_ndcg_at_20_std": -0.075479,
        "nauc_ndcg_at_20_diff1": 0.796568,
        "nauc_ndcg_at_100_max": 0.754451,
        "nauc_ndcg_at_100_std": -0.069361,
        "nauc_ndcg_at_100_diff1": 0.800121,
        "nauc_ndcg_at_1000_max": 0.753819,
        "nauc_ndcg_at_1000_std": -0.073193,
        "nauc_ndcg_at_1000_diff1": 0.800286,
        "nauc_map_at_1_max": 0.742354,
        "nauc_map_at_1_std": -0.083799,
        "nauc_map_at_1_diff1": 0.818824,
        "nauc_map_at_3_max": 0.75753,
        "nauc_map_at_3_std": -0.075172,
        "nauc_map_at_3_diff1": 0.80545,
        "nauc_map_at_5_max": 0.755502,
        "nauc_map_at_5_std": -0.077413,
        "nauc_map_at_5_diff1": 0.805002,
        "nauc_map_at_10_max": 0.753372,
        "nauc_map_at_10_std": -0.07575,
        "nauc_map_at_10_diff1": 0.803807,
        "nauc_map_at_20_max": 0.753183,
        "nauc_map_at_20_std": -0.07648,
        "nauc_map_at_20_diff1": 0.804176,
        "nauc_map_at_100_max": 0.753308,
        "nauc_map_at_100_std": -0.075772,
        "nauc_map_at_100_diff1": 0.804547,
        "nauc_map_at_1000_max": 0.753288,
        "nauc_map_at_1000_std": -0.075877,
        "nauc_map_at_1000_diff1": 0.80455,
        "nauc_recall_at_1_max": 0.742354,
        "nauc_recall_at_1_std": -0.083799,
        "nauc_recall_at_1_diff1": 0.818824,
        "nauc_recall_at_3_max": 0.783479,
        "nauc_recall_at_3_std": -0.064308,
        "nauc_recall_at_3_diff1": 0.781653,
        "nauc_recall_at_5_max": 0.775396,
        "nauc_recall_at_5_std": -0.075788,
        "nauc_recall_at_5_diff1": 0.773193,
        "nauc_recall_at_10_max": 0.752253,
        "nauc_recall_at_10_std": -0.049323,
        "nauc_recall_at_10_diff1": 0.742938,
        "nauc_recall_at_20_max": 0.745214,
        "nauc_recall_at_20_std": -0.072103,
        "nauc_recall_at_20_diff1": 0.729461,
        "nauc_recall_at_100_max": 0.770643,
        "nauc_recall_at_100_std": 0.128674,
        "nauc_recall_at_100_diff1": 0.75143,
        "nauc_recall_at_1000_max": 0.705081,
        "nauc_recall_at_1000_std": -0.003569,
        "nauc_recall_at_1000_diff1": 0.641499,
        "nauc_precision_at_1_max": 0.742354,
        "nauc_precision_at_1_std": -0.083799,
        "nauc_precision_at_1_diff1": 0.818824,
        "nauc_precision_at_3_max": 0.783479,
        "nauc_precision_at_3_std": -0.064308,
        "nauc_precision_at_3_diff1": 0.781653,
        "nauc_precision_at_5_max": 0.775396,
        "nauc_precision_at_5_std": -0.075788,
        "nauc_precision_at_5_diff1": 0.773193,
        "nauc_precision_at_10_max": 0.752253,
        "nauc_precision_at_10_std": -0.049323,
        "nauc_precision_at_10_diff1": 0.742938,
        "nauc_precision_at_20_max": 0.745214,
        "nauc_precision_at_20_std": -0.072103,
        "nauc_precision_at_20_diff1": 0.729461,
        "nauc_precision_at_100_max": 0.770643,
        "nauc_precision_at_100_std": 0.128674,
        "nauc_precision_at_100_diff1": 0.75143,
        "nauc_precision_at_1000_max": 0.705081,
        "nauc_precision_at_1000_std": -0.003569,
        "nauc_precision_at_1000_diff1": 0.641499,
        "nauc_mrr_at_1_max": 0.742354,
        "nauc_mrr_at_1_std": -0.083799,
        "nauc_mrr_at_1_diff1": 0.818824,
        "nauc_mrr_at_3_max": 0.75753,
        "nauc_mrr_at_3_std": -0.075172,
        "nauc_mrr_at_3_diff1": 0.80545,
        "nauc_mrr_at_5_max": 0.755502,
        "nauc_mrr_at_5_std": -0.077413,
        "nauc_mrr_at_5_diff1": 0.805002,
        "nauc_mrr_at_10_max": 0.753372,
        "nauc_mrr_at_10_std": -0.07575,
        "nauc_mrr_at_10_diff1": 0.803807,
        "nauc_mrr_at_20_max": 0.753183,
        "nauc_mrr_at_20_std": -0.07648,
        "nauc_mrr_at_20_diff1": 0.804176,
        "nauc_mrr_at_100_max": 0.753308,
        "nauc_mrr_at_100_std": -0.075772,
        "nauc_mrr_at_100_diff1": 0.804547,
        "nauc_mrr_at_1000_max": 0.753288,
        "nauc_mrr_at_1000_std": -0.075877,
        "nauc_mrr_at_1000_diff1": 0.80455,
        "hit_rate_at_1": 0.72317,
        "hit_rate_at_3": 0.82849,
        "hit_rate_at_5": 0.86259,
        "hit_rate_at_10": 0.90371,
        "hit_rate_at_20": 0.9348,
        "hit_rate_at_100": 0.97392,
        "hit_rate_at_1000": 0.99348,
        "main_score": 0.81234,
        "hf_subset": "default",
        "languages": [
          "eng-Latn"
        ]
      }
    ]
  },
  "evaluation_time": 210.2835705280304,
  "kg_co2_emissions": null,
  "date": null
}