{
  "dataset_revision": "local",
  "task_name": "WikiLV",
  "mteb_version": "2.12.30",
  "scores": {
    "test": [
      {
        "ndcg_at_1": 0.51309,
        "ndcg_at_3": 0.57142,
        "ndcg_at_5": 0.58895,
        "ndcg_at_10": 0.60709,
        "ndcg_at_20": 0.62201,
        "ndcg_at_100": 0.64381,
        "ndcg_at_1000": 0.65809,
        "map_at_1": 0.51309,
        "map_at_3": 0.55724,
        "map_at_5": 0.56696,
        "map_at_10": 0.57445,
        "map_at_20": 0.57852,
        "map_at_100": 0.58148,
        "map_at_1000": 0.58202,
        "recall_at_1": 0.51309,
        "recall_at_3": 0.61239,
        "recall_at_5": 0.65495,
        "recall_at_10": 0.71109,
        "recall_at_20": 0.77023,
        "recall_at_100": 0.88871,
        "recall_at_1000": 1.0,
        "accuracy": 0.51309,
        "precision_at_1": 0.51309,
        "precision_at_3": 0.20413,
        "precision_at_5": 0.13099,
        "precision_at_10": 0.07111,
        "precision_at_20": 0.03851,
        "precision_at_100": 0.00889,
        "precision_at_1000": 0.001,
        "mrr_at_1": 0.513087,
        "mrr_at_3": 0.557243,
        "mrr_at_5": 0.566963,
        "mrr_at_10": 0.574448,
        "mrr_at_20": 0.578524,
        "mrr_at_100": 0.581476,
        "mrr_at_1000": 0.58202,
        "nauc_ndcg_at_1_max": 0.652333,
        "nauc_ndcg_at_1_std": 0.052895,
        "nauc_ndcg_at_1_diff1": 0.796347,
        "nauc_ndcg_at_3_max": 0.642815,
        "nauc_ndcg_at_3_std": 0.060965,
        "nauc_ndcg_at_3_diff1": 0.748894,
        "nauc_ndcg_at_5_max": 0.63893,
        "nauc_ndcg_at_5_std": 0.057546,
        "nauc_ndcg_at_5_diff1": 0.74238,
        "nauc_ndcg_at_10_max": 0.63943,
        "nauc_ndcg_at_10_std": 0.063838,
        "nauc_ndcg_at_10_diff1": 0.735541,
        "nauc_ndcg_at_20_max": 0.639829,
        "nauc_ndcg_at_20_std": 0.070723,
        "nauc_ndcg_at_20_diff1": 0.733767,
        "nauc_ndcg_at_100_max": 0.639612,
        "nauc_ndcg_at_100_std": 0.071533,
        "nauc_ndcg_at_100_diff1": 0.735985,
        "nauc_ndcg_at_1000_max": 0.641517,
        "nauc_ndcg_at_1000_std": 0.065694,
        "nauc_ndcg_at_1000_diff1": 0.743942,
        "nauc_map_at_1_max": 0.652333,
        "nauc_map_at_1_std": 0.052895,
        "nauc_map_at_1_diff1": 0.796347,
        "nauc_map_at_3_max": 0.645273,
        "nauc_map_at_3_std": 0.058262,
        "nauc_map_at_3_diff1": 0.76039,
        "nauc_map_at_5_max": 0.643286,
        "nauc_map_at_5_std": 0.056422,
        "nauc_map_at_5_diff1": 0.757045,
        "nauc_map_at_10_max": 0.643506,
        "nauc_map_at_10_std": 0.058835,
        "nauc_map_at_10_diff1": 0.754393,
        "nauc_map_at_20_max": 0.643662,
        "nauc_map_at_20_std": 0.060556,
        "nauc_map_at_20_diff1": 0.754088,
        "nauc_map_at_100_max": 0.643629,
        "nauc_map_at_100_std": 0.060697,
        "nauc_map_at_100_diff1": 0.754369,
        "nauc_map_at_1000_max": 0.643702,
        "nauc_map_at_1000_std": 0.06052,
        "nauc_map_at_1000_diff1": 0.754637,
        "nauc_recall_at_1_max": 0.652333,
        "nauc_recall_at_1_std": 0.052895,
        "nauc_recall_at_1_diff1": 0.796347,
        "nauc_recall_at_3_max": 0.63521,
        "nauc_recall_at_3_std": 0.069597,
        "nauc_recall_at_3_diff1": 0.713649,
        "nauc_recall_at_5_max": 0.623861,
        "nauc_recall_at_5_std": 0.060935,
        "nauc_recall_at_5_diff1": 0.693398,
        "nauc_recall_at_10_max": 0.623995,
        "nauc_recall_at_10_std": 0.085075,
        "nauc_recall_at_10_diff1": 0.662583,
        "nauc_recall_at_20_max": 0.622848,
        "nauc_recall_at_20_std": 0.127367,
        "nauc_recall_at_20_diff1": 0.638155,
        "nauc_recall_at_100_max": 0.605866,
        "nauc_recall_at_100_std": 0.18419,
        "nauc_recall_at_100_diff1": 0.587406,
        "nauc_recall_at_1000_max": NaN,
        "nauc_recall_at_1000_std": NaN,
        "nauc_recall_at_1000_diff1": NaN,
        "nauc_precision_at_1_max": 0.652333,
        "nauc_precision_at_1_std": 0.052895,
        "nauc_precision_at_1_diff1": 0.796347,
        "nauc_precision_at_3_max": 0.63521,
        "nauc_precision_at_3_std": 0.069597,
        "nauc_precision_at_3_diff1": 0.713649,
        "nauc_precision_at_5_max": 0.623861,
        "nauc_precision_at_5_std": 0.060935,
        "nauc_precision_at_5_diff1": 0.693398,
        "nauc_precision_at_10_max": 0.623995,
        "nauc_precision_at_10_std": 0.085075,
        "nauc_precision_at_10_diff1": 0.662583,
        "nauc_precision_at_20_max": 0.622848,
        "nauc_precision_at_20_std": 0.127367,
        "nauc_precision_at_20_diff1": 0.638155,
        "nauc_precision_at_100_max": 0.605866,
        "nauc_precision_at_100_std": 0.18419,
        "nauc_precision_at_100_diff1": 0.587406,
        "nauc_precision_at_1000_max": 1.0,
        "nauc_precision_at_1000_std": 1.0,
        "nauc_precision_at_1000_diff1": 1.0,
        "nauc_mrr_at_1_max": 0.652333,
        "nauc_mrr_at_1_std": 0.052895,
        "nauc_mrr_at_1_diff1": 0.796347,
        "nauc_mrr_at_3_max": 0.645273,
        "nauc_mrr_at_3_std": 0.058262,
        "nauc_mrr_at_3_diff1": 0.76039,
        "nauc_mrr_at_5_max": 0.643286,
        "nauc_mrr_at_5_std": 0.056422,
        "nauc_mrr_at_5_diff1": 0.757045,
        "nauc_mrr_at_10_max": 0.643506,
        "nauc_mrr_at_10_std": 0.058835,
        "nauc_mrr_at_10_diff1": 0.754393,
        "nauc_mrr_at_20_max": 0.643662,
        "nauc_mrr_at_20_std": 0.060556,
        "nauc_mrr_at_20_diff1": 0.754088,
        "nauc_mrr_at_100_max": 0.643629,
        "nauc_mrr_at_100_std": 0.060697,
        "nauc_mrr_at_100_diff1": 0.754369,
        "nauc_mrr_at_1000_max": 0.643702,
        "nauc_mrr_at_1000_std": 0.06052,
        "nauc_mrr_at_1000_diff1": 0.754637,
        "hit_rate_at_1": 0.51309,
        "hit_rate_at_3": 0.61239,
        "hit_rate_at_5": 0.65495,
        "hit_rate_at_10": 0.71109,
        "hit_rate_at_20": 0.77023,
        "hit_rate_at_100": 0.88871,
        "hit_rate_at_1000": 1.0,
        "main_score": 0.60709,
        "hf_subset": "default",
        "languages": [
          "lav-Latn"
        ]
      }
    ]
  },
  "evaluation_time": 31.08778715133667,
  "kg_co2_emissions": null,
  "date": null
}