{
  "dataset_revision": "fd7df84ac089bbec763b1c6bb1b56e985df5cc5c",
  "task_name": "AutoRAGRetrieval",
  "mteb_version": "2.9.0",
  "scores": {
    "test": [
      {
        "ndcg_at_1": 0.64035,
        "ndcg_at_3": 0.74645,
        "ndcg_at_5": 0.78045,
        "ndcg_at_10": 0.79752,
        "ndcg_at_20": 0.80436,
        "ndcg_at_100": 0.80819,
        "ndcg_at_1000": 0.80947,
        "map_at_1": 0.64035,
        "map_at_3": 0.72222,
        "map_at_5": 0.74196,
        "map_at_10": 0.74901,
        "map_at_20": 0.75098,
        "map_at_100": 0.75174,
        "map_at_1000": 0.75182,
        "recall_at_1": 0.64035,
        "recall_at_3": 0.81579,
        "recall_at_5": 0.89474,
        "recall_at_10": 0.94737,
        "recall_at_20": 0.97368,
        "recall_at_100": 0.99123,
        "recall_at_1000": 1.0,
        "accuracy": 0.64035,
        "precision_at_1": 0.64035,
        "precision_at_3": 0.27193,
        "precision_at_5": 0.17895,
        "precision_at_10": 0.09474,
        "precision_at_20": 0.04868,
        "precision_at_100": 0.00991,
        "precision_at_1000": 0.001,
        "mrr_at_1": 0.640351,
        "mrr_at_3": 0.722222,
        "mrr_at_5": 0.741959,
        "mrr_at_10": 0.749008,
        "mrr_at_20": 0.75098,
        "mrr_at_100": 0.751743,
        "mrr_at_1000": 0.751821,
        "nauc_ndcg_at_1_max": 0.23271,
        "nauc_ndcg_at_1_std": -0.564012,
        "nauc_ndcg_at_1_diff1": 0.718274,
        "nauc_ndcg_at_3_max": 0.263366,
        "nauc_ndcg_at_3_std": -0.576916,
        "nauc_ndcg_at_3_diff1": 0.665148,
        "nauc_ndcg_at_5_max": 0.320108,
        "nauc_ndcg_at_5_std": -0.571664,
        "nauc_ndcg_at_5_diff1": 0.653925,
        "nauc_ndcg_at_10_max": 0.297526,
        "nauc_ndcg_at_10_std": -0.586389,
        "nauc_ndcg_at_10_diff1": 0.640491,
        "nauc_ndcg_at_20_max": 0.290363,
        "nauc_ndcg_at_20_std": -0.578494,
        "nauc_ndcg_at_20_diff1": 0.657235,
        "nauc_ndcg_at_100_max": 0.284174,
        "nauc_ndcg_at_100_std": -0.586869,
        "nauc_ndcg_at_100_diff1": 0.66976,
        "nauc_ndcg_at_1000_max": 0.280698,
        "nauc_ndcg_at_1000_std": -0.577592,
        "nauc_ndcg_at_1000_diff1": 0.670672,
        "nauc_map_at_1_max": 0.23271,
        "nauc_map_at_1_std": -0.564012,
        "nauc_map_at_1_diff1": 0.718274,
        "nauc_map_at_3_max": 0.257089,
        "nauc_map_at_3_std": -0.571317,
        "nauc_map_at_3_diff1": 0.679625,
        "nauc_map_at_5_max": 0.285193,
        "nauc_map_at_5_std": -0.568233,
        "nauc_map_at_5_diff1": 0.6751,
        "nauc_map_at_10_max": 0.276107,
        "nauc_map_at_10_std": -0.573387,
        "nauc_map_at_10_diff1": 0.671342,
        "nauc_map_at_20_max": 0.274153,
        "nauc_map_at_20_std": -0.571495,
        "nauc_map_at_20_diff1": 0.675755,
        "nauc_map_at_100_max": 0.273134,
        "nauc_map_at_100_std": -0.572768,
        "nauc_map_at_100_diff1": 0.677764,
        "nauc_map_at_1000_max": 0.272967,
        "nauc_map_at_1000_std": -0.572326,
        "nauc_map_at_1000_diff1": 0.67781,
        "nauc_recall_at_1_max": 0.23271,
        "nauc_recall_at_1_std": -0.564012,
        "nauc_recall_at_1_diff1": 0.718274,
        "nauc_recall_at_3_max": 0.286603,
        "nauc_recall_at_3_std": -0.600074,
        "nauc_recall_at_3_diff1": 0.608593,
        "nauc_recall_at_5_max": 0.543364,
        "nauc_recall_at_5_std": -0.593001,
        "nauc_recall_at_5_diff1": 0.523541,
        "nauc_recall_at_10_max": 0.538554,
        "nauc_recall_at_10_std": -0.757797,
        "nauc_recall_at_10_diff1": 0.257031,
        "nauc_recall_at_20_max": 0.610642,
        "nauc_recall_at_20_std": -0.732697,
        "nauc_recall_at_20_diff1": 0.266409,
        "nauc_recall_at_100_max": 0.722407,
        "nauc_recall_at_100_std": -1.756536,
        "nauc_recall_at_100_diff1": 0.55476,
        "nauc_recall_at_1000_max": NaN,
        "nauc_recall_at_1000_std": NaN,
        "nauc_recall_at_1000_diff1": NaN,
        "nauc_precision_at_1_max": 0.23271,
        "nauc_precision_at_1_std": -0.564012,
        "nauc_precision_at_1_diff1": 0.718274,
        "nauc_precision_at_3_max": 0.286603,
        "nauc_precision_at_3_std": -0.600074,
        "nauc_precision_at_3_diff1": 0.608593,
        "nauc_precision_at_5_max": 0.543364,
        "nauc_precision_at_5_std": -0.593001,
        "nauc_precision_at_5_diff1": 0.523541,
        "nauc_precision_at_10_max": 0.538554,
        "nauc_precision_at_10_std": -0.757797,
        "nauc_precision_at_10_diff1": 0.257031,
        "nauc_precision_at_20_max": 0.610642,
        "nauc_precision_at_20_std": -0.732697,
        "nauc_precision_at_20_diff1": 0.266409,
        "nauc_precision_at_100_max": 0.722407,
        "nauc_precision_at_100_std": -1.756536,
        "nauc_precision_at_100_diff1": 0.55476,
        "nauc_precision_at_1000_max": 1.0,
        "nauc_precision_at_1000_std": 1.0,
        "nauc_precision_at_1000_diff1": 1.0,
        "nauc_mrr_at_1_max": 0.23271,
        "nauc_mrr_at_1_std": -0.564012,
        "nauc_mrr_at_1_diff1": 0.718274,
        "nauc_mrr_at_3_max": 0.257089,
        "nauc_mrr_at_3_std": -0.571317,
        "nauc_mrr_at_3_diff1": 0.679625,
        "nauc_mrr_at_5_max": 0.285193,
        "nauc_mrr_at_5_std": -0.568233,
        "nauc_mrr_at_5_diff1": 0.6751,
        "nauc_mrr_at_10_max": 0.276107,
        "nauc_mrr_at_10_std": -0.573387,
        "nauc_mrr_at_10_diff1": 0.671342,
        "nauc_mrr_at_20_max": 0.274153,
        "nauc_mrr_at_20_std": -0.571495,
        "nauc_mrr_at_20_diff1": 0.675755,
        "nauc_mrr_at_100_max": 0.273134,
        "nauc_mrr_at_100_std": -0.572768,
        "nauc_mrr_at_100_diff1": 0.677764,
        "nauc_mrr_at_1000_max": 0.272967,
        "nauc_mrr_at_1000_std": -0.572326,
        "nauc_mrr_at_1000_diff1": 0.67781,
        "cv_recall_at_1": 0.64035,
        "cv_recall_at_3": 0.81579,
        "cv_recall_at_5": 0.89474,
        "cv_recall_at_10": 0.94737,
        "cv_recall_at_20": 0.97368,
        "cv_recall_at_100": 0.99123,
        "cv_recall_at_1000": 1.0,
        "main_score": 0.79752,
        "hf_subset": "default",
        "languages": [
          "kor-Hang"
        ]
      }
    ]
  },
  "evaluation_time": 58.38719916343689,
  "kg_co2_emissions": null,
  "date": null
}