{
  "dataset_revision": "5014f29d7fdde6f9073a75b72be53ed73eed60c6",
  "task_name": "BillSumCA",
  "mteb_version": "2.9.0",
  "scores": {
    "test": [
      {
        "ndcg_at_1": 0.792,
        "ndcg_at_3": 0.86905,
        "ndcg_at_5": 0.87662,
        "ndcg_at_10": 0.88511,
        "ndcg_at_20": 0.8916,
        "ndcg_at_100": 0.89201,
        "ndcg_at_1000": 0.89288,
        "map_at_1": 0.792,
        "map_at_3": 0.85067,
        "map_at_5": 0.85497,
        "map_at_10": 0.85852,
        "map_at_20": 0.86025,
        "map_at_100": 0.86032,
        "map_at_1000": 0.86037,
        "recall_at_1": 0.792,
        "recall_at_3": 0.922,
        "recall_at_5": 0.94,
        "recall_at_10": 0.966,
        "recall_at_20": 0.992,
        "recall_at_100": 0.994,
        "recall_at_1000": 1.0,
        "accuracy": 0.792,
        "precision_at_1": 0.792,
        "precision_at_3": 0.30733,
        "precision_at_5": 0.188,
        "precision_at_10": 0.0966,
        "precision_at_20": 0.0496,
        "precision_at_100": 0.00994,
        "precision_at_1000": 0.001,
        "mrr_at_1": 0.792,
        "mrr_at_3": 0.850667,
        "mrr_at_5": 0.854967,
        "mrr_at_10": 0.858545,
        "mrr_at_20": 0.860178,
        "mrr_at_100": 0.860344,
        "mrr_at_1000": 0.860395,
        "nauc_ndcg_at_1_max": 0.54697,
        "nauc_ndcg_at_1_std": 0.103659,
        "nauc_ndcg_at_1_diff1": 0.82685,
        "nauc_ndcg_at_3_max": 0.63772,
        "nauc_ndcg_at_3_std": 0.108033,
        "nauc_ndcg_at_3_diff1": 0.78781,
        "nauc_ndcg_at_5_max": 0.635743,
        "nauc_ndcg_at_5_std": 0.140803,
        "nauc_ndcg_at_5_diff1": 0.797253,
        "nauc_ndcg_at_10_max": 0.621088,
        "nauc_ndcg_at_10_std": 0.131319,
        "nauc_ndcg_at_10_diff1": 0.803569,
        "nauc_ndcg_at_20_max": 0.615785,
        "nauc_ndcg_at_20_std": 0.126047,
        "nauc_ndcg_at_20_diff1": 0.808311,
        "nauc_ndcg_at_100_max": 0.614235,
        "nauc_ndcg_at_100_std": 0.123642,
        "nauc_ndcg_at_100_diff1": 0.808065,
        "nauc_ndcg_at_1000_max": 0.610932,
        "nauc_ndcg_at_1000_std": 0.120385,
        "nauc_ndcg_at_1000_diff1": 0.806772,
        "nauc_map_at_1_max": 0.54697,
        "nauc_map_at_1_std": 0.103659,
        "nauc_map_at_1_diff1": 0.82685,
        "nauc_map_at_3_max": 0.612031,
        "nauc_map_at_3_std": 0.103916,
        "nauc_map_at_3_diff1": 0.799654,
        "nauc_map_at_5_max": 0.610402,
        "nauc_map_at_5_std": 0.11994,
        "nauc_map_at_5_diff1": 0.804617,
        "nauc_map_at_10_max": 0.604786,
        "nauc_map_at_10_std": 0.115933,
        "nauc_map_at_10_diff1": 0.806881,
        "nauc_map_at_20_max": 0.603563,
        "nauc_map_at_20_std": 0.115153,
        "nauc_map_at_20_diff1": 0.808071,
        "nauc_map_at_100_max": 0.603348,
        "nauc_map_at_100_std": 0.114824,
        "nauc_map_at_100_diff1": 0.808038,
        "nauc_map_at_1000_max": 0.603195,
        "nauc_map_at_1000_std": 0.114692,
        "nauc_map_at_1000_diff1": 0.807977,
        "nauc_recall_at_1_max": 0.54697,
        "nauc_recall_at_1_std": 0.103659,
        "nauc_recall_at_1_diff1": 0.82685,
        "nauc_recall_at_3_max": 0.768943,
        "nauc_recall_at_3_std": 0.131569,
        "nauc_recall_at_3_diff1": 0.726615,
        "nauc_recall_at_5_max": 0.797806,
        "nauc_recall_at_5_std": 0.289013,
        "nauc_recall_at_5_diff1": 0.752194,
        "nauc_recall_at_10_max": 0.776762,
        "nauc_recall_at_10_std": 0.313753,
        "nauc_recall_at_10_diff1": 0.781677,
        "nauc_recall_at_20_max": 1.0,
        "nauc_recall_at_20_std": 0.568277,
        "nauc_recall_at_20_diff1": 0.934641,
        "nauc_recall_at_100_max": 1.0,
        "nauc_recall_at_100_std": 0.516962,
        "nauc_recall_at_100_diff1": 0.956427,
        "nauc_recall_at_1000_max": NaN,
        "nauc_recall_at_1000_std": NaN,
        "nauc_recall_at_1000_diff1": NaN,
        "nauc_precision_at_1_max": 0.54697,
        "nauc_precision_at_1_std": 0.103659,
        "nauc_precision_at_1_diff1": 0.82685,
        "nauc_precision_at_3_max": 0.768943,
        "nauc_precision_at_3_std": 0.131569,
        "nauc_precision_at_3_diff1": 0.726615,
        "nauc_precision_at_5_max": 0.797806,
        "nauc_precision_at_5_std": 0.289013,
        "nauc_precision_at_5_diff1": 0.752194,
        "nauc_precision_at_10_max": 0.776762,
        "nauc_precision_at_10_std": 0.313753,
        "nauc_precision_at_10_diff1": 0.781677,
        "nauc_precision_at_20_max": 1.0,
        "nauc_precision_at_20_std": 0.568277,
        "nauc_precision_at_20_diff1": 0.934641,
        "nauc_precision_at_100_max": 1.0,
        "nauc_precision_at_100_std": 0.516962,
        "nauc_precision_at_100_diff1": 0.956427,
        "nauc_precision_at_1000_max": 1.0,
        "nauc_precision_at_1000_std": 1.0,
        "nauc_precision_at_1000_diff1": 1.0,
        "nauc_mrr_at_1_max": 0.54697,
        "nauc_mrr_at_1_std": 0.103659,
        "nauc_mrr_at_1_diff1": 0.82685,
        "nauc_mrr_at_3_max": 0.612031,
        "nauc_mrr_at_3_std": 0.103916,
        "nauc_mrr_at_3_diff1": 0.799654,
        "nauc_mrr_at_5_max": 0.610402,
        "nauc_mrr_at_5_std": 0.11994,
        "nauc_mrr_at_5_diff1": 0.804617,
        "nauc_mrr_at_10_max": 0.604797,
        "nauc_mrr_at_10_std": 0.116197,
        "nauc_mrr_at_10_diff1": 0.806868,
        "nauc_mrr_at_20_max": 0.603536,
        "nauc_mrr_at_20_std": 0.115992,
        "nauc_mrr_at_20_diff1": 0.808105,
        "nauc_mrr_at_100_max": 0.603356,
        "nauc_mrr_at_100_std": 0.115119,
        "nauc_mrr_at_100_diff1": 0.808027,
        "nauc_mrr_at_1000_max": 0.603203,
        "nauc_mrr_at_1000_std": 0.114987,
        "nauc_mrr_at_1000_diff1": 0.807966,
        "cv_recall_at_1": 0.792,
        "cv_recall_at_3": 0.922,
        "cv_recall_at_5": 0.94,
        "cv_recall_at_10": 0.966,
        "cv_recall_at_20": 0.99,
        "cv_recall_at_100": 0.994,
        "cv_recall_at_1000": 1.0,
        "main_score": 0.88511,
        "hf_subset": "default",
        "languages": [
          "eng-Latn"
        ]
      }
    ]
  },
  "evaluation_time": 89.56199550628662,
  "kg_co2_emissions": null,
  "date": null
}