{
  "dataset_revision": "3d593fde907860102a282b4a6ea7fb1e1f1f83dd",
  "task_name": "BIRCO-Relic",
  "mteb_version": "2.9.0",
  "scores": {
    "test": [
      {
        "ndcg_at_1": 0.0,
        "ndcg_at_3": 0.01131,
        "ndcg_at_5": 0.02722,
        "ndcg_at_10": 0.0368,
        "ndcg_at_20": 0.06451,
        "ndcg_at_100": 0.11763,
        "ndcg_at_1000": 0.16053,
        "map_at_1": 0.0,
        "map_at_3": 0.00833,
        "map_at_5": 0.01683,
        "map_at_10": 0.02072,
        "map_at_20": 0.02825,
        "map_at_100": 0.03604,
        "map_at_1000": 0.03742,
        "recall_at_1": 0.0,
        "recall_at_3": 0.02,
        "recall_at_5": 0.06,
        "recall_at_10": 0.09,
        "recall_at_20": 0.2,
        "recall_at_100": 0.48,
        "recall_at_1000": 0.83,
        "accuracy": 0.0,
        "precision_at_1": 0.0,
        "precision_at_3": 0.00667,
        "precision_at_5": 0.012,
        "precision_at_10": 0.009,
        "precision_at_20": 0.01,
        "precision_at_100": 0.0048,
        "precision_at_1000": 0.00083,
        "mrr_at_1": 0.0,
        "mrr_at_3": 0.008333,
        "mrr_at_5": 0.016833,
        "mrr_at_10": 0.020722,
        "mrr_at_20": 0.028254,
        "mrr_at_100": 0.036036,
        "mrr_at_1000": 0.037424,
        "nauc_ndcg_at_1_max": NaN,
        "nauc_ndcg_at_1_std": NaN,
        "nauc_ndcg_at_1_diff1": NaN,
        "nauc_ndcg_at_3_max": 0.303792,
        "nauc_ndcg_at_3_std": -0.134144,
        "nauc_ndcg_at_3_diff1": -0.368904,
        "nauc_ndcg_at_5_max": 0.15321,
        "nauc_ndcg_at_5_std": -0.149884,
        "nauc_ndcg_at_5_diff1": -0.011998,
        "nauc_ndcg_at_10_max": 0.13433,
        "nauc_ndcg_at_10_std": -0.138208,
        "nauc_ndcg_at_10_diff1": 0.02695,
        "nauc_ndcg_at_20_max": 0.202311,
        "nauc_ndcg_at_20_std": 0.0122,
        "nauc_ndcg_at_20_diff1": 0.137757,
        "nauc_ndcg_at_100_max": 0.274388,
        "nauc_ndcg_at_100_std": 0.159869,
        "nauc_ndcg_at_100_diff1": 0.167896,
        "nauc_ndcg_at_1000_max": 0.279385,
        "nauc_ndcg_at_1000_std": 0.142885,
        "nauc_ndcg_at_1000_diff1": 0.165035,
        "nauc_map_at_1_max": NaN,
        "nauc_map_at_1_std": NaN,
        "nauc_map_at_1_diff1": NaN,
        "nauc_map_at_3_max": 0.37011,
        "nauc_map_at_3_std": -0.151704,
        "nauc_map_at_3_diff1": -0.353367,
        "nauc_map_at_5_max": 0.19768,
        "nauc_map_at_5_std": -0.16056,
        "nauc_map_at_5_diff1": -0.063574,
        "nauc_map_at_10_max": 0.170861,
        "nauc_map_at_10_std": -0.149555,
        "nauc_map_at_10_diff1": -0.031653,
        "nauc_map_at_20_max": 0.203966,
        "nauc_map_at_20_std": -0.061298,
        "nauc_map_at_20_diff1": 0.04744,
        "nauc_map_at_100_max": 0.224725,
        "nauc_map_at_100_std": -0.01095,
        "nauc_map_at_100_diff1": 0.068235,
        "nauc_map_at_1000_max": 0.223817,
        "nauc_map_at_1000_std": -0.012604,
        "nauc_map_at_1000_diff1": 0.068925,
        "nauc_recall_at_1_max": NaN,
        "nauc_recall_at_1_std": NaN,
        "nauc_recall_at_1_diff1": NaN,
        "nauc_recall_at_3_max": 0.212638,
        "nauc_recall_at_3_std": -0.110008,
        "nauc_recall_at_3_diff1": -0.39026,
        "nauc_recall_at_5_max": 0.111976,
        "nauc_recall_at_5_std": -0.139254,
        "nauc_recall_at_5_diff1": 0.043422,
        "nauc_recall_at_10_max": 0.107385,
        "nauc_recall_at_10_std": -0.128551,
        "nauc_recall_at_10_diff1": 0.081805,
        "nauc_recall_at_20_max": 0.209751,
        "nauc_recall_at_20_std": 0.071004,
        "nauc_recall_at_20_diff1": 0.202454,
        "nauc_recall_at_100_max": 0.336218,
        "nauc_recall_at_100_std": 0.311276,
        "nauc_recall_at_100_diff1": 0.230179,
        "nauc_recall_at_1000_max": 0.44378,
        "nauc_recall_at_1000_std": 0.395397,
        "nauc_recall_at_1000_diff1": 0.25849,
        "nauc_precision_at_1_max": NaN,
        "nauc_precision_at_1_std": NaN,
        "nauc_precision_at_1_diff1": NaN,
        "nauc_precision_at_3_max": 0.212638,
        "nauc_precision_at_3_std": -0.110008,
        "nauc_precision_at_3_diff1": -0.39026,
        "nauc_precision_at_5_max": 0.111976,
        "nauc_precision_at_5_std": -0.139254,
        "nauc_precision_at_5_diff1": 0.043422,
        "nauc_precision_at_10_max": 0.107385,
        "nauc_precision_at_10_std": -0.128551,
        "nauc_precision_at_10_diff1": 0.081805,
        "nauc_precision_at_20_max": 0.209751,
        "nauc_precision_at_20_std": 0.071004,
        "nauc_precision_at_20_diff1": 0.202454,
        "nauc_precision_at_100_max": 0.336218,
        "nauc_precision_at_100_std": 0.311276,
        "nauc_precision_at_100_diff1": 0.230179,
        "nauc_precision_at_1000_max": 0.44378,
        "nauc_precision_at_1000_std": 0.395397,
        "nauc_precision_at_1000_diff1": 0.25849,
        "nauc_mrr_at_1_max": NaN,
        "nauc_mrr_at_1_std": NaN,
        "nauc_mrr_at_1_diff1": NaN,
        "nauc_mrr_at_3_max": 0.37011,
        "nauc_mrr_at_3_std": -0.151704,
        "nauc_mrr_at_3_diff1": -0.353367,
        "nauc_mrr_at_5_max": 0.19768,
        "nauc_mrr_at_5_std": -0.16056,
        "nauc_mrr_at_5_diff1": -0.063574,
        "nauc_mrr_at_10_max": 0.170861,
        "nauc_mrr_at_10_std": -0.149555,
        "nauc_mrr_at_10_diff1": -0.031653,
        "nauc_mrr_at_20_max": 0.203966,
        "nauc_mrr_at_20_std": -0.061298,
        "nauc_mrr_at_20_diff1": 0.04744,
        "nauc_mrr_at_100_max": 0.224725,
        "nauc_mrr_at_100_std": -0.01095,
        "nauc_mrr_at_100_diff1": 0.068235,
        "nauc_mrr_at_1000_max": 0.223817,
        "nauc_mrr_at_1000_std": -0.012604,
        "nauc_mrr_at_1000_diff1": 0.068925,
        "cv_recall_at_1": 0.0,
        "cv_recall_at_3": 0.02,
        "cv_recall_at_5": 0.06,
        "cv_recall_at_10": 0.09,
        "cv_recall_at_20": 0.2,
        "cv_recall_at_100": 0.48,
        "cv_recall_at_1000": 0.83,
        "main_score": 0.0368,
        "hf_subset": "default",
        "languages": [
          "eng-Latn"
        ]
      }
    ]
  },
  "evaluation_time": 138.97221779823303,
  "kg_co2_emissions": null,
  "date": null
}