{
  "dataset_revision": "f41e1fefa91ccb25964afb24e193d1e2a14bb4a3",
  "task_name": "CQADupstack-Unix-PL",
  "mteb_version": "2.9.0",
  "scores": {
    "test": [
      {
        "ndcg_at_1": 0.23601,
        "ndcg_at_3": 0.26288,
        "ndcg_at_5": 0.27905,
        "ndcg_at_10": 0.29906,
        "ndcg_at_20": 0.31183,
        "ndcg_at_100": 0.34132,
        "ndcg_at_1000": 0.37035,
        "map_at_1": 0.20408,
        "map_at_3": 0.24143,
        "map_at_5": 0.25184,
        "map_at_10": 0.2609,
        "map_at_20": 0.26474,
        "map_at_100": 0.26926,
        "map_at_1000": 0.27036,
        "recall_at_1": 0.20408,
        "recall_at_3": 0.28242,
        "recall_at_5": 0.3246,
        "recall_at_10": 0.3832,
        "recall_at_20": 0.42899,
        "recall_at_100": 0.57332,
        "recall_at_1000": 0.78523,
        "accuracy": 0.20408,
        "precision_at_1": 0.23601,
        "precision_at_3": 0.11598,
        "precision_at_5": 0.08172,
        "precision_at_10": 0.04963,
        "precision_at_20": 0.02859,
        "precision_at_100": 0.00794,
        "precision_at_1000": 0.00114,
        "mrr_at_1": 0.236007,
        "mrr_at_3": 0.274098,
        "mrr_at_5": 0.285292,
        "mrr_at_10": 0.293447,
        "mrr_at_20": 0.297282,
        "mrr_at_100": 0.301015,
        "mrr_at_1000": 0.301861,
        "nauc_ndcg_at_1_max": 0.401896,
        "nauc_ndcg_at_1_std": 0.035409,
        "nauc_ndcg_at_1_diff1": 0.539539,
        "nauc_ndcg_at_3_max": 0.38484,
        "nauc_ndcg_at_3_std": 0.064255,
        "nauc_ndcg_at_3_diff1": 0.484722,
        "nauc_ndcg_at_5_max": 0.378583,
        "nauc_ndcg_at_5_std": 0.069587,
        "nauc_ndcg_at_5_diff1": 0.467265,
        "nauc_ndcg_at_10_max": 0.38088,
        "nauc_ndcg_at_10_std": 0.083882,
        "nauc_ndcg_at_10_diff1": 0.458939,
        "nauc_ndcg_at_20_max": 0.383324,
        "nauc_ndcg_at_20_std": 0.090144,
        "nauc_ndcg_at_20_diff1": 0.452463,
        "nauc_ndcg_at_100_max": 0.379869,
        "nauc_ndcg_at_100_std": 0.102693,
        "nauc_ndcg_at_100_diff1": 0.435915,
        "nauc_ndcg_at_1000_max": 0.386972,
        "nauc_ndcg_at_1000_std": 0.109493,
        "nauc_ndcg_at_1000_diff1": 0.440271,
        "nauc_map_at_1_max": 0.377607,
        "nauc_map_at_1_std": 0.013404,
        "nauc_map_at_1_diff1": 0.540319,
        "nauc_map_at_3_max": 0.381654,
        "nauc_map_at_3_std": 0.04931,
        "nauc_map_at_3_diff1": 0.501601,
        "nauc_map_at_5_max": 0.380599,
        "nauc_map_at_5_std": 0.055209,
        "nauc_map_at_5_diff1": 0.491326,
        "nauc_map_at_10_max": 0.381591,
        "nauc_map_at_10_std": 0.06183,
        "nauc_map_at_10_diff1": 0.488037,
        "nauc_map_at_20_max": 0.382776,
        "nauc_map_at_20_std": 0.064379,
        "nauc_map_at_20_diff1": 0.48638,
        "nauc_map_at_100_max": 0.382174,
        "nauc_map_at_100_std": 0.066733,
        "nauc_map_at_100_diff1": 0.484051,
        "nauc_map_at_1000_max": 0.382532,
        "nauc_map_at_1000_std": 0.066915,
        "nauc_map_at_1000_diff1": 0.484107,
        "nauc_recall_at_1_max": 0.377607,
        "nauc_recall_at_1_std": 0.013404,
        "nauc_recall_at_1_diff1": 0.540319,
        "nauc_recall_at_3_max": 0.369117,
        "nauc_recall_at_3_std": 0.079199,
        "nauc_recall_at_3_diff1": 0.448119,
        "nauc_recall_at_5_max": 0.350521,
        "nauc_recall_at_5_std": 0.097818,
        "nauc_recall_at_5_diff1": 0.398785,
        "nauc_recall_at_10_max": 0.355256,
        "nauc_recall_at_10_std": 0.137057,
        "nauc_recall_at_10_diff1": 0.373234,
        "nauc_recall_at_20_max": 0.357406,
        "nauc_recall_at_20_std": 0.15257,
        "nauc_recall_at_20_diff1": 0.346614,
        "nauc_recall_at_100_max": 0.325627,
        "nauc_recall_at_100_std": 0.208867,
        "nauc_recall_at_100_diff1": 0.248036,
        "nauc_recall_at_1000_max": 0.378629,
        "nauc_recall_at_1000_std": 0.368327,
        "nauc_recall_at_1000_diff1": 0.192985,
        "nauc_precision_at_1_max": 0.401896,
        "nauc_precision_at_1_std": 0.035409,
        "nauc_precision_at_1_diff1": 0.539539,
        "nauc_precision_at_3_max": 0.380406,
        "nauc_precision_at_3_std": 0.105754,
        "nauc_precision_at_3_diff1": 0.420453,
        "nauc_precision_at_5_max": 0.364239,
        "nauc_precision_at_5_std": 0.12565,
        "nauc_precision_at_5_diff1": 0.36763,
        "nauc_precision_at_10_max": 0.338084,
        "nauc_precision_at_10_std": 0.152652,
        "nauc_precision_at_10_diff1": 0.308911,
        "nauc_precision_at_20_max": 0.336255,
        "nauc_precision_at_20_std": 0.178646,
        "nauc_precision_at_20_diff1": 0.265573,
        "nauc_precision_at_100_max": 0.266398,
        "nauc_precision_at_100_std": 0.221719,
        "nauc_precision_at_100_diff1": 0.118038,
        "nauc_precision_at_1000_max": 0.171456,
        "nauc_precision_at_1000_std": 0.201022,
        "nauc_precision_at_1000_diff1": 0.003077,
        "nauc_mrr_at_1_max": 0.401896,
        "nauc_mrr_at_1_std": 0.035409,
        "nauc_mrr_at_1_diff1": 0.539539,
        "nauc_mrr_at_3_max": 0.396771,
        "nauc_mrr_at_3_std": 0.057039,
        "nauc_mrr_at_3_diff1": 0.496305,
        "nauc_mrr_at_5_max": 0.392212,
        "nauc_mrr_at_5_std": 0.063245,
        "nauc_mrr_at_5_diff1": 0.484465,
        "nauc_mrr_at_10_max": 0.392383,
        "nauc_mrr_at_10_std": 0.068342,
        "nauc_mrr_at_10_diff1": 0.48032,
        "nauc_mrr_at_20_max": 0.393259,
        "nauc_mrr_at_20_std": 0.070253,
        "nauc_mrr_at_20_diff1": 0.478131,
        "nauc_mrr_at_100_max": 0.393077,
        "nauc_mrr_at_100_std": 0.071318,
        "nauc_mrr_at_100_diff1": 0.47635,
        "nauc_mrr_at_1000_max": 0.393229,
        "nauc_mrr_at_1000_std": 0.071332,
        "nauc_mrr_at_1000_diff1": 0.476636,
        "cv_recall_at_1": 0.23601,
        "cv_recall_at_3": 0.32369,
        "cv_recall_at_5": 0.37313,
        "cv_recall_at_10": 0.43377,
        "cv_recall_at_20": 0.48881,
        "cv_recall_at_100": 0.63246,
        "cv_recall_at_1000": 0.83489,
        "main_score": 0.29906,
        "hf_subset": "default",
        "languages": [
          "pol-Latn"
        ]
      }
    ]
  },
  "evaluation_time": 2485.5225083827972,
  "kg_co2_emissions": null,
  "date": null
}