{
  "dataset_revision": "6536329882b0f06bf6406fdafedc434603fe8ed9",
  "task_name": "CQADupstack-Programmers-PL",
  "mteb_version": "2.9.0",
  "scores": {
    "test": [
      {
        "ndcg_at_1": 0.26256,
        "ndcg_at_3": 0.28648,
        "ndcg_at_5": 0.3044,
        "ndcg_at_10": 0.32653,
        "ndcg_at_20": 0.34241,
        "ndcg_at_100": 0.37726,
        "ndcg_at_1000": 0.40855,
        "map_at_1": 0.21593,
        "map_at_3": 0.25984,
        "map_at_5": 0.27286,
        "map_at_10": 0.28298,
        "map_at_20": 0.28817,
        "map_at_100": 0.29377,
        "map_at_1000": 0.29506,
        "recall_at_1": 0.21593,
        "recall_at_3": 0.30045,
        "recall_at_5": 0.34848,
        "recall_at_10": 0.41492,
        "recall_at_20": 0.46982,
        "recall_at_100": 0.63714,
        "recall_at_1000": 0.85831,
        "accuracy": 0.21593,
        "precision_at_1": 0.26256,
        "precision_at_3": 0.13204,
        "precision_at_5": 0.09384,
        "precision_at_10": 0.05811,
        "precision_at_20": 0.03413,
        "precision_at_100": 0.00967,
        "precision_at_1000": 0.0014,
        "mrr_at_1": 0.262557,
        "mrr_at_3": 0.306507,
        "mrr_at_5": 0.318322,
        "mrr_at_10": 0.328184,
        "mrr_at_20": 0.331976,
        "mrr_at_100": 0.336266,
        "mrr_at_1000": 0.337052,
        "nauc_ndcg_at_1_max": 0.351059,
        "nauc_ndcg_at_1_std": 0.103953,
        "nauc_ndcg_at_1_diff1": 0.553437,
        "nauc_ndcg_at_3_max": 0.370099,
        "nauc_ndcg_at_3_std": 0.122936,
        "nauc_ndcg_at_3_diff1": 0.517401,
        "nauc_ndcg_at_5_max": 0.373519,
        "nauc_ndcg_at_5_std": 0.130914,
        "nauc_ndcg_at_5_diff1": 0.494338,
        "nauc_ndcg_at_10_max": 0.375359,
        "nauc_ndcg_at_10_std": 0.138738,
        "nauc_ndcg_at_10_diff1": 0.489386,
        "nauc_ndcg_at_20_max": 0.370564,
        "nauc_ndcg_at_20_std": 0.149145,
        "nauc_ndcg_at_20_diff1": 0.478178,
        "nauc_ndcg_at_100_max": 0.381924,
        "nauc_ndcg_at_100_std": 0.171922,
        "nauc_ndcg_at_100_diff1": 0.478433,
        "nauc_ndcg_at_1000_max": 0.38207,
        "nauc_ndcg_at_1000_std": 0.172989,
        "nauc_ndcg_at_1000_diff1": 0.480221,
        "nauc_map_at_1_max": 0.335155,
        "nauc_map_at_1_std": 0.080229,
        "nauc_map_at_1_diff1": 0.556744,
        "nauc_map_at_3_max": 0.36131,
        "nauc_map_at_3_std": 0.109777,
        "nauc_map_at_3_diff1": 0.534778,
        "nauc_map_at_5_max": 0.364735,
        "nauc_map_at_5_std": 0.11798,
        "nauc_map_at_5_diff1": 0.517367,
        "nauc_map_at_10_max": 0.366961,
        "nauc_map_at_10_std": 0.122185,
        "nauc_map_at_10_diff1": 0.51366,
        "nauc_map_at_20_max": 0.365917,
        "nauc_map_at_20_std": 0.125344,
        "nauc_map_at_20_diff1": 0.509064,
        "nauc_map_at_100_max": 0.368523,
        "nauc_map_at_100_std": 0.130043,
        "nauc_map_at_100_diff1": 0.50921,
        "nauc_map_at_1000_max": 0.368616,
        "nauc_map_at_1000_std": 0.130378,
        "nauc_map_at_1000_diff1": 0.509291,
        "nauc_recall_at_1_max": 0.335155,
        "nauc_recall_at_1_std": 0.080229,
        "nauc_recall_at_1_diff1": 0.556744,
        "nauc_recall_at_3_max": 0.375829,
        "nauc_recall_at_3_std": 0.13136,
        "nauc_recall_at_3_diff1": 0.50182,
        "nauc_recall_at_5_max": 0.374452,
        "nauc_recall_at_5_std": 0.150136,
        "nauc_recall_at_5_diff1": 0.434433,
        "nauc_recall_at_10_max": 0.377249,
        "nauc_recall_at_10_std": 0.17647,
        "nauc_recall_at_10_diff1": 0.408486,
        "nauc_recall_at_20_max": 0.355799,
        "nauc_recall_at_20_std": 0.210006,
        "nauc_recall_at_20_diff1": 0.369713,
        "nauc_recall_at_100_max": 0.399285,
        "nauc_recall_at_100_std": 0.32882,
        "nauc_recall_at_100_diff1": 0.343544,
        "nauc_recall_at_1000_max": 0.439326,
        "nauc_recall_at_1000_std": 0.515865,
        "nauc_recall_at_1000_diff1": 0.266259,
        "nauc_precision_at_1_max": 0.351059,
        "nauc_precision_at_1_std": 0.103953,
        "nauc_precision_at_1_diff1": 0.553437,
        "nauc_precision_at_3_max": 0.384708,
        "nauc_precision_at_3_std": 0.167631,
        "nauc_precision_at_3_diff1": 0.450323,
        "nauc_precision_at_5_max": 0.384424,
        "nauc_precision_at_5_std": 0.187161,
        "nauc_precision_at_5_diff1": 0.361684,
        "nauc_precision_at_10_max": 0.351655,
        "nauc_precision_at_10_std": 0.203378,
        "nauc_precision_at_10_diff1": 0.302224,
        "nauc_precision_at_20_max": 0.289559,
        "nauc_precision_at_20_std": 0.208833,
        "nauc_precision_at_20_diff1": 0.215163,
        "nauc_precision_at_100_max": 0.252661,
        "nauc_precision_at_100_std": 0.260946,
        "nauc_precision_at_100_diff1": 0.11248,
        "nauc_precision_at_1000_max": 0.082574,
        "nauc_precision_at_1000_std": 0.159418,
        "nauc_precision_at_1000_diff1": -0.050631,
        "nauc_mrr_at_1_max": 0.351059,
        "nauc_mrr_at_1_std": 0.103953,
        "nauc_mrr_at_1_diff1": 0.553437,
        "nauc_mrr_at_3_max": 0.362836,
        "nauc_mrr_at_3_std": 0.109199,
        "nauc_mrr_at_3_diff1": 0.521919,
        "nauc_mrr_at_5_max": 0.363747,
        "nauc_mrr_at_5_std": 0.112303,
        "nauc_mrr_at_5_diff1": 0.507145,
        "nauc_mrr_at_10_max": 0.364539,
        "nauc_mrr_at_10_std": 0.119086,
        "nauc_mrr_at_10_diff1": 0.504061,
        "nauc_mrr_at_20_max": 0.364019,
        "nauc_mrr_at_20_std": 0.122673,
        "nauc_mrr_at_20_diff1": 0.502811,
        "nauc_mrr_at_100_max": 0.364942,
        "nauc_mrr_at_100_std": 0.124375,
        "nauc_mrr_at_100_diff1": 0.502639,
        "nauc_mrr_at_1000_max": 0.364955,
        "nauc_mrr_at_1000_std": 0.124271,
        "nauc_mrr_at_1000_diff1": 0.502865,
        "cv_recall_at_1": 0.26256,
        "cv_recall_at_3": 0.35959,
        "cv_recall_at_5": 0.41096,
        "cv_recall_at_10": 0.48858,
        "cv_recall_at_20": 0.54224,
        "cv_recall_at_100": 0.7089,
        "cv_recall_at_1000": 0.90068,
        "main_score": 0.32653,
        "hf_subset": "default",
        "languages": [
          "pol-Latn"
        ]
      }
    ]
  },
  "evaluation_time": 1806.48779129982,
  "kg_co2_emissions": null,
  "date": null
}