{
  "dataset_revision": "4482db2a053706c0aef0ab7bf1878d29bb0295f8",
  "task_name": "GovReport",
  "mteb_version": "2.9.0",
  "scores": {
    "test": [
      {
        "ndcg_at_1": 0.76701,
        "ndcg_at_3": 0.85442,
        "ndcg_at_5": 0.86958,
        "ndcg_at_10": 0.87885,
        "ndcg_at_20": 0.88297,
        "ndcg_at_100": 0.88451,
        "ndcg_at_1000": 0.88451,
        "map_at_1": 0.76701,
        "map_at_3": 0.83454,
        "map_at_5": 0.84312,
        "map_at_10": 0.8471,
        "map_at_20": 0.84821,
        "map_at_100": 0.84842,
        "map_at_1000": 0.84842,
        "recall_at_1": 0.76701,
        "recall_at_3": 0.91134,
        "recall_at_5": 0.94742,
        "recall_at_10": 0.97526,
        "recall_at_20": 0.99175,
        "recall_at_100": 1.0,
        "recall_at_1000": 1.0,
        "accuracy": 0.76701,
        "precision_at_1": 0.76701,
        "precision_at_3": 0.30447,
        "precision_at_5": 0.1901,
        "precision_at_10": 0.09784,
        "precision_at_20": 0.04974,
        "precision_at_100": 0.01003,
        "precision_at_1000": 0.001,
        "mrr_at_1": 0.76701,
        "mrr_at_3": 0.834364,
        "mrr_at_5": 0.842869,
        "mrr_at_10": 0.84685,
        "mrr_at_20": 0.847959,
        "mrr_at_100": 0.848172,
        "mrr_at_1000": 0.848172,
        "nauc_ndcg_at_1_max": 0.416009,
        "nauc_ndcg_at_1_std": -0.318446,
        "nauc_ndcg_at_1_diff1": 0.783408,
        "nauc_ndcg_at_3_max": 0.490491,
        "nauc_ndcg_at_3_std": -0.357044,
        "nauc_ndcg_at_3_diff1": 0.748263,
        "nauc_ndcg_at_5_max": 0.483264,
        "nauc_ndcg_at_5_std": -0.338933,
        "nauc_ndcg_at_5_diff1": 0.743771,
        "nauc_ndcg_at_10_max": 0.472485,
        "nauc_ndcg_at_10_std": -0.322433,
        "nauc_ndcg_at_10_diff1": 0.75203,
        "nauc_ndcg_at_20_max": 0.466106,
        "nauc_ndcg_at_20_std": -0.328075,
        "nauc_ndcg_at_20_diff1": 0.751875,
        "nauc_ndcg_at_100_max": 0.464318,
        "nauc_ndcg_at_100_std": -0.327799,
        "nauc_ndcg_at_100_diff1": 0.757843,
        "nauc_ndcg_at_1000_max": 0.464318,
        "nauc_ndcg_at_1000_std": -0.327799,
        "nauc_ndcg_at_1000_diff1": 0.757843,
        "nauc_map_at_1_max": 0.416009,
        "nauc_map_at_1_std": -0.318446,
        "nauc_map_at_1_diff1": 0.783408,
        "nauc_map_at_3_max": 0.470321,
        "nauc_map_at_3_std": -0.342012,
        "nauc_map_at_3_diff1": 0.759359,
        "nauc_map_at_5_max": 0.465809,
        "nauc_map_at_5_std": -0.332121,
        "nauc_map_at_5_diff1": 0.758108,
        "nauc_map_at_10_max": 0.461846,
        "nauc_map_at_10_std": -0.325731,
        "nauc_map_at_10_diff1": 0.761398,
        "nauc_map_at_20_max": 0.460307,
        "nauc_map_at_20_std": -0.32712,
        "nauc_map_at_20_diff1": 0.761431,
        "nauc_map_at_100_max": 0.45999,
        "nauc_map_at_100_std": -0.327083,
        "nauc_map_at_100_diff1": 0.761963,
        "nauc_map_at_1000_max": 0.45999,
        "nauc_map_at_1000_std": -0.327083,
        "nauc_map_at_1000_diff1": 0.761963,
        "nauc_recall_at_1_max": 0.416009,
        "nauc_recall_at_1_std": -0.318446,
        "nauc_recall_at_1_diff1": 0.783408,
        "nauc_recall_at_3_max": 0.588469,
        "nauc_recall_at_3_std": -0.433696,
        "nauc_recall_at_3_diff1": 0.69287,
        "nauc_recall_at_5_max": 0.61459,
        "nauc_recall_at_5_std": -0.391296,
        "nauc_recall_at_5_diff1": 0.627268,
        "nauc_recall_at_10_max": 0.607999,
        "nauc_recall_at_10_std": -0.240877,
        "nauc_recall_at_10_diff1": 0.607435,
        "nauc_recall_at_20_max": 0.560341,
        "nauc_recall_at_20_std": -0.348856,
        "nauc_recall_at_20_diff1": 0.310983,
        "nauc_recall_at_100_max": NaN,
        "nauc_recall_at_100_std": NaN,
        "nauc_recall_at_100_diff1": NaN,
        "nauc_recall_at_1000_max": NaN,
        "nauc_recall_at_1000_std": NaN,
        "nauc_recall_at_1000_diff1": NaN,
        "nauc_precision_at_1_max": 0.416009,
        "nauc_precision_at_1_std": -0.318446,
        "nauc_precision_at_1_diff1": 0.783408,
        "nauc_precision_at_3_max": 0.560209,
        "nauc_precision_at_3_std": -0.384513,
        "nauc_precision_at_3_diff1": 0.643573,
        "nauc_precision_at_5_max": 0.539116,
        "nauc_precision_at_5_std": -0.283044,
        "nauc_precision_at_5_diff1": 0.527084,
        "nauc_precision_at_10_max": 0.463963,
        "nauc_precision_at_10_std": -0.059467,
        "nauc_precision_at_10_diff1": 0.41822,
        "nauc_precision_at_20_max": 0.260797,
        "nauc_precision_at_20_std": 0.094749,
        "nauc_precision_at_20_diff1": 0.009817,
        "nauc_precision_at_100_max": -0.198283,
        "nauc_precision_at_100_std": 0.774618,
        "nauc_precision_at_100_diff1": -0.451749,
        "nauc_precision_at_1000_max": -0.198283,
        "nauc_precision_at_1000_std": 0.774618,
        "nauc_precision_at_1000_diff1": -0.451749,
        "nauc_mrr_at_1_max": 0.416009,
        "nauc_mrr_at_1_std": -0.318446,
        "nauc_mrr_at_1_diff1": 0.783408,
        "nauc_mrr_at_3_max": 0.470211,
        "nauc_mrr_at_3_std": -0.34313,
        "nauc_mrr_at_3_diff1": 0.759862,
        "nauc_mrr_at_5_max": 0.465742,
        "nauc_mrr_at_5_std": -0.333748,
        "nauc_mrr_at_5_diff1": 0.75843,
        "nauc_mrr_at_10_max": 0.461784,
        "nauc_mrr_at_10_std": -0.327412,
        "nauc_mrr_at_10_diff1": 0.761724,
        "nauc_mrr_at_20_max": 0.460246,
        "nauc_mrr_at_20_std": -0.328812,
        "nauc_mrr_at_20_diff1": 0.761759,
        "nauc_mrr_at_100_max": 0.459929,
        "nauc_mrr_at_100_std": -0.328778,
        "nauc_mrr_at_100_diff1": 0.762291,
        "nauc_mrr_at_1000_max": 0.459929,
        "nauc_mrr_at_1000_std": -0.328778,
        "nauc_mrr_at_1000_diff1": 0.762291,
        "cv_recall_at_1": 0.76701,
        "cv_recall_at_3": 0.91134,
        "cv_recall_at_5": 0.94742,
        "cv_recall_at_10": 0.97526,
        "cv_recall_at_20": 0.99175,
        "cv_recall_at_100": 1.0,
        "cv_recall_at_1000": 1.0,
        "main_score": 0.87885,
        "hf_subset": "default",
        "languages": [
          "eng-Latn"
        ]
      }
    ]
  },
  "evaluation_time": 199.31389546394348,
  "kg_co2_emissions": null,
  "date": null
}