{
  "dataset_revision": "48142cc741b04d0b4af370ade7e8b42430382670",
  "task_name": "LIMITRetrieval",
  "mteb_version": "2.9.0",
  "scores": {
    "test": [
      {
        "ndcg_at_1": 0.011,
        "ndcg_at_2": 0.00907,
        "ndcg_at_3": 0.01121,
        "ndcg_at_5": 0.01295,
        "ndcg_at_10": 0.01551,
        "ndcg_at_20": 0.01923,
        "ndcg_at_100": 0.02833,
        "ndcg_at_1000": 0.04715,
        "map_at_1": 0.0055,
        "map_at_2": 0.007,
        "map_at_3": 0.00817,
        "map_at_5": 0.00914,
        "map_at_10": 0.01007,
        "map_at_20": 0.01107,
        "map_at_100": 0.01218,
        "map_at_1000": 0.01267,
        "recall_at_1": 0.0055,
        "recall_at_2": 0.0085,
        "recall_at_3": 0.012,
        "recall_at_5": 0.0155,
        "recall_at_10": 0.022,
        "recall_at_20": 0.034,
        "recall_at_100": 0.076,
        "recall_at_1000": 0.207,
        "accuracy": 0.0055,
        "precision_at_1": 0.011,
        "precision_at_2": 0.0085,
        "precision_at_3": 0.008,
        "precision_at_5": 0.0062,
        "precision_at_10": 0.0044,
        "precision_at_20": 0.0034,
        "precision_at_100": 0.00152,
        "precision_at_1000": 0.00041,
        "mrr_at_1": 0.011,
        "mrr_at_2": 0.014,
        "mrr_at_3": 0.016333,
        "mrr_at_5": 0.017483,
        "mrr_at_10": 0.019044,
        "mrr_at_20": 0.020367,
        "mrr_at_100": 0.021716,
        "mrr_at_1000": 0.02235,
        "nauc_ndcg_at_1_max": 0.00983,
        "nauc_ndcg_at_1_std": -0.280264,
        "nauc_ndcg_at_1_diff1": 0.273337,
        "nauc_ndcg_at_2_max": -0.091873,
        "nauc_ndcg_at_2_std": -0.264953,
        "nauc_ndcg_at_2_diff1": 0.160407,
        "nauc_ndcg_at_3_max": -0.061874,
        "nauc_ndcg_at_3_std": -0.24283,
        "nauc_ndcg_at_3_diff1": 0.152463,
        "nauc_ndcg_at_5_max": -0.060416,
        "nauc_ndcg_at_5_std": -0.261176,
        "nauc_ndcg_at_5_diff1": 0.142578,
        "nauc_ndcg_at_10_max": -0.096159,
        "nauc_ndcg_at_10_std": -0.20939,
        "nauc_ndcg_at_10_diff1": 0.155931,
        "nauc_ndcg_at_20_max": -0.102864,
        "nauc_ndcg_at_20_std": -0.175518,
        "nauc_ndcg_at_20_diff1": 0.137913,
        "nauc_ndcg_at_100_max": -0.072242,
        "nauc_ndcg_at_100_std": -0.122154,
        "nauc_ndcg_at_100_diff1": 0.081281,
        "nauc_ndcg_at_1000_max": -0.074002,
        "nauc_ndcg_at_1000_std": -0.129861,
        "nauc_ndcg_at_1000_diff1": 0.069876,
        "nauc_map_at_1_max": 0.00983,
        "nauc_map_at_1_std": -0.280264,
        "nauc_map_at_1_diff1": 0.273337,
        "nauc_map_at_2_max": -0.07529,
        "nauc_map_at_2_std": -0.26745,
        "nauc_map_at_2_diff1": 0.178821,
        "nauc_map_at_3_max": -0.05527,
        "nauc_map_at_3_std": -0.250582,
        "nauc_map_at_3_diff1": 0.170261,
        "nauc_map_at_5_max": -0.062911,
        "nauc_map_at_5_std": -0.266306,
        "nauc_map_at_5_diff1": 0.157087,
        "nauc_map_at_10_max": -0.085693,
        "nauc_map_at_10_std": -0.236597,
        "nauc_map_at_10_diff1": 0.162128,
        "nauc_map_at_20_max": -0.085542,
        "nauc_map_at_20_std": -0.21655,
        "nauc_map_at_20_diff1": 0.158393,
        "nauc_map_at_100_max": -0.080368,
        "nauc_map_at_100_std": -0.201069,
        "nauc_map_at_100_diff1": 0.139158,
        "nauc_map_at_1000_max": -0.081598,
        "nauc_map_at_1000_std": -0.199666,
        "nauc_map_at_1000_diff1": 0.136627,
        "nauc_recall_at_1_max": 0.00983,
        "nauc_recall_at_1_std": -0.280264,
        "nauc_recall_at_1_diff1": 0.273337,
        "nauc_recall_at_2_max": -0.130368,
        "nauc_recall_at_2_std": -0.259158,
        "nauc_recall_at_2_diff1": 0.117663,
        "nauc_recall_at_3_max": -0.073428,
        "nauc_recall_at_3_std": -0.227138,
        "nauc_recall_at_3_diff1": 0.118024,
        "nauc_recall_at_5_max": -0.070315,
        "nauc_recall_at_5_std": -0.2608,
        "nauc_recall_at_5_diff1": 0.105975,
        "nauc_recall_at_10_max": -0.128717,
        "nauc_recall_at_10_std": -0.171628,
        "nauc_recall_at_10_diff1": 0.141132,
        "nauc_recall_at_20_max": -0.130084,
        "nauc_recall_at_20_std": -0.12557,
        "nauc_recall_at_20_diff1": 0.114049,
        "nauc_recall_at_100_max": -0.056251,
        "nauc_recall_at_100_std": -0.054917,
        "nauc_recall_at_100_diff1": 0.026002,
        "nauc_recall_at_1000_max": -0.060856,
        "nauc_recall_at_1000_std": -0.097851,
        "nauc_recall_at_1000_diff1": 0.032495,
        "nauc_precision_at_1_max": 0.00983,
        "nauc_precision_at_1_std": -0.280264,
        "nauc_precision_at_1_diff1": 0.273337,
        "nauc_precision_at_2_max": -0.130368,
        "nauc_precision_at_2_std": -0.259158,
        "nauc_precision_at_2_diff1": 0.117663,
        "nauc_precision_at_3_max": -0.073428,
        "nauc_precision_at_3_std": -0.227138,
        "nauc_precision_at_3_diff1": 0.118024,
        "nauc_precision_at_5_max": -0.070315,
        "nauc_precision_at_5_std": -0.2608,
        "nauc_precision_at_5_diff1": 0.105975,
        "nauc_precision_at_10_max": -0.128717,
        "nauc_precision_at_10_std": -0.171628,
        "nauc_precision_at_10_diff1": 0.141132,
        "nauc_precision_at_20_max": -0.130084,
        "nauc_precision_at_20_std": -0.12557,
        "nauc_precision_at_20_diff1": 0.114049,
        "nauc_precision_at_100_max": -0.056251,
        "nauc_precision_at_100_std": -0.054917,
        "nauc_precision_at_100_diff1": 0.026002,
        "nauc_precision_at_1000_max": -0.060856,
        "nauc_precision_at_1000_std": -0.097851,
        "nauc_precision_at_1000_diff1": 0.032495,
        "nauc_mrr_at_1_max": 0.00983,
        "nauc_mrr_at_1_std": -0.280264,
        "nauc_mrr_at_1_diff1": 0.273337,
        "nauc_mrr_at_2_max": -0.07529,
        "nauc_mrr_at_2_std": -0.26745,
        "nauc_mrr_at_2_diff1": 0.178821,
        "nauc_mrr_at_3_max": -0.05527,
        "nauc_mrr_at_3_std": -0.250582,
        "nauc_mrr_at_3_diff1": 0.170261,
        "nauc_mrr_at_5_max": -0.044862,
        "nauc_mrr_at_5_std": -0.257564,
        "nauc_mrr_at_5_diff1": 0.170598,
        "nauc_mrr_at_10_max": -0.062745,
        "nauc_mrr_at_10_std": -0.229815,
        "nauc_mrr_at_10_diff1": 0.175698,
        "nauc_mrr_at_20_max": -0.071321,
        "nauc_mrr_at_20_std": -0.216864,
        "nauc_mrr_at_20_diff1": 0.162068,
        "nauc_mrr_at_100_max": -0.069733,
        "nauc_mrr_at_100_std": -0.202875,
        "nauc_mrr_at_100_diff1": 0.152185,
        "nauc_mrr_at_1000_max": -0.070331,
        "nauc_mrr_at_1000_std": -0.202886,
        "nauc_mrr_at_1000_diff1": 0.14975,
        "cv_recall_at_1": 0.011,
        "cv_recall_at_2": 0.017,
        "cv_recall_at_3": 0.024,
        "cv_recall_at_5": 0.029,
        "cv_recall_at_10": 0.041,
        "cv_recall_at_20": 0.06,
        "cv_recall_at_100": 0.128,
        "cv_recall_at_1000": 0.324,
        "main_score": 0.0085,
        "hf_subset": "default",
        "languages": [
          "eng-Latn"
        ]
      }
    ]
  },
  "evaluation_time": 1976.5505232810974,
  "kg_co2_emissions": null,
  "date": null
}