{
  "dataset_revision": "ff4a8f2476ae77476c1912f1f3cb5bb5f2d766d4",
  "task_name": "LIMITSmallRetrieval",
  "mteb_version": "2.9.0",
  "scores": {
    "test": [
      {
        "ndcg_at_1": 0.283,
        "ndcg_at_2": 0.24664,
        "ndcg_at_3": 0.28833,
        "ndcg_at_5": 0.33501,
        "ndcg_at_10": 0.40108,
        "ndcg_at_20": 0.46556,
        "ndcg_at_100": 0.52215,
        "ndcg_at_1000": 0.52215,
        "map_at_1": 0.1415,
        "map_at_2": 0.20525,
        "map_at_3": 0.23492,
        "map_at_5": 0.26429,
        "map_at_10": 0.2961,
        "map_at_20": 0.31995,
        "map_at_100": 0.33431,
        "map_at_1000": 0.33431,
        "recall_at_1": 0.1415,
        "recall_at_2": 0.236,
        "recall_at_3": 0.304,
        "recall_at_5": 0.3965,
        "recall_at_10": 0.564,
        "recall_at_20": 0.772,
        "recall_at_100": 1.0,
        "recall_at_1000": 1.0,
        "accuracy": 0.1415,
        "precision_at_1": 0.283,
        "precision_at_2": 0.236,
        "precision_at_3": 0.20267,
        "precision_at_5": 0.1586,
        "precision_at_10": 0.1128,
        "precision_at_20": 0.0772,
        "precision_at_100": 0.02,
        "precision_at_1000": 0.002,
        "mrr_at_1": 0.283,
        "mrr_at_2": 0.3445,
        "mrr_at_3": 0.375833,
        "mrr_at_5": 0.401483,
        "mrr_at_10": 0.426138,
        "mrr_at_20": 0.436128,
        "mrr_at_100": 0.438448,
        "mrr_at_1000": 0.438448,
        "nauc_ndcg_at_1_max": 0.179571,
        "nauc_ndcg_at_1_std": 0.122186,
        "nauc_ndcg_at_1_diff1": 0.22845,
        "nauc_ndcg_at_2_max": 0.16529,
        "nauc_ndcg_at_2_std": 0.165842,
        "nauc_ndcg_at_2_diff1": 0.189587,
        "nauc_ndcg_at_3_max": 0.160777,
        "nauc_ndcg_at_3_std": 0.160034,
        "nauc_ndcg_at_3_diff1": 0.18969,
        "nauc_ndcg_at_5_max": 0.157972,
        "nauc_ndcg_at_5_std": 0.157528,
        "nauc_ndcg_at_5_diff1": 0.182377,
        "nauc_ndcg_at_10_max": 0.156249,
        "nauc_ndcg_at_10_std": 0.160097,
        "nauc_ndcg_at_10_diff1": 0.178349,
        "nauc_ndcg_at_20_max": 0.171905,
        "nauc_ndcg_at_20_std": 0.164181,
        "nauc_ndcg_at_20_diff1": 0.172155,
        "nauc_ndcg_at_100_max": 0.166637,
        "nauc_ndcg_at_100_std": 0.160494,
        "nauc_ndcg_at_100_diff1": 0.187218,
        "nauc_ndcg_at_1000_max": 0.166637,
        "nauc_ndcg_at_1000_std": 0.160494,
        "nauc_ndcg_at_1000_diff1": 0.187218,
        "nauc_map_at_1_max": 0.179571,
        "nauc_map_at_1_std": 0.122186,
        "nauc_map_at_1_diff1": 0.22845,
        "nauc_map_at_2_max": 0.168622,
        "nauc_map_at_2_std": 0.174626,
        "nauc_map_at_2_diff1": 0.194721,
        "nauc_map_at_3_max": 0.170467,
        "nauc_map_at_3_std": 0.174349,
        "nauc_map_at_3_diff1": 0.193007,
        "nauc_map_at_5_max": 0.169542,
        "nauc_map_at_5_std": 0.173557,
        "nauc_map_at_5_diff1": 0.189162,
        "nauc_map_at_10_max": 0.166225,
        "nauc_map_at_10_std": 0.17281,
        "nauc_map_at_10_diff1": 0.186104,
        "nauc_map_at_20_max": 0.172648,
        "nauc_map_at_20_std": 0.175416,
        "nauc_map_at_20_diff1": 0.18458,
        "nauc_map_at_100_max": 0.171268,
        "nauc_map_at_100_std": 0.174925,
        "nauc_map_at_100_diff1": 0.187419,
        "nauc_map_at_1000_max": 0.171268,
        "nauc_map_at_1000_std": 0.174925,
        "nauc_map_at_1000_diff1": 0.187419,
        "nauc_recall_at_1_max": 0.179571,
        "nauc_recall_at_1_std": 0.122186,
        "nauc_recall_at_1_diff1": 0.22845,
        "nauc_recall_at_2_max": 0.159404,
        "nauc_recall_at_2_std": 0.183837,
        "nauc_recall_at_2_diff1": 0.173569,
        "nauc_recall_at_3_max": 0.149747,
        "nauc_recall_at_3_std": 0.16945,
        "nauc_recall_at_3_diff1": 0.172361,
        "nauc_recall_at_5_max": 0.137038,
        "nauc_recall_at_5_std": 0.155904,
        "nauc_recall_at_5_diff1": 0.149749,
        "nauc_recall_at_10_max": 0.119232,
        "nauc_recall_at_10_std": 0.145808,
        "nauc_recall_at_10_diff1": 0.126394,
        "nauc_recall_at_20_max": 0.15593,
        "nauc_recall_at_20_std": 0.144479,
        "nauc_recall_at_20_diff1": 0.066777,
        "nauc_recall_at_100_max": NaN,
        "nauc_recall_at_100_std": NaN,
        "nauc_recall_at_100_diff1": NaN,
        "nauc_recall_at_1000_max": NaN,
        "nauc_recall_at_1000_std": NaN,
        "nauc_recall_at_1000_diff1": NaN,
        "nauc_precision_at_1_max": 0.179571,
        "nauc_precision_at_1_std": 0.122186,
        "nauc_precision_at_1_diff1": 0.22845,
        "nauc_precision_at_2_max": 0.159404,
        "nauc_precision_at_2_std": 0.183837,
        "nauc_precision_at_2_diff1": 0.173569,
        "nauc_precision_at_3_max": 0.149747,
        "nauc_precision_at_3_std": 0.16945,
        "nauc_precision_at_3_diff1": 0.172361,
        "nauc_precision_at_5_max": 0.137038,
        "nauc_precision_at_5_std": 0.155904,
        "nauc_precision_at_5_diff1": 0.149749,
        "nauc_precision_at_10_max": 0.119232,
        "nauc_precision_at_10_std": 0.145808,
        "nauc_precision_at_10_diff1": 0.126394,
        "nauc_precision_at_20_max": 0.15593,
        "nauc_precision_at_20_std": 0.144479,
        "nauc_precision_at_20_diff1": 0.066777,
        "nauc_precision_at_100_max": 1.0,
        "nauc_precision_at_100_std": 1.0,
        "nauc_precision_at_100_diff1": 1.0,
        "nauc_precision_at_1000_max": NaN,
        "nauc_precision_at_1000_std": NaN,
        "nauc_precision_at_1000_diff1": NaN,
        "nauc_mrr_at_1_max": 0.179571,
        "nauc_mrr_at_1_std": 0.122186,
        "nauc_mrr_at_1_diff1": 0.22845,
        "nauc_mrr_at_2_max": 0.166569,
        "nauc_mrr_at_2_std": 0.136724,
        "nauc_mrr_at_2_diff1": 0.198293,
        "nauc_mrr_at_3_max": 0.155783,
        "nauc_mrr_at_3_std": 0.125859,
        "nauc_mrr_at_3_diff1": 0.200567,
        "nauc_mrr_at_5_max": 0.153078,
        "nauc_mrr_at_5_std": 0.122366,
        "nauc_mrr_at_5_diff1": 0.196621,
        "nauc_mrr_at_10_max": 0.15762,
        "nauc_mrr_at_10_std": 0.128838,
        "nauc_mrr_at_10_diff1": 0.197579,
        "nauc_mrr_at_20_max": 0.159692,
        "nauc_mrr_at_20_std": 0.128594,
        "nauc_mrr_at_20_diff1": 0.197679,
        "nauc_mrr_at_100_max": 0.159551,
        "nauc_mrr_at_100_std": 0.128301,
        "nauc_mrr_at_100_diff1": 0.198852,
        "nauc_mrr_at_1000_max": 0.159551,
        "nauc_mrr_at_1000_std": 0.128301,
        "nauc_mrr_at_1000_diff1": 0.198852,
        "cv_recall_at_1": 0.283,
        "cv_recall_at_2": 0.406,
        "cv_recall_at_3": 0.5,
        "cv_recall_at_5": 0.613,
        "cv_recall_at_10": 0.797,
        "cv_recall_at_20": 0.939,
        "cv_recall_at_100": 1.0,
        "cv_recall_at_1000": 1.0,
        "main_score": 0.236,
        "hf_subset": "default",
        "languages": [
          "eng-Latn"
        ]
      }
    ]
  },
  "evaluation_time": 5.3835461139678955,
  "kg_co2_emissions": null,
  "date": null
}