{
  "dataset_revision": "dd542a7efb9ad2136b9e00768b60fca9038f8156",
  "task_name": "NanoNFCorpusRetrieval",
  "mteb_version": "2.9.0",
  "scores": {
    "train": [
      {
        "ndcg_at_1": 0.44,
        "ndcg_at_3": 0.35919,
        "ndcg_at_5": 0.34958,
        "ndcg_at_10": 0.30644,
        "ndcg_at_20": 0.26285,
        "ndcg_at_100": 0.2471,
        "ndcg_at_1000": 0.36173,
        "map_at_1": 0.02344,
        "map_at_3": 0.04334,
        "map_at_5": 0.06646,
        "map_at_10": 0.08524,
        "map_at_20": 0.0957,
        "map_at_100": 0.11139,
        "map_at_1000": 0.12861,
        "recall_at_1": 0.02344,
        "recall_at_3": 0.04659,
        "recall_at_5": 0.09226,
        "recall_at_10": 0.11818,
        "recall_at_20": 0.14177,
        "recall_at_100": 0.26364,
        "recall_at_1000": 0.61264,
        "accuracy": 0.02344,
        "precision_at_1": 0.44,
        "precision_at_3": 0.33333,
        "precision_at_5": 0.312,
        "precision_at_10": 0.256,
        "precision_at_20": 0.187,
        "precision_at_100": 0.0828,
        "precision_at_1000": 0.02714,
        "mrr_at_1": 0.44,
        "mrr_at_3": 0.48,
        "mrr_at_5": 0.49,
        "mrr_at_10": 0.498413,
        "mrr_at_20": 0.50318,
        "mrr_at_100": 0.507188,
        "mrr_at_1000": 0.507607,
        "nauc_ndcg_at_1_max": 0.601477,
        "nauc_ndcg_at_1_std": 0.411025,
        "nauc_ndcg_at_1_diff1": 0.500914,
        "nauc_ndcg_at_3_max": 0.660173,
        "nauc_ndcg_at_3_std": 0.480506,
        "nauc_ndcg_at_3_diff1": 0.396569,
        "nauc_ndcg_at_5_max": 0.62653,
        "nauc_ndcg_at_5_std": 0.480825,
        "nauc_ndcg_at_5_diff1": 0.36453,
        "nauc_ndcg_at_10_max": 0.609813,
        "nauc_ndcg_at_10_std": 0.505047,
        "nauc_ndcg_at_10_diff1": 0.372209,
        "nauc_ndcg_at_20_max": 0.548302,
        "nauc_ndcg_at_20_std": 0.461646,
        "nauc_ndcg_at_20_diff1": 0.328157,
        "nauc_ndcg_at_100_max": 0.474932,
        "nauc_ndcg_at_100_std": 0.334908,
        "nauc_ndcg_at_100_diff1": 0.314089,
        "nauc_ndcg_at_1000_max": 0.597397,
        "nauc_ndcg_at_1000_std": 0.370442,
        "nauc_ndcg_at_1000_diff1": 0.411596,
        "nauc_map_at_1_max": -0.053232,
        "nauc_map_at_1_std": -0.201014,
        "nauc_map_at_1_diff1": 0.474763,
        "nauc_map_at_3_max": 0.235408,
        "nauc_map_at_3_std": -0.008518,
        "nauc_map_at_3_diff1": 0.325169,
        "nauc_map_at_5_max": 0.228052,
        "nauc_map_at_5_std": 0.00744,
        "nauc_map_at_5_diff1": 0.246714,
        "nauc_map_at_10_max": 0.349107,
        "nauc_map_at_10_std": 0.080349,
        "nauc_map_at_10_diff1": 0.320031,
        "nauc_map_at_20_max": 0.377101,
        "nauc_map_at_20_std": 0.115133,
        "nauc_map_at_20_diff1": 0.34177,
        "nauc_map_at_100_max": 0.42152,
        "nauc_map_at_100_std": 0.163937,
        "nauc_map_at_100_diff1": 0.348139,
        "nauc_map_at_1000_max": 0.449479,
        "nauc_map_at_1000_std": 0.245459,
        "nauc_map_at_1000_diff1": 0.335713,
        "nauc_recall_at_1_max": -0.053232,
        "nauc_recall_at_1_std": -0.201014,
        "nauc_recall_at_1_diff1": 0.474763,
        "nauc_recall_at_3_max": 0.237641,
        "nauc_recall_at_3_std": 0.014752,
        "nauc_recall_at_3_diff1": 0.29287,
        "nauc_recall_at_5_max": 0.089269,
        "nauc_recall_at_5_std": -0.029501,
        "nauc_recall_at_5_diff1": 0.09955,
        "nauc_recall_at_10_max": 0.212404,
        "nauc_recall_at_10_std": 0.039211,
        "nauc_recall_at_10_diff1": 0.21251,
        "nauc_recall_at_20_max": 0.24262,
        "nauc_recall_at_20_std": 0.051313,
        "nauc_recall_at_20_diff1": 0.243316,
        "nauc_recall_at_100_max": 0.157711,
        "nauc_recall_at_100_std": -0.021028,
        "nauc_recall_at_100_diff1": 0.153953,
        "nauc_recall_at_1000_max": 0.177836,
        "nauc_recall_at_1000_std": 0.003684,
        "nauc_recall_at_1000_diff1": 0.146398,
        "nauc_precision_at_1_max": 0.601477,
        "nauc_precision_at_1_std": 0.411025,
        "nauc_precision_at_1_diff1": 0.500914,
        "nauc_precision_at_3_max": 0.699471,
        "nauc_precision_at_3_std": 0.513369,
        "nauc_precision_at_3_diff1": 0.35747,
        "nauc_precision_at_5_max": 0.679504,
        "nauc_precision_at_5_std": 0.535333,
        "nauc_precision_at_5_diff1": 0.323869,
        "nauc_precision_at_10_max": 0.68235,
        "nauc_precision_at_10_std": 0.589431,
        "nauc_precision_at_10_diff1": 0.339592,
        "nauc_precision_at_20_max": 0.595087,
        "nauc_precision_at_20_std": 0.579513,
        "nauc_precision_at_20_diff1": 0.287928,
        "nauc_precision_at_100_max": 0.44479,
        "nauc_precision_at_100_std": 0.655448,
        "nauc_precision_at_100_diff1": 0.097137,
        "nauc_precision_at_1000_max": 0.248823,
        "nauc_precision_at_1000_std": 0.668354,
        "nauc_precision_at_1000_diff1": -0.084102,
        "nauc_mrr_at_1_max": 0.601477,
        "nauc_mrr_at_1_std": 0.411025,
        "nauc_mrr_at_1_diff1": 0.500914,
        "nauc_mrr_at_3_max": 0.611556,
        "nauc_mrr_at_3_std": 0.43728,
        "nauc_mrr_at_3_diff1": 0.481301,
        "nauc_mrr_at_5_max": 0.610937,
        "nauc_mrr_at_5_std": 0.442505,
        "nauc_mrr_at_5_diff1": 0.463828,
        "nauc_mrr_at_10_max": 0.607379,
        "nauc_mrr_at_10_std": 0.451391,
        "nauc_mrr_at_10_diff1": 0.468682,
        "nauc_mrr_at_20_max": 0.608667,
        "nauc_mrr_at_20_std": 0.444018,
        "nauc_mrr_at_20_diff1": 0.46507,
        "nauc_mrr_at_100_max": 0.609709,
        "nauc_mrr_at_100_std": 0.441283,
        "nauc_mrr_at_100_diff1": 0.47076,
        "nauc_mrr_at_1000_max": 0.609792,
        "nauc_mrr_at_1000_std": 0.441405,
        "nauc_mrr_at_1000_diff1": 0.470563,
        "cv_recall_at_1": 0.44,
        "cv_recall_at_3": 0.54,
        "cv_recall_at_5": 0.58,
        "cv_recall_at_10": 0.64,
        "cv_recall_at_20": 0.72,
        "cv_recall_at_100": 0.86,
        "cv_recall_at_1000": 0.98,
        "main_score": 0.30644,
        "hf_subset": "default",
        "languages": [
          "eng-Latn"
        ]
      }
    ]
  },
  "evaluation_time": 243.1733627319336,
  "kg_co2_emissions": null,
  "date": null
}