{
  "dataset_revision": "910766554633e8da014e88f54988705dde7ecaac",
  "task_name": "ZacLegalTextRetrieval",
  "mteb_version": "2.9.0",
  "scores": {
    "test": [
      {
        "ndcg_at_1": 0.44797,
        "ndcg_at_3": 0.54696,
        "ndcg_at_5": 0.57669,
        "ndcg_at_10": 0.60296,
        "ndcg_at_20": 0.62487,
        "ndcg_at_100": 0.64552,
        "ndcg_at_1000": 0.64948,
        "map_at_1": 0.4467,
        "map_at_3": 0.52126,
        "map_at_5": 0.5382,
        "map_at_10": 0.54911,
        "map_at_20": 0.55517,
        "map_at_100": 0.55838,
        "map_at_1000": 0.55853,
        "recall_at_1": 0.4467,
        "recall_at_3": 0.62056,
        "recall_at_5": 0.69162,
        "recall_at_10": 0.77221,
        "recall_at_20": 0.8585,
        "recall_at_100": 0.96447,
        "recall_at_1000": 0.99556,
        "accuracy": 0.4467,
        "precision_at_1": 0.44797,
        "precision_at_3": 0.2077,
        "precision_at_5": 0.13909,
        "precision_at_10": 0.07766,
        "precision_at_20": 0.04315,
        "precision_at_100": 0.0097,
        "precision_at_1000": 0.001,
        "mrr_at_1": 0.446701,
        "mrr_at_3": 0.521574,
        "mrr_at_5": 0.537563,
        "mrr_at_10": 0.548796,
        "mrr_at_20": 0.554847,
        "mrr_at_100": 0.55808,
        "mrr_at_1000": 0.558225,
        "nauc_ndcg_at_1_max": 0.466699,
        "nauc_ndcg_at_1_std": 0.034474,
        "nauc_ndcg_at_1_diff1": 0.579243,
        "nauc_ndcg_at_3_max": 0.48675,
        "nauc_ndcg_at_3_std": 0.062163,
        "nauc_ndcg_at_3_diff1": 0.520711,
        "nauc_ndcg_at_5_max": 0.510677,
        "nauc_ndcg_at_5_std": 0.094714,
        "nauc_ndcg_at_5_diff1": 0.512347,
        "nauc_ndcg_at_10_max": 0.506943,
        "nauc_ndcg_at_10_std": 0.077851,
        "nauc_ndcg_at_10_diff1": 0.502493,
        "nauc_ndcg_at_20_max": 0.500787,
        "nauc_ndcg_at_20_std": 0.076896,
        "nauc_ndcg_at_20_diff1": 0.495159,
        "nauc_ndcg_at_100_max": 0.499216,
        "nauc_ndcg_at_100_std": 0.083587,
        "nauc_ndcg_at_100_diff1": 0.511205,
        "nauc_ndcg_at_1000_max": 0.497763,
        "nauc_ndcg_at_1000_std": 0.076137,
        "nauc_ndcg_at_1000_diff1": 0.517959,
        "nauc_map_at_1_max": 0.461359,
        "nauc_map_at_1_std": 0.033049,
        "nauc_map_at_1_diff1": 0.574897,
        "nauc_map_at_3_max": 0.480507,
        "nauc_map_at_3_std": 0.05523,
        "nauc_map_at_3_diff1": 0.533643,
        "nauc_map_at_5_max": 0.494251,
        "nauc_map_at_5_std": 0.072749,
        "nauc_map_at_5_diff1": 0.530207,
        "nauc_map_at_10_max": 0.492377,
        "nauc_map_at_10_std": 0.065727,
        "nauc_map_at_10_diff1": 0.527245,
        "nauc_map_at_20_max": 0.490516,
        "nauc_map_at_20_std": 0.065291,
        "nauc_map_at_20_diff1": 0.525972,
        "nauc_map_at_100_max": 0.490118,
        "nauc_map_at_100_std": 0.06581,
        "nauc_map_at_100_diff1": 0.528212,
        "nauc_map_at_1000_max": 0.490102,
        "nauc_map_at_1000_std": 0.065621,
        "nauc_map_at_1000_diff1": 0.528472,
        "nauc_recall_at_1_max": 0.461359,
        "nauc_recall_at_1_std": 0.033049,
        "nauc_recall_at_1_diff1": 0.574897,
        "nauc_recall_at_3_max": 0.499825,
        "nauc_recall_at_3_std": 0.082397,
        "nauc_recall_at_3_diff1": 0.474205,
        "nauc_recall_at_5_max": 0.568759,
        "nauc_recall_at_5_std": 0.177112,
        "nauc_recall_at_5_diff1": 0.444507,
        "nauc_recall_at_10_max": 0.56887,
        "nauc_recall_at_10_std": 0.127881,
        "nauc_recall_at_10_diff1": 0.380907,
        "nauc_recall_at_20_max": 0.554568,
        "nauc_recall_at_20_std": 0.146708,
        "nauc_recall_at_20_diff1": 0.257222,
        "nauc_recall_at_100_max": 0.643461,
        "nauc_recall_at_100_std": 0.619586,
        "nauc_recall_at_100_diff1": 0.171341,
        "nauc_recall_at_1000_max": 0.870948,
        "nauc_recall_at_1000_std": 0.92294,
        "nauc_recall_at_1000_diff1": 0.591146,
        "nauc_precision_at_1_max": 0.466699,
        "nauc_precision_at_1_std": 0.034474,
        "nauc_precision_at_1_diff1": 0.579243,
        "nauc_precision_at_3_max": 0.510614,
        "nauc_precision_at_3_std": 0.09088,
        "nauc_precision_at_3_diff1": 0.473654,
        "nauc_precision_at_5_max": 0.576556,
        "nauc_precision_at_5_std": 0.184655,
        "nauc_precision_at_5_diff1": 0.441046,
        "nauc_precision_at_10_max": 0.57891,
        "nauc_precision_at_10_std": 0.137099,
        "nauc_precision_at_10_diff1": 0.376724,
        "nauc_precision_at_20_max": 0.570612,
        "nauc_precision_at_20_std": 0.159816,
        "nauc_precision_at_20_diff1": 0.256474,
        "nauc_precision_at_100_max": 0.724337,
        "nauc_precision_at_100_std": 0.603992,
        "nauc_precision_at_100_diff1": 0.211458,
        "nauc_precision_at_1000_max": 0.927897,
        "nauc_precision_at_1000_std": 0.530297,
        "nauc_precision_at_1000_diff1": 0.497645,
        "nauc_mrr_at_1_max": 0.471104,
        "nauc_mrr_at_1_std": 0.037026,
        "nauc_mrr_at_1_diff1": 0.582545,
        "nauc_mrr_at_3_max": 0.486775,
        "nauc_mrr_at_3_std": 0.056452,
        "nauc_mrr_at_3_diff1": 0.539383,
        "nauc_mrr_at_5_max": 0.496943,
        "nauc_mrr_at_5_std": 0.072705,
        "nauc_mrr_at_5_diff1": 0.534369,
        "nauc_mrr_at_10_max": 0.495693,
        "nauc_mrr_at_10_std": 0.065601,
        "nauc_mrr_at_10_diff1": 0.530879,
        "nauc_mrr_at_20_max": 0.493861,
        "nauc_mrr_at_20_std": 0.065136,
        "nauc_mrr_at_20_diff1": 0.529667,
        "nauc_mrr_at_100_max": 0.493638,
        "nauc_mrr_at_100_std": 0.06565,
        "nauc_mrr_at_100_diff1": 0.532088,
        "nauc_mrr_at_1000_max": 0.493584,
        "nauc_mrr_at_1000_std": 0.065462,
        "nauc_mrr_at_1000_diff1": 0.53231,
        "cv_recall_at_1": 0.4467,
        "cv_recall_at_3": 0.62183,
        "cv_recall_at_5": 0.69036,
        "cv_recall_at_10": 0.77284,
        "cv_recall_at_20": 0.85914,
        "cv_recall_at_100": 0.96574,
        "cv_recall_at_1000": 0.99619,
        "main_score": 0.60296,
        "hf_subset": "default",
        "languages": [
          "vie-Latn"
        ]
      }
    ]
  },
  "evaluation_time": 3258.2972955703735,
  "kg_co2_emissions": null,
  "date": null
}