{
  "dataset_revision": "fd7df84ac089bbec763b1c6bb1b56e985df5cc5c",
  "task_name": "AutoRAGRetrieval",
  "mteb_version": "2.9.0",
  "scores": {
    "test": [
      {
        "ndcg_at_1": 0.35965,
        "ndcg_at_3": 0.43024,
        "ndcg_at_5": 0.45515,
        "ndcg_at_10": 0.49239,
        "ndcg_at_20": 0.51739,
        "ndcg_at_100": 0.54514,
        "ndcg_at_1000": 0.55634,
        "map_at_1": 0.35965,
        "map_at_3": 0.41228,
        "map_at_5": 0.42588,
        "map_at_10": 0.44145,
        "map_at_20": 0.44864,
        "map_at_100": 0.45199,
        "map_at_1000": 0.4524,
        "recall_at_1": 0.35965,
        "recall_at_3": 0.48246,
        "recall_at_5": 0.54386,
        "recall_at_10": 0.65789,
        "recall_at_20": 0.75439,
        "recall_at_100": 0.91228,
        "recall_at_1000": 1.0,
        "accuracy": 0.35965,
        "precision_at_1": 0.35965,
        "precision_at_3": 0.16082,
        "precision_at_5": 0.10877,
        "precision_at_10": 0.06579,
        "precision_at_20": 0.03772,
        "precision_at_100": 0.00912,
        "precision_at_1000": 0.001,
        "mrr_at_1": 0.359649,
        "mrr_at_3": 0.412281,
        "mrr_at_5": 0.425877,
        "mrr_at_10": 0.441451,
        "mrr_at_20": 0.44864,
        "mrr_at_100": 0.451986,
        "mrr_at_1000": 0.4524,
        "nauc_ndcg_at_1_max": 0.110284,
        "nauc_ndcg_at_1_std": -0.243876,
        "nauc_ndcg_at_1_diff1": 0.612602,
        "nauc_ndcg_at_3_max": 0.076774,
        "nauc_ndcg_at_3_std": -0.268221,
        "nauc_ndcg_at_3_diff1": 0.505869,
        "nauc_ndcg_at_5_max": 0.087662,
        "nauc_ndcg_at_5_std": -0.28918,
        "nauc_ndcg_at_5_diff1": 0.502535,
        "nauc_ndcg_at_10_max": 0.112628,
        "nauc_ndcg_at_10_std": -0.256185,
        "nauc_ndcg_at_10_diff1": 0.486967,
        "nauc_ndcg_at_20_max": 0.09796,
        "nauc_ndcg_at_20_std": -0.254412,
        "nauc_ndcg_at_20_diff1": 0.498428,
        "nauc_ndcg_at_100_max": 0.115969,
        "nauc_ndcg_at_100_std": -0.257607,
        "nauc_ndcg_at_100_diff1": 0.509412,
        "nauc_ndcg_at_1000_max": 0.105098,
        "nauc_ndcg_at_1000_std": -0.256605,
        "nauc_ndcg_at_1000_diff1": 0.516732,
        "nauc_map_at_1_max": 0.110284,
        "nauc_map_at_1_std": -0.243876,
        "nauc_map_at_1_diff1": 0.612602,
        "nauc_map_at_3_max": 0.084358,
        "nauc_map_at_3_std": -0.259371,
        "nauc_map_at_3_diff1": 0.533878,
        "nauc_map_at_5_max": 0.091227,
        "nauc_map_at_5_std": -0.269981,
        "nauc_map_at_5_diff1": 0.532773,
        "nauc_map_at_10_max": 0.103018,
        "nauc_map_at_10_std": -0.254485,
        "nauc_map_at_10_diff1": 0.526942,
        "nauc_map_at_20_max": 0.099942,
        "nauc_map_at_20_std": -0.253765,
        "nauc_map_at_20_diff1": 0.531469,
        "nauc_map_at_100_max": 0.101901,
        "nauc_map_at_100_std": -0.254342,
        "nauc_map_at_100_diff1": 0.532646,
        "nauc_map_at_1000_max": 0.101513,
        "nauc_map_at_1000_std": -0.254422,
        "nauc_map_at_1000_diff1": 0.532947,
        "nauc_recall_at_1_max": 0.110284,
        "nauc_recall_at_1_std": -0.243876,
        "nauc_recall_at_1_diff1": 0.612602,
        "nauc_recall_at_3_max": 0.054962,
        "nauc_recall_at_3_std": -0.295157,
        "nauc_recall_at_3_diff1": 0.423598,
        "nauc_recall_at_5_max": 0.077686,
        "nauc_recall_at_5_std": -0.352818,
        "nauc_recall_at_5_diff1": 0.409003,
        "nauc_recall_at_10_max": 0.154243,
        "nauc_recall_at_10_std": -0.258881,
        "nauc_recall_at_10_diff1": 0.336925,
        "nauc_recall_at_20_max": 0.074718,
        "nauc_recall_at_20_std": -0.252213,
        "nauc_recall_at_20_diff1": 0.347079,
        "nauc_recall_at_100_max": 0.38685,
        "nauc_recall_at_100_std": -0.29139,
        "nauc_recall_at_100_diff1": 0.339683,
        "nauc_recall_at_1000_max": NaN,
        "nauc_recall_at_1000_std": NaN,
        "nauc_recall_at_1000_diff1": NaN,
        "nauc_precision_at_1_max": 0.110284,
        "nauc_precision_at_1_std": -0.243876,
        "nauc_precision_at_1_diff1": 0.612602,
        "nauc_precision_at_3_max": 0.054962,
        "nauc_precision_at_3_std": -0.295157,
        "nauc_precision_at_3_diff1": 0.423598,
        "nauc_precision_at_5_max": 0.077686,
        "nauc_precision_at_5_std": -0.352818,
        "nauc_precision_at_5_diff1": 0.409003,
        "nauc_precision_at_10_max": 0.154243,
        "nauc_precision_at_10_std": -0.258881,
        "nauc_precision_at_10_diff1": 0.336925,
        "nauc_precision_at_20_max": 0.074718,
        "nauc_precision_at_20_std": -0.252213,
        "nauc_precision_at_20_diff1": 0.347079,
        "nauc_precision_at_100_max": 0.38685,
        "nauc_precision_at_100_std": -0.29139,
        "nauc_precision_at_100_diff1": 0.339683,
        "nauc_precision_at_1000_max": 1.0,
        "nauc_precision_at_1000_std": 1.0,
        "nauc_precision_at_1000_diff1": 1.0,
        "nauc_mrr_at_1_max": 0.110284,
        "nauc_mrr_at_1_std": -0.243876,
        "nauc_mrr_at_1_diff1": 0.612602,
        "nauc_mrr_at_3_max": 0.084358,
        "nauc_mrr_at_3_std": -0.259371,
        "nauc_mrr_at_3_diff1": 0.533878,
        "nauc_mrr_at_5_max": 0.091227,
        "nauc_mrr_at_5_std": -0.269981,
        "nauc_mrr_at_5_diff1": 0.532773,
        "nauc_mrr_at_10_max": 0.103018,
        "nauc_mrr_at_10_std": -0.254485,
        "nauc_mrr_at_10_diff1": 0.526942,
        "nauc_mrr_at_20_max": 0.099942,
        "nauc_mrr_at_20_std": -0.253765,
        "nauc_mrr_at_20_diff1": 0.531469,
        "nauc_mrr_at_100_max": 0.101901,
        "nauc_mrr_at_100_std": -0.254342,
        "nauc_mrr_at_100_diff1": 0.532646,
        "nauc_mrr_at_1000_max": 0.101513,
        "nauc_mrr_at_1000_std": -0.254422,
        "nauc_mrr_at_1000_diff1": 0.532947,
        "cv_recall_at_1": 0.35965,
        "cv_recall_at_3": 0.48246,
        "cv_recall_at_5": 0.54386,
        "cv_recall_at_10": 0.65789,
        "cv_recall_at_20": 0.75439,
        "cv_recall_at_100": 0.91228,
        "cv_recall_at_1000": 1.0,
        "main_score": 0.49239,
        "hf_subset": "default",
        "languages": [
          "kor-Hang"
        ]
      }
    ]
  },
  "evaluation_time": 15.412651062011719,
  "kg_co2_emissions": null,
  "date": null
}