{
  "dataset_revision": "49c07b6",
  "task_name": "BarExamQA",
  "mteb_version": "2.9.0",
  "scores": {
    "test": [
      {
        "ndcg_at_1": 0.11966,
        "ndcg_at_3": 0.16595,
        "ndcg_at_5": 0.1939,
        "ndcg_at_10": 0.25373,
        "ndcg_at_20": 0.27313,
        "ndcg_at_100": 0.35557,
        "ndcg_at_1000": 0.35934,
        "map_at_1": 0.11966,
        "map_at_3": 0.15527,
        "map_at_5": 0.17066,
        "map_at_10": 0.19477,
        "map_at_20": 0.20008,
        "map_at_100": 0.2115,
        "map_at_1000": 0.21174,
        "recall_at_1": 0.11966,
        "recall_at_3": 0.19658,
        "recall_at_5": 0.26496,
        "recall_at_10": 0.45299,
        "recall_at_20": 0.52991,
        "recall_at_100": 0.97436,
        "recall_at_1000": 1.0,
        "accuracy": 0.11966,
        "precision_at_1": 0.11966,
        "precision_at_3": 0.06553,
        "precision_at_5": 0.05299,
        "precision_at_10": 0.0453,
        "precision_at_20": 0.0265,
        "precision_at_100": 0.00974,
        "precision_at_1000": 0.001,
        "mrr_at_1": 0.119658,
        "mrr_at_3": 0.155271,
        "mrr_at_5": 0.170655,
        "mrr_at_10": 0.19477,
        "mrr_at_20": 0.200083,
        "mrr_at_100": 0.211504,
        "mrr_at_1000": 0.211735,
        "nauc_ndcg_at_1_max": 0.162261,
        "nauc_ndcg_at_1_std": 0.244241,
        "nauc_ndcg_at_1_diff1": 0.110387,
        "nauc_ndcg_at_3_max": 0.051564,
        "nauc_ndcg_at_3_std": 0.11564,
        "nauc_ndcg_at_3_diff1": 0.159583,
        "nauc_ndcg_at_5_max": 0.098303,
        "nauc_ndcg_at_5_std": 0.182649,
        "nauc_ndcg_at_5_diff1": 0.120467,
        "nauc_ndcg_at_10_max": 0.111879,
        "nauc_ndcg_at_10_std": 0.155119,
        "nauc_ndcg_at_10_diff1": 0.131575,
        "nauc_ndcg_at_20_max": 0.089091,
        "nauc_ndcg_at_20_std": 0.149342,
        "nauc_ndcg_at_20_diff1": 0.090468,
        "nauc_ndcg_at_100_max": 0.100385,
        "nauc_ndcg_at_100_std": 0.175373,
        "nauc_ndcg_at_100_diff1": 0.12539,
        "nauc_ndcg_at_1000_max": 0.095372,
        "nauc_ndcg_at_1000_std": 0.1685,
        "nauc_ndcg_at_1000_diff1": 0.116137,
        "nauc_map_at_1_max": 0.162261,
        "nauc_map_at_1_std": 0.244241,
        "nauc_map_at_1_diff1": 0.110387,
        "nauc_map_at_3_max": 0.072081,
        "nauc_map_at_3_std": 0.141898,
        "nauc_map_at_3_diff1": 0.14417,
        "nauc_map_at_5_max": 0.098866,
        "nauc_map_at_5_std": 0.180862,
        "nauc_map_at_5_diff1": 0.122355,
        "nauc_map_at_10_max": 0.101677,
        "nauc_map_at_10_std": 0.16595,
        "nauc_map_at_10_diff1": 0.1287,
        "nauc_map_at_20_max": 0.094524,
        "nauc_map_at_20_std": 0.164401,
        "nauc_map_at_20_diff1": 0.115621,
        "nauc_map_at_100_max": 0.096317,
        "nauc_map_at_100_std": 0.170183,
        "nauc_map_at_100_diff1": 0.120159,
        "nauc_map_at_1000_max": 0.096052,
        "nauc_map_at_1000_std": 0.169815,
        "nauc_map_at_1000_diff1": 0.119656,
        "nauc_recall_at_1_max": 0.162261,
        "nauc_recall_at_1_std": 0.244241,
        "nauc_recall_at_1_diff1": 0.110387,
        "nauc_recall_at_3_max": 0.002786,
        "nauc_recall_at_3_std": 0.052314,
        "nauc_recall_at_3_diff1": 0.198557,
        "nauc_recall_at_5_max": 0.103193,
        "nauc_recall_at_5_std": 0.19406,
        "nauc_recall_at_5_diff1": 0.112655,
        "nauc_recall_at_10_max": 0.14791,
        "nauc_recall_at_10_std": 0.135626,
        "nauc_recall_at_10_diff1": 0.135638,
        "nauc_recall_at_20_max": 0.078618,
        "nauc_recall_at_20_std": 0.115552,
        "nauc_recall_at_20_diff1": 0.009036,
        "nauc_recall_at_100_max": 0.387002,
        "nauc_recall_at_100_std": 0.566905,
        "nauc_recall_at_100_diff1": 0.649785,
        "nauc_recall_at_1000_max": NaN,
        "nauc_recall_at_1000_std": NaN,
        "nauc_recall_at_1000_diff1": NaN,
        "nauc_precision_at_1_max": 0.162261,
        "nauc_precision_at_1_std": 0.244241,
        "nauc_precision_at_1_diff1": 0.110387,
        "nauc_precision_at_3_max": 0.002786,
        "nauc_precision_at_3_std": 0.052314,
        "nauc_precision_at_3_diff1": 0.198557,
        "nauc_precision_at_5_max": 0.103193,
        "nauc_precision_at_5_std": 0.19406,
        "nauc_precision_at_5_diff1": 0.112655,
        "nauc_precision_at_10_max": 0.14791,
        "nauc_precision_at_10_std": 0.135626,
        "nauc_precision_at_10_diff1": 0.135638,
        "nauc_precision_at_20_max": 0.078618,
        "nauc_precision_at_20_std": 0.115552,
        "nauc_precision_at_20_diff1": 0.009036,
        "nauc_precision_at_100_max": 0.387002,
        "nauc_precision_at_100_std": 0.566905,
        "nauc_precision_at_100_diff1": 0.649785,
        "nauc_precision_at_1000_max": 1.0,
        "nauc_precision_at_1000_std": 1.0,
        "nauc_precision_at_1000_diff1": 1.0,
        "nauc_mrr_at_1_max": 0.162261,
        "nauc_mrr_at_1_std": 0.244241,
        "nauc_mrr_at_1_diff1": 0.110387,
        "nauc_mrr_at_3_max": 0.072081,
        "nauc_mrr_at_3_std": 0.141898,
        "nauc_mrr_at_3_diff1": 0.14417,
        "nauc_mrr_at_5_max": 0.098866,
        "nauc_mrr_at_5_std": 0.180862,
        "nauc_mrr_at_5_diff1": 0.122355,
        "nauc_mrr_at_10_max": 0.101677,
        "nauc_mrr_at_10_std": 0.16595,
        "nauc_mrr_at_10_diff1": 0.1287,
        "nauc_mrr_at_20_max": 0.094524,
        "nauc_mrr_at_20_std": 0.164401,
        "nauc_mrr_at_20_diff1": 0.115621,
        "nauc_mrr_at_100_max": 0.096317,
        "nauc_mrr_at_100_std": 0.170183,
        "nauc_mrr_at_100_diff1": 0.120159,
        "nauc_mrr_at_1000_max": 0.096052,
        "nauc_mrr_at_1000_std": 0.169815,
        "nauc_mrr_at_1000_diff1": 0.119656,
        "cv_recall_at_1": 0.11966,
        "cv_recall_at_3": 0.19658,
        "cv_recall_at_5": 0.26496,
        "cv_recall_at_10": 0.45299,
        "cv_recall_at_20": 0.52991,
        "cv_recall_at_100": 0.97436,
        "cv_recall_at_1000": 1.0,
        "main_score": 0.25373,
        "hf_subset": "default",
        "languages": [
          "eng-Latn"
        ]
      }
    ]
  },
  "evaluation_time": 4.991480112075806,
  "kg_co2_emissions": null,
  "date": null
}