{
  "dataset_revision": "ef7b3a7f08dd2f0f7bdf0cf23391f8a1a26ad477",
  "task_name": "BIRCO-ClinicalTrial",
  "mteb_version": "2.9.0",
  "scores": {
    "test": [
      {
        "ndcg_at_1": 0.2,
        "ndcg_at_3": 0.17326,
        "ndcg_at_5": 0.16218,
        "ndcg_at_10": 0.15117,
        "ndcg_at_20": 0.16399,
        "ndcg_at_100": 0.23434,
        "ndcg_at_1000": 0.36748,
        "map_at_1": 0.02153,
        "map_at_3": 0.03648,
        "map_at_5": 0.04557,
        "map_at_10": 0.05866,
        "map_at_20": 0.07224,
        "map_at_100": 0.09953,
        "map_at_1000": 0.11675,
        "recall_at_1": 0.02153,
        "recall_at_3": 0.04496,
        "recall_at_5": 0.06478,
        "recall_at_10": 0.09652,
        "recall_at_20": 0.15031,
        "recall_at_100": 0.32598,
        "recall_at_1000": 0.76524,
        "accuracy": 0.02153,
        "precision_at_1": 0.26,
        "precision_at_3": 0.21333,
        "precision_at_5": 0.192,
        "precision_at_10": 0.148,
        "precision_at_20": 0.118,
        "precision_at_100": 0.0594,
        "precision_at_1000": 0.01562,
        "mrr_at_1": 0.26,
        "mrr_at_3": 0.346667,
        "mrr_at_5": 0.367667,
        "mrr_at_10": 0.369667,
        "mrr_at_20": 0.37882,
        "mrr_at_100": 0.384536,
        "mrr_at_1000": 0.384911,
        "nauc_ndcg_at_1_max": 0.14749,
        "nauc_ndcg_at_1_std": 0.141472,
        "nauc_ndcg_at_1_diff1": 0.149054,
        "nauc_ndcg_at_3_max": 0.211614,
        "nauc_ndcg_at_3_std": 0.160112,
        "nauc_ndcg_at_3_diff1": 0.183366,
        "nauc_ndcg_at_5_max": 0.296444,
        "nauc_ndcg_at_5_std": 0.255439,
        "nauc_ndcg_at_5_diff1": 0.179824,
        "nauc_ndcg_at_10_max": 0.262472,
        "nauc_ndcg_at_10_std": 0.274486,
        "nauc_ndcg_at_10_diff1": 0.222951,
        "nauc_ndcg_at_20_max": 0.26883,
        "nauc_ndcg_at_20_std": 0.299891,
        "nauc_ndcg_at_20_diff1": 0.179224,
        "nauc_ndcg_at_100_max": 0.322901,
        "nauc_ndcg_at_100_std": 0.342836,
        "nauc_ndcg_at_100_diff1": 0.133336,
        "nauc_ndcg_at_1000_max": 0.349588,
        "nauc_ndcg_at_1000_std": 0.41058,
        "nauc_ndcg_at_1000_diff1": 0.094998,
        "nauc_map_at_1_max": 0.01594,
        "nauc_map_at_1_std": 0.039328,
        "nauc_map_at_1_diff1": 0.078764,
        "nauc_map_at_3_max": -0.018981,
        "nauc_map_at_3_std": 0.009224,
        "nauc_map_at_3_diff1": 0.137761,
        "nauc_map_at_5_max": 0.066973,
        "nauc_map_at_5_std": 0.112775,
        "nauc_map_at_5_diff1": 0.135847,
        "nauc_map_at_10_max": 0.08803,
        "nauc_map_at_10_std": 0.164934,
        "nauc_map_at_10_diff1": 0.186309,
        "nauc_map_at_20_max": 0.147484,
        "nauc_map_at_20_std": 0.204957,
        "nauc_map_at_20_diff1": 0.142832,
        "nauc_map_at_100_max": 0.255098,
        "nauc_map_at_100_std": 0.284181,
        "nauc_map_at_100_diff1": 0.110727,
        "nauc_map_at_1000_max": 0.279138,
        "nauc_map_at_1000_std": 0.330471,
        "nauc_map_at_1000_diff1": 0.111628,
        "nauc_recall_at_1_max": 0.01594,
        "nauc_recall_at_1_std": 0.039328,
        "nauc_recall_at_1_diff1": 0.078764,
        "nauc_recall_at_3_max": 0.01849,
        "nauc_recall_at_3_std": 0.032887,
        "nauc_recall_at_3_diff1": 0.14257,
        "nauc_recall_at_5_max": 0.103129,
        "nauc_recall_at_5_std": 0.151373,
        "nauc_recall_at_5_diff1": 0.149685,
        "nauc_recall_at_10_max": 0.095847,
        "nauc_recall_at_10_std": 0.191963,
        "nauc_recall_at_10_diff1": 0.186943,
        "nauc_recall_at_20_max": 0.167361,
        "nauc_recall_at_20_std": 0.254768,
        "nauc_recall_at_20_diff1": 0.137726,
        "nauc_recall_at_100_max": 0.284114,
        "nauc_recall_at_100_std": 0.31428,
        "nauc_recall_at_100_diff1": 0.063019,
        "nauc_recall_at_1000_max": 0.358938,
        "nauc_recall_at_1000_std": 0.450383,
        "nauc_recall_at_1000_diff1": 0.043406,
        "nauc_precision_at_1_max": 0.205863,
        "nauc_precision_at_1_std": 0.146165,
        "nauc_precision_at_1_diff1": 0.131595,
        "nauc_precision_at_3_max": 0.225056,
        "nauc_precision_at_3_std": 0.148095,
        "nauc_precision_at_3_diff1": 0.179086,
        "nauc_precision_at_5_max": 0.28371,
        "nauc_precision_at_5_std": 0.238452,
        "nauc_precision_at_5_diff1": 0.156834,
        "nauc_precision_at_10_max": 0.26621,
        "nauc_precision_at_10_std": 0.285277,
        "nauc_precision_at_10_diff1": 0.223964,
        "nauc_precision_at_20_max": 0.348359,
        "nauc_precision_at_20_std": 0.363706,
        "nauc_precision_at_20_diff1": 0.112474,
        "nauc_precision_at_100_max": 0.407577,
        "nauc_precision_at_100_std": 0.442945,
        "nauc_precision_at_100_diff1": 0.03505,
        "nauc_precision_at_1000_max": 0.178849,
        "nauc_precision_at_1000_std": 0.262113,
        "nauc_precision_at_1000_diff1": -0.105059,
        "nauc_mrr_at_1_max": 0.205863,
        "nauc_mrr_at_1_std": 0.146165,
        "nauc_mrr_at_1_diff1": 0.131595,
        "nauc_mrr_at_3_max": 0.276132,
        "nauc_mrr_at_3_std": 0.226742,
        "nauc_mrr_at_3_diff1": 0.177435,
        "nauc_mrr_at_5_max": 0.24012,
        "nauc_mrr_at_5_std": 0.180405,
        "nauc_mrr_at_5_diff1": 0.159853,
        "nauc_mrr_at_10_max": 0.234593,
        "nauc_mrr_at_10_std": 0.174749,
        "nauc_mrr_at_10_diff1": 0.154152,
        "nauc_mrr_at_20_max": 0.24359,
        "nauc_mrr_at_20_std": 0.198073,
        "nauc_mrr_at_20_diff1": 0.145816,
        "nauc_mrr_at_100_max": 0.238408,
        "nauc_mrr_at_100_std": 0.190046,
        "nauc_mrr_at_100_diff1": 0.144585,
        "nauc_mrr_at_1000_max": 0.23886,
        "nauc_mrr_at_1000_std": 0.190198,
        "nauc_mrr_at_1000_diff1": 0.144885,
        "cv_recall_at_1": 0.26,
        "cv_recall_at_3": 0.48,
        "cv_recall_at_5": 0.58,
        "cv_recall_at_10": 0.6,
        "cv_recall_at_20": 0.74,
        "cv_recall_at_100": 0.92,
        "cv_recall_at_1000": 1.0,
        "main_score": 0.15117,
        "hf_subset": "default",
        "languages": [
          "eng-Latn"
        ]
      }
    ]
  },
  "evaluation_time": 65.71178698539734,
  "kg_co2_emissions": null,
  "date": null
}