{
  "dataset_revision": "1f7d469f28e94c23164476fc4115f14fb3b95a6c",
  "task_name": "CQADupstack-Android-PL",
  "mteb_version": "2.9.0",
  "scores": {
    "test": [
      {
        "ndcg_at_1": 0.24464,
        "ndcg_at_3": 0.28747,
        "ndcg_at_5": 0.30223,
        "ndcg_at_10": 0.32756,
        "ndcg_at_20": 0.34619,
        "ndcg_at_100": 0.38509,
        "ndcg_at_1000": 0.41562,
        "map_at_1": 0.19621,
        "map_at_3": 0.25439,
        "map_at_5": 0.26532,
        "map_at_10": 0.27749,
        "map_at_20": 0.28363,
        "map_at_100": 0.29034,
        "map_at_1000": 0.29199,
        "recall_at_1": 0.19621,
        "recall_at_3": 0.31199,
        "recall_at_5": 0.3516,
        "recall_at_10": 0.42601,
        "recall_at_20": 0.49303,
        "recall_at_100": 0.67727,
        "recall_at_1000": 0.87832,
        "accuracy": 0.19621,
        "precision_at_1": 0.24464,
        "precision_at_3": 0.13782,
        "precision_at_5": 0.09785,
        "precision_at_10": 0.06237,
        "precision_at_20": 0.03805,
        "precision_at_100": 0.01167,
        "precision_at_1000": 0.0018,
        "mrr_at_1": 0.244635,
        "mrr_at_3": 0.30329,
        "mrr_at_5": 0.314878,
        "mrr_at_10": 0.326599,
        "mrr_at_20": 0.331739,
        "mrr_at_100": 0.336018,
        "mrr_at_1000": 0.336757,
        "nauc_ndcg_at_1_max": 0.286753,
        "nauc_ndcg_at_1_std": -0.03556,
        "nauc_ndcg_at_1_diff1": 0.402737,
        "nauc_ndcg_at_3_max": 0.224616,
        "nauc_ndcg_at_3_std": -0.024548,
        "nauc_ndcg_at_3_diff1": 0.338986,
        "nauc_ndcg_at_5_max": 0.218422,
        "nauc_ndcg_at_5_std": -0.028799,
        "nauc_ndcg_at_5_diff1": 0.331092,
        "nauc_ndcg_at_10_max": 0.228337,
        "nauc_ndcg_at_10_std": 0.006067,
        "nauc_ndcg_at_10_diff1": 0.319768,
        "nauc_ndcg_at_20_max": 0.241719,
        "nauc_ndcg_at_20_std": 0.024678,
        "nauc_ndcg_at_20_diff1": 0.318666,
        "nauc_ndcg_at_100_max": 0.248425,
        "nauc_ndcg_at_100_std": 0.041698,
        "nauc_ndcg_at_100_diff1": 0.310964,
        "nauc_ndcg_at_1000_max": 0.250433,
        "nauc_ndcg_at_1000_std": 0.042595,
        "nauc_ndcg_at_1000_diff1": 0.315294,
        "nauc_map_at_1_max": 0.229121,
        "nauc_map_at_1_std": -0.054023,
        "nauc_map_at_1_diff1": 0.413218,
        "nauc_map_at_3_max": 0.217297,
        "nauc_map_at_3_std": -0.033696,
        "nauc_map_at_3_diff1": 0.361416,
        "nauc_map_at_5_max": 0.217704,
        "nauc_map_at_5_std": -0.032584,
        "nauc_map_at_5_diff1": 0.353567,
        "nauc_map_at_10_max": 0.222076,
        "nauc_map_at_10_std": -0.01571,
        "nauc_map_at_10_diff1": 0.346856,
        "nauc_map_at_20_max": 0.226734,
        "nauc_map_at_20_std": -0.010027,
        "nauc_map_at_20_diff1": 0.345608,
        "nauc_map_at_100_max": 0.228926,
        "nauc_map_at_100_std": -0.006555,
        "nauc_map_at_100_diff1": 0.343603,
        "nauc_map_at_1000_max": 0.229173,
        "nauc_map_at_1000_std": -0.006364,
        "nauc_map_at_1000_diff1": 0.343405,
        "nauc_recall_at_1_max": 0.229121,
        "nauc_recall_at_1_std": -0.054023,
        "nauc_recall_at_1_diff1": 0.413218,
        "nauc_recall_at_3_max": 0.185153,
        "nauc_recall_at_3_std": -0.020472,
        "nauc_recall_at_3_diff1": 0.308745,
        "nauc_recall_at_5_max": 0.180176,
        "nauc_recall_at_5_std": -0.01926,
        "nauc_recall_at_5_diff1": 0.286369,
        "nauc_recall_at_10_max": 0.206403,
        "nauc_recall_at_10_std": 0.073467,
        "nauc_recall_at_10_diff1": 0.255014,
        "nauc_recall_at_20_max": 0.247594,
        "nauc_recall_at_20_std": 0.137288,
        "nauc_recall_at_20_diff1": 0.242619,
        "nauc_recall_at_100_max": 0.270621,
        "nauc_recall_at_100_std": 0.253862,
        "nauc_recall_at_100_diff1": 0.178223,
        "nauc_recall_at_1000_max": 0.367747,
        "nauc_recall_at_1000_std": 0.566276,
        "nauc_recall_at_1000_diff1": 0.2001,
        "nauc_precision_at_1_max": 0.286753,
        "nauc_precision_at_1_std": -0.03556,
        "nauc_precision_at_1_diff1": 0.402737,
        "nauc_precision_at_3_max": 0.240623,
        "nauc_precision_at_3_std": 0.002169,
        "nauc_precision_at_3_diff1": 0.251082,
        "nauc_precision_at_5_max": 0.218821,
        "nauc_precision_at_5_std": 0.000327,
        "nauc_precision_at_5_diff1": 0.202724,
        "nauc_precision_at_10_max": 0.222351,
        "nauc_precision_at_10_std": 0.077318,
        "nauc_precision_at_10_diff1": 0.115896,
        "nauc_precision_at_20_max": 0.229764,
        "nauc_precision_at_20_std": 0.107948,
        "nauc_precision_at_20_diff1": 0.055404,
        "nauc_precision_at_100_max": 0.15279,
        "nauc_precision_at_100_std": 0.115312,
        "nauc_precision_at_100_diff1": -0.073293,
        "nauc_precision_at_1000_max": 0.011729,
        "nauc_precision_at_1000_std": -0.020192,
        "nauc_precision_at_1000_diff1": -0.187471,
        "nauc_mrr_at_1_max": 0.286753,
        "nauc_mrr_at_1_std": -0.03556,
        "nauc_mrr_at_1_diff1": 0.402737,
        "nauc_mrr_at_3_max": 0.260122,
        "nauc_mrr_at_3_std": -0.025629,
        "nauc_mrr_at_3_diff1": 0.351208,
        "nauc_mrr_at_5_max": 0.25829,
        "nauc_mrr_at_5_std": -0.026996,
        "nauc_mrr_at_5_diff1": 0.346837,
        "nauc_mrr_at_10_max": 0.2616,
        "nauc_mrr_at_10_std": -0.014958,
        "nauc_mrr_at_10_diff1": 0.339148,
        "nauc_mrr_at_20_max": 0.264868,
        "nauc_mrr_at_20_std": -0.009642,
        "nauc_mrr_at_20_diff1": 0.339064,
        "nauc_mrr_at_100_max": 0.264713,
        "nauc_mrr_at_100_std": -0.0094,
        "nauc_mrr_at_100_diff1": 0.338368,
        "nauc_mrr_at_1000_max": 0.264746,
        "nauc_mrr_at_1000_std": -0.009262,
        "nauc_mrr_at_1000_diff1": 0.338848,
        "cv_recall_at_1": 0.24464,
        "cv_recall_at_3": 0.37339,
        "cv_recall_at_5": 0.42346,
        "cv_recall_at_10": 0.50787,
        "cv_recall_at_20": 0.5794,
        "cv_recall_at_100": 0.74535,
        "cv_recall_at_1000": 0.90987,
        "main_score": 0.32756,
        "hf_subset": "default",
        "languages": [
          "pol-Latn"
        ]
      }
    ]
  },
  "evaluation_time": 417.3260109424591,
  "kg_co2_emissions": null,
  "date": null
}