{
  "dataset_revision": "f41e1fefa91ccb25964afb24e193d1e2a14bb4a3",
  "task_name": "CQADupstack-Unix-PL",
  "mteb_version": "2.9.0",
  "scores": {
    "test": [
      {
        "ndcg_at_1": 0.14086,
        "ndcg_at_3": 0.18282,
        "ndcg_at_5": 0.20182,
        "ndcg_at_10": 0.21965,
        "ndcg_at_20": 0.23628,
        "ndcg_at_100": 0.27075,
        "ndcg_at_1000": 0.30089,
        "map_at_1": 0.12055,
        "map_at_3": 0.16261,
        "map_at_5": 0.17435,
        "map_at_10": 0.1818,
        "map_at_20": 0.18651,
        "map_at_100": 0.1914,
        "map_at_1000": 0.19255,
        "recall_at_1": 0.12055,
        "recall_at_3": 0.21166,
        "recall_at_5": 0.25992,
        "recall_at_10": 0.31203,
        "recall_at_20": 0.37177,
        "recall_at_100": 0.5433,
        "recall_at_1000": 0.76389,
        "accuracy": 0.12055,
        "precision_at_1": 0.14086,
        "precision_at_3": 0.08582,
        "precision_at_5": 0.06362,
        "precision_at_10": 0.03909,
        "precision_at_20": 0.02397,
        "precision_at_100": 0.00752,
        "precision_at_1000": 0.00112,
        "mrr_at_1": 0.140858,
        "mrr_at_3": 0.185479,
        "mrr_at_5": 0.197186,
        "mrr_at_10": 0.205443,
        "mrr_at_20": 0.210551,
        "mrr_at_100": 0.214963,
        "mrr_at_1000": 0.215736,
        "nauc_ndcg_at_1_max": 0.311999,
        "nauc_ndcg_at_1_std": -0.046968,
        "nauc_ndcg_at_1_diff1": 0.399078,
        "nauc_ndcg_at_3_max": 0.270988,
        "nauc_ndcg_at_3_std": -0.018124,
        "nauc_ndcg_at_3_diff1": 0.312695,
        "nauc_ndcg_at_5_max": 0.274583,
        "nauc_ndcg_at_5_std": 0.003024,
        "nauc_ndcg_at_5_diff1": 0.295304,
        "nauc_ndcg_at_10_max": 0.280615,
        "nauc_ndcg_at_10_std": 0.025308,
        "nauc_ndcg_at_10_diff1": 0.284491,
        "nauc_ndcg_at_20_max": 0.279766,
        "nauc_ndcg_at_20_std": 0.03613,
        "nauc_ndcg_at_20_diff1": 0.2771,
        "nauc_ndcg_at_100_max": 0.306278,
        "nauc_ndcg_at_100_std": 0.069621,
        "nauc_ndcg_at_100_diff1": 0.279808,
        "nauc_ndcg_at_1000_max": 0.316918,
        "nauc_ndcg_at_1000_std": 0.080101,
        "nauc_ndcg_at_1000_diff1": 0.27376,
        "nauc_map_at_1_max": 0.287579,
        "nauc_map_at_1_std": -0.077225,
        "nauc_map_at_1_diff1": 0.422969,
        "nauc_map_at_3_max": 0.272108,
        "nauc_map_at_3_std": -0.035847,
        "nauc_map_at_3_diff1": 0.337794,
        "nauc_map_at_5_max": 0.274735,
        "nauc_map_at_5_std": -0.021409,
        "nauc_map_at_5_diff1": 0.326151,
        "nauc_map_at_10_max": 0.277652,
        "nauc_map_at_10_std": -0.009909,
        "nauc_map_at_10_diff1": 0.320984,
        "nauc_map_at_20_max": 0.27721,
        "nauc_map_at_20_std": -0.006309,
        "nauc_map_at_20_diff1": 0.318299,
        "nauc_map_at_100_max": 0.282174,
        "nauc_map_at_100_std": -0.000254,
        "nauc_map_at_100_diff1": 0.318917,
        "nauc_map_at_1000_max": 0.282723,
        "nauc_map_at_1000_std": 0.000351,
        "nauc_map_at_1000_diff1": 0.318542,
        "nauc_recall_at_1_max": 0.287579,
        "nauc_recall_at_1_std": -0.077225,
        "nauc_recall_at_1_diff1": 0.422969,
        "nauc_recall_at_3_max": 0.242213,
        "nauc_recall_at_3_std": -0.003461,
        "nauc_recall_at_3_diff1": 0.261791,
        "nauc_recall_at_5_max": 0.251334,
        "nauc_recall_at_5_std": 0.040756,
        "nauc_recall_at_5_diff1": 0.230049,
        "nauc_recall_at_10_max": 0.259062,
        "nauc_recall_at_10_std": 0.0878,
        "nauc_recall_at_10_diff1": 0.20172,
        "nauc_recall_at_20_max": 0.251418,
        "nauc_recall_at_20_std": 0.114837,
        "nauc_recall_at_20_diff1": 0.183994,
        "nauc_recall_at_100_max": 0.340191,
        "nauc_recall_at_100_std": 0.253756,
        "nauc_recall_at_100_diff1": 0.185364,
        "nauc_recall_at_1000_max": 0.45066,
        "nauc_recall_at_1000_std": 0.433781,
        "nauc_recall_at_1000_diff1": 0.105809,
        "nauc_precision_at_1_max": 0.311999,
        "nauc_precision_at_1_std": -0.046968,
        "nauc_precision_at_1_diff1": 0.399078,
        "nauc_precision_at_3_max": 0.276187,
        "nauc_precision_at_3_std": 0.02702,
        "nauc_precision_at_3_diff1": 0.257888,
        "nauc_precision_at_5_max": 0.277989,
        "nauc_precision_at_5_std": 0.062953,
        "nauc_precision_at_5_diff1": 0.223115,
        "nauc_precision_at_10_max": 0.296428,
        "nauc_precision_at_10_std": 0.116424,
        "nauc_precision_at_10_diff1": 0.189101,
        "nauc_precision_at_20_max": 0.286523,
        "nauc_precision_at_20_std": 0.14604,
        "nauc_precision_at_20_diff1": 0.14847,
        "nauc_precision_at_100_max": 0.365187,
        "nauc_precision_at_100_std": 0.258636,
        "nauc_precision_at_100_diff1": 0.098376,
        "nauc_precision_at_1000_max": 0.282873,
        "nauc_precision_at_1000_std": 0.239271,
        "nauc_precision_at_1000_diff1": -0.034496,
        "nauc_mrr_at_1_max": 0.311999,
        "nauc_mrr_at_1_std": -0.046968,
        "nauc_mrr_at_1_diff1": 0.399078,
        "nauc_mrr_at_3_max": 0.293065,
        "nauc_mrr_at_3_std": -0.008978,
        "nauc_mrr_at_3_diff1": 0.319372,
        "nauc_mrr_at_5_max": 0.296091,
        "nauc_mrr_at_5_std": 0.00533,
        "nauc_mrr_at_5_diff1": 0.30923,
        "nauc_mrr_at_10_max": 0.30014,
        "nauc_mrr_at_10_std": 0.01524,
        "nauc_mrr_at_10_diff1": 0.304193,
        "nauc_mrr_at_20_max": 0.300393,
        "nauc_mrr_at_20_std": 0.01817,
        "nauc_mrr_at_20_diff1": 0.301953,
        "nauc_mrr_at_100_max": 0.302234,
        "nauc_mrr_at_100_std": 0.020963,
        "nauc_mrr_at_100_diff1": 0.302542,
        "nauc_mrr_at_1000_max": 0.302404,
        "nauc_mrr_at_1000_std": 0.021112,
        "nauc_mrr_at_1000_diff1": 0.302556,
        "cv_recall_at_1": 0.14086,
        "cv_recall_at_3": 0.2416,
        "cv_recall_at_5": 0.29291,
        "cv_recall_at_10": 0.35448,
        "cv_recall_at_20": 0.42631,
        "cv_recall_at_100": 0.61474,
        "cv_recall_at_1000": 0.80877,
        "main_score": 0.21965,
        "hf_subset": "default",
        "languages": [
          "pol-Latn"
        ]
      }
    ]
  },
  "evaluation_time": 902.1110699176788,
  "kg_co2_emissions": null,
  "date": null
}