{
  "dataset_revision": "4a022e7213ccc05ee970a176abd0293b3a0a2da0",
  "task_name": "CQADupstackAndroid-VN",
  "mteb_version": "2.9.0",
  "scores": {
    "test": [
      {
        "ndcg_at_1": 0.22852,
        "ndcg_at_3": 0.27947,
        "ndcg_at_5": 0.30124,
        "ndcg_at_10": 0.3284,
        "ndcg_at_20": 0.35358,
        "ndcg_at_100": 0.39011,
        "ndcg_at_1000": 0.41879,
        "map_at_1": 0.18081,
        "map_at_3": 0.24208,
        "map_at_5": 0.25798,
        "map_at_10": 0.27118,
        "map_at_20": 0.2793,
        "map_at_100": 0.28534,
        "map_at_1000": 0.28691,
        "recall_at_1": 0.18081,
        "recall_at_3": 0.30878,
        "recall_at_5": 0.36737,
        "recall_at_10": 0.44618,
        "recall_at_20": 0.53746,
        "recall_at_100": 0.71202,
        "recall_at_1000": 0.89878,
        "accuracy": 0.18081,
        "precision_at_1": 0.22852,
        "precision_at_3": 0.13918,
        "precision_at_5": 0.10137,
        "precision_at_10": 0.06546,
        "precision_at_20": 0.04175,
        "precision_at_100": 0.01247,
        "precision_at_1000": 0.00189,
        "mrr_at_1": 0.228522,
        "mrr_at_3": 0.29496,
        "mrr_at_5": 0.308877,
        "mrr_at_10": 0.321142,
        "mrr_at_20": 0.327791,
        "mrr_at_100": 0.331628,
        "mrr_at_1000": 0.33223,
        "nauc_ndcg_at_1_max": 0.196887,
        "nauc_ndcg_at_1_std": -0.044471,
        "nauc_ndcg_at_1_diff1": 0.43393,
        "nauc_ndcg_at_3_max": 0.190858,
        "nauc_ndcg_at_3_std": 0.034757,
        "nauc_ndcg_at_3_diff1": 0.36024,
        "nauc_ndcg_at_5_max": 0.181545,
        "nauc_ndcg_at_5_std": 0.042753,
        "nauc_ndcg_at_5_diff1": 0.341729,
        "nauc_ndcg_at_10_max": 0.181846,
        "nauc_ndcg_at_10_std": 0.057754,
        "nauc_ndcg_at_10_diff1": 0.331504,
        "nauc_ndcg_at_20_max": 0.190761,
        "nauc_ndcg_at_20_std": 0.049957,
        "nauc_ndcg_at_20_diff1": 0.342087,
        "nauc_ndcg_at_100_max": 0.201156,
        "nauc_ndcg_at_100_std": 0.087105,
        "nauc_ndcg_at_100_diff1": 0.333092,
        "nauc_ndcg_at_1000_max": 0.20326,
        "nauc_ndcg_at_1000_std": 0.077699,
        "nauc_ndcg_at_1000_diff1": 0.346282,
        "nauc_map_at_1_max": 0.160441,
        "nauc_map_at_1_std": -0.029454,
        "nauc_map_at_1_diff1": 0.434107,
        "nauc_map_at_3_max": 0.176405,
        "nauc_map_at_3_std": 0.022735,
        "nauc_map_at_3_diff1": 0.375962,
        "nauc_map_at_5_max": 0.178015,
        "nauc_map_at_5_std": 0.029418,
        "nauc_map_at_5_diff1": 0.364366,
        "nauc_map_at_10_max": 0.179304,
        "nauc_map_at_10_std": 0.036476,
        "nauc_map_at_10_diff1": 0.358824,
        "nauc_map_at_20_max": 0.182777,
        "nauc_map_at_20_std": 0.035427,
        "nauc_map_at_20_diff1": 0.361425,
        "nauc_map_at_100_max": 0.184385,
        "nauc_map_at_100_std": 0.041027,
        "nauc_map_at_100_diff1": 0.359324,
        "nauc_map_at_1000_max": 0.184522,
        "nauc_map_at_1000_std": 0.040507,
        "nauc_map_at_1000_diff1": 0.35979,
        "nauc_recall_at_1_max": 0.160441,
        "nauc_recall_at_1_std": -0.029454,
        "nauc_recall_at_1_diff1": 0.434107,
        "nauc_recall_at_3_max": 0.175843,
        "nauc_recall_at_3_std": 0.069434,
        "nauc_recall_at_3_diff1": 0.317637,
        "nauc_recall_at_5_max": 0.164846,
        "nauc_recall_at_5_std": 0.092556,
        "nauc_recall_at_5_diff1": 0.276391,
        "nauc_recall_at_10_max": 0.166655,
        "nauc_recall_at_10_std": 0.12923,
        "nauc_recall_at_10_diff1": 0.242613,
        "nauc_recall_at_20_max": 0.188963,
        "nauc_recall_at_20_std": 0.10461,
        "nauc_recall_at_20_diff1": 0.267171,
        "nauc_recall_at_100_max": 0.2212,
        "nauc_recall_at_100_std": 0.330499,
        "nauc_recall_at_100_diff1": 0.180682,
        "nauc_recall_at_1000_max": 0.299816,
        "nauc_recall_at_1000_std": 0.521872,
        "nauc_recall_at_1000_diff1": 0.303312,
        "nauc_precision_at_1_max": 0.196887,
        "nauc_precision_at_1_std": -0.044471,
        "nauc_precision_at_1_diff1": 0.43393,
        "nauc_precision_at_3_max": 0.233511,
        "nauc_precision_at_3_std": 0.070011,
        "nauc_precision_at_3_diff1": 0.300116,
        "nauc_precision_at_5_max": 0.215221,
        "nauc_precision_at_5_std": 0.061584,
        "nauc_precision_at_5_diff1": 0.257188,
        "nauc_precision_at_10_max": 0.185897,
        "nauc_precision_at_10_std": 0.082029,
        "nauc_precision_at_10_diff1": 0.177418,
        "nauc_precision_at_20_max": 0.172132,
        "nauc_precision_at_20_std": 0.059517,
        "nauc_precision_at_20_diff1": 0.136502,
        "nauc_precision_at_100_max": 0.1287,
        "nauc_precision_at_100_std": 0.113741,
        "nauc_precision_at_100_diff1": 3.5e-05,
        "nauc_precision_at_1000_max": 0.001652,
        "nauc_precision_at_1000_std": -0.042961,
        "nauc_precision_at_1000_diff1": -0.04831,
        "nauc_mrr_at_1_max": 0.196887,
        "nauc_mrr_at_1_std": -0.044471,
        "nauc_mrr_at_1_diff1": 0.43393,
        "nauc_mrr_at_3_max": 0.207485,
        "nauc_mrr_at_3_std": 0.008487,
        "nauc_mrr_at_3_diff1": 0.377989,
        "nauc_mrr_at_5_max": 0.199358,
        "nauc_mrr_at_5_std": 0.014148,
        "nauc_mrr_at_5_diff1": 0.370318,
        "nauc_mrr_at_10_max": 0.197267,
        "nauc_mrr_at_10_std": 0.018142,
        "nauc_mrr_at_10_diff1": 0.365131,
        "nauc_mrr_at_20_max": 0.199691,
        "nauc_mrr_at_20_std": 0.014255,
        "nauc_mrr_at_20_diff1": 0.367494,
        "nauc_mrr_at_100_max": 0.200925,
        "nauc_mrr_at_100_std": 0.017806,
        "nauc_mrr_at_100_diff1": 0.367774,
        "nauc_mrr_at_1000_max": 0.200895,
        "nauc_mrr_at_1000_std": 0.01743,
        "nauc_mrr_at_1000_diff1": 0.367987,
        "cv_recall_at_1": 0.22852,
        "cv_recall_at_3": 0.38144,
        "cv_recall_at_5": 0.44158,
        "cv_recall_at_10": 0.52921,
        "cv_recall_at_20": 0.62543,
        "cv_recall_at_100": 0.78866,
        "cv_recall_at_1000": 0.92955,
        "main_score": 0.3284,
        "hf_subset": "default",
        "languages": [
          "vie-Latn"
        ]
      }
    ]
  },
  "evaluation_time": 410.00737166404724,
  "kg_co2_emissions": null,
  "date": null
}