{
  "dataset_revision": "6536329882b0f06bf6406fdafedc434603fe8ed9",
  "task_name": "CQADupstack-Programmers-PL",
  "mteb_version": "2.9.0",
  "scores": {
    "test": [
      {
        "ndcg_at_1": 0.20091,
        "ndcg_at_3": 0.2255,
        "ndcg_at_5": 0.24189,
        "ndcg_at_10": 0.26531,
        "ndcg_at_20": 0.285,
        "ndcg_at_100": 0.32016,
        "ndcg_at_1000": 0.35195,
        "map_at_1": 0.16771,
        "map_at_3": 0.20438,
        "map_at_5": 0.21501,
        "map_at_10": 0.22544,
        "map_at_20": 0.23131,
        "map_at_100": 0.23642,
        "map_at_1000": 0.2377,
        "recall_at_1": 0.16771,
        "recall_at_3": 0.24244,
        "recall_at_5": 0.28409,
        "recall_at_10": 0.35227,
        "recall_at_20": 0.42361,
        "recall_at_100": 0.59685,
        "recall_at_1000": 0.82176,
        "accuracy": 0.16771,
        "precision_at_1": 0.20091,
        "precision_at_3": 0.10274,
        "precision_at_5": 0.07397,
        "precision_at_10": 0.04783,
        "precision_at_20": 0.02957,
        "precision_at_100": 0.00882,
        "precision_at_1000": 0.00133,
        "mrr_at_1": 0.200913,
        "mrr_at_3": 0.238965,
        "mrr_at_5": 0.249581,
        "mrr_at_10": 0.259737,
        "mrr_at_20": 0.265021,
        "mrr_at_100": 0.269435,
        "mrr_at_1000": 0.270238,
        "nauc_ndcg_at_1_max": 0.198562,
        "nauc_ndcg_at_1_std": 0.025222,
        "nauc_ndcg_at_1_diff1": 0.310218,
        "nauc_ndcg_at_3_max": 0.20194,
        "nauc_ndcg_at_3_std": 0.025601,
        "nauc_ndcg_at_3_diff1": 0.294235,
        "nauc_ndcg_at_5_max": 0.203301,
        "nauc_ndcg_at_5_std": 0.030164,
        "nauc_ndcg_at_5_diff1": 0.293981,
        "nauc_ndcg_at_10_max": 0.203303,
        "nauc_ndcg_at_10_std": 0.036588,
        "nauc_ndcg_at_10_diff1": 0.272381,
        "nauc_ndcg_at_20_max": 0.214616,
        "nauc_ndcg_at_20_std": 0.06378,
        "nauc_ndcg_at_20_diff1": 0.273006,
        "nauc_ndcg_at_100_max": 0.233424,
        "nauc_ndcg_at_100_std": 0.099911,
        "nauc_ndcg_at_100_diff1": 0.277224,
        "nauc_ndcg_at_1000_max": 0.235566,
        "nauc_ndcg_at_1000_std": 0.099728,
        "nauc_ndcg_at_1000_diff1": 0.275037,
        "nauc_map_at_1_max": 0.178271,
        "nauc_map_at_1_std": 0.011515,
        "nauc_map_at_1_diff1": 0.313886,
        "nauc_map_at_3_max": 0.192813,
        "nauc_map_at_3_std": 0.021701,
        "nauc_map_at_3_diff1": 0.297632,
        "nauc_map_at_5_max": 0.195823,
        "nauc_map_at_5_std": 0.027276,
        "nauc_map_at_5_diff1": 0.295602,
        "nauc_map_at_10_max": 0.197274,
        "nauc_map_at_10_std": 0.032426,
        "nauc_map_at_10_diff1": 0.287218,
        "nauc_map_at_20_max": 0.201179,
        "nauc_map_at_20_std": 0.041157,
        "nauc_map_at_20_diff1": 0.286808,
        "nauc_map_at_100_max": 0.205434,
        "nauc_map_at_100_std": 0.047356,
        "nauc_map_at_100_diff1": 0.287251,
        "nauc_map_at_1000_max": 0.205886,
        "nauc_map_at_1000_std": 0.047685,
        "nauc_map_at_1000_diff1": 0.287182,
        "nauc_recall_at_1_max": 0.178271,
        "nauc_recall_at_1_std": 0.011515,
        "nauc_recall_at_1_diff1": 0.313886,
        "nauc_recall_at_3_max": 0.183058,
        "nauc_recall_at_3_std": 0.016938,
        "nauc_recall_at_3_diff1": 0.273077,
        "nauc_recall_at_5_max": 0.189454,
        "nauc_recall_at_5_std": 0.028172,
        "nauc_recall_at_5_diff1": 0.270505,
        "nauc_recall_at_10_max": 0.188292,
        "nauc_recall_at_10_std": 0.041992,
        "nauc_recall_at_10_diff1": 0.211015,
        "nauc_recall_at_20_max": 0.220975,
        "nauc_recall_at_20_std": 0.124308,
        "nauc_recall_at_20_diff1": 0.213444,
        "nauc_recall_at_100_max": 0.284024,
        "nauc_recall_at_100_std": 0.300991,
        "nauc_recall_at_100_diff1": 0.212975,
        "nauc_recall_at_1000_max": 0.344667,
        "nauc_recall_at_1000_std": 0.461514,
        "nauc_recall_at_1000_diff1": 0.120402,
        "nauc_precision_at_1_max": 0.198562,
        "nauc_precision_at_1_std": 0.025222,
        "nauc_precision_at_1_diff1": 0.310218,
        "nauc_precision_at_3_max": 0.234994,
        "nauc_precision_at_3_std": 0.058165,
        "nauc_precision_at_3_diff1": 0.280082,
        "nauc_precision_at_5_max": 0.248519,
        "nauc_precision_at_5_std": 0.072814,
        "nauc_precision_at_5_diff1": 0.27682,
        "nauc_precision_at_10_max": 0.262823,
        "nauc_precision_at_10_std": 0.102393,
        "nauc_precision_at_10_diff1": 0.219981,
        "nauc_precision_at_20_max": 0.286814,
        "nauc_precision_at_20_std": 0.175594,
        "nauc_precision_at_20_diff1": 0.204829,
        "nauc_precision_at_100_max": 0.330069,
        "nauc_precision_at_100_std": 0.258193,
        "nauc_precision_at_100_diff1": 0.19585,
        "nauc_precision_at_1000_max": 0.202229,
        "nauc_precision_at_1000_std": 0.141554,
        "nauc_precision_at_1000_diff1": 0.123531,
        "nauc_mrr_at_1_max": 0.198562,
        "nauc_mrr_at_1_std": 0.025222,
        "nauc_mrr_at_1_diff1": 0.310218,
        "nauc_mrr_at_3_max": 0.206147,
        "nauc_mrr_at_3_std": 0.023143,
        "nauc_mrr_at_3_diff1": 0.298593,
        "nauc_mrr_at_5_max": 0.20747,
        "nauc_mrr_at_5_std": 0.024187,
        "nauc_mrr_at_5_diff1": 0.298056,
        "nauc_mrr_at_10_max": 0.208212,
        "nauc_mrr_at_10_std": 0.027546,
        "nauc_mrr_at_10_diff1": 0.289506,
        "nauc_mrr_at_20_max": 0.211711,
        "nauc_mrr_at_20_std": 0.035088,
        "nauc_mrr_at_20_diff1": 0.290308,
        "nauc_mrr_at_100_max": 0.213214,
        "nauc_mrr_at_100_std": 0.038867,
        "nauc_mrr_at_100_diff1": 0.290529,
        "nauc_mrr_at_1000_max": 0.213135,
        "nauc_mrr_at_1000_std": 0.038911,
        "nauc_mrr_at_1000_diff1": 0.290416,
        "cv_recall_at_1": 0.20091,
        "cv_recall_at_3": 0.28653,
        "cv_recall_at_5": 0.33333,
        "cv_recall_at_10": 0.41096,
        "cv_recall_at_20": 0.48973,
        "cv_recall_at_100": 0.67123,
        "cv_recall_at_1000": 0.87215,
        "main_score": 0.26531,
        "hf_subset": "default",
        "languages": [
          "pol-Latn"
        ]
      }
    ]
  },
  "evaluation_time": 621.9129178524017,
  "kg_co2_emissions": null,
  "date": null
}