{
  "dataset_revision": "1a628c4e61f71ffdb7707d6d4024d25cfe68215a",
  "task_name": "CQADupstackProgrammers-VN",
  "mteb_version": "2.9.0",
  "scores": {
    "test": [
      {
        "ndcg_at_1": 0.18271,
        "ndcg_at_3": 0.23502,
        "ndcg_at_5": 0.24653,
        "ndcg_at_10": 0.2696,
        "ndcg_at_20": 0.28788,
        "ndcg_at_100": 0.32661,
        "ndcg_at_1000": 0.35894,
        "map_at_1": 0.15432,
        "map_at_3": 0.20874,
        "map_at_5": 0.21736,
        "map_at_10": 0.22781,
        "map_at_20": 0.23316,
        "map_at_100": 0.23876,
        "map_at_1000": 0.24018,
        "recall_at_1": 0.15432,
        "recall_at_3": 0.2645,
        "recall_at_5": 0.29688,
        "recall_at_10": 0.36627,
        "recall_at_20": 0.43188,
        "recall_at_100": 0.62227,
        "recall_at_1000": 0.84504,
        "accuracy": 0.15432,
        "precision_at_1": 0.18271,
        "precision_at_3": 0.11365,
        "precision_at_5": 0.07896,
        "precision_at_10": 0.0491,
        "precision_at_20": 0.02993,
        "precision_at_100": 0.00923,
        "precision_at_1000": 0.00138,
        "mrr_at_1": 0.182708,
        "mrr_at_3": 0.238989,
        "mrr_at_5": 0.247553,
        "mrr_at_10": 0.257944,
        "mrr_at_20": 0.263088,
        "mrr_at_100": 0.26787,
        "mrr_at_1000": 0.268733,
        "nauc_ndcg_at_1_max": 0.172629,
        "nauc_ndcg_at_1_std": -0.012188,
        "nauc_ndcg_at_1_diff1": 0.38841,
        "nauc_ndcg_at_3_max": 0.189211,
        "nauc_ndcg_at_3_std": -0.013448,
        "nauc_ndcg_at_3_diff1": 0.31934,
        "nauc_ndcg_at_5_max": 0.188163,
        "nauc_ndcg_at_5_std": 0.005142,
        "nauc_ndcg_at_5_diff1": 0.312165,
        "nauc_ndcg_at_10_max": 0.185121,
        "nauc_ndcg_at_10_std": 0.019596,
        "nauc_ndcg_at_10_diff1": 0.29904,
        "nauc_ndcg_at_20_max": 0.189671,
        "nauc_ndcg_at_20_std": 0.026444,
        "nauc_ndcg_at_20_diff1": 0.279475,
        "nauc_ndcg_at_100_max": 0.201403,
        "nauc_ndcg_at_100_std": 0.0618,
        "nauc_ndcg_at_100_diff1": 0.28533,
        "nauc_ndcg_at_1000_max": 0.200987,
        "nauc_ndcg_at_1000_std": 0.062966,
        "nauc_ndcg_at_1000_diff1": 0.283268,
        "nauc_map_at_1_max": 0.143742,
        "nauc_map_at_1_std": -0.061501,
        "nauc_map_at_1_diff1": 0.393114,
        "nauc_map_at_3_max": 0.179387,
        "nauc_map_at_3_std": -0.028157,
        "nauc_map_at_3_diff1": 0.333976,
        "nauc_map_at_5_max": 0.182823,
        "nauc_map_at_5_std": -0.011891,
        "nauc_map_at_5_diff1": 0.329222,
        "nauc_map_at_10_max": 0.182744,
        "nauc_map_at_10_std": -0.002601,
        "nauc_map_at_10_diff1": 0.323013,
        "nauc_map_at_20_max": 0.184799,
        "nauc_map_at_20_std": 0.000237,
        "nauc_map_at_20_diff1": 0.316717,
        "nauc_map_at_100_max": 0.18752,
        "nauc_map_at_100_std": 0.005635,
        "nauc_map_at_100_diff1": 0.317657,
        "nauc_map_at_1000_max": 0.187863,
        "nauc_map_at_1000_std": 0.006284,
        "nauc_map_at_1000_diff1": 0.317549,
        "nauc_recall_at_1_max": 0.143742,
        "nauc_recall_at_1_std": -0.061501,
        "nauc_recall_at_1_diff1": 0.393114,
        "nauc_recall_at_3_max": 0.179475,
        "nauc_recall_at_3_std": -0.021161,
        "nauc_recall_at_3_diff1": 0.274261,
        "nauc_recall_at_5_max": 0.18282,
        "nauc_recall_at_5_std": 0.027678,
        "nauc_recall_at_5_diff1": 0.261307,
        "nauc_recall_at_10_max": 0.179829,
        "nauc_recall_at_10_std": 0.066404,
        "nauc_recall_at_10_diff1": 0.232188,
        "nauc_recall_at_20_max": 0.18578,
        "nauc_recall_at_20_std": 0.085632,
        "nauc_recall_at_20_diff1": 0.165347,
        "nauc_recall_at_100_max": 0.22189,
        "nauc_recall_at_100_std": 0.269213,
        "nauc_recall_at_100_diff1": 0.169601,
        "nauc_recall_at_1000_max": 0.216608,
        "nauc_recall_at_1000_std": 0.472989,
        "nauc_recall_at_1000_diff1": 0.060577,
        "nauc_precision_at_1_max": 0.172629,
        "nauc_precision_at_1_std": -0.012188,
        "nauc_precision_at_1_diff1": 0.38841,
        "nauc_precision_at_3_max": 0.214962,
        "nauc_precision_at_3_std": 0.047895,
        "nauc_precision_at_3_diff1": 0.271136,
        "nauc_precision_at_5_max": 0.222701,
        "nauc_precision_at_5_std": 0.097181,
        "nauc_precision_at_5_diff1": 0.242035,
        "nauc_precision_at_10_max": 0.209753,
        "nauc_precision_at_10_std": 0.123931,
        "nauc_precision_at_10_diff1": 0.197157,
        "nauc_precision_at_20_max": 0.227289,
        "nauc_precision_at_20_std": 0.131067,
        "nauc_precision_at_20_diff1": 0.136109,
        "nauc_precision_at_100_max": 0.240806,
        "nauc_precision_at_100_std": 0.215867,
        "nauc_precision_at_100_diff1": 0.094552,
        "nauc_precision_at_1000_max": 0.151193,
        "nauc_precision_at_1000_std": 0.128258,
        "nauc_precision_at_1000_diff1": -0.025836,
        "nauc_mrr_at_1_max": 0.172629,
        "nauc_mrr_at_1_std": -0.012188,
        "nauc_mrr_at_1_diff1": 0.38841,
        "nauc_mrr_at_3_max": 0.180685,
        "nauc_mrr_at_3_std": -0.009642,
        "nauc_mrr_at_3_diff1": 0.328332,
        "nauc_mrr_at_5_max": 0.180797,
        "nauc_mrr_at_5_std": 0.002628,
        "nauc_mrr_at_5_diff1": 0.323542,
        "nauc_mrr_at_10_max": 0.182061,
        "nauc_mrr_at_10_std": 0.007011,
        "nauc_mrr_at_10_diff1": 0.318867,
        "nauc_mrr_at_20_max": 0.184592,
        "nauc_mrr_at_20_std": 0.008328,
        "nauc_mrr_at_20_diff1": 0.314117,
        "nauc_mrr_at_100_max": 0.186223,
        "nauc_mrr_at_100_std": 0.012448,
        "nauc_mrr_at_100_diff1": 0.315095,
        "nauc_mrr_at_1000_max": 0.185924,
        "nauc_mrr_at_1000_std": 0.012284,
        "nauc_mrr_at_1000_diff1": 0.315163,
        "cv_recall_at_1": 0.18271,
        "cv_recall_at_3": 0.30832,
        "cv_recall_at_5": 0.34747,
        "cv_recall_at_10": 0.42414,
        "cv_recall_at_20": 0.49755,
        "cv_recall_at_100": 0.69657,
        "cv_recall_at_1000": 0.89233,
        "main_score": 0.2696,
        "hf_subset": "default",
        "languages": [
          "vie-Latn"
        ]
      }
    ]
  },
  "evaluation_time": 618.196165561676,
  "kg_co2_emissions": null,
  "date": null
}