{
  "dataset_revision": "local",
  "task_name": "MultiEupV2LV",
  "mteb_version": "2.12.30",
  "scores": {
    "test": [
      {
        "ndcg_at_1": 0.61039,
        "ndcg_at_3": 0.68857,
        "ndcg_at_5": 0.70169,
        "ndcg_at_10": 0.72557,
        "ndcg_at_20": 0.73588,
        "ndcg_at_100": 0.75287,
        "ndcg_at_1000": 0.75643,
        "map_at_1": 0.56623,
        "map_at_3": 0.65646,
        "map_at_5": 0.66633,
        "map_at_10": 0.6771,
        "map_at_20": 0.6807,
        "map_at_100": 0.68347,
        "map_at_1000": 0.68368,
        "recall_at_1": 0.56623,
        "recall_at_3": 0.75043,
        "recall_at_5": 0.78312,
        "recall_at_10": 0.85346,
        "recall_at_20": 0.88918,
        "recall_at_100": 0.97619,
        "recall_at_1000": 1.0,
        "accuracy": 0.56623,
        "precision_at_1": 0.61039,
        "precision_at_3": 0.27706,
        "precision_at_5": 0.17532,
        "precision_at_10": 0.09545,
        "precision_at_20": 0.05032,
        "precision_at_100": 0.0111,
        "precision_at_1000": 0.00114,
        "mrr_at_1": 0.61039,
        "mrr_at_3": 0.683983,
        "mrr_at_5": 0.689827,
        "mrr_at_10": 0.699062,
        "mrr_at_20": 0.701653,
        "mrr_at_100": 0.703742,
        "mrr_at_1000": 0.703873,
        "nauc_ndcg_at_1_max": 0.006759,
        "nauc_ndcg_at_1_std": -0.415176,
        "nauc_ndcg_at_1_diff1": 0.681282,
        "nauc_ndcg_at_3_max": 0.122187,
        "nauc_ndcg_at_3_std": -0.336473,
        "nauc_ndcg_at_3_diff1": 0.655946,
        "nauc_ndcg_at_5_max": 0.097949,
        "nauc_ndcg_at_5_std": -0.354605,
        "nauc_ndcg_at_5_diff1": 0.651015,
        "nauc_ndcg_at_10_max": 0.077953,
        "nauc_ndcg_at_10_std": -0.351302,
        "nauc_ndcg_at_10_diff1": 0.633852,
        "nauc_ndcg_at_20_max": 0.076226,
        "nauc_ndcg_at_20_std": -0.329661,
        "nauc_ndcg_at_20_diff1": 0.630159,
        "nauc_ndcg_at_100_max": 0.088865,
        "nauc_ndcg_at_100_std": -0.339886,
        "nauc_ndcg_at_100_diff1": 0.648998,
        "nauc_ndcg_at_1000_max": 0.075814,
        "nauc_ndcg_at_1000_std": -0.348786,
        "nauc_ndcg_at_1000_diff1": 0.648017,
        "nauc_map_at_1_max": -0.020327,
        "nauc_map_at_1_std": -0.445559,
        "nauc_map_at_1_diff1": 0.69105,
        "nauc_map_at_3_max": 0.079716,
        "nauc_map_at_3_std": -0.377762,
        "nauc_map_at_3_diff1": 0.668977,
        "nauc_map_at_5_max": 0.0666,
        "nauc_map_at_5_std": -0.382985,
        "nauc_map_at_5_diff1": 0.66314,
        "nauc_map_at_10_max": 0.058623,
        "nauc_map_at_10_std": -0.379484,
        "nauc_map_at_10_diff1": 0.656775,
        "nauc_map_at_20_max": 0.060163,
        "nauc_map_at_20_std": -0.370761,
        "nauc_map_at_20_diff1": 0.655289,
        "nauc_map_at_100_max": 0.061407,
        "nauc_map_at_100_std": -0.3717,
        "nauc_map_at_100_diff1": 0.65761,
        "nauc_map_at_1000_max": 0.06075,
        "nauc_map_at_1000_std": -0.372138,
        "nauc_map_at_1000_diff1": 0.657598,
        "nauc_recall_at_1_max": -0.020327,
        "nauc_recall_at_1_std": -0.445559,
        "nauc_recall_at_1_diff1": 0.69105,
        "nauc_recall_at_3_max": 0.238579,
        "nauc_recall_at_3_std": -0.255144,
        "nauc_recall_at_3_diff1": 0.616816,
        "nauc_recall_at_5_max": 0.191202,
        "nauc_recall_at_5_std": -0.282032,
        "nauc_recall_at_5_diff1": 0.604318,
        "nauc_recall_at_10_max": 0.125856,
        "nauc_recall_at_10_std": -0.262021,
        "nauc_recall_at_10_diff1": 0.49783,
        "nauc_recall_at_20_max": 0.109743,
        "nauc_recall_at_20_std": -0.099114,
        "nauc_recall_at_20_diff1": 0.441901,
        "nauc_recall_at_100_max": 0.802808,
        "nauc_recall_at_100_std": 0.16647,
        "nauc_recall_at_100_diff1": 0.686021,
        "nauc_recall_at_1000_max": NaN,
        "nauc_recall_at_1000_std": NaN,
        "nauc_recall_at_1000_diff1": NaN,
        "nauc_precision_at_1_max": 0.006759,
        "nauc_precision_at_1_std": -0.415176,
        "nauc_precision_at_1_diff1": 0.681282,
        "nauc_precision_at_3_max": 0.286719,
        "nauc_precision_at_3_std": -0.026771,
        "nauc_precision_at_3_diff1": 0.364843,
        "nauc_precision_at_5_max": 0.222113,
        "nauc_precision_at_5_std": 0.002368,
        "nauc_precision_at_5_diff1": 0.265231,
        "nauc_precision_at_10_max": 0.182549,
        "nauc_precision_at_10_std": 0.103037,
        "nauc_precision_at_10_diff1": 0.098314,
        "nauc_precision_at_20_max": 0.194333,
        "nauc_precision_at_20_std": 0.263385,
        "nauc_precision_at_20_diff1": -0.017088,
        "nauc_precision_at_100_max": 0.265203,
        "nauc_precision_at_100_std": 0.408808,
        "nauc_precision_at_100_diff1": -0.167191,
        "nauc_precision_at_1000_max": 0.150775,
        "nauc_precision_at_1000_std": 0.362638,
        "nauc_precision_at_1000_diff1": -0.242635,
        "nauc_mrr_at_1_max": 0.006759,
        "nauc_mrr_at_1_std": -0.415176,
        "nauc_mrr_at_1_diff1": 0.681282,
        "nauc_mrr_at_3_max": 0.09117,
        "nauc_mrr_at_3_std": -0.349454,
        "nauc_mrr_at_3_diff1": 0.65358,
        "nauc_mrr_at_5_max": 0.080835,
        "nauc_mrr_at_5_std": -0.356536,
        "nauc_mrr_at_5_diff1": 0.654006,
        "nauc_mrr_at_10_max": 0.071524,
        "nauc_mrr_at_10_std": -0.35627,
        "nauc_mrr_at_10_diff1": 0.647956,
        "nauc_mrr_at_20_max": 0.067573,
        "nauc_mrr_at_20_std": -0.356352,
        "nauc_mrr_at_20_diff1": 0.648941,
        "nauc_mrr_at_100_max": 0.068833,
        "nauc_mrr_at_100_std": -0.35768,
        "nauc_mrr_at_100_diff1": 0.650748,
        "nauc_mrr_at_1000_max": 0.068466,
        "nauc_mrr_at_1000_std": -0.357805,
        "nauc_mrr_at_1000_diff1": 0.650694,
        "hit_rate_at_1": 0.61039,
        "hit_rate_at_3": 0.77922,
        "hit_rate_at_5": 0.80519,
        "hit_rate_at_10": 0.87013,
        "hit_rate_at_20": 0.9026,
        "hit_rate_at_100": 0.98052,
        "hit_rate_at_1000": 1.0,
        "main_score": 0.72557,
        "hf_subset": "default",
        "languages": [
          "lav-Latn"
        ]
      }
    ]
  },
  "evaluation_time": 0.5989303588867188,
  "kg_co2_emissions": null,
  "date": null
}