{
  "dataset_revision": "a13d72fbb859be3dc19ab669d1ec9510407d2dcd",
  "task_name": "NFCorpus-VN",
  "mteb_version": "2.9.0",
  "scores": {
    "test": [
      {
        "ndcg_at_1": 0.27711,
        "ndcg_at_3": 0.24952,
        "ndcg_at_5": 0.24399,
        "ndcg_at_10": 0.23632,
        "ndcg_at_20": 0.2274,
        "ndcg_at_100": 0.22601,
        "ndcg_at_1000": 0.30737,
        "map_at_1": 0.03989,
        "map_at_3": 0.06083,
        "map_at_5": 0.06871,
        "map_at_10": 0.0795,
        "map_at_20": 0.08824,
        "map_at_100": 0.10217,
        "map_at_1000": 0.11486,
        "recall_at_1": 0.03989,
        "recall_at_3": 0.07041,
        "recall_at_5": 0.08647,
        "recall_at_10": 0.11239,
        "recall_at_20": 0.14464,
        "recall_at_100": 0.24433,
        "recall_at_1000": 0.5233,
        "accuracy": 0.03989,
        "precision_at_1": 0.28916,
        "precision_at_3": 0.23494,
        "precision_at_5": 0.21325,
        "precision_at_10": 0.18133,
        "precision_at_20": 0.14217,
        "precision_at_100": 0.06663,
        "precision_at_1000": 0.02019,
        "mrr_at_1": 0.289157,
        "mrr_at_3": 0.363454,
        "mrr_at_5": 0.380924,
        "mrr_at_10": 0.392785,
        "mrr_at_20": 0.397697,
        "mrr_at_100": 0.400238,
        "mrr_at_1000": 0.400772,
        "nauc_ndcg_at_1_max": 0.281647,
        "nauc_ndcg_at_1_std": 0.083665,
        "nauc_ndcg_at_1_diff1": 0.270814,
        "nauc_ndcg_at_3_max": 0.253209,
        "nauc_ndcg_at_3_std": 0.137792,
        "nauc_ndcg_at_3_diff1": 0.242103,
        "nauc_ndcg_at_5_max": 0.278859,
        "nauc_ndcg_at_5_std": 0.147815,
        "nauc_ndcg_at_5_diff1": 0.216553,
        "nauc_ndcg_at_10_max": 0.306158,
        "nauc_ndcg_at_10_std": 0.188675,
        "nauc_ndcg_at_10_diff1": 0.223773,
        "nauc_ndcg_at_20_max": 0.298492,
        "nauc_ndcg_at_20_std": 0.200802,
        "nauc_ndcg_at_20_diff1": 0.237798,
        "nauc_ndcg_at_100_max": 0.264111,
        "nauc_ndcg_at_100_std": 0.18781,
        "nauc_ndcg_at_100_diff1": 0.274246,
        "nauc_ndcg_at_1000_max": 0.328052,
        "nauc_ndcg_at_1000_std": 0.257323,
        "nauc_ndcg_at_1000_diff1": 0.221201,
        "nauc_map_at_1_max": 0.090487,
        "nauc_map_at_1_std": -0.121291,
        "nauc_map_at_1_diff1": 0.551093,
        "nauc_map_at_3_max": 0.058245,
        "nauc_map_at_3_std": -0.127003,
        "nauc_map_at_3_diff1": 0.498839,
        "nauc_map_at_5_max": 0.081898,
        "nauc_map_at_5_std": -0.115187,
        "nauc_map_at_5_diff1": 0.465674,
        "nauc_map_at_10_max": 0.112181,
        "nauc_map_at_10_std": -0.08145,
        "nauc_map_at_10_diff1": 0.426208,
        "nauc_map_at_20_max": 0.129375,
        "nauc_map_at_20_std": -0.052242,
        "nauc_map_at_20_diff1": 0.397496,
        "nauc_map_at_100_max": 0.155616,
        "nauc_map_at_100_std": 0.017353,
        "nauc_map_at_100_diff1": 0.350909,
        "nauc_map_at_1000_max": 0.183169,
        "nauc_map_at_1000_std": 0.071497,
        "nauc_map_at_1000_diff1": 0.334889,
        "nauc_recall_at_1_max": 0.090487,
        "nauc_recall_at_1_std": -0.121291,
        "nauc_recall_at_1_diff1": 0.551093,
        "nauc_recall_at_3_max": 0.047286,
        "nauc_recall_at_3_std": -0.108799,
        "nauc_recall_at_3_diff1": 0.45864,
        "nauc_recall_at_5_max": 0.114124,
        "nauc_recall_at_5_std": -0.074896,
        "nauc_recall_at_5_diff1": 0.401164,
        "nauc_recall_at_10_max": 0.154457,
        "nauc_recall_at_10_std": -0.013078,
        "nauc_recall_at_10_diff1": 0.381291,
        "nauc_recall_at_20_max": 0.195748,
        "nauc_recall_at_20_std": 0.040557,
        "nauc_recall_at_20_diff1": 0.357419,
        "nauc_recall_at_100_max": 0.158156,
        "nauc_recall_at_100_std": 0.169827,
        "nauc_recall_at_100_diff1": 0.220838,
        "nauc_recall_at_1000_max": 0.19666,
        "nauc_recall_at_1000_std": 0.243407,
        "nauc_recall_at_1000_diff1": 0.067089,
        "nauc_precision_at_1_max": 0.310777,
        "nauc_precision_at_1_std": 0.109311,
        "nauc_precision_at_1_diff1": 0.257981,
        "nauc_precision_at_3_max": 0.287624,
        "nauc_precision_at_3_std": 0.217383,
        "nauc_precision_at_3_diff1": 0.124594,
        "nauc_precision_at_5_max": 0.312419,
        "nauc_precision_at_5_std": 0.230595,
        "nauc_precision_at_5_diff1": 0.04605,
        "nauc_precision_at_10_max": 0.334926,
        "nauc_precision_at_10_std": 0.314286,
        "nauc_precision_at_10_diff1": 0.005379,
        "nauc_precision_at_20_max": 0.306217,
        "nauc_precision_at_20_std": 0.361069,
        "nauc_precision_at_20_diff1": -0.029538,
        "nauc_precision_at_100_max": 0.271299,
        "nauc_precision_at_100_std": 0.4457,
        "nauc_precision_at_100_diff1": -0.070778,
        "nauc_precision_at_1000_max": 0.242784,
        "nauc_precision_at_1000_std": 0.436864,
        "nauc_precision_at_1000_diff1": -0.038918,
        "nauc_mrr_at_1_max": 0.310777,
        "nauc_mrr_at_1_std": 0.109311,
        "nauc_mrr_at_1_diff1": 0.257981,
        "nauc_mrr_at_3_max": 0.346836,
        "nauc_mrr_at_3_std": 0.204929,
        "nauc_mrr_at_3_diff1": 0.243049,
        "nauc_mrr_at_5_max": 0.353445,
        "nauc_mrr_at_5_std": 0.207538,
        "nauc_mrr_at_5_diff1": 0.231877,
        "nauc_mrr_at_10_max": 0.363268,
        "nauc_mrr_at_10_std": 0.213685,
        "nauc_mrr_at_10_diff1": 0.243655,
        "nauc_mrr_at_20_max": 0.366516,
        "nauc_mrr_at_20_std": 0.214133,
        "nauc_mrr_at_20_diff1": 0.248925,
        "nauc_mrr_at_100_max": 0.366219,
        "nauc_mrr_at_100_std": 0.214396,
        "nauc_mrr_at_100_diff1": 0.247373,
        "nauc_mrr_at_1000_max": 0.366039,
        "nauc_mrr_at_1000_std": 0.214028,
        "nauc_mrr_at_1000_diff1": 0.247366,
        "cv_recall_at_1": 0.28916,
        "cv_recall_at_3": 0.45181,
        "cv_recall_at_5": 0.5241,
        "cv_recall_at_10": 0.60843,
        "cv_recall_at_20": 0.68072,
        "cv_recall_at_100": 0.79518,
        "cv_recall_at_1000": 0.93976,
        "main_score": 0.23632,
        "hf_subset": "default",
        "languages": [
          "vie-Latn"
        ]
      }
    ]
  },
  "evaluation_time": 72.9257550239563,
  "kg_co2_emissions": null,
  "date": null
}