{
  "dataset_revision": "974abbc9bc281c3169180a6aa5d7586cfd2f5877",
  "task_name": "R2MEDIIYiClinicalRetrieval",
  "mteb_version": "2.9.0",
  "scores": {
    "test": [
      {
        "ndcg_at_1": 0.07752,
        "ndcg_at_3": 0.07317,
        "ndcg_at_5": 0.07581,
        "ndcg_at_10": 0.09221,
        "ndcg_at_20": 0.10996,
        "ndcg_at_100": 0.16977,
        "ndcg_at_1000": 0.24498,
        "map_at_1": 0.02752,
        "map_at_3": 0.04246,
        "map_at_5": 0.04704,
        "map_at_10": 0.05217,
        "map_at_20": 0.05705,
        "map_at_100": 0.06742,
        "map_at_1000": 0.07142,
        "recall_at_1": 0.02752,
        "recall_at_3": 0.06395,
        "recall_at_5": 0.07907,
        "recall_at_10": 0.11408,
        "recall_at_20": 0.16034,
        "recall_at_100": 0.37636,
        "recall_at_1000": 0.79897,
        "accuracy": 0.02752,
        "precision_at_1": 0.07752,
        "precision_at_3": 0.06202,
        "precision_at_5": 0.05116,
        "precision_at_10": 0.03953,
        "precision_at_20": 0.02868,
        "precision_at_100": 0.01434,
        "precision_at_1000": 0.00288,
        "mrr_at_1": 0.077519,
        "mrr_at_3": 0.122739,
        "mrr_at_5": 0.134367,
        "mrr_at_10": 0.14856,
        "mrr_at_20": 0.153556,
        "mrr_at_100": 0.160057,
        "mrr_at_1000": 0.161183,
        "nauc_ndcg_at_1_max": 0.103033,
        "nauc_ndcg_at_1_std": -0.245902,
        "nauc_ndcg_at_1_diff1": 0.549032,
        "nauc_ndcg_at_3_max": 0.089809,
        "nauc_ndcg_at_3_std": -0.145269,
        "nauc_ndcg_at_3_diff1": 0.340915,
        "nauc_ndcg_at_5_max": 0.100764,
        "nauc_ndcg_at_5_std": -0.088553,
        "nauc_ndcg_at_5_diff1": 0.295296,
        "nauc_ndcg_at_10_max": 0.085277,
        "nauc_ndcg_at_10_std": -0.108477,
        "nauc_ndcg_at_10_diff1": 0.304978,
        "nauc_ndcg_at_20_max": 0.102634,
        "nauc_ndcg_at_20_std": -0.03046,
        "nauc_ndcg_at_20_diff1": 0.238078,
        "nauc_ndcg_at_100_max": 0.146856,
        "nauc_ndcg_at_100_std": 0.09384,
        "nauc_ndcg_at_100_diff1": 0.1547,
        "nauc_ndcg_at_1000_max": 0.197583,
        "nauc_ndcg_at_1000_std": 0.12257,
        "nauc_ndcg_at_1000_diff1": 0.140549,
        "nauc_map_at_1_max": 0.05179,
        "nauc_map_at_1_std": -0.251829,
        "nauc_map_at_1_diff1": 0.560412,
        "nauc_map_at_3_max": 0.0496,
        "nauc_map_at_3_std": -0.175891,
        "nauc_map_at_3_diff1": 0.36726,
        "nauc_map_at_5_max": 0.049355,
        "nauc_map_at_5_std": -0.150438,
        "nauc_map_at_5_diff1": 0.345761,
        "nauc_map_at_10_max": 0.043015,
        "nauc_map_at_10_std": -0.159239,
        "nauc_map_at_10_diff1": 0.342865,
        "nauc_map_at_20_max": 0.056258,
        "nauc_map_at_20_std": -0.118445,
        "nauc_map_at_20_diff1": 0.311198,
        "nauc_map_at_100_max": 0.072484,
        "nauc_map_at_100_std": -0.068916,
        "nauc_map_at_100_diff1": 0.271848,
        "nauc_map_at_1000_max": 0.077594,
        "nauc_map_at_1000_std": -0.061849,
        "nauc_map_at_1000_diff1": 0.265987,
        "nauc_recall_at_1_max": 0.05179,
        "nauc_recall_at_1_std": -0.251829,
        "nauc_recall_at_1_diff1": 0.560412,
        "nauc_recall_at_3_max": 0.026465,
        "nauc_recall_at_3_std": -0.147426,
        "nauc_recall_at_3_diff1": 0.207522,
        "nauc_recall_at_5_max": 0.061202,
        "nauc_recall_at_5_std": -0.068545,
        "nauc_recall_at_5_diff1": 0.186658,
        "nauc_recall_at_10_max": 0.032355,
        "nauc_recall_at_10_std": -0.11357,
        "nauc_recall_at_10_diff1": 0.204893,
        "nauc_recall_at_20_max": 0.076478,
        "nauc_recall_at_20_std": 0.045469,
        "nauc_recall_at_20_diff1": 0.079252,
        "nauc_recall_at_100_max": 0.143565,
        "nauc_recall_at_100_std": 0.205037,
        "nauc_recall_at_100_diff1": -0.014948,
        "nauc_recall_at_1000_max": 0.318563,
        "nauc_recall_at_1000_std": 0.351017,
        "nauc_recall_at_1000_diff1": -0.167505,
        "nauc_precision_at_1_max": 0.103033,
        "nauc_precision_at_1_std": -0.245902,
        "nauc_precision_at_1_diff1": 0.549032,
        "nauc_precision_at_3_max": 0.126145,
        "nauc_precision_at_3_std": -0.090054,
        "nauc_precision_at_3_diff1": 0.248605,
        "nauc_precision_at_5_max": 0.167095,
        "nauc_precision_at_5_std": 0.032161,
        "nauc_precision_at_5_diff1": 0.201936,
        "nauc_precision_at_10_max": 0.1408,
        "nauc_precision_at_10_std": 0.006267,
        "nauc_precision_at_10_diff1": 0.206247,
        "nauc_precision_at_20_max": 0.148446,
        "nauc_precision_at_20_std": 0.144093,
        "nauc_precision_at_20_diff1": 0.060614,
        "nauc_precision_at_100_max": 0.176693,
        "nauc_precision_at_100_std": 0.340456,
        "nauc_precision_at_100_diff1": -0.090901,
        "nauc_precision_at_1000_max": 0.250458,
        "nauc_precision_at_1000_std": 0.341011,
        "nauc_precision_at_1000_diff1": -0.112637,
        "nauc_mrr_at_1_max": 0.103033,
        "nauc_mrr_at_1_std": -0.245902,
        "nauc_mrr_at_1_diff1": 0.549032,
        "nauc_mrr_at_3_max": 0.124263,
        "nauc_mrr_at_3_std": -0.138601,
        "nauc_mrr_at_3_diff1": 0.379883,
        "nauc_mrr_at_5_max": 0.158692,
        "nauc_mrr_at_5_std": -0.082257,
        "nauc_mrr_at_5_diff1": 0.360341,
        "nauc_mrr_at_10_max": 0.160104,
        "nauc_mrr_at_10_std": -0.081538,
        "nauc_mrr_at_10_diff1": 0.374912,
        "nauc_mrr_at_20_max": 0.155881,
        "nauc_mrr_at_20_std": -0.07195,
        "nauc_mrr_at_20_diff1": 0.362971,
        "nauc_mrr_at_100_max": 0.163505,
        "nauc_mrr_at_100_std": -0.062905,
        "nauc_mrr_at_100_diff1": 0.357122,
        "nauc_mrr_at_1000_max": 0.163325,
        "nauc_mrr_at_1000_std": -0.064736,
        "nauc_mrr_at_1000_diff1": 0.358533,
        "cv_recall_at_1": 0.07752,
        "cv_recall_at_3": 0.18605,
        "cv_recall_at_5": 0.24031,
        "cv_recall_at_10": 0.34884,
        "cv_recall_at_20": 0.4186,
        "cv_recall_at_100": 0.68217,
        "cv_recall_at_1000": 0.91473,
        "main_score": 0.09221,
        "hf_subset": "default",
        "languages": [
          "eng-Latn"
        ]
      }
    ]
  },
  "evaluation_time": 218.30726051330566,
  "kg_co2_emissions": null,
  "date": null
}