{
  "dataset_revision": "b457ea43db9ae5db74c3a3e5be0a213d0f85ac3a",
  "task_name": "R2MEDMedXpertQAExamRetrieval",
  "mteb_version": "2.9.0",
  "scores": {
    "test": [
      {
        "ndcg_at_1": 0.0,
        "ndcg_at_3": 0.00484,
        "ndcg_at_5": 0.00443,
        "ndcg_at_10": 0.00443,
        "ndcg_at_20": 0.00443,
        "ndcg_at_100": 0.01192,
        "ndcg_at_1000": 0.03985,
        "map_at_1": 0.0,
        "map_at_3": 0.002,
        "map_at_5": 0.002,
        "map_at_10": 0.002,
        "map_at_20": 0.002,
        "map_at_100": 0.00278,
        "map_at_1000": 0.00349,
        "recall_at_1": 0.0,
        "recall_at_3": 0.00601,
        "recall_at_5": 0.00601,
        "recall_at_10": 0.00601,
        "recall_at_20": 0.00601,
        "recall_at_100": 0.03463,
        "recall_at_1000": 0.21258,
        "accuracy": 0.0,
        "precision_at_1": 0.0,
        "precision_at_3": 0.00687,
        "precision_at_5": 0.00412,
        "precision_at_10": 0.00206,
        "precision_at_20": 0.00103,
        "precision_at_100": 0.00124,
        "precision_at_1000": 0.00063,
        "mrr_at_1": 0.0,
        "mrr_at_3": 0.006873,
        "mrr_at_5": 0.006873,
        "mrr_at_10": 0.006873,
        "mrr_at_20": 0.006873,
        "mrr_at_100": 0.008506,
        "mrr_at_1000": 0.009504,
        "nauc_ndcg_at_1_max": NaN,
        "nauc_ndcg_at_1_std": NaN,
        "nauc_ndcg_at_1_diff1": NaN,
        "nauc_ndcg_at_3_max": 0.49725,
        "nauc_ndcg_at_3_std": 0.096724,
        "nauc_ndcg_at_3_diff1": 0.058625,
        "nauc_ndcg_at_5_max": 0.481339,
        "nauc_ndcg_at_5_std": 0.096724,
        "nauc_ndcg_at_5_diff1": 0.082971,
        "nauc_ndcg_at_10_max": 0.481339,
        "nauc_ndcg_at_10_std": 0.096724,
        "nauc_ndcg_at_10_diff1": 0.082971,
        "nauc_ndcg_at_20_max": 0.481339,
        "nauc_ndcg_at_20_std": 0.096724,
        "nauc_ndcg_at_20_diff1": 0.082971,
        "nauc_ndcg_at_100_max": 0.199261,
        "nauc_ndcg_at_100_std": 0.108348,
        "nauc_ndcg_at_100_diff1": 0.226725,
        "nauc_ndcg_at_1000_max": 0.187141,
        "nauc_ndcg_at_1000_std": 0.242038,
        "nauc_ndcg_at_1000_diff1": 0.01939,
        "nauc_map_at_1_max": NaN,
        "nauc_map_at_1_std": NaN,
        "nauc_map_at_1_diff1": NaN,
        "nauc_map_at_3_max": 0.472484,
        "nauc_map_at_3_std": 0.096724,
        "nauc_map_at_3_diff1": 0.09652,
        "nauc_map_at_5_max": 0.472484,
        "nauc_map_at_5_std": 0.096724,
        "nauc_map_at_5_diff1": 0.09652,
        "nauc_map_at_10_max": 0.472484,
        "nauc_map_at_10_std": 0.096724,
        "nauc_map_at_10_diff1": 0.09652,
        "nauc_map_at_20_max": 0.472484,
        "nauc_map_at_20_std": 0.096724,
        "nauc_map_at_20_diff1": 0.09652,
        "nauc_map_at_100_max": 0.345176,
        "nauc_map_at_100_std": 0.074789,
        "nauc_map_at_100_diff1": 0.179998,
        "nauc_map_at_1000_max": 0.316848,
        "nauc_map_at_1000_std": 0.108163,
        "nauc_map_at_1000_diff1": 0.144711,
        "nauc_recall_at_1_max": NaN,
        "nauc_recall_at_1_std": NaN,
        "nauc_recall_at_1_diff1": NaN,
        "nauc_recall_at_3_max": 0.472484,
        "nauc_recall_at_3_std": 0.096724,
        "nauc_recall_at_3_diff1": 0.09652,
        "nauc_recall_at_5_max": 0.472484,
        "nauc_recall_at_5_std": 0.096724,
        "nauc_recall_at_5_diff1": 0.09652,
        "nauc_recall_at_10_max": 0.472484,
        "nauc_recall_at_10_std": 0.096724,
        "nauc_recall_at_10_diff1": 0.09652,
        "nauc_recall_at_20_max": 0.472484,
        "nauc_recall_at_20_std": 0.096724,
        "nauc_recall_at_20_diff1": 0.09652,
        "nauc_recall_at_100_max": 0.139688,
        "nauc_recall_at_100_std": 0.15202,
        "nauc_recall_at_100_diff1": 0.25992,
        "nauc_recall_at_1000_max": 0.152752,
        "nauc_recall_at_1000_std": 0.276022,
        "nauc_recall_at_1000_diff1": -0.043676,
        "nauc_precision_at_1_max": NaN,
        "nauc_precision_at_1_std": NaN,
        "nauc_precision_at_1_diff1": NaN,
        "nauc_precision_at_3_max": 0.49725,
        "nauc_precision_at_3_std": 0.096724,
        "nauc_precision_at_3_diff1": 0.058625,
        "nauc_precision_at_5_max": 0.49725,
        "nauc_precision_at_5_std": 0.096724,
        "nauc_precision_at_5_diff1": 0.058625,
        "nauc_precision_at_10_max": 0.49725,
        "nauc_precision_at_10_std": 0.096724,
        "nauc_precision_at_10_diff1": 0.058625,
        "nauc_precision_at_20_max": 0.49725,
        "nauc_precision_at_20_std": 0.096724,
        "nauc_precision_at_20_diff1": 0.058625,
        "nauc_precision_at_100_max": 0.082975,
        "nauc_precision_at_100_std": 0.08085,
        "nauc_precision_at_100_diff1": 0.288816,
        "nauc_precision_at_1000_max": 0.170347,
        "nauc_precision_at_1000_std": 0.28,
        "nauc_precision_at_1000_diff1": -0.004344,
        "nauc_mrr_at_1_max": NaN,
        "nauc_mrr_at_1_std": NaN,
        "nauc_mrr_at_1_diff1": NaN,
        "nauc_mrr_at_3_max": 0.49725,
        "nauc_mrr_at_3_std": 0.096724,
        "nauc_mrr_at_3_diff1": 0.058625,
        "nauc_mrr_at_5_max": 0.49725,
        "nauc_mrr_at_5_std": 0.096724,
        "nauc_mrr_at_5_diff1": 0.058625,
        "nauc_mrr_at_10_max": 0.49725,
        "nauc_mrr_at_10_std": 0.096724,
        "nauc_mrr_at_10_diff1": 0.058625,
        "nauc_mrr_at_20_max": 0.49725,
        "nauc_mrr_at_20_std": 0.096724,
        "nauc_mrr_at_20_diff1": 0.058625,
        "nauc_mrr_at_100_max": 0.396991,
        "nauc_mrr_at_100_std": 0.109562,
        "nauc_mrr_at_100_diff1": 0.085259,
        "nauc_mrr_at_1000_max": 0.388603,
        "nauc_mrr_at_1000_std": 0.119446,
        "nauc_mrr_at_1000_diff1": 0.082536,
        "cv_recall_at_1": 0.0,
        "cv_recall_at_3": 0.02062,
        "cv_recall_at_5": 0.02062,
        "cv_recall_at_10": 0.02062,
        "cv_recall_at_20": 0.02062,
        "cv_recall_at_100": 0.09278,
        "cv_recall_at_1000": 0.37113,
        "main_score": 0.00443,
        "hf_subset": "default",
        "languages": [
          "eng-Latn"
        ]
      }
    ]
  },
  "evaluation_time": 1164.7043750286102,
  "kg_co2_emissions": null,
  "date": null
}