{
  "dataset_revision": "812829522f7eaa407ef82b96717be85788a50f7e",
  "task_name": "R2MEDPMCClinicalRetrieval",
  "mteb_version": "2.9.0",
  "scores": {
    "test": [
      {
        "ndcg_at_1": 0.02632,
        "ndcg_at_3": 0.02934,
        "ndcg_at_5": 0.04104,
        "ndcg_at_10": 0.04768,
        "ndcg_at_20": 0.05157,
        "ndcg_at_100": 0.07301,
        "ndcg_at_1000": 0.10518,
        "map_at_1": 0.0095,
        "map_at_3": 0.02071,
        "map_at_5": 0.02619,
        "map_at_10": 0.02853,
        "map_at_20": 0.02924,
        "map_at_100": 0.03161,
        "map_at_1000": 0.03279,
        "recall_at_1": 0.0095,
        "recall_at_3": 0.03289,
        "recall_at_5": 0.05629,
        "recall_at_10": 0.07675,
        "recall_at_20": 0.08772,
        "recall_at_100": 0.18713,
        "recall_at_1000": 0.39474,
        "accuracy": 0.0095,
        "precision_at_1": 0.02632,
        "precision_at_3": 0.02047,
        "precision_at_5": 0.02281,
        "precision_at_10": 0.01404,
        "precision_at_20": 0.00877,
        "precision_at_100": 0.00386,
        "precision_at_1000": 0.00088,
        "mrr_at_1": 0.026316,
        "mrr_at_3": 0.042398,
        "mrr_at_5": 0.054678,
        "mrr_at_10": 0.057992,
        "mrr_at_20": 0.060246,
        "mrr_at_100": 0.063791,
        "mrr_at_1000": 0.064676,
        "nauc_ndcg_at_1_max": -0.163344,
        "nauc_ndcg_at_1_std": -0.43539,
        "nauc_ndcg_at_1_diff1": 0.171254,
        "nauc_ndcg_at_3_max": 0.145145,
        "nauc_ndcg_at_3_std": -0.045521,
        "nauc_ndcg_at_3_diff1": -0.17045,
        "nauc_ndcg_at_5_max": 0.069753,
        "nauc_ndcg_at_5_std": -0.072101,
        "nauc_ndcg_at_5_diff1": -0.084332,
        "nauc_ndcg_at_10_max": 0.007561,
        "nauc_ndcg_at_10_std": -0.036711,
        "nauc_ndcg_at_10_diff1": -0.064473,
        "nauc_ndcg_at_20_max": 0.020658,
        "nauc_ndcg_at_20_std": -0.021215,
        "nauc_ndcg_at_20_diff1": -0.073514,
        "nauc_ndcg_at_100_max": 0.041754,
        "nauc_ndcg_at_100_std": -0.012952,
        "nauc_ndcg_at_100_diff1": -0.056178,
        "nauc_ndcg_at_1000_max": 0.107887,
        "nauc_ndcg_at_1000_std": 0.014758,
        "nauc_ndcg_at_1000_diff1": -0.076492,
        "nauc_map_at_1_max": -0.251649,
        "nauc_map_at_1_std": -0.453785,
        "nauc_map_at_1_diff1": 0.097149,
        "nauc_map_at_3_max": 0.1328,
        "nauc_map_at_3_std": -0.05863,
        "nauc_map_at_3_diff1": -0.197913,
        "nauc_map_at_5_max": 0.089708,
        "nauc_map_at_5_std": -0.079104,
        "nauc_map_at_5_diff1": -0.121803,
        "nauc_map_at_10_max": 0.053379,
        "nauc_map_at_10_std": -0.059361,
        "nauc_map_at_10_diff1": -0.107621,
        "nauc_map_at_20_max": 0.056593,
        "nauc_map_at_20_std": -0.052445,
        "nauc_map_at_20_diff1": -0.109746,
        "nauc_map_at_100_max": 0.054672,
        "nauc_map_at_100_std": -0.038893,
        "nauc_map_at_100_diff1": -0.103649,
        "nauc_map_at_1000_max": 0.057628,
        "nauc_map_at_1000_std": -0.036203,
        "nauc_map_at_1000_diff1": -0.10572,
        "nauc_recall_at_1_max": -0.251649,
        "nauc_recall_at_1_std": -0.453785,
        "nauc_recall_at_1_diff1": 0.097149,
        "nauc_recall_at_3_max": 0.227743,
        "nauc_recall_at_3_std": 0.066773,
        "nauc_recall_at_3_diff1": -0.286647,
        "nauc_recall_at_5_max": 0.093834,
        "nauc_recall_at_5_std": -0.01001,
        "nauc_recall_at_5_diff1": -0.090683,
        "nauc_recall_at_10_max": -0.035975,
        "nauc_recall_at_10_std": 0.063008,
        "nauc_recall_at_10_diff1": -0.034541,
        "nauc_recall_at_20_max": -0.00688,
        "nauc_recall_at_20_std": 0.076989,
        "nauc_recall_at_20_diff1": -0.050382,
        "nauc_recall_at_100_max": 0.042952,
        "nauc_recall_at_100_std": 0.03308,
        "nauc_recall_at_100_diff1": -0.027224,
        "nauc_recall_at_1000_max": 0.217163,
        "nauc_recall_at_1000_std": 0.10257,
        "nauc_recall_at_1000_diff1": -0.05971,
        "nauc_precision_at_1_max": -0.163344,
        "nauc_precision_at_1_std": -0.43539,
        "nauc_precision_at_1_diff1": 0.171254,
        "nauc_precision_at_3_max": 0.147016,
        "nauc_precision_at_3_std": 0.012157,
        "nauc_precision_at_3_diff1": -0.179499,
        "nauc_precision_at_5_max": 0.018661,
        "nauc_precision_at_5_std": -0.064825,
        "nauc_precision_at_5_diff1": -0.0318,
        "nauc_precision_at_10_max": -0.060221,
        "nauc_precision_at_10_std": -0.030101,
        "nauc_precision_at_10_diff1": -0.027006,
        "nauc_precision_at_20_max": -0.016822,
        "nauc_precision_at_20_std": 0.003094,
        "nauc_precision_at_20_diff1": -0.061663,
        "nauc_precision_at_100_max": 0.070535,
        "nauc_precision_at_100_std": 0.023409,
        "nauc_precision_at_100_diff1": -0.004221,
        "nauc_precision_at_1000_max": 0.159386,
        "nauc_precision_at_1000_std": 0.031539,
        "nauc_precision_at_1000_diff1": -0.068037,
        "nauc_mrr_at_1_max": -0.163344,
        "nauc_mrr_at_1_std": -0.43539,
        "nauc_mrr_at_1_diff1": 0.171254,
        "nauc_mrr_at_3_max": 0.069949,
        "nauc_mrr_at_3_std": -0.137386,
        "nauc_mrr_at_3_diff1": -0.065944,
        "nauc_mrr_at_5_max": 0.02994,
        "nauc_mrr_at_5_std": -0.148703,
        "nauc_mrr_at_5_diff1": -0.022956,
        "nauc_mrr_at_10_max": 0.007931,
        "nauc_mrr_at_10_std": -0.140984,
        "nauc_mrr_at_10_diff1": -0.025728,
        "nauc_mrr_at_20_max": 0.012518,
        "nauc_mrr_at_20_std": -0.129189,
        "nauc_mrr_at_20_diff1": -0.032135,
        "nauc_mrr_at_100_max": 0.016382,
        "nauc_mrr_at_100_std": -0.12915,
        "nauc_mrr_at_100_diff1": -0.029258,
        "nauc_mrr_at_1000_max": 0.016816,
        "nauc_mrr_at_1000_std": -0.128492,
        "nauc_mrr_at_1000_diff1": -0.030666,
        "cv_recall_at_1": 0.02632,
        "cv_recall_at_3": 0.0614,
        "cv_recall_at_5": 0.11404,
        "cv_recall_at_10": 0.14035,
        "cv_recall_at_20": 0.17544,
        "cv_recall_at_100": 0.34211,
        "cv_recall_at_1000": 0.5614,
        "main_score": 0.04768,
        "hf_subset": "default",
        "languages": [
          "eng-Latn"
        ]
      }
    ]
  },
  "evaluation_time": 1260.3665161132812,
  "kg_co2_emissions": null,
  "date": null
}