{
  "dataset_revision": "54d73a1ea11ea0ae4ec0214ec519c93db79dee88",
  "task_name": "TRECCOVID-VN",
  "mteb_version": "2.9.0",
  "scores": {
    "test": [
      {
        "ndcg_at_1": 0.52273,
        "ndcg_at_3": 0.49048,
        "ndcg_at_5": 0.48549,
        "ndcg_at_10": 0.47624,
        "ndcg_at_20": 0.44984,
        "ndcg_at_100": 0.33048,
        "ndcg_at_1000": 0.27387,
        "map_at_1": 0.00129,
        "map_at_3": 0.00315,
        "map_at_5": 0.00496,
        "map_at_10": 0.00913,
        "map_at_20": 0.01641,
        "map_at_100": 0.04905,
        "map_at_1000": 0.09705,
        "recall_at_1": 0.00129,
        "recall_at_3": 0.00374,
        "recall_at_5": 0.00613,
        "recall_at_10": 0.0119,
        "recall_at_20": 0.02257,
        "recall_at_100": 0.07756,
        "recall_at_1000": 0.25321,
        "accuracy": 0.00129,
        "precision_at_1": 0.54545,
        "precision_at_3": 0.51515,
        "precision_at_5": 0.51364,
        "precision_at_10": 0.50227,
        "precision_at_20": 0.47045,
        "precision_at_100": 0.33068,
        "precision_at_1000": 0.11777,
        "mrr_at_1": 0.545455,
        "mrr_at_3": 0.647727,
        "mrr_at_5": 0.668182,
        "mrr_at_10": 0.67298,
        "mrr_at_20": 0.6744,
        "mrr_at_100": 0.676099,
        "mrr_at_1000": 0.676099,
        "nauc_ndcg_at_1_max": 0.200327,
        "nauc_ndcg_at_1_std": 0.248412,
        "nauc_ndcg_at_1_diff1": 0.207993,
        "nauc_ndcg_at_3_max": 0.353911,
        "nauc_ndcg_at_3_std": 0.255571,
        "nauc_ndcg_at_3_diff1": 0.072509,
        "nauc_ndcg_at_5_max": 0.437791,
        "nauc_ndcg_at_5_std": 0.295626,
        "nauc_ndcg_at_5_diff1": 0.070977,
        "nauc_ndcg_at_10_max": 0.506644,
        "nauc_ndcg_at_10_std": 0.387833,
        "nauc_ndcg_at_10_diff1": 0.021439,
        "nauc_ndcg_at_20_max": 0.603576,
        "nauc_ndcg_at_20_std": 0.413504,
        "nauc_ndcg_at_20_diff1": -0.000275,
        "nauc_ndcg_at_100_max": 0.706453,
        "nauc_ndcg_at_100_std": 0.558383,
        "nauc_ndcg_at_100_diff1": 0.033136,
        "nauc_ndcg_at_1000_max": 0.690375,
        "nauc_ndcg_at_1000_std": 0.573508,
        "nauc_ndcg_at_1000_diff1": -0.022522,
        "nauc_map_at_1_max": 0.140428,
        "nauc_map_at_1_std": 0.269922,
        "nauc_map_at_1_diff1": 0.260792,
        "nauc_map_at_3_max": 0.34066,
        "nauc_map_at_3_std": 0.369398,
        "nauc_map_at_3_diff1": 0.134764,
        "nauc_map_at_5_max": 0.433019,
        "nauc_map_at_5_std": 0.401026,
        "nauc_map_at_5_diff1": 0.136903,
        "nauc_map_at_10_max": 0.483366,
        "nauc_map_at_10_std": 0.465931,
        "nauc_map_at_10_diff1": 0.086731,
        "nauc_map_at_20_max": 0.555039,
        "nauc_map_at_20_std": 0.48659,
        "nauc_map_at_20_diff1": 0.070098,
        "nauc_map_at_100_max": 0.682244,
        "nauc_map_at_100_std": 0.668786,
        "nauc_map_at_100_diff1": 0.155888,
        "nauc_map_at_1000_max": 0.684476,
        "nauc_map_at_1000_std": 0.683862,
        "nauc_map_at_1000_diff1": 0.052702,
        "nauc_recall_at_1_max": 0.140428,
        "nauc_recall_at_1_std": 0.269922,
        "nauc_recall_at_1_diff1": 0.260792,
        "nauc_recall_at_3_max": 0.316638,
        "nauc_recall_at_3_std": 0.293927,
        "nauc_recall_at_3_diff1": 0.116047,
        "nauc_recall_at_5_max": 0.455624,
        "nauc_recall_at_5_std": 0.361867,
        "nauc_recall_at_5_diff1": 0.151952,
        "nauc_recall_at_10_max": 0.49653,
        "nauc_recall_at_10_std": 0.439426,
        "nauc_recall_at_10_diff1": 0.106204,
        "nauc_recall_at_20_max": 0.542867,
        "nauc_recall_at_20_std": 0.423554,
        "nauc_recall_at_20_diff1": 0.068304,
        "nauc_recall_at_100_max": 0.66493,
        "nauc_recall_at_100_std": 0.613807,
        "nauc_recall_at_100_diff1": 0.113725,
        "nauc_recall_at_1000_max": 0.601114,
        "nauc_recall_at_1000_std": 0.525788,
        "nauc_recall_at_1000_diff1": -0.062134,
        "nauc_precision_at_1_max": 0.262998,
        "nauc_precision_at_1_std": 0.241209,
        "nauc_precision_at_1_diff1": 0.22431,
        "nauc_precision_at_3_max": 0.42711,
        "nauc_precision_at_3_std": 0.277656,
        "nauc_precision_at_3_diff1": 0.032626,
        "nauc_precision_at_5_max": 0.559781,
        "nauc_precision_at_5_std": 0.319175,
        "nauc_precision_at_5_diff1": 0.051872,
        "nauc_precision_at_10_max": 0.590289,
        "nauc_precision_at_10_std": 0.419229,
        "nauc_precision_at_10_diff1": -0.022592,
        "nauc_precision_at_20_max": 0.673163,
        "nauc_precision_at_20_std": 0.420587,
        "nauc_precision_at_20_diff1": -0.027802,
        "nauc_precision_at_100_max": 0.71283,
        "nauc_precision_at_100_std": 0.562999,
        "nauc_precision_at_100_diff1": 0.024639,
        "nauc_precision_at_1000_max": 0.543429,
        "nauc_precision_at_1000_std": 0.393864,
        "nauc_precision_at_1000_diff1": -0.116616,
        "nauc_mrr_at_1_max": 0.262998,
        "nauc_mrr_at_1_std": 0.241209,
        "nauc_mrr_at_1_diff1": 0.22431,
        "nauc_mrr_at_3_max": 0.319404,
        "nauc_mrr_at_3_std": 0.234008,
        "nauc_mrr_at_3_diff1": 0.206463,
        "nauc_mrr_at_5_max": 0.342103,
        "nauc_mrr_at_5_std": 0.268049,
        "nauc_mrr_at_5_diff1": 0.217986,
        "nauc_mrr_at_10_max": 0.336816,
        "nauc_mrr_at_10_std": 0.260956,
        "nauc_mrr_at_10_diff1": 0.206757,
        "nauc_mrr_at_20_max": 0.335591,
        "nauc_mrr_at_20_std": 0.260421,
        "nauc_mrr_at_20_diff1": 0.204804,
        "nauc_mrr_at_100_max": 0.332202,
        "nauc_mrr_at_100_std": 0.260353,
        "nauc_mrr_at_100_diff1": 0.207996,
        "nauc_mrr_at_1000_max": 0.332202,
        "nauc_mrr_at_1000_std": 0.260353,
        "nauc_mrr_at_1000_diff1": 0.207996,
        "cv_recall_at_1": 0.54545,
        "cv_recall_at_3": 0.79545,
        "cv_recall_at_5": 0.88636,
        "cv_recall_at_10": 0.93182,
        "cv_recall_at_20": 0.95455,
        "cv_recall_at_100": 1.0,
        "cv_recall_at_1000": 1.0,
        "main_score": 0.47624,
        "hf_subset": "default",
        "languages": [
          "vie-Latn"
        ]
      }
    ]
  },
  "evaluation_time": 2841.31444978714,
  "kg_co2_emissions": null,
  "date": null
}