{
  "dataset_revision": "local",
  "task_name": "WikiLV",
  "mteb_version": "2.12.27",
  "scores": {
    "test": [
      {
        "ndcg_at_1": 0.61598,
        "ndcg_at_3": 0.68469,
        "ndcg_at_5": 0.70186,
        "ndcg_at_10": 0.72117,
        "ndcg_at_20": 0.73306,
        "ndcg_at_100": 0.74788,
        "ndcg_at_1000": 0.75306,
        "map_at_1": 0.61598,
        "map_at_3": 0.66777,
        "map_at_5": 0.67733,
        "map_at_10": 0.6853,
        "map_at_20": 0.68854,
        "map_at_100": 0.69067,
        "map_at_1000": 0.6909,
        "recall_at_1": 0.61598,
        "recall_at_3": 0.73367,
        "recall_at_5": 0.77522,
        "recall_at_10": 0.83497,
        "recall_at_20": 0.88212,
        "recall_at_100": 0.96084,
        "recall_at_1000": 1.0,
        "accuracy": 0.61598,
        "precision_at_1": 0.61598,
        "precision_at_3": 0.24456,
        "precision_at_5": 0.15504,
        "precision_at_10": 0.0835,
        "precision_at_20": 0.04411,
        "precision_at_100": 0.00961,
        "precision_at_1000": 0.001,
        "mrr_at_1": 0.615984,
        "mrr_at_3": 0.667766,
        "mrr_at_5": 0.677326,
        "mrr_at_10": 0.685297,
        "mrr_at_20": 0.68854,
        "mrr_at_100": 0.690673,
        "mrr_at_1000": 0.690897,
        "nauc_ndcg_at_1_max": 0.64907,
        "nauc_ndcg_at_1_std": -0.002927,
        "nauc_ndcg_at_1_diff1": 0.785165,
        "nauc_ndcg_at_3_max": 0.651431,
        "nauc_ndcg_at_3_std": 0.011824,
        "nauc_ndcg_at_3_diff1": 0.747363,
        "nauc_ndcg_at_5_max": 0.65134,
        "nauc_ndcg_at_5_std": 0.01421,
        "nauc_ndcg_at_5_diff1": 0.742267,
        "nauc_ndcg_at_10_max": 0.65291,
        "nauc_ndcg_at_10_std": 0.017987,
        "nauc_ndcg_at_10_diff1": 0.742323,
        "nauc_ndcg_at_20_max": 0.653751,
        "nauc_ndcg_at_20_std": 0.014416,
        "nauc_ndcg_at_20_diff1": 0.745562,
        "nauc_ndcg_at_100_max": 0.653871,
        "nauc_ndcg_at_100_std": 0.014458,
        "nauc_ndcg_at_100_diff1": 0.749949,
        "nauc_ndcg_at_1000_max": 0.652639,
        "nauc_ndcg_at_1000_std": 0.012347,
        "nauc_ndcg_at_1000_diff1": 0.751216,
        "nauc_map_at_1_max": 0.64907,
        "nauc_map_at_1_std": -0.002927,
        "nauc_map_at_1_diff1": 0.785165,
        "nauc_map_at_3_max": 0.650954,
        "nauc_map_at_3_std": 0.007494,
        "nauc_map_at_3_diff1": 0.757332,
        "nauc_map_at_5_max": 0.650954,
        "nauc_map_at_5_std": 0.00881,
        "nauc_map_at_5_diff1": 0.754866,
        "nauc_map_at_10_max": 0.651459,
        "nauc_map_at_10_std": 0.009887,
        "nauc_map_at_10_diff1": 0.754973,
        "nauc_map_at_20_max": 0.651713,
        "nauc_map_at_20_std": 0.009014,
        "nauc_map_at_20_diff1": 0.755868,
        "nauc_map_at_100_max": 0.651628,
        "nauc_map_at_100_std": 0.009067,
        "nauc_map_at_100_diff1": 0.756405,
        "nauc_map_at_1000_max": 0.651606,
        "nauc_map_at_1000_std": 0.009004,
        "nauc_map_at_1000_diff1": 0.756454,
        "nauc_recall_at_1_max": 0.64907,
        "nauc_recall_at_1_std": -0.002927,
        "nauc_recall_at_1_diff1": 0.785165,
        "nauc_recall_at_3_max": 0.652968,
        "nauc_recall_at_3_std": 0.026648,
        "nauc_recall_at_3_diff1": 0.713736,
        "nauc_recall_at_5_max": 0.652601,
        "nauc_recall_at_5_std": 0.034974,
        "nauc_recall_at_5_diff1": 0.693894,
        "nauc_recall_at_10_max": 0.660935,
        "nauc_recall_at_10_std": 0.06079,
        "nauc_recall_at_10_diff1": 0.681157,
        "nauc_recall_at_20_max": 0.669083,
        "nauc_recall_at_20_std": 0.046898,
        "nauc_recall_at_20_diff1": 0.684942,
        "nauc_recall_at_100_max": 0.710337,
        "nauc_recall_at_100_std": 0.104607,
        "nauc_recall_at_100_diff1": 0.699117,
        "nauc_recall_at_1000_max": NaN,
        "nauc_recall_at_1000_std": NaN,
        "nauc_recall_at_1000_diff1": NaN,
        "nauc_precision_at_1_max": 0.64907,
        "nauc_precision_at_1_std": -0.002927,
        "nauc_precision_at_1_diff1": 0.785165,
        "nauc_precision_at_3_max": 0.652968,
        "nauc_precision_at_3_std": 0.026648,
        "nauc_precision_at_3_diff1": 0.713736,
        "nauc_precision_at_5_max": 0.652601,
        "nauc_precision_at_5_std": 0.034974,
        "nauc_precision_at_5_diff1": 0.693894,
        "nauc_precision_at_10_max": 0.660935,
        "nauc_precision_at_10_std": 0.06079,
        "nauc_precision_at_10_diff1": 0.681157,
        "nauc_precision_at_20_max": 0.669083,
        "nauc_precision_at_20_std": 0.046898,
        "nauc_precision_at_20_diff1": 0.684942,
        "nauc_precision_at_100_max": 0.710337,
        "nauc_precision_at_100_std": 0.104607,
        "nauc_precision_at_100_diff1": 0.699117,
        "nauc_precision_at_1000_max": 1.0,
        "nauc_precision_at_1000_std": 1.0,
        "nauc_precision_at_1000_diff1": 1.0,
        "nauc_mrr_at_1_max": 0.64907,
        "nauc_mrr_at_1_std": -0.002927,
        "nauc_mrr_at_1_diff1": 0.785165,
        "nauc_mrr_at_3_max": 0.650954,
        "nauc_mrr_at_3_std": 0.007494,
        "nauc_mrr_at_3_diff1": 0.757332,
        "nauc_mrr_at_5_max": 0.650954,
        "nauc_mrr_at_5_std": 0.00881,
        "nauc_mrr_at_5_diff1": 0.754866,
        "nauc_mrr_at_10_max": 0.651459,
        "nauc_mrr_at_10_std": 0.009887,
        "nauc_mrr_at_10_diff1": 0.754973,
        "nauc_mrr_at_20_max": 0.651713,
        "nauc_mrr_at_20_std": 0.009014,
        "nauc_mrr_at_20_diff1": 0.755868,
        "nauc_mrr_at_100_max": 0.651628,
        "nauc_mrr_at_100_std": 0.009067,
        "nauc_mrr_at_100_diff1": 0.756405,
        "nauc_mrr_at_1000_max": 0.651606,
        "nauc_mrr_at_1000_std": 0.009004,
        "nauc_mrr_at_1000_diff1": 0.756454,
        "hit_rate_at_1": 0.61598,
        "hit_rate_at_3": 0.73367,
        "hit_rate_at_5": 0.77522,
        "hit_rate_at_10": 0.83497,
        "hit_rate_at_20": 0.88212,
        "hit_rate_at_100": 0.96084,
        "hit_rate_at_1000": 1.0,
        "main_score": 0.72117,
        "hf_subset": "default",
        "languages": [
          "lav-Latn"
        ]
      }
    ]
  },
  "evaluation_time": 23.021743535995483,
  "kg_co2_emissions": null,
  "date": null
}