{
  "dataset_revision": "910766554633e8da014e88f54988705dde7ecaac",
  "task_name": "ZacLegalTextRetrieval",
  "mteb_version": "2.9.0",
  "scores": {
    "test": [
      {
        "ndcg_at_1": 0.29315,
        "ndcg_at_3": 0.38986,
        "ndcg_at_5": 0.4256,
        "ndcg_at_10": 0.46945,
        "ndcg_at_20": 0.48928,
        "ndcg_at_100": 0.5095,
        "ndcg_at_1000": 0.52152,
        "map_at_1": 0.29188,
        "map_at_3": 0.364,
        "map_at_5": 0.38386,
        "map_at_10": 0.40265,
        "map_at_20": 0.40823,
        "map_at_100": 0.41111,
        "map_at_1000": 0.41155,
        "recall_at_1": 0.29188,
        "recall_at_3": 0.46383,
        "recall_at_5": 0.55076,
        "recall_at_10": 0.68274,
        "recall_at_20": 0.76015,
        "recall_at_100": 0.86802,
        "recall_at_1000": 0.96383,
        "accuracy": 0.29188,
        "precision_at_1": 0.29315,
        "precision_at_3": 0.15567,
        "precision_at_5": 0.11091,
        "precision_at_10": 0.06865,
        "precision_at_20": 0.0382,
        "precision_at_100": 0.00872,
        "precision_at_1000": 0.00097,
        "mrr_at_1": 0.293147,
        "mrr_at_3": 0.365059,
        "mrr_at_5": 0.384983,
        "mrr_at_10": 0.4037,
        "mrr_at_20": 0.409273,
        "mrr_at_100": 0.412153,
        "mrr_at_1000": 0.412577,
        "nauc_ndcg_at_1_max": 0.366321,
        "nauc_ndcg_at_1_std": -0.103842,
        "nauc_ndcg_at_1_diff1": 0.427496,
        "nauc_ndcg_at_3_max": 0.390618,
        "nauc_ndcg_at_3_std": -0.077583,
        "nauc_ndcg_at_3_diff1": 0.388881,
        "nauc_ndcg_at_5_max": 0.382895,
        "nauc_ndcg_at_5_std": -0.074936,
        "nauc_ndcg_at_5_diff1": 0.373054,
        "nauc_ndcg_at_10_max": 0.396984,
        "nauc_ndcg_at_10_std": -0.009428,
        "nauc_ndcg_at_10_diff1": 0.358671,
        "nauc_ndcg_at_20_max": 0.392353,
        "nauc_ndcg_at_20_std": -0.001365,
        "nauc_ndcg_at_20_diff1": 0.361222,
        "nauc_ndcg_at_100_max": 0.396123,
        "nauc_ndcg_at_100_std": -0.006819,
        "nauc_ndcg_at_100_diff1": 0.364025,
        "nauc_ndcg_at_1000_max": 0.396593,
        "nauc_ndcg_at_1000_std": -0.022657,
        "nauc_ndcg_at_1000_diff1": 0.372245,
        "nauc_map_at_1_max": 0.360626,
        "nauc_map_at_1_std": -0.103766,
        "nauc_map_at_1_diff1": 0.425389,
        "nauc_map_at_3_max": 0.383289,
        "nauc_map_at_3_std": -0.084597,
        "nauc_map_at_3_diff1": 0.398083,
        "nauc_map_at_5_max": 0.37942,
        "nauc_map_at_5_std": -0.083722,
        "nauc_map_at_5_diff1": 0.389961,
        "nauc_map_at_10_max": 0.385226,
        "nauc_map_at_10_std": -0.056744,
        "nauc_map_at_10_diff1": 0.384341,
        "nauc_map_at_20_max": 0.383983,
        "nauc_map_at_20_std": -0.055274,
        "nauc_map_at_20_diff1": 0.385151,
        "nauc_map_at_100_max": 0.385138,
        "nauc_map_at_100_std": -0.056031,
        "nauc_map_at_100_diff1": 0.385804,
        "nauc_map_at_1000_max": 0.385197,
        "nauc_map_at_1000_std": -0.056417,
        "nauc_map_at_1000_diff1": 0.386099,
        "nauc_recall_at_1_max": 0.360626,
        "nauc_recall_at_1_std": -0.103766,
        "nauc_recall_at_1_diff1": 0.425389,
        "nauc_recall_at_3_max": 0.40576,
        "nauc_recall_at_3_std": -0.055566,
        "nauc_recall_at_3_diff1": 0.356538,
        "nauc_recall_at_5_max": 0.386894,
        "nauc_recall_at_5_std": -0.045978,
        "nauc_recall_at_5_diff1": 0.314332,
        "nauc_recall_at_10_max": 0.437126,
        "nauc_recall_at_10_std": 0.193558,
        "nauc_recall_at_10_diff1": 0.249595,
        "nauc_recall_at_20_max": 0.419753,
        "nauc_recall_at_20_std": 0.289018,
        "nauc_recall_at_20_diff1": 0.238358,
        "nauc_recall_at_100_max": 0.45601,
        "nauc_recall_at_100_std": 0.411836,
        "nauc_recall_at_100_diff1": 0.182003,
        "nauc_recall_at_1000_max": 0.617447,
        "nauc_recall_at_1000_std": 0.426404,
        "nauc_recall_at_1000_diff1": 0.233006,
        "nauc_precision_at_1_max": 0.366321,
        "nauc_precision_at_1_std": -0.103842,
        "nauc_precision_at_1_diff1": 0.427496,
        "nauc_precision_at_3_max": 0.415662,
        "nauc_precision_at_3_std": -0.056009,
        "nauc_precision_at_3_diff1": 0.362359,
        "nauc_precision_at_5_max": 0.398512,
        "nauc_precision_at_5_std": -0.047597,
        "nauc_precision_at_5_diff1": 0.322183,
        "nauc_precision_at_10_max": 0.451129,
        "nauc_precision_at_10_std": 0.188259,
        "nauc_precision_at_10_diff1": 0.260449,
        "nauc_precision_at_20_max": 0.437849,
        "nauc_precision_at_20_std": 0.281102,
        "nauc_precision_at_20_diff1": 0.252264,
        "nauc_precision_at_100_max": 0.485956,
        "nauc_precision_at_100_std": 0.395913,
        "nauc_precision_at_100_diff1": 0.207018,
        "nauc_precision_at_1000_max": 0.599396,
        "nauc_precision_at_1000_std": 0.308915,
        "nauc_precision_at_1000_diff1": 0.269126,
        "nauc_mrr_at_1_max": 0.370677,
        "nauc_mrr_at_1_std": -0.100586,
        "nauc_mrr_at_1_diff1": 0.427496,
        "nauc_mrr_at_3_max": 0.389785,
        "nauc_mrr_at_3_std": -0.084152,
        "nauc_mrr_at_3_diff1": 0.401741,
        "nauc_mrr_at_5_max": 0.385457,
        "nauc_mrr_at_5_std": -0.083115,
        "nauc_mrr_at_5_diff1": 0.393672,
        "nauc_mrr_at_10_max": 0.391075,
        "nauc_mrr_at_10_std": -0.056132,
        "nauc_mrr_at_10_diff1": 0.388317,
        "nauc_mrr_at_20_max": 0.389903,
        "nauc_mrr_at_20_std": -0.054646,
        "nauc_mrr_at_20_diff1": 0.389184,
        "nauc_mrr_at_100_max": 0.3911,
        "nauc_mrr_at_100_std": -0.055393,
        "nauc_mrr_at_100_diff1": 0.389862,
        "nauc_mrr_at_1000_max": 0.391167,
        "nauc_mrr_at_1000_std": -0.055786,
        "nauc_mrr_at_1000_diff1": 0.390128,
        "cv_recall_at_1": 0.29315,
        "cv_recall_at_3": 0.46447,
        "cv_recall_at_5": 0.55203,
        "cv_recall_at_10": 0.68401,
        "cv_recall_at_20": 0.76142,
        "cv_recall_at_100": 0.86929,
        "cv_recall_at_1000": 0.96447,
        "main_score": 0.46945,
        "hf_subset": "default",
        "languages": [
          "vie-Latn"
        ]
      }
    ]
  },
  "evaluation_time": 1139.9500374794006,
  "kg_co2_emissions": null,
  "date": null
}