{
  "dataset_revision": "ea824f8065fa62e2e770a8a201c20b03abf87540",
  "task_name": "BIRCO-WTB",
  "mteb_version": "2.9.0",
  "scores": {
    "test": [
      {
        "ndcg_at_1": 0.12,
        "ndcg_at_3": 0.17286,
        "ndcg_at_5": 0.18446,
        "ndcg_at_10": 0.20763,
        "ndcg_at_20": 0.22282,
        "ndcg_at_100": 0.2537,
        "ndcg_at_1000": 0.30078,
        "map_at_1": 0.12,
        "map_at_3": 0.16,
        "map_at_5": 0.166,
        "map_at_10": 0.17587,
        "map_at_20": 0.18005,
        "map_at_100": 0.18406,
        "map_at_1000": 0.18547,
        "recall_at_1": 0.12,
        "recall_at_3": 0.21,
        "recall_at_5": 0.24,
        "recall_at_10": 0.31,
        "recall_at_20": 0.37,
        "recall_at_100": 0.54,
        "recall_at_1000": 0.93,
        "accuracy": 0.12,
        "precision_at_1": 0.12,
        "precision_at_3": 0.07,
        "precision_at_5": 0.048,
        "precision_at_10": 0.031,
        "precision_at_20": 0.0185,
        "precision_at_100": 0.0054,
        "precision_at_1000": 0.00093,
        "mrr_at_1": 0.12,
        "mrr_at_3": 0.16,
        "mrr_at_5": 0.166,
        "mrr_at_10": 0.175869,
        "mrr_at_20": 0.180046,
        "mrr_at_100": 0.18406,
        "mrr_at_1000": 0.185475,
        "nauc_ndcg_at_1_max": 0.304071,
        "nauc_ndcg_at_1_std": -0.168183,
        "nauc_ndcg_at_1_diff1": 0.368259,
        "nauc_ndcg_at_3_max": 0.159006,
        "nauc_ndcg_at_3_std": -0.068174,
        "nauc_ndcg_at_3_diff1": 0.176131,
        "nauc_ndcg_at_5_max": 0.153116,
        "nauc_ndcg_at_5_std": -0.06169,
        "nauc_ndcg_at_5_diff1": 0.189317,
        "nauc_ndcg_at_10_max": 0.161219,
        "nauc_ndcg_at_10_std": -0.026588,
        "nauc_ndcg_at_10_diff1": 0.207768,
        "nauc_ndcg_at_20_max": 0.169834,
        "nauc_ndcg_at_20_std": -0.018232,
        "nauc_ndcg_at_20_diff1": 0.201819,
        "nauc_ndcg_at_100_max": 0.172207,
        "nauc_ndcg_at_100_std": -0.006864,
        "nauc_ndcg_at_100_diff1": 0.192612,
        "nauc_ndcg_at_1000_max": 0.179547,
        "nauc_ndcg_at_1000_std": -0.022277,
        "nauc_ndcg_at_1000_diff1": 0.211727,
        "nauc_map_at_1_max": 0.304071,
        "nauc_map_at_1_std": -0.168183,
        "nauc_map_at_1_diff1": 0.368259,
        "nauc_map_at_3_max": 0.187931,
        "nauc_map_at_3_std": -0.080994,
        "nauc_map_at_3_diff1": 0.21429,
        "nauc_map_at_5_max": 0.184275,
        "nauc_map_at_5_std": -0.077232,
        "nauc_map_at_5_diff1": 0.221053,
        "nauc_map_at_10_max": 0.189056,
        "nauc_map_at_10_std": -0.062549,
        "nauc_map_at_10_diff1": 0.231155,
        "nauc_map_at_20_max": 0.191947,
        "nauc_map_at_20_std": -0.059236,
        "nauc_map_at_20_diff1": 0.228276,
        "nauc_map_at_100_max": 0.191921,
        "nauc_map_at_100_std": -0.057852,
        "nauc_map_at_100_diff1": 0.227425,
        "nauc_map_at_1000_max": 0.191854,
        "nauc_map_at_1000_std": -0.059006,
        "nauc_map_at_1000_diff1": 0.228034,
        "nauc_recall_at_1_max": 0.304071,
        "nauc_recall_at_1_std": -0.168183,
        "nauc_recall_at_1_diff1": 0.368259,
        "nauc_recall_at_3_max": 0.090614,
        "nauc_recall_at_3_std": -0.040239,
        "nauc_recall_at_3_diff1": 0.085958,
        "nauc_recall_at_5_max": 0.081551,
        "nauc_recall_at_5_std": -0.027693,
        "nauc_recall_at_5_diff1": 0.119443,
        "nauc_recall_at_10_max": 0.102021,
        "nauc_recall_at_10_std": 0.06018,
        "nauc_recall_at_10_diff1": 0.162241,
        "nauc_recall_at_20_max": 0.128077,
        "nauc_recall_at_20_std": 0.079526,
        "nauc_recall_at_20_diff1": 0.150785,
        "nauc_recall_at_100_max": 0.141077,
        "nauc_recall_at_100_std": 0.137771,
        "nauc_recall_at_100_diff1": 0.101706,
        "nauc_recall_at_1000_max": 0.306923,
        "nauc_recall_at_1000_std": 0.388555,
        "nauc_recall_at_1000_diff1": 0.316927,
        "nauc_precision_at_1_max": 0.304071,
        "nauc_precision_at_1_std": -0.168183,
        "nauc_precision_at_1_diff1": 0.368259,
        "nauc_precision_at_3_max": 0.090614,
        "nauc_precision_at_3_std": -0.040239,
        "nauc_precision_at_3_diff1": 0.085958,
        "nauc_precision_at_5_max": 0.081551,
        "nauc_precision_at_5_std": -0.027693,
        "nauc_precision_at_5_diff1": 0.119443,
        "nauc_precision_at_10_max": 0.102021,
        "nauc_precision_at_10_std": 0.06018,
        "nauc_precision_at_10_diff1": 0.162241,
        "nauc_precision_at_20_max": 0.128077,
        "nauc_precision_at_20_std": 0.079526,
        "nauc_precision_at_20_diff1": 0.150785,
        "nauc_precision_at_100_max": 0.141077,
        "nauc_precision_at_100_std": 0.137771,
        "nauc_precision_at_100_diff1": 0.101706,
        "nauc_precision_at_1000_max": 0.306923,
        "nauc_precision_at_1000_std": 0.388555,
        "nauc_precision_at_1000_diff1": 0.316927,
        "nauc_mrr_at_1_max": 0.304071,
        "nauc_mrr_at_1_std": -0.168183,
        "nauc_mrr_at_1_diff1": 0.368259,
        "nauc_mrr_at_3_max": 0.187931,
        "nauc_mrr_at_3_std": -0.080994,
        "nauc_mrr_at_3_diff1": 0.21429,
        "nauc_mrr_at_5_max": 0.184275,
        "nauc_mrr_at_5_std": -0.077232,
        "nauc_mrr_at_5_diff1": 0.221053,
        "nauc_mrr_at_10_max": 0.189056,
        "nauc_mrr_at_10_std": -0.062549,
        "nauc_mrr_at_10_diff1": 0.231155,
        "nauc_mrr_at_20_max": 0.191947,
        "nauc_mrr_at_20_std": -0.059236,
        "nauc_mrr_at_20_diff1": 0.228276,
        "nauc_mrr_at_100_max": 0.191921,
        "nauc_mrr_at_100_std": -0.057852,
        "nauc_mrr_at_100_diff1": 0.227425,
        "nauc_mrr_at_1000_max": 0.191854,
        "nauc_mrr_at_1000_std": -0.059006,
        "nauc_mrr_at_1000_diff1": 0.228034,
        "cv_recall_at_1": 0.12,
        "cv_recall_at_3": 0.21,
        "cv_recall_at_5": 0.24,
        "cv_recall_at_10": 0.31,
        "cv_recall_at_20": 0.37,
        "cv_recall_at_100": 0.54,
        "cv_recall_at_1000": 0.93,
        "main_score": 0.20763,
        "hf_subset": "default",
        "languages": [
          "eng-Latn"
        ]
      }
    ]
  },
  "evaluation_time": 10.894495725631714,
  "kg_co2_emissions": null,
  "date": null
}