{
  "dataset_revision": "b93d34a19cea03d6c7b00e261eccace6b29535ee",
  "task_name": "CQADupstack-Wordpress-PL",
  "mteb_version": "2.9.0",
  "scores": {
    "test": [
      {
        "ndcg_at_1": 0.09612,
        "ndcg_at_3": 0.12541,
        "ndcg_at_5": 0.13914,
        "ndcg_at_10": 0.1469,
        "ndcg_at_20": 0.15663,
        "ndcg_at_100": 0.17855,
        "ndcg_at_1000": 0.20524,
        "map_at_1": 0.09063,
        "map_at_3": 0.11556,
        "map_at_5": 0.12355,
        "map_at_10": 0.12692,
        "map_at_20": 0.12945,
        "map_at_100": 0.1324,
        "map_at_1000": 0.13329,
        "recall_at_1": 0.09063,
        "recall_at_3": 0.14467,
        "recall_at_5": 0.1777,
        "recall_at_10": 0.20086,
        "recall_at_20": 0.23728,
        "recall_at_100": 0.35,
        "recall_at_1000": 0.55748,
        "accuracy": 0.09063,
        "precision_at_1": 0.09612,
        "precision_at_3": 0.0536,
        "precision_at_5": 0.03993,
        "precision_at_10": 0.02274,
        "precision_at_20": 0.01368,
        "precision_at_100": 0.00423,
        "precision_at_1000": 0.00071,
        "mrr_at_1": 0.096118,
        "mrr_at_3": 0.122612,
        "mrr_at_5": 0.131208,
        "mrr_at_10": 0.134375,
        "mrr_at_20": 0.137611,
        "mrr_at_100": 0.140471,
        "mrr_at_1000": 0.14129,
        "nauc_ndcg_at_1_max": 0.270148,
        "nauc_ndcg_at_1_std": 0.13514,
        "nauc_ndcg_at_1_diff1": 0.503936,
        "nauc_ndcg_at_3_max": 0.25634,
        "nauc_ndcg_at_3_std": 0.112596,
        "nauc_ndcg_at_3_diff1": 0.399769,
        "nauc_ndcg_at_5_max": 0.222737,
        "nauc_ndcg_at_5_std": 0.109482,
        "nauc_ndcg_at_5_diff1": 0.367098,
        "nauc_ndcg_at_10_max": 0.22478,
        "nauc_ndcg_at_10_std": 0.120183,
        "nauc_ndcg_at_10_diff1": 0.357418,
        "nauc_ndcg_at_20_max": 0.224949,
        "nauc_ndcg_at_20_std": 0.121443,
        "nauc_ndcg_at_20_diff1": 0.352573,
        "nauc_ndcg_at_100_max": 0.212627,
        "nauc_ndcg_at_100_std": 0.142798,
        "nauc_ndcg_at_100_diff1": 0.331205,
        "nauc_ndcg_at_1000_max": 0.218078,
        "nauc_ndcg_at_1000_std": 0.161978,
        "nauc_ndcg_at_1000_diff1": 0.334131,
        "nauc_map_at_1_max": 0.258433,
        "nauc_map_at_1_std": 0.095459,
        "nauc_map_at_1_diff1": 0.511863,
        "nauc_map_at_3_max": 0.2548,
        "nauc_map_at_3_std": 0.098432,
        "nauc_map_at_3_diff1": 0.424719,
        "nauc_map_at_5_max": 0.237505,
        "nauc_map_at_5_std": 0.100917,
        "nauc_map_at_5_diff1": 0.400391,
        "nauc_map_at_10_max": 0.238901,
        "nauc_map_at_10_std": 0.108258,
        "nauc_map_at_10_diff1": 0.393778,
        "nauc_map_at_20_max": 0.238911,
        "nauc_map_at_20_std": 0.108672,
        "nauc_map_at_20_diff1": 0.392476,
        "nauc_map_at_100_max": 0.235406,
        "nauc_map_at_100_std": 0.112045,
        "nauc_map_at_100_diff1": 0.388604,
        "nauc_map_at_1000_max": 0.235796,
        "nauc_map_at_1000_std": 0.112758,
        "nauc_map_at_1000_diff1": 0.388779,
        "nauc_recall_at_1_max": 0.258433,
        "nauc_recall_at_1_std": 0.095459,
        "nauc_recall_at_1_diff1": 0.511863,
        "nauc_recall_at_3_max": 0.239594,
        "nauc_recall_at_3_std": 0.105804,
        "nauc_recall_at_3_diff1": 0.354145,
        "nauc_recall_at_5_max": 0.182335,
        "nauc_recall_at_5_std": 0.103926,
        "nauc_recall_at_5_diff1": 0.294318,
        "nauc_recall_at_10_max": 0.187515,
        "nauc_recall_at_10_std": 0.125312,
        "nauc_recall_at_10_diff1": 0.274226,
        "nauc_recall_at_20_max": 0.191587,
        "nauc_recall_at_20_std": 0.12681,
        "nauc_recall_at_20_diff1": 0.262593,
        "nauc_recall_at_100_max": 0.160857,
        "nauc_recall_at_100_std": 0.193531,
        "nauc_recall_at_100_diff1": 0.199695,
        "nauc_recall_at_1000_max": 0.189273,
        "nauc_recall_at_1000_std": 0.304522,
        "nauc_recall_at_1000_diff1": 0.209357,
        "nauc_precision_at_1_max": 0.270148,
        "nauc_precision_at_1_std": 0.13514,
        "nauc_precision_at_1_diff1": 0.503936,
        "nauc_precision_at_3_max": 0.26619,
        "nauc_precision_at_3_std": 0.169713,
        "nauc_precision_at_3_diff1": 0.322731,
        "nauc_precision_at_5_max": 0.213686,
        "nauc_precision_at_5_std": 0.17275,
        "nauc_precision_at_5_diff1": 0.249384,
        "nauc_precision_at_10_max": 0.225974,
        "nauc_precision_at_10_std": 0.197099,
        "nauc_precision_at_10_diff1": 0.228898,
        "nauc_precision_at_20_max": 0.219594,
        "nauc_precision_at_20_std": 0.196758,
        "nauc_precision_at_20_diff1": 0.218194,
        "nauc_precision_at_100_max": 0.165589,
        "nauc_precision_at_100_std": 0.274541,
        "nauc_precision_at_100_diff1": 0.143685,
        "nauc_precision_at_1000_max": 0.127785,
        "nauc_precision_at_1000_std": 0.313941,
        "nauc_precision_at_1000_diff1": 0.076176,
        "nauc_mrr_at_1_max": 0.270148,
        "nauc_mrr_at_1_std": 0.13514,
        "nauc_mrr_at_1_diff1": 0.503936,
        "nauc_mrr_at_3_max": 0.260081,
        "nauc_mrr_at_3_std": 0.130638,
        "nauc_mrr_at_3_diff1": 0.423253,
        "nauc_mrr_at_5_max": 0.23995,
        "nauc_mrr_at_5_std": 0.130833,
        "nauc_mrr_at_5_diff1": 0.397822,
        "nauc_mrr_at_10_max": 0.239994,
        "nauc_mrr_at_10_std": 0.133849,
        "nauc_mrr_at_10_diff1": 0.395303,
        "nauc_mrr_at_20_max": 0.238816,
        "nauc_mrr_at_20_std": 0.134677,
        "nauc_mrr_at_20_diff1": 0.393273,
        "nauc_mrr_at_100_max": 0.236697,
        "nauc_mrr_at_100_std": 0.137653,
        "nauc_mrr_at_100_diff1": 0.389237,
        "nauc_mrr_at_1000_max": 0.236835,
        "nauc_mrr_at_1000_std": 0.137888,
        "nauc_mrr_at_1000_diff1": 0.389513,
        "cv_recall_at_1": 0.09612,
        "cv_recall_at_3": 0.15527,
        "cv_recall_at_5": 0.19224,
        "cv_recall_at_10": 0.21627,
        "cv_recall_at_20": 0.26248,
        "cv_recall_at_100": 0.38262,
        "cv_recall_at_1000": 0.58965,
        "main_score": 0.1469,
        "hf_subset": "default",
        "languages": [
          "pol-Latn"
        ]
      }
    ]
  },
  "evaluation_time": 267.1711268424988,
  "kg_co2_emissions": null,
  "date": null
}