{
  "dataset_revision": "4482db2a053706c0aef0ab7bf1878d29bb0295f8",
  "task_name": "GovReport",
  "mteb_version": "2.9.0",
  "scores": {
    "test": [
      {
        "ndcg_at_1": 0.66907,
        "ndcg_at_3": 0.78356,
        "ndcg_at_5": 0.80207,
        "ndcg_at_10": 0.81957,
        "ndcg_at_20": 0.82565,
        "ndcg_at_100": 0.82872,
        "ndcg_at_1000": 0.82885,
        "map_at_1": 0.66907,
        "map_at_3": 0.75653,
        "map_at_5": 0.7671,
        "map_at_10": 0.7744,
        "map_at_20": 0.77611,
        "map_at_100": 0.77654,
        "map_at_1000": 0.77655,
        "recall_at_1": 0.66907,
        "recall_at_3": 0.86082,
        "recall_at_5": 0.90515,
        "recall_at_10": 0.95876,
        "recall_at_20": 0.98247,
        "recall_at_100": 0.99897,
        "recall_at_1000": 1.0,
        "accuracy": 0.66907,
        "precision_at_1": 0.66907,
        "precision_at_3": 0.28729,
        "precision_at_5": 0.18144,
        "precision_at_10": 0.09619,
        "precision_at_20": 0.04928,
        "precision_at_100": 0.01002,
        "precision_at_1000": 0.001,
        "mrr_at_1": 0.668041,
        "mrr_at_3": 0.756186,
        "mrr_at_5": 0.766237,
        "mrr_at_10": 0.7735,
        "mrr_at_20": 0.775209,
        "mrr_at_100": 0.77564,
        "mrr_at_1000": 0.775644,
        "nauc_ndcg_at_1_max": 0.479806,
        "nauc_ndcg_at_1_std": -0.225223,
        "nauc_ndcg_at_1_diff1": 0.790014,
        "nauc_ndcg_at_3_max": 0.50467,
        "nauc_ndcg_at_3_std": -0.282462,
        "nauc_ndcg_at_3_diff1": 0.732999,
        "nauc_ndcg_at_5_max": 0.50897,
        "nauc_ndcg_at_5_std": -0.272675,
        "nauc_ndcg_at_5_diff1": 0.734678,
        "nauc_ndcg_at_10_max": 0.510372,
        "nauc_ndcg_at_10_std": -0.262997,
        "nauc_ndcg_at_10_diff1": 0.744541,
        "nauc_ndcg_at_20_max": 0.508104,
        "nauc_ndcg_at_20_std": -0.262754,
        "nauc_ndcg_at_20_diff1": 0.752125,
        "nauc_ndcg_at_100_max": 0.502318,
        "nauc_ndcg_at_100_std": -0.261017,
        "nauc_ndcg_at_100_diff1": 0.753733,
        "nauc_ndcg_at_1000_max": 0.501882,
        "nauc_ndcg_at_1000_std": -0.262121,
        "nauc_ndcg_at_1000_diff1": 0.75376,
        "nauc_map_at_1_max": 0.479806,
        "nauc_map_at_1_std": -0.225223,
        "nauc_map_at_1_diff1": 0.790014,
        "nauc_map_at_3_max": 0.496266,
        "nauc_map_at_3_std": -0.26835,
        "nauc_map_at_3_diff1": 0.749755,
        "nauc_map_at_5_max": 0.498503,
        "nauc_map_at_5_std": -0.262899,
        "nauc_map_at_5_diff1": 0.751392,
        "nauc_map_at_10_max": 0.49863,
        "nauc_map_at_10_std": -0.26056,
        "nauc_map_at_10_diff1": 0.75572,
        "nauc_map_at_20_max": 0.498137,
        "nauc_map_at_20_std": -0.26046,
        "nauc_map_at_20_diff1": 0.7576,
        "nauc_map_at_100_max": 0.497546,
        "nauc_map_at_100_std": -0.26003,
        "nauc_map_at_100_diff1": 0.757757,
        "nauc_map_at_1000_max": 0.497534,
        "nauc_map_at_1000_std": -0.260058,
        "nauc_map_at_1000_diff1": 0.757758,
        "nauc_recall_at_1_max": 0.479806,
        "nauc_recall_at_1_std": -0.225223,
        "nauc_recall_at_1_diff1": 0.790014,
        "nauc_recall_at_3_max": 0.542606,
        "nauc_recall_at_3_std": -0.344947,
        "nauc_recall_at_3_diff1": 0.656997,
        "nauc_recall_at_5_max": 0.57424,
        "nauc_recall_at_5_std": -0.326884,
        "nauc_recall_at_5_diff1": 0.632739,
        "nauc_recall_at_10_max": 0.673319,
        "nauc_recall_at_10_std": -0.253105,
        "nauc_recall_at_10_diff1": 0.607855,
        "nauc_recall_at_20_max": 0.807519,
        "nauc_recall_at_20_std": -0.231916,
        "nauc_recall_at_20_diff1": 0.670786,
        "nauc_recall_at_100_max": 1.0,
        "nauc_recall_at_100_std": 1.0,
        "nauc_recall_at_100_diff1": 0.722222,
        "nauc_recall_at_1000_max": NaN,
        "nauc_recall_at_1000_std": NaN,
        "nauc_recall_at_1000_diff1": NaN,
        "nauc_precision_at_1_max": 0.479806,
        "nauc_precision_at_1_std": -0.225223,
        "nauc_precision_at_1_diff1": 0.790014,
        "nauc_precision_at_3_max": 0.544776,
        "nauc_precision_at_3_std": -0.344424,
        "nauc_precision_at_3_diff1": 0.656668,
        "nauc_precision_at_5_max": 0.549301,
        "nauc_precision_at_5_std": -0.307274,
        "nauc_precision_at_5_diff1": 0.596823,
        "nauc_precision_at_10_max": 0.590919,
        "nauc_precision_at_10_std": -0.16916,
        "nauc_precision_at_10_diff1": 0.488432,
        "nauc_precision_at_20_max": 0.608299,
        "nauc_precision_at_20_std": -0.066057,
        "nauc_precision_at_20_diff1": 0.412964,
        "nauc_precision_at_100_max": 0.126773,
        "nauc_precision_at_100_std": 0.558658,
        "nauc_precision_at_100_diff1": -0.241988,
        "nauc_precision_at_1000_max": -0.040515,
        "nauc_precision_at_1000_std": 0.474108,
        "nauc_precision_at_1000_diff1": -0.426706,
        "nauc_mrr_at_1_max": 0.481505,
        "nauc_mrr_at_1_std": -0.222069,
        "nauc_mrr_at_1_diff1": 0.792107,
        "nauc_mrr_at_3_max": 0.498078,
        "nauc_mrr_at_3_std": -0.26525,
        "nauc_mrr_at_3_diff1": 0.751515,
        "nauc_mrr_at_5_max": 0.499781,
        "nauc_mrr_at_5_std": -0.260019,
        "nauc_mrr_at_5_diff1": 0.753128,
        "nauc_mrr_at_10_max": 0.499799,
        "nauc_mrr_at_10_std": -0.257925,
        "nauc_mrr_at_10_diff1": 0.757564,
        "nauc_mrr_at_20_max": 0.499316,
        "nauc_mrr_at_20_std": -0.257806,
        "nauc_mrr_at_20_diff1": 0.759453,
        "nauc_mrr_at_100_max": 0.498729,
        "nauc_mrr_at_100_std": -0.257371,
        "nauc_mrr_at_100_diff1": 0.759614,
        "nauc_mrr_at_1000_max": 0.498718,
        "nauc_mrr_at_1000_std": -0.257399,
        "nauc_mrr_at_1000_diff1": 0.759614,
        "cv_recall_at_1": 0.66804,
        "cv_recall_at_3": 0.86186,
        "cv_recall_at_5": 0.90515,
        "cv_recall_at_10": 0.95876,
        "cv_recall_at_20": 0.98247,
        "cv_recall_at_100": 0.99897,
        "cv_recall_at_1000": 1.0,
        "main_score": 0.81957,
        "hf_subset": "default",
        "languages": [
          "eng-Latn"
        ]
      }
    ]
  },
  "evaluation_time": 24.683634281158447,
  "kg_co2_emissions": null,
  "date": null
}