{
  "dataset_revision": "812829522f7eaa407ef82b96717be85788a50f7e",
  "task_name": "R2MEDPMCClinicalRetrieval",
  "mteb_version": "2.9.0",
  "scores": {
    "test": [
      {
        "ndcg_at_1": 0.07895,
        "ndcg_at_3": 0.07131,
        "ndcg_at_5": 0.07874,
        "ndcg_at_10": 0.08369,
        "ndcg_at_20": 0.09719,
        "ndcg_at_100": 0.12112,
        "ndcg_at_1000": 0.15622,
        "map_at_1": 0.03947,
        "map_at_3": 0.05434,
        "map_at_5": 0.05934,
        "map_at_10": 0.06208,
        "map_at_20": 0.06561,
        "map_at_100": 0.06842,
        "map_at_1000": 0.06973,
        "recall_at_1": 0.03947,
        "recall_at_3": 0.06944,
        "recall_at_5": 0.08772,
        "recall_at_10": 0.09942,
        "recall_at_20": 0.14181,
        "recall_at_100": 0.24854,
        "recall_at_1000": 0.48099,
        "accuracy": 0.03947,
        "precision_at_1": 0.07895,
        "precision_at_3": 0.04678,
        "precision_at_5": 0.03509,
        "precision_at_10": 0.02018,
        "precision_at_20": 0.01491,
        "precision_at_100": 0.00544,
        "precision_at_1000": 0.00105,
        "mrr_at_1": 0.078947,
        "mrr_at_3": 0.103801,
        "mrr_at_5": 0.11038,
        "mrr_at_10": 0.111633,
        "mrr_at_20": 0.117006,
        "mrr_at_100": 0.120754,
        "mrr_at_1000": 0.121759,
        "nauc_ndcg_at_1_max": 0.064746,
        "nauc_ndcg_at_1_std": 0.073679,
        "nauc_ndcg_at_1_diff1": 0.25738,
        "nauc_ndcg_at_3_max": 0.172101,
        "nauc_ndcg_at_3_std": 0.006266,
        "nauc_ndcg_at_3_diff1": 0.255024,
        "nauc_ndcg_at_5_max": 0.176025,
        "nauc_ndcg_at_5_std": -0.002748,
        "nauc_ndcg_at_5_diff1": 0.256225,
        "nauc_ndcg_at_10_max": 0.181539,
        "nauc_ndcg_at_10_std": 0.012836,
        "nauc_ndcg_at_10_diff1": 0.243792,
        "nauc_ndcg_at_20_max": 0.17692,
        "nauc_ndcg_at_20_std": 0.019447,
        "nauc_ndcg_at_20_diff1": 0.220218,
        "nauc_ndcg_at_100_max": 0.197636,
        "nauc_ndcg_at_100_std": 0.072715,
        "nauc_ndcg_at_100_diff1": 0.194235,
        "nauc_ndcg_at_1000_max": 0.207307,
        "nauc_ndcg_at_1000_std": 0.065144,
        "nauc_ndcg_at_1000_diff1": 0.204702,
        "nauc_map_at_1_max": 0.111385,
        "nauc_map_at_1_std": 0.000655,
        "nauc_map_at_1_diff1": 0.109727,
        "nauc_map_at_3_max": 0.182857,
        "nauc_map_at_3_std": -0.010132,
        "nauc_map_at_3_diff1": 0.218924,
        "nauc_map_at_5_max": 0.187002,
        "nauc_map_at_5_std": -0.015339,
        "nauc_map_at_5_diff1": 0.227715,
        "nauc_map_at_10_max": 0.190398,
        "nauc_map_at_10_std": -0.00508,
        "nauc_map_at_10_diff1": 0.218171,
        "nauc_map_at_20_max": 0.187833,
        "nauc_map_at_20_std": 0.004254,
        "nauc_map_at_20_diff1": 0.214248,
        "nauc_map_at_100_max": 0.195451,
        "nauc_map_at_100_std": 0.015326,
        "nauc_map_at_100_diff1": 0.211129,
        "nauc_map_at_1000_max": 0.195598,
        "nauc_map_at_1000_std": 0.015603,
        "nauc_map_at_1000_diff1": 0.213076,
        "nauc_recall_at_1_max": 0.111385,
        "nauc_recall_at_1_std": 0.000655,
        "nauc_recall_at_1_diff1": 0.109727,
        "nauc_recall_at_3_max": 0.227049,
        "nauc_recall_at_3_std": -0.017451,
        "nauc_recall_at_3_diff1": 0.261087,
        "nauc_recall_at_5_max": 0.213096,
        "nauc_recall_at_5_std": -0.037225,
        "nauc_recall_at_5_diff1": 0.275427,
        "nauc_recall_at_10_max": 0.219212,
        "nauc_recall_at_10_std": -0.001964,
        "nauc_recall_at_10_diff1": 0.247775,
        "nauc_recall_at_20_max": 0.177659,
        "nauc_recall_at_20_std": 0.008577,
        "nauc_recall_at_20_diff1": 0.171964,
        "nauc_recall_at_100_max": 0.190058,
        "nauc_recall_at_100_std": 0.143892,
        "nauc_recall_at_100_diff1": 0.081352,
        "nauc_recall_at_1000_max": 0.200905,
        "nauc_recall_at_1000_std": 0.087716,
        "nauc_recall_at_1000_diff1": 0.114915,
        "nauc_precision_at_1_max": 0.064746,
        "nauc_precision_at_1_std": 0.073679,
        "nauc_precision_at_1_diff1": 0.25738,
        "nauc_precision_at_3_max": 0.131747,
        "nauc_precision_at_3_std": 0.008413,
        "nauc_precision_at_3_diff1": 0.309563,
        "nauc_precision_at_5_max": 0.134288,
        "nauc_precision_at_5_std": 0.001191,
        "nauc_precision_at_5_diff1": 0.282714,
        "nauc_precision_at_10_max": 0.144973,
        "nauc_precision_at_10_std": 0.024707,
        "nauc_precision_at_10_diff1": 0.238114,
        "nauc_precision_at_20_max": 0.17851,
        "nauc_precision_at_20_std": 0.034709,
        "nauc_precision_at_20_diff1": 0.193351,
        "nauc_precision_at_100_max": 0.22319,
        "nauc_precision_at_100_std": 0.152608,
        "nauc_precision_at_100_diff1": 0.11714,
        "nauc_precision_at_1000_max": 0.238648,
        "nauc_precision_at_1000_std": 0.121297,
        "nauc_precision_at_1000_diff1": 0.110819,
        "nauc_mrr_at_1_max": 0.064746,
        "nauc_mrr_at_1_std": 0.073679,
        "nauc_mrr_at_1_diff1": 0.25738,
        "nauc_mrr_at_3_max": 0.135131,
        "nauc_mrr_at_3_std": 0.067893,
        "nauc_mrr_at_3_diff1": 0.269243,
        "nauc_mrr_at_5_max": 0.124795,
        "nauc_mrr_at_5_std": 0.056,
        "nauc_mrr_at_5_diff1": 0.268951,
        "nauc_mrr_at_10_max": 0.1277,
        "nauc_mrr_at_10_std": 0.063474,
        "nauc_mrr_at_10_diff1": 0.270714,
        "nauc_mrr_at_20_max": 0.131358,
        "nauc_mrr_at_20_std": 0.061464,
        "nauc_mrr_at_20_diff1": 0.262892,
        "nauc_mrr_at_100_max": 0.137137,
        "nauc_mrr_at_100_std": 0.070371,
        "nauc_mrr_at_100_diff1": 0.263048,
        "nauc_mrr_at_1000_max": 0.137195,
        "nauc_mrr_at_1000_std": 0.069854,
        "nauc_mrr_at_1000_diff1": 0.263769,
        "cv_recall_at_1": 0.07895,
        "cv_recall_at_3": 0.13158,
        "cv_recall_at_5": 0.15789,
        "cv_recall_at_10": 0.16667,
        "cv_recall_at_20": 0.24561,
        "cv_recall_at_100": 0.40351,
        "cv_recall_at_1000": 0.64912,
        "main_score": 0.08369,
        "hf_subset": "default",
        "languages": [
          "eng-Latn"
        ]
      }
    ]
  },
  "evaluation_time": 355.13166189193726,
  "kg_co2_emissions": null,
  "date": null
}