{
  "dataset_revision": "974abbc9bc281c3169180a6aa5d7586cfd2f5877",
  "task_name": "R2MEDIIYiClinicalRetrieval",
  "mteb_version": "2.9.0",
  "scores": {
    "test": [
      {
        "ndcg_at_1": 0.09302,
        "ndcg_at_3": 0.08473,
        "ndcg_at_5": 0.08166,
        "ndcg_at_10": 0.10141,
        "ndcg_at_20": 0.12229,
        "ndcg_at_100": 0.18872,
        "ndcg_at_1000": 0.26339,
        "map_at_1": 0.03243,
        "map_at_3": 0.04974,
        "map_at_5": 0.05254,
        "map_at_10": 0.05989,
        "map_at_20": 0.06741,
        "map_at_100": 0.07889,
        "map_at_1000": 0.08291,
        "recall_at_1": 0.03243,
        "recall_at_3": 0.06938,
        "recall_at_5": 0.07933,
        "recall_at_10": 0.11809,
        "recall_at_20": 0.17183,
        "recall_at_100": 0.42067,
        "recall_at_1000": 0.8407,
        "accuracy": 0.03243,
        "precision_at_1": 0.09302,
        "precision_at_3": 0.07494,
        "precision_at_5": 0.05271,
        "precision_at_10": 0.04341,
        "precision_at_20": 0.03256,
        "precision_at_100": 0.01574,
        "precision_at_1000": 0.003,
        "mrr_at_1": 0.093023,
        "mrr_at_3": 0.140827,
        "mrr_at_5": 0.147804,
        "mrr_at_10": 0.162505,
        "mrr_at_20": 0.166219,
        "mrr_at_100": 0.173038,
        "mrr_at_1000": 0.17434,
        "nauc_ndcg_at_1_max": 0.310307,
        "nauc_ndcg_at_1_std": 0.020086,
        "nauc_ndcg_at_1_diff1": 0.07976,
        "nauc_ndcg_at_3_max": 0.250029,
        "nauc_ndcg_at_3_std": 0.066717,
        "nauc_ndcg_at_3_diff1": -0.050735,
        "nauc_ndcg_at_5_max": 0.229758,
        "nauc_ndcg_at_5_std": 0.041511,
        "nauc_ndcg_at_5_diff1": -0.04811,
        "nauc_ndcg_at_10_max": 0.238799,
        "nauc_ndcg_at_10_std": 0.070547,
        "nauc_ndcg_at_10_diff1": -0.002265,
        "nauc_ndcg_at_20_max": 0.259221,
        "nauc_ndcg_at_20_std": 0.088155,
        "nauc_ndcg_at_20_diff1": 0.007146,
        "nauc_ndcg_at_100_max": 0.241158,
        "nauc_ndcg_at_100_std": 0.161264,
        "nauc_ndcg_at_100_diff1": -0.058616,
        "nauc_ndcg_at_1000_max": 0.268191,
        "nauc_ndcg_at_1000_std": 0.193379,
        "nauc_ndcg_at_1000_diff1": -0.09591,
        "nauc_map_at_1_max": 0.246476,
        "nauc_map_at_1_std": -0.028509,
        "nauc_map_at_1_diff1": 0.015027,
        "nauc_map_at_3_max": 0.214075,
        "nauc_map_at_3_std": -0.007094,
        "nauc_map_at_3_diff1": -0.032746,
        "nauc_map_at_5_max": 0.205888,
        "nauc_map_at_5_std": -0.005005,
        "nauc_map_at_5_diff1": -0.047608,
        "nauc_map_at_10_max": 0.223383,
        "nauc_map_at_10_std": 0.01774,
        "nauc_map_at_10_diff1": -0.019418,
        "nauc_map_at_20_max": 0.232217,
        "nauc_map_at_20_std": 0.027218,
        "nauc_map_at_20_diff1": -0.014279,
        "nauc_map_at_100_max": 0.232678,
        "nauc_map_at_100_std": 0.054246,
        "nauc_map_at_100_diff1": -0.031575,
        "nauc_map_at_1000_max": 0.233862,
        "nauc_map_at_1000_std": 0.061132,
        "nauc_map_at_1000_diff1": -0.038023,
        "nauc_recall_at_1_max": 0.246476,
        "nauc_recall_at_1_std": -0.028509,
        "nauc_recall_at_1_diff1": 0.015027,
        "nauc_recall_at_3_max": 0.210486,
        "nauc_recall_at_3_std": 0.001539,
        "nauc_recall_at_3_diff1": -0.057401,
        "nauc_recall_at_5_max": 0.179391,
        "nauc_recall_at_5_std": 0.013527,
        "nauc_recall_at_5_diff1": -0.083375,
        "nauc_recall_at_10_max": 0.193441,
        "nauc_recall_at_10_std": 0.069643,
        "nauc_recall_at_10_diff1": 0.017977,
        "nauc_recall_at_20_max": 0.247175,
        "nauc_recall_at_20_std": 0.08445,
        "nauc_recall_at_20_diff1": 0.061334,
        "nauc_recall_at_100_max": 0.138852,
        "nauc_recall_at_100_std": 0.171616,
        "nauc_recall_at_100_diff1": -0.059838,
        "nauc_recall_at_1000_max": 0.300135,
        "nauc_recall_at_1000_std": 0.334416,
        "nauc_recall_at_1000_diff1": -0.170669,
        "nauc_precision_at_1_max": 0.310307,
        "nauc_precision_at_1_std": 0.020086,
        "nauc_precision_at_1_diff1": 0.07976,
        "nauc_precision_at_3_max": 0.263549,
        "nauc_precision_at_3_std": 0.101293,
        "nauc_precision_at_3_diff1": -0.074928,
        "nauc_precision_at_5_max": 0.222156,
        "nauc_precision_at_5_std": 0.10941,
        "nauc_precision_at_5_diff1": -0.105689,
        "nauc_precision_at_10_max": 0.222472,
        "nauc_precision_at_10_std": 0.161918,
        "nauc_precision_at_10_diff1": -0.005165,
        "nauc_precision_at_20_max": 0.212133,
        "nauc_precision_at_20_std": 0.192005,
        "nauc_precision_at_20_diff1": -0.03399,
        "nauc_precision_at_100_max": 0.172452,
        "nauc_precision_at_100_std": 0.316656,
        "nauc_precision_at_100_diff1": -0.168275,
        "nauc_precision_at_1000_max": 0.119418,
        "nauc_precision_at_1000_std": 0.335135,
        "nauc_precision_at_1000_diff1": -0.241569,
        "nauc_mrr_at_1_max": 0.310307,
        "nauc_mrr_at_1_std": 0.020086,
        "nauc_mrr_at_1_diff1": 0.07976,
        "nauc_mrr_at_3_max": 0.301129,
        "nauc_mrr_at_3_std": 0.093776,
        "nauc_mrr_at_3_diff1": 0.001002,
        "nauc_mrr_at_5_max": 0.285156,
        "nauc_mrr_at_5_std": 0.097555,
        "nauc_mrr_at_5_diff1": -0.003623,
        "nauc_mrr_at_10_max": 0.2788,
        "nauc_mrr_at_10_std": 0.107439,
        "nauc_mrr_at_10_diff1": 0.007057,
        "nauc_mrr_at_20_max": 0.281817,
        "nauc_mrr_at_20_std": 0.108266,
        "nauc_mrr_at_20_diff1": 0.009663,
        "nauc_mrr_at_100_max": 0.284404,
        "nauc_mrr_at_100_std": 0.114407,
        "nauc_mrr_at_100_diff1": 0.001276,
        "nauc_mrr_at_1000_max": 0.28387,
        "nauc_mrr_at_1000_std": 0.113017,
        "nauc_mrr_at_1000_diff1": 0.001747,
        "cv_recall_at_1": 0.09302,
        "cv_recall_at_3": 0.2093,
        "cv_recall_at_5": 0.24031,
        "cv_recall_at_10": 0.34884,
        "cv_recall_at_20": 0.4031,
        "cv_recall_at_100": 0.68992,
        "cv_recall_at_1000": 0.95349,
        "main_score": 0.10141,
        "hf_subset": "default",
        "languages": [
          "eng-Latn"
        ]
      }
    ]
  },
  "evaluation_time": 68.79638147354126,
  "kg_co2_emissions": null,
  "date": null
}