{
  "dataset_revision": "78b585990279cc01a493f876c1b0cf09557fba57",
  "task_name": "R2MEDMedQADiagRetrieval",
  "mteb_version": "2.9.0",
  "scores": {
    "test": [
      {
        "ndcg_at_1": 0.00847,
        "ndcg_at_3": 0.02739,
        "ndcg_at_5": 0.02857,
        "ndcg_at_10": 0.03047,
        "ndcg_at_20": 0.04025,
        "ndcg_at_100": 0.06047,
        "ndcg_at_1000": 0.10465,
        "map_at_1": 0.00121,
        "map_at_3": 0.01442,
        "map_at_5": 0.01812,
        "map_at_10": 0.01884,
        "map_at_20": 0.02197,
        "map_at_100": 0.02479,
        "map_at_1000": 0.02631,
        "recall_at_1": 0.00121,
        "recall_at_3": 0.02727,
        "recall_at_5": 0.03574,
        "recall_at_10": 0.04104,
        "recall_at_20": 0.06703,
        "recall_at_100": 0.14105,
        "recall_at_1000": 0.386,
        "accuracy": 0.00121,
        "precision_at_1": 0.00847,
        "precision_at_3": 0.02542,
        "precision_at_5": 0.02034,
        "precision_at_10": 0.01271,
        "precision_at_20": 0.01102,
        "precision_at_100": 0.00508,
        "precision_at_1000": 0.00151,
        "mrr_at_1": 0.008475,
        "mrr_at_3": 0.036723,
        "mrr_at_5": 0.038418,
        "mrr_at_10": 0.041781,
        "mrr_at_20": 0.045428,
        "mrr_at_100": 0.049022,
        "mrr_at_1000": 0.050385,
        "nauc_ndcg_at_1_max": 1.0,
        "nauc_ndcg_at_1_std": 0.329587,
        "nauc_ndcg_at_1_diff1": 1.0,
        "nauc_ndcg_at_3_max": 0.205108,
        "nauc_ndcg_at_3_std": 0.032158,
        "nauc_ndcg_at_3_diff1": 0.225848,
        "nauc_ndcg_at_5_max": 0.285268,
        "nauc_ndcg_at_5_std": 0.060574,
        "nauc_ndcg_at_5_diff1": 0.28074,
        "nauc_ndcg_at_10_max": 0.228312,
        "nauc_ndcg_at_10_std": 0.038771,
        "nauc_ndcg_at_10_diff1": 0.222735,
        "nauc_ndcg_at_20_max": 0.248874,
        "nauc_ndcg_at_20_std": 0.126396,
        "nauc_ndcg_at_20_diff1": 0.225549,
        "nauc_ndcg_at_100_max": 0.230979,
        "nauc_ndcg_at_100_std": 0.159901,
        "nauc_ndcg_at_100_diff1": 0.170764,
        "nauc_ndcg_at_1000_max": 0.187716,
        "nauc_ndcg_at_1000_std": 0.178252,
        "nauc_ndcg_at_1000_diff1": 0.106709,
        "nauc_map_at_1_max": 1.0,
        "nauc_map_at_1_std": 0.329587,
        "nauc_map_at_1_diff1": 1.0,
        "nauc_map_at_3_max": 0.155173,
        "nauc_map_at_3_std": 0.048703,
        "nauc_map_at_3_diff1": 0.211652,
        "nauc_map_at_5_max": 0.312321,
        "nauc_map_at_5_std": 0.12823,
        "nauc_map_at_5_diff1": 0.262646,
        "nauc_map_at_10_max": 0.289258,
        "nauc_map_at_10_std": 0.11374,
        "nauc_map_at_10_diff1": 0.242814,
        "nauc_map_at_20_max": 0.309177,
        "nauc_map_at_20_std": 0.162402,
        "nauc_map_at_20_diff1": 0.25286,
        "nauc_map_at_100_max": 0.293789,
        "nauc_map_at_100_std": 0.16608,
        "nauc_map_at_100_diff1": 0.230097,
        "nauc_map_at_1000_max": 0.288685,
        "nauc_map_at_1000_std": 0.168466,
        "nauc_map_at_1000_diff1": 0.222822,
        "nauc_recall_at_1_max": 1.0,
        "nauc_recall_at_1_std": 0.329587,
        "nauc_recall_at_1_diff1": 1.0,
        "nauc_recall_at_3_max": 0.089621,
        "nauc_recall_at_3_std": 0.003463,
        "nauc_recall_at_3_diff1": 0.181078,
        "nauc_recall_at_5_max": 0.265724,
        "nauc_recall_at_5_std": 0.054704,
        "nauc_recall_at_5_diff1": 0.282137,
        "nauc_recall_at_10_max": 0.193663,
        "nauc_recall_at_10_std": 0.012808,
        "nauc_recall_at_10_diff1": 0.218983,
        "nauc_recall_at_20_max": 0.229502,
        "nauc_recall_at_20_std": 0.169626,
        "nauc_recall_at_20_diff1": 0.234607,
        "nauc_recall_at_100_max": 0.191504,
        "nauc_recall_at_100_std": 0.176145,
        "nauc_recall_at_100_diff1": 0.138511,
        "nauc_recall_at_1000_max": 0.078798,
        "nauc_recall_at_1000_std": 0.199444,
        "nauc_recall_at_1000_diff1": -0.004847,
        "nauc_precision_at_1_max": 1.0,
        "nauc_precision_at_1_std": 0.329587,
        "nauc_precision_at_1_diff1": 1.0,
        "nauc_precision_at_3_max": 0.235006,
        "nauc_precision_at_3_std": 0.050005,
        "nauc_precision_at_3_diff1": 0.165658,
        "nauc_precision_at_5_max": 0.370387,
        "nauc_precision_at_5_std": 0.10239,
        "nauc_precision_at_5_diff1": 0.271287,
        "nauc_precision_at_10_max": 0.249825,
        "nauc_precision_at_10_std": 0.059083,
        "nauc_precision_at_10_diff1": 0.189141,
        "nauc_precision_at_20_max": 0.286118,
        "nauc_precision_at_20_std": 0.208441,
        "nauc_precision_at_20_diff1": 0.201564,
        "nauc_precision_at_100_max": 0.210477,
        "nauc_precision_at_100_std": 0.233106,
        "nauc_precision_at_100_diff1": 0.082631,
        "nauc_precision_at_1000_max": 0.134745,
        "nauc_precision_at_1000_std": 0.180251,
        "nauc_precision_at_1000_diff1": 0.013671,
        "nauc_mrr_at_1_max": 1.0,
        "nauc_mrr_at_1_std": 0.329587,
        "nauc_mrr_at_1_diff1": 1.0,
        "nauc_mrr_at_3_max": 0.256395,
        "nauc_mrr_at_3_std": -0.003138,
        "nauc_mrr_at_3_diff1": 0.26323,
        "nauc_mrr_at_5_max": 0.259624,
        "nauc_mrr_at_5_std": -0.017166,
        "nauc_mrr_at_5_diff1": 0.295735,
        "nauc_mrr_at_10_max": 0.219861,
        "nauc_mrr_at_10_std": -0.022464,
        "nauc_mrr_at_10_diff1": 0.255529,
        "nauc_mrr_at_20_max": 0.219087,
        "nauc_mrr_at_20_std": 0.002004,
        "nauc_mrr_at_20_diff1": 0.225758,
        "nauc_mrr_at_100_max": 0.227217,
        "nauc_mrr_at_100_std": 0.016999,
        "nauc_mrr_at_100_diff1": 0.225682,
        "nauc_mrr_at_1000_max": 0.225561,
        "nauc_mrr_at_1000_std": 0.018825,
        "nauc_mrr_at_1000_diff1": 0.222934,
        "cv_recall_at_1": 0.00847,
        "cv_recall_at_3": 0.0678,
        "cv_recall_at_5": 0.07627,
        "cv_recall_at_10": 0.10169,
        "cv_recall_at_20": 0.15254,
        "cv_recall_at_100": 0.28814,
        "cv_recall_at_1000": 0.63559,
        "main_score": 0.03047,
        "hf_subset": "default",
        "languages": [
          "eng-Latn"
        ]
      }
    ]
  },
  "evaluation_time": 300.8232593536377,
  "kg_co2_emissions": null,
  "date": null
}