{
  "dataset_revision": "53c489a44a3664ba352c07550b72b4525a5968d5",
  "task_name": "R2MEDPMCTreatmentRetrieval",
  "mteb_version": "2.9.0",
  "scores": {
    "test": [
      {
        "ndcg_at_1": 0.04667,
        "ndcg_at_3": 0.0498,
        "ndcg_at_5": 0.06165,
        "ndcg_at_10": 0.08254,
        "ndcg_at_20": 0.0887,
        "ndcg_at_100": 0.11978,
        "ndcg_at_1000": 0.15356,
        "map_at_1": 0.02522,
        "map_at_3": 0.03744,
        "map_at_5": 0.04472,
        "map_at_10": 0.05346,
        "map_at_20": 0.05505,
        "map_at_100": 0.05933,
        "map_at_1000": 0.06051,
        "recall_at_1": 0.02522,
        "recall_at_3": 0.05122,
        "recall_at_5": 0.08278,
        "recall_at_10": 0.14189,
        "recall_at_20": 0.161,
        "recall_at_100": 0.30089,
        "recall_at_1000": 0.53211,
        "accuracy": 0.02522,
        "precision_at_1": 0.04667,
        "precision_at_3": 0.03333,
        "precision_at_5": 0.03067,
        "precision_at_10": 0.024,
        "precision_at_20": 0.01433,
        "precision_at_100": 0.0058,
        "precision_at_1000": 0.00106,
        "mrr_at_1": 0.046667,
        "mrr_at_3": 0.063333,
        "mrr_at_5": 0.075667,
        "mrr_at_10": 0.086339,
        "mrr_at_20": 0.088748,
        "mrr_at_100": 0.09329,
        "mrr_at_1000": 0.094165,
        "nauc_ndcg_at_1_max": 0.586262,
        "nauc_ndcg_at_1_std": 0.154701,
        "nauc_ndcg_at_1_diff1": 0.343056,
        "nauc_ndcg_at_3_max": 0.511007,
        "nauc_ndcg_at_3_std": 0.122784,
        "nauc_ndcg_at_3_diff1": 0.176596,
        "nauc_ndcg_at_5_max": 0.446808,
        "nauc_ndcg_at_5_std": 0.117,
        "nauc_ndcg_at_5_diff1": 0.224873,
        "nauc_ndcg_at_10_max": 0.446248,
        "nauc_ndcg_at_10_std": 0.133419,
        "nauc_ndcg_at_10_diff1": 0.239741,
        "nauc_ndcg_at_20_max": 0.428386,
        "nauc_ndcg_at_20_std": 0.140386,
        "nauc_ndcg_at_20_diff1": 0.231872,
        "nauc_ndcg_at_100_max": 0.411374,
        "nauc_ndcg_at_100_std": 0.179583,
        "nauc_ndcg_at_100_diff1": 0.172296,
        "nauc_ndcg_at_1000_max": 0.397774,
        "nauc_ndcg_at_1000_std": 0.218486,
        "nauc_ndcg_at_1000_diff1": 0.171916,
        "nauc_map_at_1_max": 0.721797,
        "nauc_map_at_1_std": 0.1899,
        "nauc_map_at_1_diff1": 0.507442,
        "nauc_map_at_3_max": 0.58032,
        "nauc_map_at_3_std": 0.145128,
        "nauc_map_at_3_diff1": 0.266849,
        "nauc_map_at_5_max": 0.519401,
        "nauc_map_at_5_std": 0.128505,
        "nauc_map_at_5_diff1": 0.273127,
        "nauc_map_at_10_max": 0.521215,
        "nauc_map_at_10_std": 0.136994,
        "nauc_map_at_10_diff1": 0.274858,
        "nauc_map_at_20_max": 0.516423,
        "nauc_map_at_20_std": 0.141854,
        "nauc_map_at_20_diff1": 0.274403,
        "nauc_map_at_100_max": 0.508938,
        "nauc_map_at_100_std": 0.145561,
        "nauc_map_at_100_diff1": 0.263771,
        "nauc_map_at_1000_max": 0.509583,
        "nauc_map_at_1000_std": 0.149015,
        "nauc_map_at_1000_diff1": 0.263684,
        "nauc_recall_at_1_max": 0.721797,
        "nauc_recall_at_1_std": 0.1899,
        "nauc_recall_at_1_diff1": 0.507442,
        "nauc_recall_at_3_max": 0.40383,
        "nauc_recall_at_3_std": 0.086919,
        "nauc_recall_at_3_diff1": 0.10697,
        "nauc_recall_at_5_max": 0.322406,
        "nauc_recall_at_5_std": 0.075124,
        "nauc_recall_at_5_diff1": 0.179228,
        "nauc_recall_at_10_max": 0.339508,
        "nauc_recall_at_10_std": 0.124724,
        "nauc_recall_at_10_diff1": 0.191679,
        "nauc_recall_at_20_max": 0.308157,
        "nauc_recall_at_20_std": 0.130922,
        "nauc_recall_at_20_diff1": 0.179861,
        "nauc_recall_at_100_max": 0.26891,
        "nauc_recall_at_100_std": 0.208224,
        "nauc_recall_at_100_diff1": 0.028529,
        "nauc_recall_at_1000_max": 0.17588,
        "nauc_recall_at_1000_std": 0.304206,
        "nauc_recall_at_1000_diff1": 0.023601,
        "nauc_precision_at_1_max": 0.586262,
        "nauc_precision_at_1_std": 0.154701,
        "nauc_precision_at_1_diff1": 0.343056,
        "nauc_precision_at_3_max": 0.484196,
        "nauc_precision_at_3_std": 0.111135,
        "nauc_precision_at_3_diff1": 0.059744,
        "nauc_precision_at_5_max": 0.430739,
        "nauc_precision_at_5_std": 0.107752,
        "nauc_precision_at_5_diff1": 0.128491,
        "nauc_precision_at_10_max": 0.42907,
        "nauc_precision_at_10_std": 0.112327,
        "nauc_precision_at_10_diff1": 0.183099,
        "nauc_precision_at_20_max": 0.397183,
        "nauc_precision_at_20_std": 0.146616,
        "nauc_precision_at_20_diff1": 0.175782,
        "nauc_precision_at_100_max": 0.373019,
        "nauc_precision_at_100_std": 0.238999,
        "nauc_precision_at_100_diff1": 0.06747,
        "nauc_precision_at_1000_max": 0.254986,
        "nauc_precision_at_1000_std": 0.270765,
        "nauc_precision_at_1000_diff1": 0.028143,
        "nauc_mrr_at_1_max": 0.586262,
        "nauc_mrr_at_1_std": 0.154701,
        "nauc_mrr_at_1_diff1": 0.343056,
        "nauc_mrr_at_3_max": 0.498199,
        "nauc_mrr_at_3_std": 0.145609,
        "nauc_mrr_at_3_diff1": 0.194927,
        "nauc_mrr_at_5_max": 0.470893,
        "nauc_mrr_at_5_std": 0.136124,
        "nauc_mrr_at_5_diff1": 0.20886,
        "nauc_mrr_at_10_max": 0.460946,
        "nauc_mrr_at_10_std": 0.131335,
        "nauc_mrr_at_10_diff1": 0.229842,
        "nauc_mrr_at_20_max": 0.449091,
        "nauc_mrr_at_20_std": 0.13208,
        "nauc_mrr_at_20_diff1": 0.220316,
        "nauc_mrr_at_100_max": 0.445787,
        "nauc_mrr_at_100_std": 0.140485,
        "nauc_mrr_at_100_diff1": 0.21437,
        "nauc_mrr_at_1000_max": 0.445084,
        "nauc_mrr_at_1000_std": 0.140834,
        "nauc_mrr_at_1000_diff1": 0.214023,
        "cv_recall_at_1": 0.04667,
        "cv_recall_at_3": 0.08667,
        "cv_recall_at_5": 0.14,
        "cv_recall_at_10": 0.22,
        "cv_recall_at_20": 0.25333,
        "cv_recall_at_100": 0.43333,
        "cv_recall_at_1000": 0.68,
        "main_score": 0.08254,
        "hf_subset": "default",
        "languages": [
          "eng-Latn"
        ]
      }
    ]
  },
  "evaluation_time": 145.10837292671204,
  "kg_co2_emissions": null,
  "date": null
}