{
  "dataset_revision": "6021fce366892cbfd7837fa85a4128ea93315e18",
  "task_name": "R2MEDBioinformaticsRetrieval",
  "mteb_version": "2.9.0",
  "scores": {
    "test": [
      {
        "ndcg_at_1": 0.18182,
        "ndcg_at_3": 0.19398,
        "ndcg_at_5": 0.21943,
        "ndcg_at_10": 0.26355,
        "ndcg_at_20": 0.28785,
        "ndcg_at_100": 0.34831,
        "ndcg_at_1000": 0.38412,
        "map_at_1": 0.084,
        "map_at_3": 0.13224,
        "map_at_5": 0.156,
        "map_at_10": 0.18107,
        "map_at_20": 0.18786,
        "map_at_100": 0.19961,
        "map_at_1000": 0.2023,
        "recall_at_1": 0.084,
        "recall_at_3": 0.18154,
        "recall_at_5": 0.265,
        "recall_at_10": 0.38265,
        "recall_at_20": 0.45076,
        "recall_at_100": 0.68514,
        "recall_at_1000": 0.88302,
        "accuracy": 0.084,
        "precision_at_1": 0.18182,
        "precision_at_3": 0.1342,
        "precision_at_5": 0.11429,
        "precision_at_10": 0.08831,
        "precision_at_20": 0.05584,
        "precision_at_100": 0.01935,
        "precision_at_1000": 0.00266,
        "mrr_at_1": 0.181818,
        "mrr_at_3": 0.257576,
        "mrr_at_5": 0.2829,
        "mrr_at_10": 0.300819,
        "mrr_at_20": 0.309289,
        "mrr_at_100": 0.312872,
        "mrr_at_1000": 0.313287,
        "nauc_ndcg_at_1_max": 0.056359,
        "nauc_ndcg_at_1_std": 0.009105,
        "nauc_ndcg_at_1_diff1": 0.083402,
        "nauc_ndcg_at_3_max": 0.040835,
        "nauc_ndcg_at_3_std": -9.8e-05,
        "nauc_ndcg_at_3_diff1": 0.093083,
        "nauc_ndcg_at_5_max": 0.187779,
        "nauc_ndcg_at_5_std": 0.021104,
        "nauc_ndcg_at_5_diff1": 0.190569,
        "nauc_ndcg_at_10_max": 0.120447,
        "nauc_ndcg_at_10_std": -0.015637,
        "nauc_ndcg_at_10_diff1": 0.157959,
        "nauc_ndcg_at_20_max": 0.080243,
        "nauc_ndcg_at_20_std": -0.00384,
        "nauc_ndcg_at_20_diff1": 0.113939,
        "nauc_ndcg_at_100_max": 0.02651,
        "nauc_ndcg_at_100_std": 0.004482,
        "nauc_ndcg_at_100_diff1": 0.083631,
        "nauc_ndcg_at_1000_max": 0.036669,
        "nauc_ndcg_at_1000_std": 0.010759,
        "nauc_ndcg_at_1000_diff1": 0.094196,
        "nauc_map_at_1_max": 0.155637,
        "nauc_map_at_1_std": 0.013972,
        "nauc_map_at_1_diff1": 0.179569,
        "nauc_map_at_3_max": 0.093941,
        "nauc_map_at_3_std": -0.003108,
        "nauc_map_at_3_diff1": 0.117054,
        "nauc_map_at_5_max": 0.179541,
        "nauc_map_at_5_std": 0.016864,
        "nauc_map_at_5_diff1": 0.193012,
        "nauc_map_at_10_max": 0.128688,
        "nauc_map_at_10_std": -0.008821,
        "nauc_map_at_10_diff1": 0.169758,
        "nauc_map_at_20_max": 0.112043,
        "nauc_map_at_20_std": -0.009005,
        "nauc_map_at_20_diff1": 0.156964,
        "nauc_map_at_100_max": 0.101755,
        "nauc_map_at_100_std": -0.002396,
        "nauc_map_at_100_diff1": 0.146717,
        "nauc_map_at_1000_max": 0.102379,
        "nauc_map_at_1000_std": -0.000389,
        "nauc_map_at_1000_diff1": 0.14791,
        "nauc_recall_at_1_max": 0.155637,
        "nauc_recall_at_1_std": 0.013972,
        "nauc_recall_at_1_diff1": 0.179569,
        "nauc_recall_at_3_max": 0.084372,
        "nauc_recall_at_3_std": -0.001288,
        "nauc_recall_at_3_diff1": 0.059885,
        "nauc_recall_at_5_max": 0.265948,
        "nauc_recall_at_5_std": 0.021766,
        "nauc_recall_at_5_diff1": 0.205597,
        "nauc_recall_at_10_max": 0.105101,
        "nauc_recall_at_10_std": -0.06425,
        "nauc_recall_at_10_diff1": 0.136198,
        "nauc_recall_at_20_max": 0.003479,
        "nauc_recall_at_20_std": -0.056159,
        "nauc_recall_at_20_diff1": 0.027294,
        "nauc_recall_at_100_max": -0.208864,
        "nauc_recall_at_100_std": -0.073995,
        "nauc_recall_at_100_diff1": -0.06337,
        "nauc_recall_at_1000_max": -0.507211,
        "nauc_recall_at_1000_std": -0.151734,
        "nauc_recall_at_1000_diff1": -0.296404,
        "nauc_precision_at_1_max": 0.056359,
        "nauc_precision_at_1_std": 0.009105,
        "nauc_precision_at_1_diff1": 0.083402,
        "nauc_precision_at_3_max": -0.019073,
        "nauc_precision_at_3_std": 0.003526,
        "nauc_precision_at_3_diff1": 0.075117,
        "nauc_precision_at_5_max": 0.175445,
        "nauc_precision_at_5_std": 0.031356,
        "nauc_precision_at_5_diff1": 0.200823,
        "nauc_precision_at_10_max": 0.003594,
        "nauc_precision_at_10_std": -0.034279,
        "nauc_precision_at_10_diff1": 0.066821,
        "nauc_precision_at_20_max": -0.078073,
        "nauc_precision_at_20_std": 0.034049,
        "nauc_precision_at_20_diff1": -0.035051,
        "nauc_precision_at_100_max": -0.189566,
        "nauc_precision_at_100_std": 0.051673,
        "nauc_precision_at_100_diff1": -0.151034,
        "nauc_precision_at_1000_max": -0.112715,
        "nauc_precision_at_1000_std": 0.054653,
        "nauc_precision_at_1000_diff1": -0.069628,
        "nauc_mrr_at_1_max": 0.056359,
        "nauc_mrr_at_1_std": 0.009105,
        "nauc_mrr_at_1_diff1": 0.083402,
        "nauc_mrr_at_3_max": 0.061056,
        "nauc_mrr_at_3_std": 0.044187,
        "nauc_mrr_at_3_diff1": 0.121848,
        "nauc_mrr_at_5_max": 0.106379,
        "nauc_mrr_at_5_std": 0.026655,
        "nauc_mrr_at_5_diff1": 0.14012,
        "nauc_mrr_at_10_max": 0.08818,
        "nauc_mrr_at_10_std": 0.017756,
        "nauc_mrr_at_10_diff1": 0.127088,
        "nauc_mrr_at_20_max": 0.081349,
        "nauc_mrr_at_20_std": 0.030654,
        "nauc_mrr_at_20_diff1": 0.117606,
        "nauc_mrr_at_100_max": 0.079197,
        "nauc_mrr_at_100_std": 0.027353,
        "nauc_mrr_at_100_diff1": 0.119101,
        "nauc_mrr_at_1000_max": 0.080109,
        "nauc_mrr_at_1000_std": 0.02737,
        "nauc_mrr_at_1000_diff1": 0.120076,
        "cv_recall_at_1": 0.18182,
        "cv_recall_at_3": 0.35065,
        "cv_recall_at_5": 0.45455,
        "cv_recall_at_10": 0.58442,
        "cv_recall_at_20": 0.7013,
        "cv_recall_at_100": 0.84416,
        "cv_recall_at_1000": 0.94805,
        "main_score": 0.26355,
        "hf_subset": "default",
        "languages": [
          "eng-Latn"
        ]
      }
    ]
  },
  "evaluation_time": 241.8007514476776,
  "kg_co2_emissions": null,
  "date": null
}