{
  "dataset_revision": "04dd804c048866b0ab90a55ded77789485828281",
  "task_name": "TRECCOVID-NL",
  "mteb_version": "2.9.0",
  "scores": {
    "test": [
      {
        "ndcg_at_1": 0.24,
        "ndcg_at_3": 0.24531,
        "ndcg_at_5": 0.2402,
        "ndcg_at_10": 0.23558,
        "ndcg_at_20": 0.21242,
        "ndcg_at_100": 0.15768,
        "ndcg_at_1000": 0.14314,
        "map_at_1": 0.00066,
        "map_at_3": 0.00183,
        "map_at_5": 0.0027,
        "map_at_10": 0.00467,
        "map_at_20": 0.00745,
        "map_at_100": 0.02137,
        "map_at_1000": 0.0417,
        "recall_at_1": 0.00066,
        "recall_at_3": 0.00216,
        "recall_at_5": 0.00348,
        "recall_at_10": 0.00674,
        "recall_at_20": 0.01166,
        "recall_at_100": 0.03989,
        "recall_at_1000": 0.13251,
        "accuracy": 0.00066,
        "precision_at_1": 0.26,
        "precision_at_3": 0.27333,
        "precision_at_5": 0.264,
        "precision_at_10": 0.256,
        "precision_at_20": 0.221,
        "precision_at_100": 0.1572,
        "precision_at_1000": 0.05968,
        "mrr_at_1": 0.24,
        "mrr_at_3": 0.333333,
        "mrr_at_5": 0.361333,
        "mrr_at_10": 0.382246,
        "mrr_at_20": 0.392507,
        "mrr_at_100": 0.394346,
        "mrr_at_1000": 0.394745,
        "nauc_ndcg_at_1_max": 0.023664,
        "nauc_ndcg_at_1_std": 0.225347,
        "nauc_ndcg_at_1_diff1": -0.128325,
        "nauc_ndcg_at_3_max": 0.185729,
        "nauc_ndcg_at_3_std": 0.240283,
        "nauc_ndcg_at_3_diff1": -0.023266,
        "nauc_ndcg_at_5_max": 0.280718,
        "nauc_ndcg_at_5_std": 0.299252,
        "nauc_ndcg_at_5_diff1": 0.022504,
        "nauc_ndcg_at_10_max": 0.277911,
        "nauc_ndcg_at_10_std": 0.324686,
        "nauc_ndcg_at_10_diff1": 0.123065,
        "nauc_ndcg_at_20_max": 0.308329,
        "nauc_ndcg_at_20_std": 0.387612,
        "nauc_ndcg_at_20_diff1": 0.172247,
        "nauc_ndcg_at_100_max": 0.332409,
        "nauc_ndcg_at_100_std": 0.536309,
        "nauc_ndcg_at_100_diff1": 0.116047,
        "nauc_ndcg_at_1000_max": 0.267137,
        "nauc_ndcg_at_1000_std": 0.564252,
        "nauc_ndcg_at_1000_diff1": 0.080715,
        "nauc_map_at_1_max": 0.128487,
        "nauc_map_at_1_std": 0.158416,
        "nauc_map_at_1_diff1": -0.169953,
        "nauc_map_at_3_max": 0.281733,
        "nauc_map_at_3_std": 0.201625,
        "nauc_map_at_3_diff1": -0.11672,
        "nauc_map_at_5_max": 0.383174,
        "nauc_map_at_5_std": 0.273346,
        "nauc_map_at_5_diff1": -0.079299,
        "nauc_map_at_10_max": 0.424844,
        "nauc_map_at_10_std": 0.341227,
        "nauc_map_at_10_diff1": 0.012868,
        "nauc_map_at_20_max": 0.506426,
        "nauc_map_at_20_std": 0.429673,
        "nauc_map_at_20_diff1": 0.062103,
        "nauc_map_at_100_max": 0.643004,
        "nauc_map_at_100_std": 0.683537,
        "nauc_map_at_100_diff1": -0.015306,
        "nauc_map_at_1000_max": 0.482256,
        "nauc_map_at_1000_std": 0.711665,
        "nauc_map_at_1000_diff1": -0.015928,
        "nauc_recall_at_1_max": 0.128487,
        "nauc_recall_at_1_std": 0.158416,
        "nauc_recall_at_1_diff1": -0.169953,
        "nauc_recall_at_3_max": 0.275448,
        "nauc_recall_at_3_std": 0.171173,
        "nauc_recall_at_3_diff1": -0.053766,
        "nauc_recall_at_5_max": 0.366284,
        "nauc_recall_at_5_std": 0.222244,
        "nauc_recall_at_5_diff1": 0.019748,
        "nauc_recall_at_10_max": 0.358527,
        "nauc_recall_at_10_std": 0.24068,
        "nauc_recall_at_10_diff1": 0.129741,
        "nauc_recall_at_20_max": 0.418544,
        "nauc_recall_at_20_std": 0.311601,
        "nauc_recall_at_20_diff1": 0.187087,
        "nauc_recall_at_100_max": 0.483661,
        "nauc_recall_at_100_std": 0.545507,
        "nauc_recall_at_100_diff1": 0.077768,
        "nauc_recall_at_1000_max": 0.23909,
        "nauc_recall_at_1000_std": 0.589981,
        "nauc_recall_at_1000_diff1": 0.079433,
        "nauc_precision_at_1_max": 0.082016,
        "nauc_precision_at_1_std": 0.258449,
        "nauc_precision_at_1_diff1": -0.088954,
        "nauc_precision_at_3_max": 0.270366,
        "nauc_precision_at_3_std": 0.261024,
        "nauc_precision_at_3_diff1": 0.060955,
        "nauc_precision_at_5_max": 0.364559,
        "nauc_precision_at_5_std": 0.325863,
        "nauc_precision_at_5_diff1": 0.100812,
        "nauc_precision_at_10_max": 0.333919,
        "nauc_precision_at_10_std": 0.353353,
        "nauc_precision_at_10_diff1": 0.232751,
        "nauc_precision_at_20_max": 0.361657,
        "nauc_precision_at_20_std": 0.42389,
        "nauc_precision_at_20_diff1": 0.277946,
        "nauc_precision_at_100_max": 0.348369,
        "nauc_precision_at_100_std": 0.579625,
        "nauc_precision_at_100_diff1": 0.126481,
        "nauc_precision_at_1000_max": 0.120243,
        "nauc_precision_at_1000_std": 0.598366,
        "nauc_precision_at_1000_diff1": 0.069609,
        "nauc_mrr_at_1_max": 0.048826,
        "nauc_mrr_at_1_std": 0.156153,
        "nauc_mrr_at_1_diff1": -0.028007,
        "nauc_mrr_at_3_max": 0.179129,
        "nauc_mrr_at_3_std": 0.194733,
        "nauc_mrr_at_3_diff1": 0.066692,
        "nauc_mrr_at_5_max": 0.191611,
        "nauc_mrr_at_5_std": 0.199927,
        "nauc_mrr_at_5_diff1": 0.063348,
        "nauc_mrr_at_10_max": 0.174865,
        "nauc_mrr_at_10_std": 0.172146,
        "nauc_mrr_at_10_diff1": 0.041968,
        "nauc_mrr_at_20_max": 0.169484,
        "nauc_mrr_at_20_std": 0.177872,
        "nauc_mrr_at_20_diff1": 0.054961,
        "nauc_mrr_at_100_max": 0.168992,
        "nauc_mrr_at_100_std": 0.174609,
        "nauc_mrr_at_100_diff1": 0.053852,
        "nauc_mrr_at_1000_max": 0.169254,
        "nauc_mrr_at_1000_std": 0.176214,
        "nauc_mrr_at_1000_diff1": 0.053517,
        "cv_recall_at_1": 0.24,
        "cv_recall_at_3": 0.46,
        "cv_recall_at_5": 0.58,
        "cv_recall_at_10": 0.72,
        "cv_recall_at_20": 0.86,
        "cv_recall_at_100": 0.94,
        "cv_recall_at_1000": 1.0,
        "main_score": 0.23558,
        "hf_subset": "default",
        "languages": [
          "nld-Latn"
        ]
      }
    ]
  },
  "evaluation_time": 800.7233037948608,
  "kg_co2_emissions": null,
  "date": null
}