{
  "dataset_revision": "6661dba4dfedff606537732d9f35f2c3738b081a",
  "task_name": "TVPLRetrieval",
  "mteb_version": "2.9.0",
  "scores": {
    "test": [
      {
        "ndcg_at_1": 0.2674,
        "ndcg_at_3": 0.31934,
        "ndcg_at_5": 0.33683,
        "ndcg_at_10": 0.35679,
        "ndcg_at_20": 0.37189,
        "ndcg_at_100": 0.39809,
        "ndcg_at_1000": 0.42282,
        "map_at_1": 0.25513,
        "map_at_3": 0.30263,
        "map_at_5": 0.3124,
        "map_at_10": 0.32076,
        "map_at_20": 0.32492,
        "map_at_100": 0.32845,
        "map_at_1000": 0.32928,
        "recall_at_1": 0.25513,
        "recall_at_3": 0.35719,
        "recall_at_5": 0.39902,
        "recall_at_10": 0.45957,
        "recall_at_20": 0.5183,
        "recall_at_100": 0.65806,
        "recall_at_1000": 0.85393,
        "accuracy": 0.25513,
        "precision_at_1": 0.2674,
        "precision_at_3": 0.12619,
        "precision_at_5": 0.08475,
        "precision_at_10": 0.04895,
        "precision_at_20": 0.02768,
        "precision_at_100": 0.0071,
        "precision_at_1000": 0.00094,
        "mrr_at_1": 0.267301,
        "mrr_at_3": 0.313604,
        "mrr_at_5": 0.323418,
        "mrr_at_10": 0.331657,
        "mrr_at_20": 0.33579,
        "mrr_at_100": 0.339267,
        "mrr_at_1000": 0.340033,
        "nauc_ndcg_at_1_max": 0.348293,
        "nauc_ndcg_at_1_std": 0.061373,
        "nauc_ndcg_at_1_diff1": 0.569769,
        "nauc_ndcg_at_3_max": 0.351066,
        "nauc_ndcg_at_3_std": 0.080936,
        "nauc_ndcg_at_3_diff1": 0.505523,
        "nauc_ndcg_at_5_max": 0.346128,
        "nauc_ndcg_at_5_std": 0.085263,
        "nauc_ndcg_at_5_diff1": 0.492892,
        "nauc_ndcg_at_10_max": 0.339171,
        "nauc_ndcg_at_10_std": 0.088039,
        "nauc_ndcg_at_10_diff1": 0.484971,
        "nauc_ndcg_at_20_max": 0.333756,
        "nauc_ndcg_at_20_std": 0.090015,
        "nauc_ndcg_at_20_diff1": 0.478943,
        "nauc_ndcg_at_100_max": 0.330722,
        "nauc_ndcg_at_100_std": 0.095941,
        "nauc_ndcg_at_100_diff1": 0.475256,
        "nauc_ndcg_at_1000_max": 0.333909,
        "nauc_ndcg_at_1000_std": 0.094332,
        "nauc_ndcg_at_1000_diff1": 0.480922,
        "nauc_map_at_1_max": 0.345521,
        "nauc_map_at_1_std": 0.059697,
        "nauc_map_at_1_diff1": 0.564291,
        "nauc_map_at_3_max": 0.351027,
        "nauc_map_at_3_std": 0.077136,
        "nauc_map_at_3_diff1": 0.518375,
        "nauc_map_at_5_max": 0.348253,
        "nauc_map_at_5_std": 0.079479,
        "nauc_map_at_5_diff1": 0.511179,
        "nauc_map_at_10_max": 0.345316,
        "nauc_map_at_10_std": 0.080745,
        "nauc_map_at_10_diff1": 0.507994,
        "nauc_map_at_20_max": 0.343838,
        "nauc_map_at_20_std": 0.081234,
        "nauc_map_at_20_diff1": 0.506384,
        "nauc_map_at_100_max": 0.343284,
        "nauc_map_at_100_std": 0.082114,
        "nauc_map_at_100_diff1": 0.506003,
        "nauc_map_at_1000_max": 0.34338,
        "nauc_map_at_1000_std": 0.082037,
        "nauc_map_at_1000_diff1": 0.506159,
        "nauc_recall_at_1_max": 0.345521,
        "nauc_recall_at_1_std": 0.059697,
        "nauc_recall_at_1_diff1": 0.564291,
        "nauc_recall_at_3_max": 0.34973,
        "nauc_recall_at_3_std": 0.092422,
        "nauc_recall_at_3_diff1": 0.464409,
        "nauc_recall_at_5_max": 0.337008,
        "nauc_recall_at_5_std": 0.101785,
        "nauc_recall_at_5_diff1": 0.434494,
        "nauc_recall_at_10_max": 0.315285,
        "nauc_recall_at_10_std": 0.109916,
        "nauc_recall_at_10_diff1": 0.408133,
        "nauc_recall_at_20_max": 0.291773,
        "nauc_recall_at_20_std": 0.118425,
        "nauc_recall_at_20_diff1": 0.37897,
        "nauc_recall_at_100_max": 0.267327,
        "nauc_recall_at_100_std": 0.16012,
        "nauc_recall_at_100_diff1": 0.334027,
        "nauc_recall_at_1000_max": 0.267992,
        "nauc_recall_at_1000_std": 0.202419,
        "nauc_recall_at_1000_diff1": 0.304314,
        "nauc_precision_at_1_max": 0.348293,
        "nauc_precision_at_1_std": 0.061373,
        "nauc_precision_at_1_diff1": 0.569769,
        "nauc_precision_at_3_max": 0.348073,
        "nauc_precision_at_3_std": 0.093669,
        "nauc_precision_at_3_diff1": 0.459491,
        "nauc_precision_at_5_max": 0.335346,
        "nauc_precision_at_5_std": 0.103936,
        "nauc_precision_at_5_diff1": 0.42825,
        "nauc_precision_at_10_max": 0.307774,
        "nauc_precision_at_10_std": 0.111223,
        "nauc_precision_at_10_diff1": 0.396799,
        "nauc_precision_at_20_max": 0.281478,
        "nauc_precision_at_20_std": 0.117687,
        "nauc_precision_at_20_diff1": 0.366321,
        "nauc_precision_at_100_max": 0.232757,
        "nauc_precision_at_100_std": 0.145209,
        "nauc_precision_at_100_diff1": 0.297056,
        "nauc_precision_at_1000_max": 0.134208,
        "nauc_precision_at_1000_std": 0.109457,
        "nauc_precision_at_1000_diff1": 0.168951,
        "nauc_mrr_at_1_max": 0.348,
        "nauc_mrr_at_1_std": 0.061031,
        "nauc_mrr_at_1_diff1": 0.570174,
        "nauc_mrr_at_3_max": 0.349263,
        "nauc_mrr_at_3_std": 0.074763,
        "nauc_mrr_at_3_diff1": 0.521258,
        "nauc_mrr_at_5_max": 0.346775,
        "nauc_mrr_at_5_std": 0.077579,
        "nauc_mrr_at_5_diff1": 0.514586,
        "nauc_mrr_at_10_max": 0.343732,
        "nauc_mrr_at_10_std": 0.078512,
        "nauc_mrr_at_10_diff1": 0.511144,
        "nauc_mrr_at_20_max": 0.342088,
        "nauc_mrr_at_20_std": 0.0789,
        "nauc_mrr_at_20_diff1": 0.509484,
        "nauc_mrr_at_100_max": 0.341603,
        "nauc_mrr_at_100_std": 0.07967,
        "nauc_mrr_at_100_diff1": 0.509095,
        "nauc_mrr_at_1000_max": 0.341704,
        "nauc_mrr_at_1000_std": 0.079603,
        "nauc_mrr_at_1000_diff1": 0.509249,
        "cv_recall_at_1": 0.2673,
        "cv_recall_at_3": 0.37066,
        "cv_recall_at_5": 0.41352,
        "cv_recall_at_10": 0.47541,
        "cv_recall_at_20": 0.5355,
        "cv_recall_at_100": 0.67892,
        "cv_recall_at_1000": 0.87111,
        "main_score": 0.35679,
        "hf_subset": "default",
        "languages": [
          "vie-Latn"
        ]
      }
    ]
  },
  "evaluation_time": 99.0444266796112,
  "kg_co2_emissions": null,
  "date": null
}