{
  "dataset_revision": "49c07b6",
  "task_name": "BarExamQA",
  "mteb_version": "2.12.16",
  "scores": {
    "test": [
      {
        "ndcg_at_1": 0.20513,
        "ndcg_at_3": 0.34808,
        "ndcg_at_5": 0.37603,
        "ndcg_at_10": 0.40853,
        "ndcg_at_20": 0.44306,
        "ndcg_at_100": 0.48676,
        "ndcg_at_1000": 0.48802,
        "map_at_1": 0.20513,
        "map_at_3": 0.31197,
        "map_at_5": 0.32735,
        "map_at_10": 0.34035,
        "map_at_20": 0.34982,
        "map_at_100": 0.35614,
        "map_at_1000": 0.35622,
        "recall_at_1": 0.20513,
        "recall_at_3": 0.45299,
        "recall_at_5": 0.52137,
        "recall_at_10": 0.62393,
        "recall_at_20": 0.76068,
        "recall_at_100": 0.99145,
        "recall_at_1000": 1.0,
        "accuracy": 0.20513,
        "precision_at_1": 0.20513,
        "precision_at_3": 0.151,
        "precision_at_5": 0.10427,
        "precision_at_10": 0.06239,
        "precision_at_20": 0.03803,
        "precision_at_100": 0.00991,
        "precision_at_1000": 0.001,
        "mrr_at_1": 0.205128,
        "mrr_at_3": 0.311966,
        "mrr_at_5": 0.32735,
        "mrr_at_10": 0.340354,
        "mrr_at_20": 0.349821,
        "mrr_at_100": 0.356143,
        "mrr_at_1000": 0.356221,
        "nauc_ndcg_at_1_max": 0.092125,
        "nauc_ndcg_at_1_std": 0.086657,
        "nauc_ndcg_at_1_diff1": 0.076787,
        "nauc_ndcg_at_3_max": 0.183266,
        "nauc_ndcg_at_3_std": 0.136623,
        "nauc_ndcg_at_3_diff1": 0.007317,
        "nauc_ndcg_at_5_max": 0.211066,
        "nauc_ndcg_at_5_std": 0.178143,
        "nauc_ndcg_at_5_diff1": 0.052771,
        "nauc_ndcg_at_10_max": 0.170254,
        "nauc_ndcg_at_10_std": 0.126709,
        "nauc_ndcg_at_10_diff1": 0.05819,
        "nauc_ndcg_at_20_max": 0.181121,
        "nauc_ndcg_at_20_std": 0.160377,
        "nauc_ndcg_at_20_diff1": 0.037088,
        "nauc_ndcg_at_100_max": 0.178618,
        "nauc_ndcg_at_100_std": 0.152381,
        "nauc_ndcg_at_100_diff1": 0.058608,
        "nauc_ndcg_at_1000_max": 0.177722,
        "nauc_ndcg_at_1000_std": 0.149534,
        "nauc_ndcg_at_1000_diff1": 0.054562,
        "nauc_map_at_1_max": 0.092125,
        "nauc_map_at_1_std": 0.086657,
        "nauc_map_at_1_diff1": 0.076787,
        "nauc_map_at_3_max": 0.16975,
        "nauc_map_at_3_std": 0.130805,
        "nauc_map_at_3_diff1": 0.030567,
        "nauc_map_at_5_max": 0.185884,
        "nauc_map_at_5_std": 0.154939,
        "nauc_map_at_5_diff1": 0.056725,
        "nauc_map_at_10_max": 0.169167,
        "nauc_map_at_10_std": 0.133717,
        "nauc_map_at_10_diff1": 0.059911,
        "nauc_map_at_20_max": 0.172202,
        "nauc_map_at_20_std": 0.14337,
        "nauc_map_at_20_diff1": 0.05473,
        "nauc_map_at_100_max": 0.171842,
        "nauc_map_at_100_std": 0.142652,
        "nauc_map_at_100_diff1": 0.057908,
        "nauc_map_at_1000_max": 0.171794,
        "nauc_map_at_1000_std": 0.142503,
        "nauc_map_at_1000_diff1": 0.057701,
        "nauc_recall_at_1_max": 0.092125,
        "nauc_recall_at_1_std": 0.086657,
        "nauc_recall_at_1_diff1": 0.076787,
        "nauc_recall_at_3_max": 0.21636,
        "nauc_recall_at_3_std": 0.14999,
        "nauc_recall_at_3_diff1": -0.05675,
        "nauc_recall_at_5_max": 0.279808,
        "nauc_recall_at_5_std": 0.243765,
        "nauc_recall_at_5_diff1": 0.045022,
        "nauc_recall_at_10_max": 0.155435,
        "nauc_recall_at_10_std": 0.085851,
        "nauc_recall_at_10_diff1": 0.055986,
        "nauc_recall_at_20_max": 0.20514,
        "nauc_recall_at_20_std": 0.242099,
        "nauc_recall_at_20_diff1": -0.060959,
        "nauc_recall_at_100_max": 0.357974,
        "nauc_recall_at_100_std": 0.722475,
        "nauc_recall_at_100_diff1": 0.868908,
        "nauc_recall_at_1000_max": NaN,
        "nauc_recall_at_1000_std": NaN,
        "nauc_recall_at_1000_diff1": NaN,
        "nauc_precision_at_1_max": 0.092125,
        "nauc_precision_at_1_std": 0.086657,
        "nauc_precision_at_1_diff1": 0.076787,
        "nauc_precision_at_3_max": 0.21636,
        "nauc_precision_at_3_std": 0.14999,
        "nauc_precision_at_3_diff1": -0.05675,
        "nauc_precision_at_5_max": 0.279808,
        "nauc_precision_at_5_std": 0.243765,
        "nauc_precision_at_5_diff1": 0.045022,
        "nauc_precision_at_10_max": 0.155435,
        "nauc_precision_at_10_std": 0.085851,
        "nauc_precision_at_10_diff1": 0.055986,
        "nauc_precision_at_20_max": 0.20514,
        "nauc_precision_at_20_std": 0.242099,
        "nauc_precision_at_20_diff1": -0.060959,
        "nauc_precision_at_100_max": 0.357974,
        "nauc_precision_at_100_std": 0.722475,
        "nauc_precision_at_100_diff1": 0.868908,
        "nauc_precision_at_1000_max": 1.0,
        "nauc_precision_at_1000_std": 1.0,
        "nauc_precision_at_1000_diff1": 1.0,
        "nauc_mrr_at_1_max": 0.092125,
        "nauc_mrr_at_1_std": 0.086657,
        "nauc_mrr_at_1_diff1": 0.076787,
        "nauc_mrr_at_3_max": 0.16975,
        "nauc_mrr_at_3_std": 0.130805,
        "nauc_mrr_at_3_diff1": 0.030567,
        "nauc_mrr_at_5_max": 0.185884,
        "nauc_mrr_at_5_std": 0.154939,
        "nauc_mrr_at_5_diff1": 0.056725,
        "nauc_mrr_at_10_max": 0.169167,
        "nauc_mrr_at_10_std": 0.133717,
        "nauc_mrr_at_10_diff1": 0.059911,
        "nauc_mrr_at_20_max": 0.172202,
        "nauc_mrr_at_20_std": 0.14337,
        "nauc_mrr_at_20_diff1": 0.05473,
        "nauc_mrr_at_100_max": 0.171842,
        "nauc_mrr_at_100_std": 0.142652,
        "nauc_mrr_at_100_diff1": 0.057908,
        "nauc_mrr_at_1000_max": 0.171794,
        "nauc_mrr_at_1000_std": 0.142503,
        "nauc_mrr_at_1000_diff1": 0.057701,
        "hit_rate_at_1": 0.20513,
        "hit_rate_at_3": 0.45299,
        "hit_rate_at_5": 0.52137,
        "hit_rate_at_10": 0.62393,
        "hit_rate_at_20": 0.76068,
        "hit_rate_at_100": 0.99145,
        "hit_rate_at_1000": 1.0,
        "main_score": 0.40853,
        "hf_subset": "default",
        "languages": [
          "eng-Latn"
        ]
      }
    ]
  },
  "evaluation_time": 22.953838348388672,
  "kg_co2_emissions": null,
  "date": null
}