{
  "dataset_revision": "0c063eb9b2f3085bbbc48f8d51f21a179254187e",
  "task_name": "BillSumUS",
  "mteb_version": "2.12.20",
  "scores": {
    "test": [
      {
        "ndcg_at_1": 0.994,
        "ndcg_at_3": 0.99652,
        "ndcg_at_5": 0.99739,
        "ndcg_at_10": 0.99739,
        "ndcg_at_20": 0.99739,
        "ndcg_at_100": 0.99739,
        "ndcg_at_1000": 0.99739,
        "map_at_1": 0.994,
        "map_at_3": 0.996,
        "map_at_5": 0.9965,
        "map_at_10": 0.9965,
        "map_at_20": 0.9965,
        "map_at_100": 0.9965,
        "map_at_1000": 0.9965,
        "recall_at_1": 0.994,
        "recall_at_3": 0.998,
        "recall_at_5": 1.0,
        "recall_at_10": 1.0,
        "recall_at_20": 1.0,
        "recall_at_100": 1.0,
        "recall_at_1000": 1.0,
        "accuracy": 0.994,
        "precision_at_1": 0.994,
        "precision_at_3": 0.33267,
        "precision_at_5": 0.2,
        "precision_at_10": 0.1,
        "precision_at_20": 0.05,
        "precision_at_100": 0.01,
        "precision_at_1000": 0.001,
        "mrr_at_1": 0.994,
        "mrr_at_3": 0.996,
        "mrr_at_5": 0.9965,
        "mrr_at_10": 0.9965,
        "mrr_at_20": 0.9965,
        "mrr_at_100": 0.9965,
        "mrr_at_1000": 0.9965,
        "nauc_ndcg_at_1_max": 0.282758,
        "nauc_ndcg_at_1_std": -0.298319,
        "nauc_ndcg_at_1_diff1": 0.956427,
        "nauc_ndcg_at_3_max": 0.54311,
        "nauc_ndcg_at_3_std": -0.821623,
        "nauc_ndcg_at_3_diff1": 0.924794,
        "nauc_ndcg_at_5_max": 0.392612,
        "nauc_ndcg_at_5_std": -0.519124,
        "nauc_ndcg_at_5_diff1": 0.94308,
        "nauc_ndcg_at_10_max": 0.392612,
        "nauc_ndcg_at_10_std": -0.519124,
        "nauc_ndcg_at_10_diff1": 0.94308,
        "nauc_ndcg_at_20_max": 0.392612,
        "nauc_ndcg_at_20_std": -0.519124,
        "nauc_ndcg_at_20_diff1": 0.94308,
        "nauc_ndcg_at_100_max": 0.392612,
        "nauc_ndcg_at_100_std": -0.519124,
        "nauc_ndcg_at_100_diff1": 0.94308,
        "nauc_ndcg_at_1000_max": 0.392612,
        "nauc_ndcg_at_1000_std": -0.519124,
        "nauc_ndcg_at_1000_diff1": 0.94308,
        "nauc_map_at_1_max": 0.282758,
        "nauc_map_at_1_std": -0.298319,
        "nauc_map_at_1_diff1": 0.956427,
        "nauc_map_at_3_max": 0.462068,
        "nauc_map_at_3_std": -0.65873,
        "nauc_map_at_3_diff1": 0.934641,
        "nauc_map_at_5_max": 0.385221,
        "nauc_map_at_5_std": -0.504268,
        "nauc_map_at_5_diff1": 0.943978,
        "nauc_map_at_10_max": 0.385221,
        "nauc_map_at_10_std": -0.504268,
        "nauc_map_at_10_diff1": 0.943978,
        "nauc_map_at_20_max": 0.385221,
        "nauc_map_at_20_std": -0.504268,
        "nauc_map_at_20_diff1": 0.943978,
        "nauc_map_at_100_max": 0.385221,
        "nauc_map_at_100_std": -0.504268,
        "nauc_map_at_100_diff1": 0.943978,
        "nauc_map_at_1000_max": 0.385221,
        "nauc_map_at_1000_std": -0.504268,
        "nauc_map_at_1000_diff1": 0.943978,
        "nauc_recall_at_1_max": 0.282758,
        "nauc_recall_at_1_std": -0.298319,
        "nauc_recall_at_1_diff1": 0.956427,
        "nauc_recall_at_3_max": 1.0,
        "nauc_recall_at_3_std": -1.739963,
        "nauc_recall_at_3_diff1": 0.869281,
        "nauc_recall_at_5_max": NaN,
        "nauc_recall_at_5_std": NaN,
        "nauc_recall_at_5_diff1": NaN,
        "nauc_recall_at_10_max": NaN,
        "nauc_recall_at_10_std": NaN,
        "nauc_recall_at_10_diff1": NaN,
        "nauc_recall_at_20_max": NaN,
        "nauc_recall_at_20_std": NaN,
        "nauc_recall_at_20_diff1": NaN,
        "nauc_recall_at_100_max": NaN,
        "nauc_recall_at_100_std": NaN,
        "nauc_recall_at_100_diff1": NaN,
        "nauc_recall_at_1000_max": NaN,
        "nauc_recall_at_1000_std": NaN,
        "nauc_recall_at_1000_diff1": NaN,
        "nauc_precision_at_1_max": 0.282758,
        "nauc_precision_at_1_std": -0.298319,
        "nauc_precision_at_1_diff1": 0.956427,
        "nauc_precision_at_3_max": 1.0,
        "nauc_precision_at_3_std": -1.739963,
        "nauc_precision_at_3_diff1": 0.869281,
        "nauc_precision_at_5_max": 1.0,
        "nauc_precision_at_5_std": 1.0,
        "nauc_precision_at_5_diff1": 1.0,
        "nauc_precision_at_10_max": 1.0,
        "nauc_precision_at_10_std": 1.0,
        "nauc_precision_at_10_diff1": 1.0,
        "nauc_precision_at_20_max": 1.0,
        "nauc_precision_at_20_std": 1.0,
        "nauc_precision_at_20_diff1": 1.0,
        "nauc_precision_at_100_max": 1.0,
        "nauc_precision_at_100_std": 1.0,
        "nauc_precision_at_100_diff1": 1.0,
        "nauc_precision_at_1000_max": 1.0,
        "nauc_precision_at_1000_std": 1.0,
        "nauc_precision_at_1000_diff1": 1.0,
        "nauc_mrr_at_1_max": 0.282758,
        "nauc_mrr_at_1_std": -0.298319,
        "nauc_mrr_at_1_diff1": 0.956427,
        "nauc_mrr_at_3_max": 0.462068,
        "nauc_mrr_at_3_std": -0.65873,
        "nauc_mrr_at_3_diff1": 0.934641,
        "nauc_mrr_at_5_max": 0.385221,
        "nauc_mrr_at_5_std": -0.504268,
        "nauc_mrr_at_5_diff1": 0.943978,
        "nauc_mrr_at_10_max": 0.385221,
        "nauc_mrr_at_10_std": -0.504268,
        "nauc_mrr_at_10_diff1": 0.943978,
        "nauc_mrr_at_20_max": 0.385221,
        "nauc_mrr_at_20_std": -0.504268,
        "nauc_mrr_at_20_diff1": 0.943978,
        "nauc_mrr_at_100_max": 0.385221,
        "nauc_mrr_at_100_std": -0.504268,
        "nauc_mrr_at_100_diff1": 0.943978,
        "nauc_mrr_at_1000_max": 0.385221,
        "nauc_mrr_at_1000_std": -0.504268,
        "nauc_mrr_at_1000_diff1": 0.943978,
        "hit_rate_at_1": 0.994,
        "hit_rate_at_3": 0.998,
        "hit_rate_at_5": 1.0,
        "hit_rate_at_10": 1.0,
        "hit_rate_at_20": 1.0,
        "hit_rate_at_100": 1.0,
        "hit_rate_at_1000": 1.0,
        "main_score": 0.99739,
        "hf_subset": "default",
        "languages": [
          "eng-Latn"
        ]
      }
    ]
  },
  "evaluation_time": 39.441978931427,
  "kg_co2_emissions": null,
  "date": null
}