{
  "dataset_revision": "5d958fb6b31055495347724d46431ba41309b03a",
  "task_name": "ChemNQRetrieval",
  "mteb_version": "2.12.20",
  "scores": {
    "test": [
      {
        "ndcg_at_1": 0.37037,
        "ndcg_at_3": 0.45864,
        "ndcg_at_5": 0.57066,
        "ndcg_at_10": 0.58246,
        "ndcg_at_20": 0.60399,
        "ndcg_at_100": 0.62109,
        "ndcg_at_1000": 0.62629,
        "map_at_1": 0.31481,
        "map_at_3": 0.42387,
        "map_at_5": 0.49424,
        "map_at_10": 0.50069,
        "map_at_20": 0.50777,
        "map_at_100": 0.51053,
        "map_at_1000": 0.51079,
        "recall_at_1": 0.31481,
        "recall_at_3": 0.51235,
        "recall_at_5": 0.7716,
        "recall_at_10": 0.80247,
        "recall_at_20": 0.87654,
        "recall_at_100": 0.96296,
        "recall_at_1000": 1.0,
        "accuracy": 0.31481,
        "precision_at_1": 0.37037,
        "precision_at_3": 0.22222,
        "precision_at_5": 0.19259,
        "precision_at_10": 0.1037,
        "precision_at_20": 0.05741,
        "precision_at_100": 0.01259,
        "precision_at_1000": 0.0013,
        "mrr_at_1": 0.37037,
        "mrr_at_3": 0.469136,
        "mrr_at_5": 0.520988,
        "mrr_at_10": 0.520988,
        "mrr_at_20": 0.526669,
        "mrr_at_100": 0.52862,
        "mrr_at_1000": 0.528887,
        "nauc_ndcg_at_1_max": 0.28017,
        "nauc_ndcg_at_1_std": 0.050115,
        "nauc_ndcg_at_1_diff1": 0.420145,
        "nauc_ndcg_at_3_max": 0.203745,
        "nauc_ndcg_at_3_std": -0.073002,
        "nauc_ndcg_at_3_diff1": 0.369971,
        "nauc_ndcg_at_5_max": 0.2437,
        "nauc_ndcg_at_5_std": -0.121457,
        "nauc_ndcg_at_5_diff1": 0.419873,
        "nauc_ndcg_at_10_max": 0.280723,
        "nauc_ndcg_at_10_std": -0.096511,
        "nauc_ndcg_at_10_diff1": 0.44685,
        "nauc_ndcg_at_20_max": 0.359062,
        "nauc_ndcg_at_20_std": -0.03254,
        "nauc_ndcg_at_20_diff1": 0.474934,
        "nauc_ndcg_at_100_max": 0.328102,
        "nauc_ndcg_at_100_std": -0.015375,
        "nauc_ndcg_at_100_diff1": 0.447613,
        "nauc_ndcg_at_1000_max": 0.313488,
        "nauc_ndcg_at_1000_std": -0.027805,
        "nauc_ndcg_at_1000_diff1": 0.438477,
        "nauc_map_at_1_max": 0.208276,
        "nauc_map_at_1_std": 0.064306,
        "nauc_map_at_1_diff1": 0.306587,
        "nauc_map_at_3_max": 0.188579,
        "nauc_map_at_3_std": -0.06638,
        "nauc_map_at_3_diff1": 0.351185,
        "nauc_map_at_5_max": 0.218778,
        "nauc_map_at_5_std": -0.085971,
        "nauc_map_at_5_diff1": 0.385699,
        "nauc_map_at_10_max": 0.237304,
        "nauc_map_at_10_std": -0.072916,
        "nauc_map_at_10_diff1": 0.39926,
        "nauc_map_at_20_max": 0.263856,
        "nauc_map_at_20_std": -0.049853,
        "nauc_map_at_20_diff1": 0.407366,
        "nauc_map_at_100_max": 0.259503,
        "nauc_map_at_100_std": -0.048442,
        "nauc_map_at_100_diff1": 0.40276,
        "nauc_map_at_1000_max": 0.258848,
        "nauc_map_at_1000_std": -0.048977,
        "nauc_map_at_1000_diff1": 0.402349,
        "nauc_recall_at_1_max": 0.208276,
        "nauc_recall_at_1_std": 0.064306,
        "nauc_recall_at_1_diff1": 0.306587,
        "nauc_recall_at_3_max": 0.142868,
        "nauc_recall_at_3_std": -0.159739,
        "nauc_recall_at_3_diff1": 0.328795,
        "nauc_recall_at_5_max": 0.195539,
        "nauc_recall_at_5_std": -0.376472,
        "nauc_recall_at_5_diff1": 0.430843,
        "nauc_recall_at_10_max": 0.369829,
        "nauc_recall_at_10_std": -0.308286,
        "nauc_recall_at_10_diff1": 0.590599,
        "nauc_recall_at_20_max": 0.867829,
        "nauc_recall_at_20_std": -0.046933,
        "nauc_recall_at_20_diff1": 0.838212,
        "nauc_recall_at_100_max": 1.0,
        "nauc_recall_at_100_std": 0.556079,
        "nauc_recall_at_100_diff1": 0.867647,
        "nauc_recall_at_1000_max": NaN,
        "nauc_recall_at_1000_std": NaN,
        "nauc_recall_at_1000_diff1": NaN,
        "nauc_precision_at_1_max": 0.28017,
        "nauc_precision_at_1_std": 0.050115,
        "nauc_precision_at_1_diff1": 0.420145,
        "nauc_precision_at_3_max": 0.180265,
        "nauc_precision_at_3_std": -0.177562,
        "nauc_precision_at_3_diff1": 0.365935,
        "nauc_precision_at_5_max": 0.207865,
        "nauc_precision_at_5_std": -0.227356,
        "nauc_precision_at_5_diff1": 0.376889,
        "nauc_precision_at_10_max": 0.285918,
        "nauc_precision_at_10_std": -0.111434,
        "nauc_precision_at_10_diff1": 0.382011,
        "nauc_precision_at_20_max": 0.547856,
        "nauc_precision_at_20_std": 0.142327,
        "nauc_precision_at_20_diff1": 0.419192,
        "nauc_precision_at_100_max": 0.378537,
        "nauc_precision_at_100_std": 0.200741,
        "nauc_precision_at_100_diff1": 0.206691,
        "nauc_precision_at_1000_max": 0.319408,
        "nauc_precision_at_1000_std": 0.166932,
        "nauc_precision_at_1000_diff1": 0.143805,
        "nauc_mrr_at_1_max": 0.28017,
        "nauc_mrr_at_1_std": 0.050115,
        "nauc_mrr_at_1_diff1": 0.420145,
        "nauc_mrr_at_3_max": 0.296715,
        "nauc_mrr_at_3_std": 0.007644,
        "nauc_mrr_at_3_diff1": 0.448933,
        "nauc_mrr_at_5_max": 0.314211,
        "nauc_mrr_at_5_std": -0.017231,
        "nauc_mrr_at_5_diff1": 0.464917,
        "nauc_mrr_at_10_max": 0.314211,
        "nauc_mrr_at_10_std": -0.017231,
        "nauc_mrr_at_10_diff1": 0.464917,
        "nauc_mrr_at_20_max": 0.332982,
        "nauc_mrr_at_20_std": -0.001042,
        "nauc_mrr_at_20_diff1": 0.471657,
        "nauc_mrr_at_100_max": 0.32954,
        "nauc_mrr_at_100_std": 0.001072,
        "nauc_mrr_at_100_diff1": 0.469363,
        "nauc_mrr_at_1000_max": 0.32895,
        "nauc_mrr_at_1000_std": 0.000583,
        "nauc_mrr_at_1000_diff1": 0.469013,
        "hit_rate_at_1": 0.37037,
        "hit_rate_at_3": 0.59259,
        "hit_rate_at_5": 0.81481,
        "hit_rate_at_10": 0.81481,
        "hit_rate_at_20": 0.88889,
        "hit_rate_at_100": 0.96296,
        "hit_rate_at_1000": 1.0,
        "main_score": 0.58246,
        "hf_subset": "default",
        "languages": [
          "eng-Latn"
        ]
      }
    ]
  },
  "evaluation_time": 52.008057594299316,
  "kg_co2_emissions": null,
  "date": null
}