{
  "dataset_revision": "4ffe81d471b1924886b33c7567bfb200e9eec5c4",
  "task_name": "CQADupstackWordpressRetrieval",
  "mteb_version": "2.12.20",
  "scores": {
    "test": [
      {
        "ndcg_at_1": 0.28281,
        "ndcg_at_3": 0.33618,
        "ndcg_at_5": 0.36819,
        "ndcg_at_10": 0.40196,
        "ndcg_at_20": 0.42364,
        "ndcg_at_100": 0.45562,
        "ndcg_at_1000": 0.47679,
        "map_at_1": 0.25977,
        "map_at_3": 0.31223,
        "map_at_5": 0.33187,
        "map_at_10": 0.3467,
        "map_at_20": 0.35341,
        "map_at_100": 0.35831,
        "map_at_1000": 0.35926,
        "recall_at_1": 0.25977,
        "recall_at_3": 0.3788,
        "recall_at_5": 0.45465,
        "recall_at_10": 0.55259,
        "recall_at_20": 0.63281,
        "recall_at_100": 0.79172,
        "recall_at_1000": 0.947,
        "accuracy": 0.25977,
        "precision_at_1": 0.28281,
        "precision_at_3": 0.13986,
        "precision_at_5": 0.10277,
        "precision_at_10": 0.06396,
        "precision_at_20": 0.03715,
        "precision_at_100": 0.00983,
        "precision_at_1000": 0.00128,
        "mrr_at_1": 0.28281,
        "mrr_at_3": 0.337646,
        "mrr_at_5": 0.35382,
        "mrr_at_10": 0.36803,
        "mrr_at_20": 0.373714,
        "mrr_at_100": 0.377857,
        "mrr_at_1000": 0.37843,
        "nauc_ndcg_at_1_max": 0.374911,
        "nauc_ndcg_at_1_std": -0.014438,
        "nauc_ndcg_at_1_diff1": 0.454533,
        "nauc_ndcg_at_3_max": 0.335455,
        "nauc_ndcg_at_3_std": -0.017022,
        "nauc_ndcg_at_3_diff1": 0.390649,
        "nauc_ndcg_at_5_max": 0.33616,
        "nauc_ndcg_at_5_std": -0.012252,
        "nauc_ndcg_at_5_diff1": 0.403588,
        "nauc_ndcg_at_10_max": 0.332489,
        "nauc_ndcg_at_10_std": -0.003586,
        "nauc_ndcg_at_10_diff1": 0.408287,
        "nauc_ndcg_at_20_max": 0.344778,
        "nauc_ndcg_at_20_std": 0.002948,
        "nauc_ndcg_at_20_diff1": 0.405121,
        "nauc_ndcg_at_100_max": 0.343175,
        "nauc_ndcg_at_100_std": 0.027798,
        "nauc_ndcg_at_100_diff1": 0.400694,
        "nauc_ndcg_at_1000_max": 0.34594,
        "nauc_ndcg_at_1000_std": 0.024463,
        "nauc_ndcg_at_1000_diff1": 0.403039,
        "nauc_map_at_1_max": 0.341347,
        "nauc_map_at_1_std": -0.024088,
        "nauc_map_at_1_diff1": 0.45,
        "nauc_map_at_3_max": 0.33025,
        "nauc_map_at_3_std": -0.023373,
        "nauc_map_at_3_diff1": 0.404547,
        "nauc_map_at_5_max": 0.337807,
        "nauc_map_at_5_std": -0.018638,
        "nauc_map_at_5_diff1": 0.413954,
        "nauc_map_at_10_max": 0.336852,
        "nauc_map_at_10_std": -0.014965,
        "nauc_map_at_10_diff1": 0.415889,
        "nauc_map_at_20_max": 0.340067,
        "nauc_map_at_20_std": -0.013116,
        "nauc_map_at_20_diff1": 0.414572,
        "nauc_map_at_100_max": 0.340697,
        "nauc_map_at_100_std": -0.00836,
        "nauc_map_at_100_diff1": 0.413311,
        "nauc_map_at_1000_max": 0.340578,
        "nauc_map_at_1000_std": -0.008131,
        "nauc_map_at_1000_diff1": 0.413137,
        "nauc_recall_at_1_max": 0.341347,
        "nauc_recall_at_1_std": -0.024088,
        "nauc_recall_at_1_diff1": 0.45,
        "nauc_recall_at_3_max": 0.307986,
        "nauc_recall_at_3_std": -0.018183,
        "nauc_recall_at_3_diff1": 0.342408,
        "nauc_recall_at_5_max": 0.302227,
        "nauc_recall_at_5_std": -0.006458,
        "nauc_recall_at_5_diff1": 0.369059,
        "nauc_recall_at_10_max": 0.287109,
        "nauc_recall_at_10_std": 0.019967,
        "nauc_recall_at_10_diff1": 0.381011,
        "nauc_recall_at_20_max": 0.331248,
        "nauc_recall_at_20_std": 0.043693,
        "nauc_recall_at_20_diff1": 0.36949,
        "nauc_recall_at_100_max": 0.301815,
        "nauc_recall_at_100_std": 0.235419,
        "nauc_recall_at_100_diff1": 0.340252,
        "nauc_recall_at_1000_max": 0.436361,
        "nauc_recall_at_1000_std": 0.564117,
        "nauc_recall_at_1000_diff1": 0.418532,
        "nauc_precision_at_1_max": 0.374911,
        "nauc_precision_at_1_std": -0.014438,
        "nauc_precision_at_1_diff1": 0.454533,
        "nauc_precision_at_3_max": 0.366375,
        "nauc_precision_at_3_std": 0.006978,
        "nauc_precision_at_3_diff1": 0.350718,
        "nauc_precision_at_5_max": 0.372539,
        "nauc_precision_at_5_std": 0.038452,
        "nauc_precision_at_5_diff1": 0.352814,
        "nauc_precision_at_10_max": 0.351797,
        "nauc_precision_at_10_std": 0.089757,
        "nauc_precision_at_10_diff1": 0.317184,
        "nauc_precision_at_20_max": 0.369874,
        "nauc_precision_at_20_std": 0.122702,
        "nauc_precision_at_20_diff1": 0.26188,
        "nauc_precision_at_100_max": 0.216783,
        "nauc_precision_at_100_std": 0.2892,
        "nauc_precision_at_100_diff1": 0.040769,
        "nauc_precision_at_1000_max": -0.048688,
        "nauc_precision_at_1000_std": 0.272193,
        "nauc_precision_at_1000_diff1": -0.208341,
        "nauc_mrr_at_1_max": 0.374911,
        "nauc_mrr_at_1_std": -0.014438,
        "nauc_mrr_at_1_diff1": 0.454533,
        "nauc_mrr_at_3_max": 0.358112,
        "nauc_mrr_at_3_std": -0.012005,
        "nauc_mrr_at_3_diff1": 0.406214,
        "nauc_mrr_at_5_max": 0.353572,
        "nauc_mrr_at_5_std": -0.008229,
        "nauc_mrr_at_5_diff1": 0.410241,
        "nauc_mrr_at_10_max": 0.350792,
        "nauc_mrr_at_10_std": -0.005504,
        "nauc_mrr_at_10_diff1": 0.412538,
        "nauc_mrr_at_20_max": 0.355487,
        "nauc_mrr_at_20_std": -0.00265,
        "nauc_mrr_at_20_diff1": 0.411792,
        "nauc_mrr_at_100_max": 0.354711,
        "nauc_mrr_at_100_std": -0.000817,
        "nauc_mrr_at_100_diff1": 0.411398,
        "nauc_mrr_at_1000_max": 0.354743,
        "nauc_mrr_at_1000_std": -0.000998,
        "nauc_mrr_at_1000_diff1": 0.411566,
        "hit_rate_at_1": 0.28281,
        "hit_rate_at_3": 0.41035,
        "hit_rate_at_5": 0.48244,
        "hit_rate_at_10": 0.58595,
        "hit_rate_at_20": 0.66543,
        "hit_rate_at_100": 0.8244,
        "hit_rate_at_1000": 0.95749,
        "main_score": 0.40196,
        "hf_subset": "default",
        "languages": [
          "eng-Latn"
        ]
      }
    ]
  },
  "evaluation_time": 354.71410608291626,
  "kg_co2_emissions": null,
  "date": null
}