{
  "dataset_revision": "ff4a8f2476ae77476c1912f1f3cb5bb5f2d766d4",
  "task_name": "LIMITSmallRetrieval",
  "mteb_version": "2.12.16",
  "scores": {
    "test": [
      {
        "ndcg_at_1": 0.135,
        "ndcg_at_2": 0.11914,
        "ndcg_at_3": 0.14704,
        "ndcg_at_5": 0.18862,
        "ndcg_at_10": 0.25117,
        "ndcg_at_20": 0.32194,
        "ndcg_at_100": 0.41253,
        "ndcg_at_1000": 0.41253,
        "map_at_1": 0.0675,
        "map_at_2": 0.0935,
        "map_at_3": 0.1105,
        "map_at_5": 0.13315,
        "map_at_10": 0.16115,
        "map_at_20": 0.18432,
        "map_at_100": 0.20626,
        "map_at_1000": 0.20626,
        "recall_at_1": 0.0675,
        "recall_at_2": 0.1145,
        "recall_at_3": 0.16,
        "recall_at_5": 0.243,
        "recall_at_10": 0.402,
        "recall_at_20": 0.6325,
        "recall_at_100": 1.0,
        "recall_at_1000": 1.0,
        "accuracy": 0.0675,
        "precision_at_1": 0.135,
        "precision_at_2": 0.1145,
        "precision_at_3": 0.10667,
        "precision_at_5": 0.0972,
        "precision_at_10": 0.0804,
        "precision_at_20": 0.06325,
        "precision_at_100": 0.02,
        "precision_at_1000": 0.002,
        "mrr_at_1": 0.135,
        "mrr_at_2": 0.177,
        "mrr_at_3": 0.203667,
        "mrr_at_5": 0.232967,
        "mrr_at_10": 0.26025,
        "mrr_at_20": 0.276088,
        "mrr_at_100": 0.28109,
        "mrr_at_1000": 0.28109,
        "nauc_ndcg_at_1_max": -0.004557,
        "nauc_ndcg_at_1_std": -0.017809,
        "nauc_ndcg_at_1_diff1": 0.10194,
        "nauc_ndcg_at_2_max": -0.019005,
        "nauc_ndcg_at_2_std": -0.020371,
        "nauc_ndcg_at_2_diff1": 0.078678,
        "nauc_ndcg_at_3_max": -0.007974,
        "nauc_ndcg_at_3_std": -0.011706,
        "nauc_ndcg_at_3_diff1": 0.090201,
        "nauc_ndcg_at_5_max": -0.021407,
        "nauc_ndcg_at_5_std": -0.012234,
        "nauc_ndcg_at_5_diff1": 0.072678,
        "nauc_ndcg_at_10_max": -0.035523,
        "nauc_ndcg_at_10_std": 0.014817,
        "nauc_ndcg_at_10_diff1": 0.064127,
        "nauc_ndcg_at_20_max": -0.039136,
        "nauc_ndcg_at_20_std": 0.01197,
        "nauc_ndcg_at_20_diff1": 0.057387,
        "nauc_ndcg_at_100_max": -0.029657,
        "nauc_ndcg_at_100_std": -0.000565,
        "nauc_ndcg_at_100_diff1": 0.070669,
        "nauc_ndcg_at_1000_max": -0.029657,
        "nauc_ndcg_at_1000_std": -0.000565,
        "nauc_ndcg_at_1000_diff1": 0.070669,
        "nauc_map_at_1_max": -0.004557,
        "nauc_map_at_1_std": -0.017809,
        "nauc_map_at_1_diff1": 0.10194,
        "nauc_map_at_2_max": -0.018692,
        "nauc_map_at_2_std": -0.020313,
        "nauc_map_at_2_diff1": 0.084071,
        "nauc_map_at_3_max": -0.010497,
        "nauc_map_at_3_std": -0.014289,
        "nauc_map_at_3_diff1": 0.09224,
        "nauc_map_at_5_max": -0.018008,
        "nauc_map_at_5_std": -0.008206,
        "nauc_map_at_5_diff1": 0.081261,
        "nauc_map_at_10_max": -0.02931,
        "nauc_map_at_10_std": 0.010249,
        "nauc_map_at_10_diff1": 0.07164,
        "nauc_map_at_20_max": -0.029329,
        "nauc_map_at_20_std": 0.007176,
        "nauc_map_at_20_diff1": 0.070949,
        "nauc_map_at_100_max": -0.02868,
        "nauc_map_at_100_std": 0.004103,
        "nauc_map_at_100_diff1": 0.072339,
        "nauc_map_at_1000_max": -0.02868,
        "nauc_map_at_1000_std": 0.004103,
        "nauc_map_at_1000_diff1": 0.072339,
        "nauc_recall_at_1_max": -0.004557,
        "nauc_recall_at_1_std": -0.017809,
        "nauc_recall_at_1_diff1": 0.10194,
        "nauc_recall_at_2_max": -0.024713,
        "nauc_recall_at_2_std": -0.021383,
        "nauc_recall_at_2_diff1": 0.069486,
        "nauc_recall_at_3_max": -0.0057,
        "nauc_recall_at_3_std": -0.007001,
        "nauc_recall_at_3_diff1": 0.089331,
        "nauc_recall_at_5_max": -0.031395,
        "nauc_recall_at_5_std": -0.010078,
        "nauc_recall_at_5_diff1": 0.054592,
        "nauc_recall_at_10_max": -0.055533,
        "nauc_recall_at_10_std": 0.043225,
        "nauc_recall_at_10_diff1": 0.035944,
        "nauc_recall_at_20_max": -0.061448,
        "nauc_recall_at_20_std": 0.041167,
        "nauc_recall_at_20_diff1": 0.009236,
        "nauc_recall_at_100_max": NaN,
        "nauc_recall_at_100_std": NaN,
        "nauc_recall_at_100_diff1": NaN,
        "nauc_recall_at_1000_max": NaN,
        "nauc_recall_at_1000_std": NaN,
        "nauc_recall_at_1000_diff1": NaN,
        "nauc_precision_at_1_max": -0.004557,
        "nauc_precision_at_1_std": -0.017809,
        "nauc_precision_at_1_diff1": 0.10194,
        "nauc_precision_at_2_max": -0.024713,
        "nauc_precision_at_2_std": -0.021383,
        "nauc_precision_at_2_diff1": 0.069486,
        "nauc_precision_at_3_max": -0.0057,
        "nauc_precision_at_3_std": -0.007001,
        "nauc_precision_at_3_diff1": 0.089331,
        "nauc_precision_at_5_max": -0.031395,
        "nauc_precision_at_5_std": -0.010078,
        "nauc_precision_at_5_diff1": 0.054592,
        "nauc_precision_at_10_max": -0.055533,
        "nauc_precision_at_10_std": 0.043225,
        "nauc_precision_at_10_diff1": 0.035944,
        "nauc_precision_at_20_max": -0.061448,
        "nauc_precision_at_20_std": 0.041167,
        "nauc_precision_at_20_diff1": 0.009236,
        "nauc_precision_at_100_max": 1.0,
        "nauc_precision_at_100_std": 1.0,
        "nauc_precision_at_100_diff1": 1.0,
        "nauc_precision_at_1000_max": NaN,
        "nauc_precision_at_1000_std": NaN,
        "nauc_precision_at_1000_diff1": NaN,
        "nauc_mrr_at_1_max": -0.004557,
        "nauc_mrr_at_1_std": -0.017809,
        "nauc_mrr_at_1_diff1": 0.10194,
        "nauc_mrr_at_2_max": -0.01434,
        "nauc_mrr_at_2_std": -0.019546,
        "nauc_mrr_at_2_diff1": 0.080967,
        "nauc_mrr_at_3_max": -0.006917,
        "nauc_mrr_at_3_std": -0.013083,
        "nauc_mrr_at_3_diff1": 0.088816,
        "nauc_mrr_at_5_max": -0.014803,
        "nauc_mrr_at_5_std": -0.019445,
        "nauc_mrr_at_5_diff1": 0.079021,
        "nauc_mrr_at_10_max": -0.0159,
        "nauc_mrr_at_10_std": -0.013544,
        "nauc_mrr_at_10_diff1": 0.080878,
        "nauc_mrr_at_20_max": -0.019322,
        "nauc_mrr_at_20_std": -0.014372,
        "nauc_mrr_at_20_diff1": 0.078412,
        "nauc_mrr_at_100_max": -0.017443,
        "nauc_mrr_at_100_std": -0.015309,
        "nauc_mrr_at_100_diff1": 0.080612,
        "nauc_mrr_at_1000_max": -0.017443,
        "nauc_mrr_at_1000_std": -0.015309,
        "nauc_mrr_at_1000_diff1": 0.080612,
        "hit_rate_at_1": 0.135,
        "hit_rate_at_2": 0.219,
        "hit_rate_at_3": 0.299,
        "hit_rate_at_5": 0.429,
        "hit_rate_at_10": 0.636,
        "hit_rate_at_20": 0.868,
        "hit_rate_at_100": 1.0,
        "hit_rate_at_1000": 1.0,
        "main_score": 0.1145,
        "hf_subset": "default",
        "languages": [
          "eng-Latn"
        ]
      }
    ]
  },
  "evaluation_time": 6.824231386184692,
  "kg_co2_emissions": null,
  "date": null
}