{
  "dataset_revision": "67c0b4f7f15946e0b15cf6cf3b8993d04cb3efc6",
  "task_name": "MSMARCOHardNegatives",
  "mteb_version": "2.12.16",
  "scores": {
    "test": [
      {
        "ndcg_at_1": 0.62791,
        "ndcg_at_3": 0.65878,
        "ndcg_at_5": 0.65813,
        "ndcg_at_10": 0.65342,
        "ndcg_at_20": 0.64491,
        "ndcg_at_100": 0.69716,
        "ndcg_at_1000": 0.81509,
        "map_at_1": 0.02166,
        "map_at_3": 0.05264,
        "map_at_5": 0.08002,
        "map_at_10": 0.13499,
        "map_at_20": 0.21134,
        "map_at_100": 0.4479,
        "map_at_1000": 0.63162,
        "recall_at_1": 0.02166,
        "recall_at_3": 0.05491,
        "recall_at_5": 0.08707,
        "recall_at_10": 0.15691,
        "recall_at_20": 0.25913,
        "recall_at_100": 0.641,
        "recall_at_1000": 0.96693,
        "accuracy": 0.02166,
        "precision_at_1": 0.88372,
        "precision_at_3": 0.85271,
        "precision_at_5": 0.82791,
        "precision_at_10": 0.76744,
        "precision_at_20": 0.69419,
        "precision_at_100": 0.47907,
        "precision_at_1000": 0.09277,
        "mrr_at_1": 0.883721,
        "mrr_at_3": 0.922481,
        "mrr_at_5": 0.922481,
        "mrr_at_10": 0.922481,
        "mrr_at_20": 0.924595,
        "mrr_at_100": 0.924595,
        "mrr_at_1000": 0.924595,
        "nauc_ndcg_at_1_max": 0.122678,
        "nauc_ndcg_at_1_std": 0.094779,
        "nauc_ndcg_at_1_diff1": -0.03328,
        "nauc_ndcg_at_3_max": 0.229462,
        "nauc_ndcg_at_3_std": 0.155264,
        "nauc_ndcg_at_3_diff1": -0.084716,
        "nauc_ndcg_at_5_max": 0.2957,
        "nauc_ndcg_at_5_std": 0.196408,
        "nauc_ndcg_at_5_diff1": -0.035537,
        "nauc_ndcg_at_10_max": 0.310811,
        "nauc_ndcg_at_10_std": 0.239457,
        "nauc_ndcg_at_10_diff1": -0.07215,
        "nauc_ndcg_at_20_max": 0.287407,
        "nauc_ndcg_at_20_std": 0.247336,
        "nauc_ndcg_at_20_diff1": -0.221211,
        "nauc_ndcg_at_100_max": 0.366079,
        "nauc_ndcg_at_100_std": 0.381559,
        "nauc_ndcg_at_100_diff1": -0.314944,
        "nauc_ndcg_at_1000_max": 0.496008,
        "nauc_ndcg_at_1000_std": 0.614605,
        "nauc_ndcg_at_1000_diff1": -0.267671,
        "nauc_map_at_1_max": -0.288345,
        "nauc_map_at_1_std": -0.438543,
        "nauc_map_at_1_diff1": -0.22121,
        "nauc_map_at_3_max": -0.150846,
        "nauc_map_at_3_std": -0.393368,
        "nauc_map_at_3_diff1": -0.101949,
        "nauc_map_at_5_max": -0.092268,
        "nauc_map_at_5_std": -0.358513,
        "nauc_map_at_5_diff1": -0.093637,
        "nauc_map_at_10_max": -0.017927,
        "nauc_map_at_10_std": -0.316774,
        "nauc_map_at_10_diff1": -0.075716,
        "nauc_map_at_20_max": 0.056432,
        "nauc_map_at_20_std": -0.27497,
        "nauc_map_at_20_diff1": -0.11083,
        "nauc_map_at_100_max": 0.317505,
        "nauc_map_at_100_std": 0.080477,
        "nauc_map_at_100_diff1": -0.16019,
        "nauc_map_at_1000_max": 0.375829,
        "nauc_map_at_1000_std": 0.617423,
        "nauc_map_at_1000_diff1": -0.222387,
        "nauc_recall_at_1_max": -0.288345,
        "nauc_recall_at_1_std": -0.438543,
        "nauc_recall_at_1_diff1": -0.22121,
        "nauc_recall_at_3_max": -0.16353,
        "nauc_recall_at_3_std": -0.41899,
        "nauc_recall_at_3_diff1": -0.116484,
        "nauc_recall_at_5_max": -0.124937,
        "nauc_recall_at_5_std": -0.389978,
        "nauc_recall_at_5_diff1": -0.13194,
        "nauc_recall_at_10_max": -0.094821,
        "nauc_recall_at_10_std": -0.382069,
        "nauc_recall_at_10_diff1": -0.134722,
        "nauc_recall_at_20_max": -0.054711,
        "nauc_recall_at_20_std": -0.362872,
        "nauc_recall_at_20_diff1": -0.150317,
        "nauc_recall_at_100_max": 0.140348,
        "nauc_recall_at_100_std": -0.188724,
        "nauc_recall_at_100_diff1": -0.079853,
        "nauc_recall_at_1000_max": 0.894443,
        "nauc_recall_at_1000_std": 0.98823,
        "nauc_recall_at_1000_diff1": -0.624257,
        "nauc_precision_at_1_max": 0.148336,
        "nauc_precision_at_1_std": 0.159498,
        "nauc_precision_at_1_diff1": -0.063911,
        "nauc_precision_at_3_max": 0.422022,
        "nauc_precision_at_3_std": 0.347552,
        "nauc_precision_at_3_diff1": -0.080076,
        "nauc_precision_at_5_max": 0.542147,
        "nauc_precision_at_5_std": 0.491705,
        "nauc_precision_at_5_diff1": -0.034438,
        "nauc_precision_at_10_max": 0.426996,
        "nauc_precision_at_10_std": 0.471475,
        "nauc_precision_at_10_diff1": -0.132846,
        "nauc_precision_at_20_max": 0.349437,
        "nauc_precision_at_20_std": 0.506585,
        "nauc_precision_at_20_diff1": -0.221541,
        "nauc_precision_at_100_max": 0.240261,
        "nauc_precision_at_100_std": 0.623359,
        "nauc_precision_at_100_diff1": -0.092849,
        "nauc_precision_at_1000_max": 0.119772,
        "nauc_precision_at_1000_std": 0.581804,
        "nauc_precision_at_1000_diff1": -0.095033,
        "nauc_mrr_at_1_max": 0.148336,
        "nauc_mrr_at_1_std": 0.159498,
        "nauc_mrr_at_1_diff1": -0.063911,
        "nauc_mrr_at_3_max": 0.156926,
        "nauc_mrr_at_3_std": 0.187858,
        "nauc_mrr_at_3_diff1": -0.289827,
        "nauc_mrr_at_5_max": 0.156926,
        "nauc_mrr_at_5_std": 0.187858,
        "nauc_mrr_at_5_diff1": -0.289827,
        "nauc_mrr_at_10_max": 0.156926,
        "nauc_mrr_at_10_std": 0.187858,
        "nauc_mrr_at_10_diff1": -0.289827,
        "nauc_mrr_at_20_max": 0.136517,
        "nauc_mrr_at_20_std": 0.164623,
        "nauc_mrr_at_20_diff1": -0.247658,
        "nauc_mrr_at_100_max": 0.136517,
        "nauc_mrr_at_100_std": 0.164623,
        "nauc_mrr_at_100_diff1": -0.247658,
        "nauc_mrr_at_1000_max": 0.136517,
        "nauc_mrr_at_1000_std": 0.164623,
        "nauc_mrr_at_1000_diff1": -0.247658,
        "hit_rate_at_1": 0.88372,
        "hit_rate_at_3": 0.97674,
        "hit_rate_at_5": 0.97674,
        "hit_rate_at_10": 0.97674,
        "hit_rate_at_20": 1.0,
        "hit_rate_at_100": 1.0,
        "hit_rate_at_1000": 1.0,
        "main_score": 0.65342,
        "hf_subset": "default",
        "languages": [
          "eng-Latn"
        ]
      }
    ]
  },
  "evaluation_time": 256.0699849128723,
  "kg_co2_emissions": null,
  "date": null
}