{
  "dataset_revision": "local",
  "task_name": "MultiEupV2LV",
  "mteb_version": "2.12.30",
  "scores": {
    "test": [
      {
        "ndcg_at_1": 0.38961,
        "ndcg_at_3": 0.4325,
        "ndcg_at_5": 0.46777,
        "ndcg_at_10": 0.50414,
        "ndcg_at_20": 0.52403,
        "ndcg_at_100": 0.56052,
        "ndcg_at_1000": 0.57195,
        "map_at_1": 0.3671,
        "map_at_3": 0.41418,
        "map_at_5": 0.43409,
        "map_at_10": 0.45054,
        "map_at_20": 0.45591,
        "map_at_100": 0.4614,
        "map_at_1000": 0.4621,
        "recall_at_1": 0.3671,
        "recall_at_3": 0.4645,
        "recall_at_5": 0.55108,
        "recall_at_10": 0.65628,
        "recall_at_20": 0.7355,
        "recall_at_100": 0.92316,
        "recall_at_1000": 1.0,
        "accuracy": 0.3671,
        "precision_at_1": 0.38961,
        "precision_at_3": 0.1645,
        "precision_at_5": 0.11688,
        "precision_at_10": 0.07208,
        "precision_at_20": 0.04026,
        "precision_at_100": 0.01052,
        "precision_at_1000": 0.00114,
        "mrr_at_1": 0.38961,
        "mrr_at_3": 0.435065,
        "mrr_at_5": 0.455844,
        "mrr_at_10": 0.469594,
        "mrr_at_20": 0.47471,
        "mrr_at_100": 0.478921,
        "mrr_at_1000": 0.479499,
        "nauc_ndcg_at_1_max": 0.548355,
        "nauc_ndcg_at_1_std": -0.024478,
        "nauc_ndcg_at_1_diff1": 0.743969,
        "nauc_ndcg_at_3_max": 0.501134,
        "nauc_ndcg_at_3_std": -0.046066,
        "nauc_ndcg_at_3_diff1": 0.70604,
        "nauc_ndcg_at_5_max": 0.471263,
        "nauc_ndcg_at_5_std": -0.032041,
        "nauc_ndcg_at_5_diff1": 0.682264,
        "nauc_ndcg_at_10_max": 0.502474,
        "nauc_ndcg_at_10_std": 0.029039,
        "nauc_ndcg_at_10_diff1": 0.669986,
        "nauc_ndcg_at_20_max": 0.518212,
        "nauc_ndcg_at_20_std": 0.039522,
        "nauc_ndcg_at_20_diff1": 0.682059,
        "nauc_ndcg_at_100_max": 0.519153,
        "nauc_ndcg_at_100_std": 0.022774,
        "nauc_ndcg_at_100_diff1": 0.68416,
        "nauc_ndcg_at_1000_max": 0.516389,
        "nauc_ndcg_at_1000_std": 0.014653,
        "nauc_ndcg_at_1000_diff1": 0.692018,
        "nauc_map_at_1_max": 0.519888,
        "nauc_map_at_1_std": -0.05692,
        "nauc_map_at_1_diff1": 0.719359,
        "nauc_map_at_3_max": 0.500786,
        "nauc_map_at_3_std": -0.056405,
        "nauc_map_at_3_diff1": 0.704173,
        "nauc_map_at_5_max": 0.486999,
        "nauc_map_at_5_std": -0.047178,
        "nauc_map_at_5_diff1": 0.691989,
        "nauc_map_at_10_max": 0.501014,
        "nauc_map_at_10_std": -0.017819,
        "nauc_map_at_10_diff1": 0.689043,
        "nauc_map_at_20_max": 0.505558,
        "nauc_map_at_20_std": -0.014942,
        "nauc_map_at_20_diff1": 0.692515,
        "nauc_map_at_100_max": 0.508115,
        "nauc_map_at_100_std": -0.014155,
        "nauc_map_at_100_diff1": 0.693352,
        "nauc_map_at_1000_max": 0.507878,
        "nauc_map_at_1000_std": -0.014688,
        "nauc_map_at_1000_diff1": 0.693788,
        "nauc_recall_at_1_max": 0.519888,
        "nauc_recall_at_1_std": -0.05692,
        "nauc_recall_at_1_diff1": 0.719359,
        "nauc_recall_at_3_max": 0.464667,
        "nauc_recall_at_3_std": -0.058065,
        "nauc_recall_at_3_diff1": 0.681073,
        "nauc_recall_at_5_max": 0.389516,
        "nauc_recall_at_5_std": -0.018182,
        "nauc_recall_at_5_diff1": 0.614703,
        "nauc_recall_at_10_max": 0.477274,
        "nauc_recall_at_10_std": 0.177187,
        "nauc_recall_at_10_diff1": 0.558538,
        "nauc_recall_at_20_max": 0.543756,
        "nauc_recall_at_20_std": 0.255934,
        "nauc_recall_at_20_diff1": 0.589601,
        "nauc_recall_at_100_max": 0.558802,
        "nauc_recall_at_100_std": 0.203788,
        "nauc_recall_at_100_diff1": 0.489113,
        "nauc_recall_at_1000_max": NaN,
        "nauc_recall_at_1000_std": NaN,
        "nauc_recall_at_1000_diff1": NaN,
        "nauc_precision_at_1_max": 0.548355,
        "nauc_precision_at_1_std": -0.024478,
        "nauc_precision_at_1_diff1": 0.743969,
        "nauc_precision_at_3_max": 0.48591,
        "nauc_precision_at_3_std": -0.035041,
        "nauc_precision_at_3_diff1": 0.698714,
        "nauc_precision_at_5_max": 0.424753,
        "nauc_precision_at_5_std": 0.028173,
        "nauc_precision_at_5_diff1": 0.643574,
        "nauc_precision_at_10_max": 0.481043,
        "nauc_precision_at_10_std": 0.311802,
        "nauc_precision_at_10_diff1": 0.493767,
        "nauc_precision_at_20_max": 0.551908,
        "nauc_precision_at_20_std": 0.418946,
        "nauc_precision_at_20_diff1": 0.503906,
        "nauc_precision_at_100_max": 0.282529,
        "nauc_precision_at_100_std": 0.339433,
        "nauc_precision_at_100_diff1": 0.133581,
        "nauc_precision_at_1000_max": 0.114917,
        "nauc_precision_at_1000_std": 0.299682,
        "nauc_precision_at_1000_diff1": 0.004032,
        "nauc_mrr_at_1_max": 0.548355,
        "nauc_mrr_at_1_std": -0.024478,
        "nauc_mrr_at_1_diff1": 0.743969,
        "nauc_mrr_at_3_max": 0.523627,
        "nauc_mrr_at_3_std": -0.021369,
        "nauc_mrr_at_3_diff1": 0.725668,
        "nauc_mrr_at_5_max": 0.511319,
        "nauc_mrr_at_5_std": -0.007251,
        "nauc_mrr_at_5_diff1": 0.713848,
        "nauc_mrr_at_10_max": 0.520156,
        "nauc_mrr_at_10_std": 0.007887,
        "nauc_mrr_at_10_diff1": 0.705499,
        "nauc_mrr_at_20_max": 0.523559,
        "nauc_mrr_at_20_std": 0.009672,
        "nauc_mrr_at_20_diff1": 0.708725,
        "nauc_mrr_at_100_max": 0.523671,
        "nauc_mrr_at_100_std": 0.008024,
        "nauc_mrr_at_100_diff1": 0.709118,
        "nauc_mrr_at_1000_max": 0.523607,
        "nauc_mrr_at_1000_std": 0.007694,
        "nauc_mrr_at_1000_diff1": 0.709453,
        "hit_rate_at_1": 0.38961,
        "hit_rate_at_3": 0.48701,
        "hit_rate_at_5": 0.57792,
        "hit_rate_at_10": 0.68182,
        "hit_rate_at_20": 0.75974,
        "hit_rate_at_100": 0.92857,
        "hit_rate_at_1000": 1.0,
        "main_score": 0.50414,
        "hf_subset": "default",
        "languages": [
          "lav-Latn"
        ]
      }
    ]
  },
  "evaluation_time": 4.453016757965088,
  "kg_co2_emissions": null,
  "date": null
}