{
  "dataset_revision": "8b9fec2db9eda4b5742d03732213fbaee8169556",
  "task_name": "R2MEDBiologyRetrieval",
  "mteb_version": "2.12.26",
  "scores": {
    "test": [
      {
        "ndcg_at_1": 0.14563,
        "ndcg_at_3": 0.11926,
        "ndcg_at_5": 0.12286,
        "ndcg_at_10": 0.13565,
        "ndcg_at_20": 0.16161,
        "ndcg_at_100": 0.22606,
        "ndcg_at_1000": 0.29164,
        "map_at_1": 0.03353,
        "map_at_3": 0.06467,
        "map_at_5": 0.0751,
        "map_at_10": 0.0871,
        "map_at_20": 0.09717,
        "map_at_100": 0.10976,
        "map_at_1000": 0.11364,
        "recall_at_1": 0.03353,
        "recall_at_3": 0.08171,
        "recall_at_5": 0.11253,
        "recall_at_10": 0.15625,
        "recall_at_20": 0.22829,
        "recall_at_100": 0.46909,
        "recall_at_1000": 0.84205,
        "accuracy": 0.03353,
        "precision_at_1": 0.14563,
        "precision_at_3": 0.10356,
        "precision_at_5": 0.09126,
        "precision_at_10": 0.06505,
        "precision_at_20": 0.04612,
        "precision_at_100": 0.01874,
        "precision_at_1000": 0.00309,
        "mrr_at_1": 0.145631,
        "mrr_at_3": 0.177994,
        "mrr_at_5": 0.195955,
        "mrr_at_10": 0.199807,
        "mrr_at_20": 0.205692,
        "mrr_at_100": 0.212036,
        "mrr_at_1000": 0.213279,
        "nauc_ndcg_at_1_max": 0.178168,
        "nauc_ndcg_at_1_std": -0.049291,
        "nauc_ndcg_at_1_diff1": 0.170124,
        "nauc_ndcg_at_3_max": 0.156466,
        "nauc_ndcg_at_3_std": -0.0785,
        "nauc_ndcg_at_3_diff1": 0.133032,
        "nauc_ndcg_at_5_max": 0.124356,
        "nauc_ndcg_at_5_std": -0.154603,
        "nauc_ndcg_at_5_diff1": 0.135802,
        "nauc_ndcg_at_10_max": 0.116389,
        "nauc_ndcg_at_10_std": -0.148774,
        "nauc_ndcg_at_10_diff1": 0.123391,
        "nauc_ndcg_at_20_max": 0.088612,
        "nauc_ndcg_at_20_std": -0.187558,
        "nauc_ndcg_at_20_diff1": 0.11734,
        "nauc_ndcg_at_100_max": 0.095776,
        "nauc_ndcg_at_100_std": -0.136744,
        "nauc_ndcg_at_100_diff1": 0.107583,
        "nauc_ndcg_at_1000_max": 0.079815,
        "nauc_ndcg_at_1000_std": -0.105857,
        "nauc_ndcg_at_1000_diff1": 0.111076,
        "nauc_map_at_1_max": 0.319662,
        "nauc_map_at_1_std": -0.056887,
        "nauc_map_at_1_diff1": 0.234943,
        "nauc_map_at_3_max": 0.311664,
        "nauc_map_at_3_std": -0.076153,
        "nauc_map_at_3_diff1": 0.190278,
        "nauc_map_at_5_max": 0.245928,
        "nauc_map_at_5_std": -0.121249,
        "nauc_map_at_5_diff1": 0.162144,
        "nauc_map_at_10_max": 0.204675,
        "nauc_map_at_10_std": -0.12396,
        "nauc_map_at_10_diff1": 0.137596,
        "nauc_map_at_20_max": 0.180868,
        "nauc_map_at_20_std": -0.144999,
        "nauc_map_at_20_diff1": 0.136379,
        "nauc_map_at_100_max": 0.170061,
        "nauc_map_at_100_std": -0.135846,
        "nauc_map_at_100_diff1": 0.134209,
        "nauc_map_at_1000_max": 0.166124,
        "nauc_map_at_1000_std": -0.133093,
        "nauc_map_at_1000_diff1": 0.132484,
        "nauc_recall_at_1_max": 0.319662,
        "nauc_recall_at_1_std": -0.056887,
        "nauc_recall_at_1_diff1": 0.234943,
        "nauc_recall_at_3_max": 0.251321,
        "nauc_recall_at_3_std": -0.079628,
        "nauc_recall_at_3_diff1": 0.126932,
        "nauc_recall_at_5_max": 0.139548,
        "nauc_recall_at_5_std": -0.182534,
        "nauc_recall_at_5_diff1": 0.099335,
        "nauc_recall_at_10_max": 0.074567,
        "nauc_recall_at_10_std": -0.180567,
        "nauc_recall_at_10_diff1": 0.054096,
        "nauc_recall_at_20_max": 0.016772,
        "nauc_recall_at_20_std": -0.261154,
        "nauc_recall_at_20_diff1": 0.047978,
        "nauc_recall_at_100_max": 0.091248,
        "nauc_recall_at_100_std": -0.1006,
        "nauc_recall_at_100_diff1": 0.085595,
        "nauc_recall_at_1000_max": 0.00164,
        "nauc_recall_at_1000_std": 0.164905,
        "nauc_recall_at_1000_diff1": 0.158323,
        "nauc_precision_at_1_max": 0.178168,
        "nauc_precision_at_1_std": -0.049291,
        "nauc_precision_at_1_diff1": 0.170124,
        "nauc_precision_at_3_max": 0.10263,
        "nauc_precision_at_3_std": -0.100057,
        "nauc_precision_at_3_diff1": 0.132513,
        "nauc_precision_at_5_max": -0.019473,
        "nauc_precision_at_5_std": -0.209449,
        "nauc_precision_at_5_diff1": 0.120672,
        "nauc_precision_at_10_max": -0.077902,
        "nauc_precision_at_10_std": -0.193411,
        "nauc_precision_at_10_diff1": 0.084091,
        "nauc_precision_at_20_max": -0.113417,
        "nauc_precision_at_20_std": -0.241237,
        "nauc_precision_at_20_diff1": 0.076439,
        "nauc_precision_at_100_max": -0.111728,
        "nauc_precision_at_100_std": -0.119265,
        "nauc_precision_at_100_diff1": 0.026016,
        "nauc_precision_at_1000_max": -0.147338,
        "nauc_precision_at_1000_std": -0.045515,
        "nauc_precision_at_1000_diff1": 0.004676,
        "nauc_mrr_at_1_max": 0.178168,
        "nauc_mrr_at_1_std": -0.049291,
        "nauc_mrr_at_1_diff1": 0.170124,
        "nauc_mrr_at_3_max": 0.138215,
        "nauc_mrr_at_3_std": -0.060198,
        "nauc_mrr_at_3_diff1": 0.159523,
        "nauc_mrr_at_5_max": 0.113634,
        "nauc_mrr_at_5_std": -0.097376,
        "nauc_mrr_at_5_diff1": 0.166648,
        "nauc_mrr_at_10_max": 0.109914,
        "nauc_mrr_at_10_std": -0.101304,
        "nauc_mrr_at_10_diff1": 0.160874,
        "nauc_mrr_at_20_max": 0.10572,
        "nauc_mrr_at_20_std": -0.109509,
        "nauc_mrr_at_20_diff1": 0.155996,
        "nauc_mrr_at_100_max": 0.106811,
        "nauc_mrr_at_100_std": -0.104439,
        "nauc_mrr_at_100_diff1": 0.148647,
        "nauc_mrr_at_1000_max": 0.107178,
        "nauc_mrr_at_1000_std": -0.104086,
        "nauc_mrr_at_1000_diff1": 0.150095,
        "hit_rate_at_1": 0.14563,
        "hit_rate_at_3": 0.2233,
        "hit_rate_at_5": 0.30097,
        "hit_rate_at_10": 0.3301,
        "hit_rate_at_20": 0.41748,
        "hit_rate_at_100": 0.6699,
        "hit_rate_at_1000": 0.93204,
        "main_score": 0.13565,
        "hf_subset": "default",
        "languages": [
          "eng-Latn"
        ]
      }
    ]
  },
  "evaluation_time": 55.27670383453369,
  "kg_co2_emissions": null,
  "date": null
}